<?xml version="1.0" encoding="UTF-8"?>
<gpx creator="StravaGPX" version="1.1" xmlns="http://www.topografix.com/GPX/1/1" xmlns:xsi="http://www.w3.org/2001/XMLSchema-instance" xsi:schemaLocation="http://www.topografix.com/GPX/1/1 http://www.topografix.com/GPX/1/1/gpx.xsd">
 <metadata>
  <name>Rit 1 Project 15/70</name>
  <desc>Albir Playa-Altea-Calossa d'en Sarria-Bollula-Tarbena-Coll de Rates-Jalon-Lliber-Senija-Benissa-Moraira-Calpé-Altea-Albir Playa</desc>
  <author>
   <name>Roel Terro ⚡️Forza Fortuna 🧡</name>
   <link href="https://www.strava.com/athletes/3097444"/>
  </author>
  <copyright author="OpenStreetMap contributors">
   <year>2020</year>
   <license>https://www.openstreetmap.org/copyright</license>
  </copyright>
  <link href="https://www.strava.com/routes/3535923590990800930"/>
 </metadata>
 <trk>
  <name>Rit 1 Project 15/70</name>
  <desc>Albir Playa-Altea-Calossa d'en Sarria-Bollula-Tarbena-Coll de Rates-Jalon-Lliber-Senija-Benissa-Moraira-Calpé-Altea-Albir Playa</desc>
  <link href="https://www.strava.com/routes/3535923590990800930"/>
  <type>cycling</type>
  <trkseg>
   <trkpt lat="38.57481000000001" lon="-0.06479">
    <ele>7.150000000000001</ele>
   </trkpt>
   <trkpt lat="38.57555" lon="-0.06478">
    <ele>7.19</ele>
   </trkpt>
   <trkpt lat="38.5760800000099" lon="-0.06470500055533873">
    <ele>7.21</ele>
   </trkpt>
   <trkpt lat="38.57661" lon="-0.06463">
    <ele>7.38</ele>
   </trkpt>
   <trkpt lat="38.57681" lon="-0.06461">
    <ele>7.670000000000001</ele>
   </trkpt>
   <trkpt lat="38.57686" lon="-0.06458">
    <ele>7.670000000000001</ele>
   </trkpt>
   <trkpt lat="38.5769" lon="-0.06462000000000001">
    <ele>8.110000000000001</ele>
   </trkpt>
   <trkpt lat="38.57696" lon="-0.06453">
    <ele>8.110000000000001</ele>
   </trkpt>
   <trkpt lat="38.57705" lon="-0.06455000000000001">
    <ele>8.360000000000001</ele>
   </trkpt>
   <trkpt lat="38.577070000000006" lon="-0.06468">
    <ele>8.26</ele>
   </trkpt>
   <trkpt lat="38.577020000000005" lon="-0.06475">
    <ele>8.26</ele>
   </trkpt>
   <trkpt lat="38.57699" lon="-0.06474">
    <ele>8.26</ele>
   </trkpt>
   <trkpt lat="38.57705" lon="-0.06489">
    <ele>8.17</ele>
   </trkpt>
   <trkpt lat="38.577505001225326" lon="-0.06541999667814756">
    <ele>8.15</ele>
   </trkpt>
   <trkpt lat="38.577960000000004" lon="-0.06595000000000001">
    <ele>8.63</ele>
   </trkpt>
   <trkpt lat="38.57836000089201" lon="-0.0663899976249726">
    <ele>8.48</ele>
   </trkpt>
   <trkpt lat="38.57876" lon="-0.06683">
    <ele>8.56</ele>
   </trkpt>
   <trkpt lat="38.57883" lon="-0.06693">
    <ele>8.56</ele>
   </trkpt>
   <trkpt lat="38.57896" lon="-0.06695000000000001">
    <ele>8.48</ele>
   </trkpt>
   <trkpt lat="38.579130000000006" lon="-0.06676">
    <ele>8.21</ele>
   </trkpt>
   <trkpt lat="38.579716672254236" lon="-0.06595001322498006">
    <ele>8.51</ele>
   </trkpt>
   <trkpt lat="38.580303338926186" lon="-0.06514001321790219">
    <ele>8.76</ele>
   </trkpt>
   <trkpt lat="38.580890000000004" lon="-0.06433000000000001">
    <ele>8.84</ele>
   </trkpt>
   <trkpt lat="38.581160000000004" lon="-0.06403">
    <ele>8.63</ele>
   </trkpt>
   <trkpt lat="38.581900000000005" lon="-0.06347">
    <ele>8.57</ele>
   </trkpt>
   <trkpt lat="38.581990000000005" lon="-0.06336">
    <ele>8.450000000000001</ele>
   </trkpt>
   <trkpt lat="38.58205" lon="-0.06326000000000001">
    <ele>8.450000000000001</ele>
   </trkpt>
   <trkpt lat="38.58213000000001" lon="-0.0631">
    <ele>8.31</ele>
   </trkpt>
   <trkpt lat="38.582170000000005" lon="-0.06292">
    <ele>8.31</ele>
   </trkpt>
   <trkpt lat="38.58218" lon="-0.06275">
    <ele>8.25</ele>
   </trkpt>
   <trkpt lat="38.582150000000006" lon="-0.06237">
    <ele>8.350000000000001</ele>
   </trkpt>
   <trkpt lat="38.58216" lon="-0.062270000000000006">
    <ele>8.350000000000001</ele>
   </trkpt>
   <trkpt lat="38.5822" lon="-0.06219">
    <ele>8.350000000000001</ele>
   </trkpt>
   <trkpt lat="38.58218" lon="-0.062110000000000005">
    <ele>8.180000000000001</ele>
   </trkpt>
   <trkpt lat="38.58229" lon="-0.062000000000000006">
    <ele>8.180000000000001</ele>
   </trkpt>
   <trkpt lat="38.582750000000004" lon="-0.061720000000000004">
    <ele>8.040000000000001</ele>
   </trkpt>
   <trkpt lat="38.5834250011962" lon="-0.0612000048522014">
    <ele>8.0</ele>
   </trkpt>
   <trkpt lat="38.58410000000001" lon="-0.060680000000000005">
    <ele>8.13</ele>
   </trkpt>
   <trkpt lat="38.58487333522939" lon="-0.06020334362264442">
    <ele>7.840000000000002</ele>
   </trkpt>
   <trkpt lat="38.585646668525534" lon="-0.05972667697908342">
    <ele>7.790000000000001</ele>
   </trkpt>
   <trkpt lat="38.586420000000004" lon="-0.059250000000000004">
    <ele>7.53</ele>
   </trkpt>
   <trkpt lat="38.58704333475184" lon="-0.0588500069079988">
    <ele>7.25</ele>
   </trkpt>
   <trkpt lat="38.587666668142255" lon="-0.05845000687145768">
    <ele>6.78</ele>
   </trkpt>
   <trkpt lat="38.58829" lon="-0.058050000000000004">
    <ele>5.9799999999999995</ele>
   </trkpt>
   <trkpt lat="38.58887500072562" lon="-0.05771500258727636">
    <ele>6.23</ele>
   </trkpt>
   <trkpt lat="38.58946" lon="-0.05738000000000001">
    <ele>6.3100000000000005</ele>
   </trkpt>
   <trkpt lat="38.589760000000005" lon="-0.05716">
    <ele>6.53</ele>
   </trkpt>
   <trkpt lat="38.59034500327247" lon="-0.05665501232908899">
    <ele>6.55</ele>
   </trkpt>
   <trkpt lat="38.59093000437495" lon="-0.05615001642894253">
    <ele>6.5600000000000005</ele>
   </trkpt>
   <trkpt lat="38.591515003307386" lon="-0.05564501229928472">
    <ele>6.68</ele>
   </trkpt>
   <trkpt lat="38.5921" lon="-0.05514">
    <ele>6.73</ele>
   </trkpt>
   <trkpt lat="38.59225" lon="-0.05543000000000001">
    <ele>7.130000000000001</ele>
   </trkpt>
   <trkpt lat="38.59263" lon="-0.05607">
    <ele>7.86</ele>
   </trkpt>
   <trkpt lat="38.592850000000006" lon="-0.05634">
    <ele>9.18</ele>
   </trkpt>
   <trkpt lat="38.592940000000006" lon="-0.05637">
    <ele>10.190000000000001</ele>
   </trkpt>
   <trkpt lat="38.59313" lon="-0.056350000000000004">
    <ele>12.83</ele>
   </trkpt>
   <trkpt lat="38.593360000000004" lon="-0.056190000000000004">
    <ele>14.770000000000001</ele>
   </trkpt>
   <trkpt lat="38.5938" lon="-0.05603">
    <ele>17.66</ele>
   </trkpt>
   <trkpt lat="38.594120000000004" lon="-0.055940000000000004">
    <ele>19.1</ele>
   </trkpt>
   <trkpt lat="38.594190000000005" lon="-0.055940000000000004">
    <ele>19.1</ele>
   </trkpt>
   <trkpt lat="38.59498" lon="-0.05621">
    <ele>28.07</ele>
   </trkpt>
   <trkpt lat="38.595110000000005" lon="-0.056190000000000004">
    <ele>30.910000000000004</ele>
   </trkpt>
   <trkpt lat="38.595400000000005" lon="-0.05607">
    <ele>34.72</ele>
   </trkpt>
   <trkpt lat="38.595740000000006" lon="-0.055850000000000004">
    <ele>40.510000000000005</ele>
   </trkpt>
   <trkpt lat="38.595870000000005" lon="-0.05569">
    <ele>42.27</ele>
   </trkpt>
   <trkpt lat="38.59601" lon="-0.055240000000000004">
    <ele>44.84</ele>
   </trkpt>
   <trkpt lat="38.596070000000005" lon="-0.05514">
    <ele>45.040000000000006</ele>
   </trkpt>
   <trkpt lat="38.59617" lon="-0.05505">
    <ele>45.53</ele>
   </trkpt>
   <trkpt lat="38.59628" lon="-0.05500000000000001">
    <ele>45.77</ele>
   </trkpt>
   <trkpt lat="38.596430000000005" lon="-0.054970000000000005">
    <ele>45.910000000000004</ele>
   </trkpt>
   <trkpt lat="38.59673" lon="-0.054990000000000004">
    <ele>46.27</ele>
   </trkpt>
   <trkpt lat="38.596830000000004" lon="-0.055040000000000006">
    <ele>46.540000000000006</ele>
   </trkpt>
   <trkpt lat="38.596880000000006" lon="-0.0551">
    <ele>46.540000000000006</ele>
   </trkpt>
   <trkpt lat="38.597" lon="-0.055380000000000006">
    <ele>46.61000000000001</ele>
   </trkpt>
   <trkpt lat="38.597150000000006" lon="-0.055720000000000006">
    <ele>47.09</ele>
   </trkpt>
   <trkpt lat="38.59738" lon="-0.05607">
    <ele>48.760000000000005</ele>
   </trkpt>
   <trkpt lat="38.59749" lon="-0.05616">
    <ele>50.22</ele>
   </trkpt>
   <trkpt lat="38.59781" lon="-0.05632">
    <ele>53.28</ele>
   </trkpt>
   <trkpt lat="38.5979" lon="-0.05634">
    <ele>54.18000000000001</ele>
   </trkpt>
   <trkpt lat="38.59799" lon="-0.05632">
    <ele>55.400000000000006</ele>
   </trkpt>
   <trkpt lat="38.59866" lon="-0.056">
    <ele>61.480000000000004</ele>
   </trkpt>
   <trkpt lat="38.59868" lon="-0.05593000000000001">
    <ele>61.69</ele>
   </trkpt>
   <trkpt lat="38.59872" lon="-0.05591">
    <ele>61.75000000000001</ele>
   </trkpt>
   <trkpt lat="38.59879" lon="-0.055940000000000004">
    <ele>61.63</ele>
   </trkpt>
   <trkpt lat="38.5989" lon="-0.05589">
    <ele>60.910000000000004</ele>
   </trkpt>
   <trkpt lat="38.599120000000006" lon="-0.05586000000000001">
    <ele>59.31</ele>
   </trkpt>
   <trkpt lat="38.599560000000004" lon="-0.05582">
    <ele>50.45</ele>
   </trkpt>
   <trkpt lat="38.60041499998241" lon="-0.05571500125875452">
    <ele>41.29</ele>
   </trkpt>
   <trkpt lat="38.60127000000001" lon="-0.05561000000000001">
    <ele>34.690000000000005</ele>
   </trkpt>
   <trkpt lat="38.60164" lon="-0.055420000000000004">
    <ele>33.800000000000004</ele>
   </trkpt>
   <trkpt lat="38.60168" lon="-0.05537">
    <ele>33.830000000000005</ele>
   </trkpt>
   <trkpt lat="38.601760000000006" lon="-0.05537">
    <ele>33.830000000000005</ele>
   </trkpt>
   <trkpt lat="38.60179" lon="-0.05541000000000001">
    <ele>33.78</ele>
   </trkpt>
   <trkpt lat="38.60219" lon="-0.0553">
    <ele>32.260000000000005</ele>
   </trkpt>
   <trkpt lat="38.60251" lon="-0.055080000000000004">
    <ele>30.470000000000002</ele>
   </trkpt>
   <trkpt lat="38.60286" lon="-0.0548">
    <ele>28.610000000000003</ele>
   </trkpt>
   <trkpt lat="38.603260000000006" lon="-0.0543">
    <ele>25.78</ele>
   </trkpt>
   <trkpt lat="38.603590000000004" lon="-0.05374">
    <ele>24.28</ele>
   </trkpt>
   <trkpt lat="38.603880000000004" lon="-0.053110000000000004">
    <ele>22.930000000000003</ele>
   </trkpt>
   <trkpt lat="38.60389" lon="-0.053020000000000005">
    <ele>23.21</ele>
   </trkpt>
   <trkpt lat="38.603950000000005" lon="-0.053000000000000005">
    <ele>23.26</ele>
   </trkpt>
   <trkpt lat="38.604220000000005" lon="-0.05224">
    <ele>20.68</ele>
   </trkpt>
   <trkpt lat="38.604490000000006" lon="-0.051250000000000004">
    <ele>18.19</ele>
   </trkpt>
   <trkpt lat="38.60467500270861" lon="-0.05045500196652846">
    <ele>16.8</ele>
   </trkpt>
   <trkpt lat="38.60486" lon="-0.04966">
    <ele>15.56</ele>
   </trkpt>
   <trkpt lat="38.6049" lon="-0.049370000000000004">
    <ele>15.4</ele>
   </trkpt>
   <trkpt lat="38.6049" lon="-0.04913000000000001">
    <ele>15.280000000000001</ele>
   </trkpt>
   <trkpt lat="38.60486" lon="-0.04907">
    <ele>15.320000000000002</ele>
   </trkpt>
   <trkpt lat="38.60486" lon="-0.049010000000000005">
    <ele>15.320000000000002</ele>
   </trkpt>
   <trkpt lat="38.6049" lon="-0.048920000000000005">
    <ele>15.260000000000002</ele>
   </trkpt>
   <trkpt lat="38.605000000000004" lon="-0.04891">
    <ele>14.980000000000002</ele>
   </trkpt>
   <trkpt lat="38.6051" lon="-0.048870000000000004">
    <ele>14.980000000000002</ele>
   </trkpt>
   <trkpt lat="38.605450000000005" lon="-0.04863000000000001">
    <ele>15.13</ele>
   </trkpt>
   <trkpt lat="38.606" lon="-0.04828">
    <ele>15.98</ele>
   </trkpt>
   <trkpt lat="38.606280000000005" lon="-0.04812">
    <ele>16.790000000000003</ele>
   </trkpt>
   <trkpt lat="38.6064" lon="-0.04803">
    <ele>17.09</ele>
   </trkpt>
   <trkpt lat="38.60661" lon="-0.0478">
    <ele>17.400000000000002</ele>
   </trkpt>
   <trkpt lat="38.60703333660287" lon="-0.04718667380490006">
    <ele>17.730000000000004</ele>
   </trkpt>
   <trkpt lat="38.60745667000439" lon="-0.04657334037285336">
    <ele>17.5</ele>
   </trkpt>
   <trkpt lat="38.60788" lon="-0.04596">
    <ele>13.330000000000002</ele>
   </trkpt>
   <trkpt lat="38.60799" lon="-0.04512">
    <ele>10.58</ele>
   </trkpt>
   <trkpt lat="38.607960000000006" lon="-0.04508">
    <ele>10.57</ele>
   </trkpt>
   <trkpt lat="38.60799" lon="-0.04503">
    <ele>10.47</ele>
   </trkpt>
   <trkpt lat="38.607960000000006" lon="-0.04485">
    <ele>9.71</ele>
   </trkpt>
   <trkpt lat="38.6079" lon="-0.04469">
    <ele>9.71</ele>
   </trkpt>
   <trkpt lat="38.607670000000006" lon="-0.0444">
    <ele>8.73</ele>
   </trkpt>
   <trkpt lat="38.60745" lon="-0.044300000000000006">
    <ele>8.81</ele>
   </trkpt>
   <trkpt lat="38.60745" lon="-0.0442">
    <ele>8.81</ele>
   </trkpt>
   <trkpt lat="38.60757" lon="-0.04377">
    <ele>8.520000000000001</ele>
   </trkpt>
   <trkpt lat="38.607730000000004" lon="-0.043340000000000004">
    <ele>8.520000000000001</ele>
   </trkpt>
   <trkpt lat="38.60781" lon="-0.04306">
    <ele>8.51</ele>
   </trkpt>
   <trkpt lat="38.60783" lon="-0.04292000000000001">
    <ele>8.9</ele>
   </trkpt>
   <trkpt lat="38.60784" lon="-0.04274">
    <ele>8.9</ele>
   </trkpt>
   <trkpt lat="38.607800000000005" lon="-0.042390000000000004">
    <ele>9.160000000000002</ele>
   </trkpt>
   <trkpt lat="38.60783" lon="-0.04222">
    <ele>9.31</ele>
   </trkpt>
   <trkpt lat="38.60857" lon="-0.04195">
    <ele>13.260000000000002</ele>
   </trkpt>
   <trkpt lat="38.608830000000005" lon="-0.04179">
    <ele>14.650000000000002</ele>
   </trkpt>
   <trkpt lat="38.60911" lon="-0.041800000000000004">
    <ele>14.66</ele>
   </trkpt>
   <trkpt lat="38.609570000000005" lon="-0.04168">
    <ele>13.98</ele>
   </trkpt>
   <trkpt lat="38.60992" lon="-0.04148">
    <ele>13.81</ele>
   </trkpt>
   <trkpt lat="38.61032" lon="-0.04123">
    <ele>14.120000000000001</ele>
   </trkpt>
   <trkpt lat="38.61041" lon="-0.04079">
    <ele>14.190000000000001</ele>
   </trkpt>
   <trkpt lat="38.610510000000005" lon="-0.04054000000000001">
    <ele>14.63</ele>
   </trkpt>
   <trkpt lat="38.610710000000005" lon="-0.040630000000000006">
    <ele>15.340000000000002</ele>
   </trkpt>
   <trkpt lat="38.611320000000006" lon="-0.04098">
    <ele>20.380000000000003</ele>
   </trkpt>
   <trkpt lat="38.61177500021112" lon="-0.04112999908671982">
    <ele>23.14</ele>
   </trkpt>
   <trkpt lat="38.612230000000004" lon="-0.041280000000000004">
    <ele>23.500000000000004</ele>
   </trkpt>
   <trkpt lat="38.61274000005344" lon="-0.041354999471166394">
    <ele>23.650000000000002</ele>
   </trkpt>
   <trkpt lat="38.61325" lon="-0.04143">
    <ele>23.810000000000002</ele>
   </trkpt>
   <trkpt lat="38.6137" lon="-0.04136">
    <ele>23.28</ele>
   </trkpt>
   <trkpt lat="38.61384" lon="-0.04141">
    <ele>23.28</ele>
   </trkpt>
   <trkpt lat="38.614070000000005" lon="-0.04159">
    <ele>23.19</ele>
   </trkpt>
   <trkpt lat="38.614230000000006" lon="-0.04161">
    <ele>23.200000000000003</ele>
   </trkpt>
   <trkpt lat="38.614630000000005" lon="-0.04152">
    <ele>23.430000000000003</ele>
   </trkpt>
   <trkpt lat="38.61482" lon="-0.04143">
    <ele>23.55</ele>
   </trkpt>
   <trkpt lat="38.615100000000005" lon="-0.04125">
    <ele>23.85</ele>
   </trkpt>
   <trkpt lat="38.61558" lon="-0.04102">
    <ele>24.740000000000002</ele>
   </trkpt>
   <trkpt lat="38.61582000000001" lon="-0.04095">
    <ele>25.300000000000004</ele>
   </trkpt>
   <trkpt lat="38.6159" lon="-0.04096">
    <ele>25.300000000000004</ele>
   </trkpt>
   <trkpt lat="38.616150000000005" lon="-0.04107">
    <ele>25.75</ele>
   </trkpt>
   <trkpt lat="38.616400000000006" lon="-0.04122000000000001">
    <ele>26.36</ele>
   </trkpt>
   <trkpt lat="38.616710000000005" lon="-0.04134">
    <ele>27.22</ele>
   </trkpt>
   <trkpt lat="38.61694000000001" lon="-0.04159">
    <ele>27.98</ele>
   </trkpt>
   <trkpt lat="38.617000000000004" lon="-0.04161">
    <ele>27.98</ele>
   </trkpt>
   <trkpt lat="38.617650000000005" lon="-0.04143">
    <ele>28.93</ele>
   </trkpt>
   <trkpt lat="38.6182" lon="-0.04118">
    <ele>29.52</ele>
   </trkpt>
   <trkpt lat="38.61889" lon="-0.041030000000000004">
    <ele>31.090000000000003</ele>
   </trkpt>
   <trkpt lat="38.6193" lon="-0.04082">
    <ele>33.370000000000005</ele>
   </trkpt>
   <trkpt lat="38.61943" lon="-0.04082">
    <ele>33.88</ele>
   </trkpt>
   <trkpt lat="38.619620000000005" lon="-0.04098">
    <ele>34.370000000000005</ele>
   </trkpt>
   <trkpt lat="38.619780000000006" lon="-0.04107">
    <ele>35.03000000000001</ele>
   </trkpt>
   <trkpt lat="38.620450000000005" lon="-0.04104">
    <ele>37.540000000000006</ele>
   </trkpt>
   <trkpt lat="38.62064" lon="-0.04114">
    <ele>38.24</ele>
   </trkpt>
   <trkpt lat="38.62088" lon="-0.04138">
    <ele>38.900000000000006</ele>
   </trkpt>
   <trkpt lat="38.62104" lon="-0.041460000000000004">
    <ele>39.41</ele>
   </trkpt>
   <trkpt lat="38.621410000000004" lon="-0.041550000000000004">
    <ele>40.24</ele>
   </trkpt>
   <trkpt lat="38.62165" lon="-0.041490000000000006">
    <ele>40.88</ele>
   </trkpt>
   <trkpt lat="38.6218" lon="-0.04148">
    <ele>41.6</ele>
   </trkpt>
   <trkpt lat="38.622040000000005" lon="-0.04134">
    <ele>42.85000000000001</ele>
   </trkpt>
   <trkpt lat="38.622170000000004" lon="-0.0413">
    <ele>43.38</ele>
   </trkpt>
   <trkpt lat="38.622490000000006" lon="-0.04139">
    <ele>44.230000000000004</ele>
   </trkpt>
   <trkpt lat="38.62319" lon="-0.04141">
    <ele>45.87</ele>
   </trkpt>
   <trkpt lat="38.62377" lon="-0.04157">
    <ele>47.5</ele>
   </trkpt>
   <trkpt lat="38.62397" lon="-0.04166">
    <ele>47.81</ele>
   </trkpt>
   <trkpt lat="38.62404" lon="-0.04184">
    <ele>48.75</ele>
   </trkpt>
   <trkpt lat="38.62411" lon="-0.04216">
    <ele>49.080000000000005</ele>
   </trkpt>
   <trkpt lat="38.62445" lon="-0.04231">
    <ele>49.57</ele>
   </trkpt>
   <trkpt lat="38.624900000000004" lon="-0.04243">
    <ele>50.60000000000001</ele>
   </trkpt>
   <trkpt lat="38.625490000000006" lon="-0.04245">
    <ele>51.870000000000005</ele>
   </trkpt>
   <trkpt lat="38.62601" lon="-0.0425">
    <ele>53.62</ele>
   </trkpt>
   <trkpt lat="38.62668" lon="-0.04227">
    <ele>55.06</ele>
   </trkpt>
   <trkpt lat="38.6274" lon="-0.04211">
    <ele>56.52</ele>
   </trkpt>
   <trkpt lat="38.62782" lon="-0.04195">
    <ele>56.940000000000005</ele>
   </trkpt>
   <trkpt lat="38.62827" lon="-0.04191">
    <ele>58.0</ele>
   </trkpt>
   <trkpt lat="38.62865" lon="-0.04173">
    <ele>59.830000000000005</ele>
   </trkpt>
   <trkpt lat="38.62886" lon="-0.04225">
    <ele>60.82000000000001</ele>
   </trkpt>
   <trkpt lat="38.62894" lon="-0.04234">
    <ele>61.85</ele>
   </trkpt>
   <trkpt lat="38.62924" lon="-0.04247">
    <ele>62.21000000000001</ele>
   </trkpt>
   <trkpt lat="38.62942" lon="-0.0427">
    <ele>64.62</ele>
   </trkpt>
   <trkpt lat="38.629810000000006" lon="-0.04342">
    <ele>69.02000000000001</ele>
   </trkpt>
   <trkpt lat="38.63006" lon="-0.04415">
    <ele>74.15</ele>
   </trkpt>
   <trkpt lat="38.63017" lon="-0.04426">
    <ele>74.37</ele>
   </trkpt>
   <trkpt lat="38.63059000048674" lon="-0.044554998353574786">
    <ele>75.47000000000001</ele>
   </trkpt>
   <trkpt lat="38.63101" lon="-0.04485">
    <ele>76.06</ele>
   </trkpt>
   <trkpt lat="38.63118" lon="-0.04494">
    <ele>75.43</ele>
   </trkpt>
   <trkpt lat="38.631510000000006" lon="-0.045020000000000004">
    <ele>72.35000000000001</ele>
   </trkpt>
   <trkpt lat="38.63177" lon="-0.045040000000000004">
    <ele>71.02</ele>
   </trkpt>
   <trkpt lat="38.631870000000006" lon="-0.04506">
    <ele>71.02</ele>
   </trkpt>
   <trkpt lat="38.63196000000001" lon="-0.045160000000000006">
    <ele>70.58</ele>
   </trkpt>
   <trkpt lat="38.632020000000004" lon="-0.04544">
    <ele>70.59</ele>
   </trkpt>
   <trkpt lat="38.63203" lon="-0.04574">
    <ele>71.51</ele>
   </trkpt>
   <trkpt lat="38.632000000000005" lon="-0.04587">
    <ele>71.51</ele>
   </trkpt>
   <trkpt lat="38.63188" lon="-0.0461">
    <ele>73.24</ele>
   </trkpt>
   <trkpt lat="38.63139" lon="-0.04667">
    <ele>74.52</ele>
   </trkpt>
   <trkpt lat="38.631330000000005" lon="-0.04678">
    <ele>74.32000000000001</ele>
   </trkpt>
   <trkpt lat="38.6313" lon="-0.04701">
    <ele>74.02</ele>
   </trkpt>
   <trkpt lat="38.631330000000005" lon="-0.047150000000000004">
    <ele>73.02</ele>
   </trkpt>
   <trkpt lat="38.63165" lon="-0.04814">
    <ele>71.2</ele>
   </trkpt>
   <trkpt lat="38.63168" lon="-0.048440000000000004">
    <ele>70.88000000000001</ele>
   </trkpt>
   <trkpt lat="38.63168" lon="-0.04875">
    <ele>69.87</ele>
   </trkpt>
   <trkpt lat="38.63165" lon="-0.04891">
    <ele>69.45000000000002</ele>
   </trkpt>
   <trkpt lat="38.63158000000001" lon="-0.04914">
    <ele>68.98</ele>
   </trkpt>
   <trkpt lat="38.631510000000006" lon="-0.04927">
    <ele>68.92</ele>
   </trkpt>
   <trkpt lat="38.63136" lon="-0.04948">
    <ele>69.14</ele>
   </trkpt>
   <trkpt lat="38.63074" lon="-0.05016">
    <ele>71.17000000000002</ele>
   </trkpt>
   <trkpt lat="38.63033000183622" lon="-0.05082000380271884">
    <ele>76.6</ele>
   </trkpt>
   <trkpt lat="38.629920000000006" lon="-0.051480000000000005">
    <ele>76.62</ele>
   </trkpt>
   <trkpt lat="38.62937" lon="-0.05229">
    <ele>75.52</ele>
   </trkpt>
   <trkpt lat="38.629310000000004" lon="-0.05247">
    <ele>75.11000000000001</ele>
   </trkpt>
   <trkpt lat="38.629290000000005" lon="-0.05274">
    <ele>74.68</ele>
   </trkpt>
   <trkpt lat="38.629290000000005" lon="-0.053040000000000004">
    <ele>72.7</ele>
   </trkpt>
   <trkpt lat="38.62934500215621" lon="-0.053749999594934934">
    <ele>70.9</ele>
   </trkpt>
   <trkpt lat="38.629400000000004" lon="-0.05446">
    <ele>67.08</ele>
   </trkpt>
   <trkpt lat="38.629550001834616" lon="-0.05511499866780088">
    <ele>65.01</ele>
   </trkpt>
   <trkpt lat="38.6297" lon="-0.05577000000000001">
    <ele>63.050000000000004</ele>
   </trkpt>
   <trkpt lat="38.629720000000006" lon="-0.05596">
    <ele>62.31</ele>
   </trkpt>
   <trkpt lat="38.6296" lon="-0.05695000000000001">
    <ele>60.28000000000001</ele>
   </trkpt>
   <trkpt lat="38.62950000185003" lon="-0.0576100009457842">
    <ele>59.86</ele>
   </trkpt>
   <trkpt lat="38.629400000000004" lon="-0.05827">
    <ele>61.870000000000005</ele>
   </trkpt>
   <trkpt lat="38.62930500389078" lon="-0.0592250011717192">
    <ele>66.10000000000001</ele>
   </trkpt>
   <trkpt lat="38.62921" lon="-0.060180000000000004">
    <ele>66.31</ele>
   </trkpt>
   <trkpt lat="38.62921" lon="-0.06033">
    <ele>65.86</ele>
   </trkpt>
   <trkpt lat="38.62924" lon="-0.06056">
    <ele>64.66000000000001</ele>
   </trkpt>
   <trkpt lat="38.62932" lon="-0.06074">
    <ele>64.36</ele>
   </trkpt>
   <trkpt lat="38.629540000000006" lon="-0.06106">
    <ele>64.03</ele>
   </trkpt>
   <trkpt lat="38.62964" lon="-0.061290000000000004">
    <ele>64.85000000000001</ele>
   </trkpt>
   <trkpt lat="38.629690000000004" lon="-0.061540000000000004">
    <ele>66.03</ele>
   </trkpt>
   <trkpt lat="38.629700002587676" lon="-0.062319999765545295">
    <ele>70.10000000000001</ele>
   </trkpt>
   <trkpt lat="38.62971" lon="-0.0631">
    <ele>72.3</ele>
   </trkpt>
   <trkpt lat="38.62975" lon="-0.06336">
    <ele>71.43</ele>
   </trkpt>
   <trkpt lat="38.62989" lon="-0.06367">
    <ele>70.18</ele>
   </trkpt>
   <trkpt lat="38.630280000000006" lon="-0.06418">
    <ele>69.85000000000001</ele>
   </trkpt>
   <trkpt lat="38.63066000084176" lon="-0.06460999778293798">
    <ele>72.34</ele>
   </trkpt>
   <trkpt lat="38.631040000000006" lon="-0.06504">
    <ele>77.05000000000001</ele>
   </trkpt>
   <trkpt lat="38.631170000000004" lon="-0.06521">
    <ele>79.11</ele>
   </trkpt>
   <trkpt lat="38.63159" lon="-0.06601">
    <ele>82.07000000000001</ele>
   </trkpt>
   <trkpt lat="38.63163" lon="-0.06622">
    <ele>81.68</ele>
   </trkpt>
   <trkpt lat="38.63161" lon="-0.06643">
    <ele>80.94000000000001</ele>
   </trkpt>
   <trkpt lat="38.6315" lon="-0.06686">
    <ele>79.86</ele>
   </trkpt>
   <trkpt lat="38.631175004758866" lon="-0.06792000488058819">
    <ele>76.71</ele>
   </trkpt>
   <trkpt lat="38.63085" lon="-0.06898">
    <ele>79.84</ele>
   </trkpt>
   <trkpt lat="38.63082" lon="-0.06915">
    <ele>79.9</ele>
   </trkpt>
   <trkpt lat="38.630840000000006" lon="-0.06934">
    <ele>79.7</ele>
   </trkpt>
   <trkpt lat="38.630930000000006" lon="-0.06951">
    <ele>79.7</ele>
   </trkpt>
   <trkpt lat="38.631400000000006" lon="-0.07026">
    <ele>78.46</ele>
   </trkpt>
   <trkpt lat="38.63158000000001" lon="-0.0704">
    <ele>77.76</ele>
   </trkpt>
   <trkpt lat="38.63215" lon="-0.07044">
    <ele>73.87</ele>
   </trkpt>
   <trkpt lat="38.63223" lon="-0.07051">
    <ele>73.50000000000001</ele>
   </trkpt>
   <trkpt lat="38.632290000000005" lon="-0.07062">
    <ele>73.28000000000002</ele>
   </trkpt>
   <trkpt lat="38.63233" lon="-0.07077">
    <ele>73.10000000000001</ele>
   </trkpt>
   <trkpt lat="38.63248667494905" lon="-0.07175666232836643">
    <ele>73.67</ele>
   </trkpt>
   <trkpt lat="38.63264334161164" lon="-0.07274332896924504">
    <ele>76.04</ele>
   </trkpt>
   <trkpt lat="38.6328" lon="-0.07373">
    <ele>76.26</ele>
   </trkpt>
   <trkpt lat="38.63291" lon="-0.07435">
    <ele>77.02000000000001</ele>
   </trkpt>
   <trkpt lat="38.63304" lon="-0.07481">
    <ele>76.17</ele>
   </trkpt>
   <trkpt lat="38.633100000000006" lon="-0.07516">
    <ele>74.91</ele>
   </trkpt>
   <trkpt lat="38.633070000000004" lon="-0.07585">
    <ele>71.69</ele>
   </trkpt>
   <trkpt lat="38.63304" lon="-0.07606">
    <ele>70.65</ele>
   </trkpt>
   <trkpt lat="38.633" lon="-0.07621">
    <ele>70.21000000000001</ele>
   </trkpt>
   <trkpt lat="38.63284" lon="-0.07642">
    <ele>69.86</ele>
   </trkpt>
   <trkpt lat="38.632450000000006" lon="-0.07674">
    <ele>68.64</ele>
   </trkpt>
   <trkpt lat="38.632340000000006" lon="-0.07695">
    <ele>67.68</ele>
   </trkpt>
   <trkpt lat="38.632250000000006" lon="-0.07717">
    <ele>66.10000000000001</ele>
   </trkpt>
   <trkpt lat="38.63219" lon="-0.07728">
    <ele>64.52000000000001</ele>
   </trkpt>
   <trkpt lat="38.63196000000001" lon="-0.07749">
    <ele>63.050000000000004</ele>
   </trkpt>
   <trkpt lat="38.63154500043238" lon="-0.07774000134692434">
    <ele>60.89000000000001</ele>
   </trkpt>
   <trkpt lat="38.631130000000006" lon="-0.07799">
    <ele>60.63</ele>
   </trkpt>
   <trkpt lat="38.63045" lon="-0.07846">
    <ele>61.59</ele>
   </trkpt>
   <trkpt lat="38.630320000000005" lon="-0.07863">
    <ele>62.11000000000001</ele>
   </trkpt>
   <trkpt lat="38.630280000000006" lon="-0.07871">
    <ele>62.11000000000001</ele>
   </trkpt>
   <trkpt lat="38.63022" lon="-0.07896">
    <ele>63.49</ele>
   </trkpt>
   <trkpt lat="38.6302550049172" lon="-0.08003499944332562">
    <ele>66.28</ele>
   </trkpt>
   <trkpt lat="38.63029" lon="-0.08111">
    <ele>71.72</ele>
   </trkpt>
   <trkpt lat="38.63033" lon="-0.0815">
    <ele>72.16</ele>
   </trkpt>
   <trkpt lat="38.630500002348015" lon="-0.08224499817160287">
    <ele>72.64000000000001</ele>
   </trkpt>
   <trkpt lat="38.63067" lon="-0.08299000000000001">
    <ele>73.87</ele>
   </trkpt>
   <trkpt lat="38.63083" lon="-0.0834">
    <ele>75.23</ele>
   </trkpt>
   <trkpt lat="38.63121333632238" lon="-0.08399666022178878">
    <ele>77.14</ele>
   </trkpt>
   <trkpt lat="38.63159666961446" lon="-0.08459332682416455">
    <ele>78.86</ele>
   </trkpt>
   <trkpt lat="38.631980000000006" lon="-0.08519">
    <ele>81.17</ele>
   </trkpt>
   <trkpt lat="38.63201" lon="-0.0853">
    <ele>81.26</ele>
   </trkpt>
   <trkpt lat="38.63204" lon="-0.08553000000000001">
    <ele>81.44000000000001</ele>
   </trkpt>
   <trkpt lat="38.632045002085434" lon="-0.08622999995182834">
    <ele>81.78</ele>
   </trkpt>
   <trkpt lat="38.63205000000001" lon="-0.08693000000000001">
    <ele>83.09</ele>
   </trkpt>
   <trkpt lat="38.632145002880996" lon="-0.08775499877013941">
    <ele>84.44</ele>
   </trkpt>
   <trkpt lat="38.63224" lon="-0.08858">
    <ele>85.9</ele>
   </trkpt>
   <trkpt lat="38.63246" lon="-0.08929000000000001">
    <ele>88.16</ele>
   </trkpt>
   <trkpt lat="38.6327" lon="-0.08991">
    <ele>90.24</ele>
   </trkpt>
   <trkpt lat="38.63296000206896" lon="-0.090604997514686">
    <ele>92.24</ele>
   </trkpt>
   <trkpt lat="38.63322" lon="-0.0913">
    <ele>94.66000000000001</ele>
   </trkpt>
   <trkpt lat="38.63345000162037" lon="-0.09192999779012835">
    <ele>97.95</ele>
   </trkpt>
   <trkpt lat="38.633680000000005" lon="-0.09256">
    <ele>102.87</ele>
   </trkpt>
   <trkpt lat="38.63373" lon="-0.09274">
    <ele>103.94</ele>
   </trkpt>
   <trkpt lat="38.63388667367756" lon="-0.09364666278241185">
    <ele>109.25000000000001</ele>
   </trkpt>
   <trkpt lat="38.63404334035785" lon="-0.09455332952785585">
    <ele>115.33000000000001</ele>
   </trkpt>
   <trkpt lat="38.6342" lon="-0.09546">
    <ele>120.92000000000002</ele>
   </trkpt>
   <trkpt lat="38.63427" lon="-0.09595000000000001">
    <ele>123.39000000000001</ele>
   </trkpt>
   <trkpt lat="38.63429" lon="-0.09623000000000001">
    <ele>124.18</ele>
   </trkpt>
   <trkpt lat="38.634170000000005" lon="-0.09699">
    <ele>127.47</ele>
   </trkpt>
   <trkpt lat="38.634175001614494" lon="-0.09760500054138378">
    <ele>130.74</ele>
   </trkpt>
   <trkpt lat="38.63418" lon="-0.09822">
    <ele>132.54000000000002</ele>
   </trkpt>
   <trkpt lat="38.63423" lon="-0.09854">
    <ele>132.95000000000002</ele>
   </trkpt>
   <trkpt lat="38.63441500260604" lon="-0.0993199980572705">
    <ele>135.51000000000002</ele>
   </trkpt>
   <trkpt lat="38.634600000000006" lon="-0.10010000000000001">
    <ele>137.56</ele>
   </trkpt>
   <trkpt lat="38.634620000000005" lon="-0.10046000000000001">
    <ele>137.75</ele>
   </trkpt>
   <trkpt lat="38.634600000000006" lon="-0.10089000000000001">
    <ele>137.84</ele>
   </trkpt>
   <trkpt lat="38.634530000000005" lon="-0.10158">
    <ele>139.42000000000002</ele>
   </trkpt>
   <trkpt lat="38.634530000000005" lon="-0.10172">
    <ele>139.6</ele>
   </trkpt>
   <trkpt lat="38.634570000000004" lon="-0.10193">
    <ele>139.37</ele>
   </trkpt>
   <trkpt lat="38.634890001600965" lon="-0.10254499723772427">
    <ele>135.77</ele>
   </trkpt>
   <trkpt lat="38.63521" lon="-0.10316">
    <ele>132.98000000000002</ele>
   </trkpt>
   <trkpt lat="38.635380000000005" lon="-0.1034">
    <ele>132.62</ele>
   </trkpt>
   <trkpt lat="38.63571" lon="-0.10358">
    <ele>132.42000000000002</ele>
   </trkpt>
   <trkpt lat="38.636340000000004" lon="-0.10368000000000001">
    <ele>133.22</ele>
   </trkpt>
   <trkpt lat="38.63651" lon="-0.10375000000000001">
    <ele>134.17000000000002</ele>
   </trkpt>
   <trkpt lat="38.63669" lon="-0.10397">
    <ele>136.13</ele>
   </trkpt>
   <trkpt lat="38.637010000000004" lon="-0.10446000000000001">
    <ele>141.37000000000003</ele>
   </trkpt>
   <trkpt lat="38.63712" lon="-0.10459">
    <ele>142.12000000000003</ele>
   </trkpt>
   <trkpt lat="38.63723" lon="-0.10466">
    <ele>142.53</ele>
   </trkpt>
   <trkpt lat="38.63731000000001" lon="-0.10469">
    <ele>142.69</ele>
   </trkpt>
   <trkpt lat="38.63768" lon="-0.10472000000000001">
    <ele>142.89000000000001</ele>
   </trkpt>
   <trkpt lat="38.637890000000006" lon="-0.10476">
    <ele>143.1</ele>
   </trkpt>
   <trkpt lat="38.637980000000006" lon="-0.10483">
    <ele>143.26</ele>
   </trkpt>
   <trkpt lat="38.63806" lon="-0.10494">
    <ele>143.78000000000003</ele>
   </trkpt>
   <trkpt lat="38.63837" lon="-0.10554000000000001">
    <ele>147.45000000000002</ele>
   </trkpt>
   <trkpt lat="38.63906" lon="-0.10626000000000001">
    <ele>154.55</ele>
   </trkpt>
   <trkpt lat="38.63950500179712" lon="-0.10688499630840263">
    <ele>156.42</ele>
   </trkpt>
   <trkpt lat="38.639950000000006" lon="-0.10751000000000001">
    <ele>160.3</ele>
   </trkpt>
   <trkpt lat="38.64005" lon="-0.10758000000000001">
    <ele>160.92000000000002</ele>
   </trkpt>
   <trkpt lat="38.64014" lon="-0.10762000000000001">
    <ele>161.79000000000002</ele>
   </trkpt>
   <trkpt lat="38.64023" lon="-0.10763">
    <ele>162.31</ele>
   </trkpt>
   <trkpt lat="38.640550000000005" lon="-0.10756">
    <ele>163.36</ele>
   </trkpt>
   <trkpt lat="38.64076" lon="-0.10761000000000001">
    <ele>163.93</ele>
   </trkpt>
   <trkpt lat="38.64148" lon="-0.10794000000000001">
    <ele>164.97</ele>
   </trkpt>
   <trkpt lat="38.641670000000005" lon="-0.10813">
    <ele>165.89000000000001</ele>
   </trkpt>
   <trkpt lat="38.6422" lon="-0.10887000000000001">
    <ele>169.28</ele>
   </trkpt>
   <trkpt lat="38.642630000000004" lon="-0.1092">
    <ele>172.0</ele>
   </trkpt>
   <trkpt lat="38.642700000000005" lon="-0.10928">
    <ele>172.0</ele>
   </trkpt>
   <trkpt lat="38.643100002574805" lon="-0.11005999561749605">
    <ele>176.83</ele>
   </trkpt>
   <trkpt lat="38.6435" lon="-0.11084000000000001">
    <ele>182.37</ele>
   </trkpt>
   <trkpt lat="38.64381" lon="-0.11121">
    <ele>187.35000000000002</ele>
   </trkpt>
   <trkpt lat="38.64401" lon="-0.11142">
    <ele>189.3</ele>
   </trkpt>
   <trkpt lat="38.64474666973246" lon="-0.1120266541378028">
    <ele>191.18</ele>
   </trkpt>
   <trkpt lat="38.64548333633191" lon="-0.11263332074889018">
    <ele>192.38000000000002</ele>
   </trkpt>
   <trkpt lat="38.64622000000001" lon="-0.11324000000000001">
    <ele>195.98000000000002</ele>
   </trkpt>
   <trkpt lat="38.646460000000005" lon="-0.11346">
    <ele>195.18</ele>
   </trkpt>
   <trkpt lat="38.64663" lon="-0.11367000000000001">
    <ele>194.16000000000003</ele>
   </trkpt>
   <trkpt lat="38.64668" lon="-0.11378">
    <ele>193.65</ele>
   </trkpt>
   <trkpt lat="38.646730000000005" lon="-0.11410000000000001">
    <ele>193.16000000000003</ele>
   </trkpt>
   <trkpt lat="38.64678" lon="-0.11506000000000001">
    <ele>196.41000000000003</ele>
   </trkpt>
   <trkpt lat="38.646860000000004" lon="-0.11562000000000001">
    <ele>201.26000000000002</ele>
   </trkpt>
   <trkpt lat="38.647180000000006" lon="-0.11658">
    <ele>207.48000000000002</ele>
   </trkpt>
   <trkpt lat="38.64741000175328" lon="-0.11719999832544437">
    <ele>215.41000000000003</ele>
   </trkpt>
   <trkpt lat="38.64764" lon="-0.11782000000000001">
    <ele>218.56</ele>
   </trkpt>
   <trkpt lat="38.64776500133177" lon="-0.11837499912349914">
    <ele>222.02</ele>
   </trkpt>
   <trkpt lat="38.647890000000004" lon="-0.11893000000000001">
    <ele>224.05</ele>
   </trkpt>
   <trkpt lat="38.648120000000006" lon="-0.11965">
    <ele>223.79000000000002</ele>
   </trkpt>
   <trkpt lat="38.64817" lon="-0.11975000000000001">
    <ele>223.79000000000002</ele>
   </trkpt>
   <trkpt lat="38.648300000000006" lon="-0.11993000000000001">
    <ele>223.68</ele>
   </trkpt>
   <trkpt lat="38.64881000107025" lon="-0.12044999621626795">
    <ele>224.10000000000002</ele>
   </trkpt>
   <trkpt lat="38.64932" lon="-0.12097000000000001">
    <ele>225.32000000000002</ele>
   </trkpt>
   <trkpt lat="38.649770000000004" lon="-0.12144">
    <ele>229.96</ele>
   </trkpt>
   <trkpt lat="38.64983" lon="-0.12155">
    <ele>230.99000000000004</ele>
   </trkpt>
   <trkpt lat="38.6499" lon="-0.12155">
    <ele>230.96</ele>
   </trkpt>
   <trkpt lat="38.64996" lon="-0.12164000000000001">
    <ele>230.92000000000002</ele>
   </trkpt>
   <trkpt lat="38.650000000000006" lon="-0.12158000000000001">
    <ele>230.78</ele>
   </trkpt>
   <trkpt lat="38.650360000000006" lon="-0.12074000000000001">
    <ele>229.02</ele>
   </trkpt>
   <trkpt lat="38.650470000000006" lon="-0.12062">
    <ele>228.04000000000002</ele>
   </trkpt>
   <trkpt lat="38.650650000000006" lon="-0.12053000000000001">
    <ele>227.23000000000002</ele>
   </trkpt>
   <trkpt lat="38.651" lon="-0.12050000000000001">
    <ele>224.4</ele>
   </trkpt>
   <trkpt lat="38.651180000000004" lon="-0.12046000000000001">
    <ele>223.10000000000002</ele>
   </trkpt>
   <trkpt lat="38.65131" lon="-0.12033">
    <ele>222.38000000000002</ele>
   </trkpt>
   <trkpt lat="38.65137" lon="-0.12021000000000001">
    <ele>220.34</ele>
   </trkpt>
   <trkpt lat="38.6514" lon="-0.11995000000000001">
    <ele>219.23</ele>
   </trkpt>
   <trkpt lat="38.65135" lon="-0.11983">
    <ele>219.23</ele>
   </trkpt>
   <trkpt lat="38.65113" lon="-0.11950000000000001">
    <ele>215.45000000000002</ele>
   </trkpt>
   <trkpt lat="38.65102" lon="-0.1193">
    <ele>213.63000000000002</ele>
   </trkpt>
   <trkpt lat="38.65095" lon="-0.11911000000000001">
    <ele>213.63000000000002</ele>
   </trkpt>
   <trkpt lat="38.650920000000006" lon="-0.11887">
    <ele>211.8</ele>
   </trkpt>
   <trkpt lat="38.65096500179162" lon="-0.11822500010760494">
    <ele>208.69</ele>
   </trkpt>
   <trkpt lat="38.65101000000001" lon="-0.11758">
    <ele>205.02</ele>
   </trkpt>
   <trkpt lat="38.650960001803455" lon="-0.11692499924507027">
    <ele>202.26000000000002</ele>
   </trkpt>
   <trkpt lat="38.65091" lon="-0.11627000000000001">
    <ele>198.84</ele>
   </trkpt>
   <trkpt lat="38.65093" lon="-0.11596000000000001">
    <ele>195.84</ele>
   </trkpt>
   <trkpt lat="38.65115" lon="-0.11503000000000001">
    <ele>191.56</ele>
   </trkpt>
   <trkpt lat="38.651210000000006" lon="-0.11489">
    <ele>190.57000000000002</ele>
   </trkpt>
   <trkpt lat="38.651340000000005" lon="-0.11471">
    <ele>189.35000000000002</ele>
   </trkpt>
   <trkpt lat="38.65190500191192" lon="-0.11403500535636248">
    <ele>184.24</ele>
   </trkpt>
   <trkpt lat="38.65247" lon="-0.11336">
    <ele>179.46</ele>
   </trkpt>
   <trkpt lat="38.652530000000006" lon="-0.11328">
    <ele>179.46</ele>
   </trkpt>
   <trkpt lat="38.65256" lon="-0.11317">
    <ele>179.46</ele>
   </trkpt>
   <trkpt lat="38.652570000000004" lon="-0.11303">
    <ele>179.46</ele>
   </trkpt>
   <trkpt lat="38.652550000000005" lon="-0.11288000000000001">
    <ele>177.72000000000003</ele>
   </trkpt>
   <trkpt lat="38.65243" lon="-0.11231000000000001">
    <ele>175.33</ele>
   </trkpt>
   <trkpt lat="38.652420000000006" lon="-0.11213000000000001">
    <ele>174.90000000000003</ele>
   </trkpt>
   <trkpt lat="38.652440000000006" lon="-0.11199">
    <ele>174.3</ele>
   </trkpt>
   <trkpt lat="38.652530000000006" lon="-0.11178">
    <ele>173.6</ele>
   </trkpt>
   <trkpt lat="38.6526" lon="-0.11163000000000001">
    <ele>173.6</ele>
   </trkpt>
   <trkpt lat="38.65269" lon="-0.11152000000000001">
    <ele>172.8</ele>
   </trkpt>
   <trkpt lat="38.65276" lon="-0.11146">
    <ele>172.45000000000002</ele>
   </trkpt>
   <trkpt lat="38.65288" lon="-0.11145000000000001">
    <ele>172.08</ele>
   </trkpt>
   <trkpt lat="38.653400000000005" lon="-0.11157">
    <ele>170.1</ele>
   </trkpt>
   <trkpt lat="38.65404" lon="-0.11177000000000001">
    <ele>168.53</ele>
   </trkpt>
   <trkpt lat="38.65417" lon="-0.11177000000000001">
    <ele>168.53</ele>
   </trkpt>
   <trkpt lat="38.65424" lon="-0.11174">
    <ele>168.53</ele>
   </trkpt>
   <trkpt lat="38.65431" lon="-0.11167">
    <ele>168.8</ele>
   </trkpt>
   <trkpt lat="38.654430000000005" lon="-0.11144000000000001">
    <ele>168.83</ele>
   </trkpt>
   <trkpt lat="38.65444" lon="-0.11138">
    <ele>168.83</ele>
   </trkpt>
   <trkpt lat="38.654430000000005" lon="-0.11128">
    <ele>168.74</ele>
   </trkpt>
   <trkpt lat="38.65439000000001" lon="-0.11120000000000001">
    <ele>168.74</ele>
   </trkpt>
   <trkpt lat="38.653855000980045" lon="-0.11071499635856867">
    <ele>169.78</ele>
   </trkpt>
   <trkpt lat="38.65332" lon="-0.11023000000000001">
    <ele>171.51000000000002</ele>
   </trkpt>
   <trkpt lat="38.653240000000004" lon="-0.11013">
    <ele>171.71</ele>
   </trkpt>
   <trkpt lat="38.65321" lon="-0.11002">
    <ele>171.93000000000004</ele>
   </trkpt>
   <trkpt lat="38.65319" lon="-0.10980000000000001">
    <ele>172.17000000000002</ele>
   </trkpt>
   <trkpt lat="38.653325003211584" lon="-0.10893500145950838">
    <ele>174.59000000000003</ele>
   </trkpt>
   <trkpt lat="38.65346" lon="-0.10807000000000001">
    <ele>180.18</ele>
   </trkpt>
   <trkpt lat="38.65353" lon="-0.10773">
    <ele>180.91000000000003</ele>
   </trkpt>
   <trkpt lat="38.65359" lon="-0.10751000000000001">
    <ele>181.50000000000003</ele>
   </trkpt>
   <trkpt lat="38.653710000000004" lon="-0.10731">
    <ele>181.96</ele>
   </trkpt>
   <trkpt lat="38.653960000000005" lon="-0.10712">
    <ele>182.27</ele>
   </trkpt>
   <trkpt lat="38.654445000019436" lon="-0.10700000082282855">
    <ele>181.35</ele>
   </trkpt>
   <trkpt lat="38.65493" lon="-0.10688">
    <ele>179.01</ele>
   </trkpt>
   <trkpt lat="38.65532" lon="-0.10681">
    <ele>177.48000000000002</ele>
   </trkpt>
   <trkpt lat="38.655530000000006" lon="-0.1068">
    <ele>176.3</ele>
   </trkpt>
   <trkpt lat="38.656000000000006" lon="-0.10688">
    <ele>173.88</ele>
   </trkpt>
   <trkpt lat="38.656110000000005" lon="-0.10688">
    <ele>173.55</ele>
   </trkpt>
   <trkpt lat="38.656240000000004" lon="-0.1068">
    <ele>173.22</ele>
   </trkpt>
   <trkpt lat="38.656310000000005" lon="-0.10673">
    <ele>173.1</ele>
   </trkpt>
   <trkpt lat="38.656380000000006" lon="-0.10656">
    <ele>173.13</ele>
   </trkpt>
   <trkpt lat="38.656530001653785" lon="-0.10594500110849693">
    <ele>175.33</ele>
   </trkpt>
   <trkpt lat="38.65668" lon="-0.10533000000000001">
    <ele>177.42000000000002</ele>
   </trkpt>
   <trkpt lat="38.65675" lon="-0.10515000000000001">
    <ele>177.42000000000002</ele>
   </trkpt>
   <trkpt lat="38.656850000000006" lon="-0.10504000000000001">
    <ele>178.58</ele>
   </trkpt>
   <trkpt lat="38.65695" lon="-0.10501">
    <ele>178.58</ele>
   </trkpt>
   <trkpt lat="38.657320000000006" lon="-0.10494">
    <ele>180.61</ele>
   </trkpt>
   <trkpt lat="38.65749" lon="-0.10495000000000002">
    <ele>181.83</ele>
   </trkpt>
   <trkpt lat="38.657610000000005" lon="-0.10502">
    <ele>181.83</ele>
   </trkpt>
   <trkpt lat="38.65787" lon="-0.10526">
    <ele>183.38000000000002</ele>
   </trkpt>
   <trkpt lat="38.65796" lon="-0.1053">
    <ele>185.2</ele>
   </trkpt>
   <trkpt lat="38.658030000000004" lon="-0.1053">
    <ele>185.2</ele>
   </trkpt>
   <trkpt lat="38.65813" lon="-0.10527">
    <ele>185.2</ele>
   </trkpt>
   <trkpt lat="38.65847" lon="-0.10515000000000001">
    <ele>187.98000000000002</ele>
   </trkpt>
   <trkpt lat="38.6586" lon="-0.10515000000000001">
    <ele>188.55</ele>
   </trkpt>
   <trkpt lat="38.65881" lon="-0.10519">
    <ele>190.45000000000002</ele>
   </trkpt>
   <trkpt lat="38.65892" lon="-0.10516">
    <ele>190.45000000000002</ele>
   </trkpt>
   <trkpt lat="38.65903" lon="-0.10511000000000001">
    <ele>190.45000000000002</ele>
   </trkpt>
   <trkpt lat="38.65921" lon="-0.10490000000000001">
    <ele>194.44000000000003</ele>
   </trkpt>
   <trkpt lat="38.65936000000001" lon="-0.10476">
    <ele>194.44000000000003</ele>
   </trkpt>
   <trkpt lat="38.65955" lon="-0.10469">
    <ele>196.5</ele>
   </trkpt>
   <trkpt lat="38.65999" lon="-0.10460000000000001">
    <ele>198.17000000000002</ele>
   </trkpt>
   <trkpt lat="38.660140000000006" lon="-0.10454000000000001">
    <ele>199.61</ele>
   </trkpt>
   <trkpt lat="38.66051" lon="-0.10429000000000001">
    <ele>200.41</ele>
   </trkpt>
   <trkpt lat="38.66064" lon="-0.10429000000000001">
    <ele>200.3</ele>
   </trkpt>
   <trkpt lat="38.66076" lon="-0.10439000000000001">
    <ele>199.67000000000002</ele>
   </trkpt>
   <trkpt lat="38.661030000000004" lon="-0.10501">
    <ele>197.36</ele>
   </trkpt>
   <trkpt lat="38.66113" lon="-0.10537">
    <ele>196.22</ele>
   </trkpt>
   <trkpt lat="38.661190000000005" lon="-0.10544">
    <ele>195.63000000000002</ele>
   </trkpt>
   <trkpt lat="38.66129" lon="-0.10544">
    <ele>195.63000000000002</ele>
   </trkpt>
   <trkpt lat="38.66152" lon="-0.1052">
    <ele>192.39000000000001</ele>
   </trkpt>
   <trkpt lat="38.66179" lon="-0.10477">
    <ele>189.71</ele>
   </trkpt>
   <trkpt lat="38.66189" lon="-0.10469">
    <ele>189.21</ele>
   </trkpt>
   <trkpt lat="38.662040000000005" lon="-0.10469">
    <ele>187.81</ele>
   </trkpt>
   <trkpt lat="38.662420000000004" lon="-0.10455">
    <ele>186.32000000000002</ele>
   </trkpt>
   <trkpt lat="38.66259" lon="-0.10458">
    <ele>184.87</ele>
   </trkpt>
   <trkpt lat="38.66272" lon="-0.10465">
    <ele>184.87</ele>
   </trkpt>
   <trkpt lat="38.66284" lon="-0.1048">
    <ele>182.67000000000002</ele>
   </trkpt>
   <trkpt lat="38.66299" lon="-0.10515000000000001">
    <ele>180.71</ele>
   </trkpt>
   <trkpt lat="38.66308" lon="-0.10527">
    <ele>179.94000000000003</ele>
   </trkpt>
   <trkpt lat="38.663410000000006" lon="-0.10566">
    <ele>177.79</ele>
   </trkpt>
   <trkpt lat="38.66348" lon="-0.10579000000000001">
    <ele>176.19</ele>
   </trkpt>
   <trkpt lat="38.66353" lon="-0.10591">
    <ele>176.19</ele>
   </trkpt>
   <trkpt lat="38.66355" lon="-0.10605">
    <ele>175.69</ele>
   </trkpt>
   <trkpt lat="38.663540000000005" lon="-0.10659">
    <ele>173.78</ele>
   </trkpt>
   <trkpt lat="38.66358" lon="-0.10684">
    <ele>172.89000000000001</ele>
   </trkpt>
   <trkpt lat="38.66366" lon="-0.10695">
    <ele>172.89000000000001</ele>
   </trkpt>
   <trkpt lat="38.663810000000005" lon="-0.10705">
    <ele>172.17000000000002</ele>
   </trkpt>
   <trkpt lat="38.663920000000005" lon="-0.10708000000000001">
    <ele>171.95000000000002</ele>
   </trkpt>
   <trkpt lat="38.664010000000005" lon="-0.10706">
    <ele>171.77</ele>
   </trkpt>
   <trkpt lat="38.664080000000006" lon="-0.10701000000000001">
    <ele>171.68000000000004</ele>
   </trkpt>
   <trkpt lat="38.66427" lon="-0.10683000000000001">
    <ele>172.12000000000003</ele>
   </trkpt>
   <trkpt lat="38.66438" lon="-0.10665000000000001">
    <ele>173.58</ele>
   </trkpt>
   <trkpt lat="38.66445" lon="-0.10634">
    <ele>176.08</ele>
   </trkpt>
   <trkpt lat="38.66452" lon="-0.10615000000000001">
    <ele>177.03000000000003</ele>
   </trkpt>
   <trkpt lat="38.664640000000006" lon="-0.10590000000000001">
    <ele>179.52</ele>
   </trkpt>
   <trkpt lat="38.664730000000006" lon="-0.1058">
    <ele>180.44000000000003</ele>
   </trkpt>
   <trkpt lat="38.66479" lon="-0.10576">
    <ele>181.73</ele>
   </trkpt>
   <trkpt lat="38.66517" lon="-0.10576">
    <ele>185.39000000000001</ele>
   </trkpt>
   <trkpt lat="38.66563" lon="-0.10597000000000001">
    <ele>188.25000000000003</ele>
   </trkpt>
   <trkpt lat="38.665690000000005" lon="-0.10597000000000001">
    <ele>188.25000000000003</ele>
   </trkpt>
   <trkpt lat="38.66602" lon="-0.10583000000000001">
    <ele>191.55</ele>
   </trkpt>
   <trkpt lat="38.6661" lon="-0.10583000000000001">
    <ele>192.60000000000002</ele>
   </trkpt>
   <trkpt lat="38.666450000000005" lon="-0.10594">
    <ele>194.81</ele>
   </trkpt>
   <trkpt lat="38.66657" lon="-0.10594">
    <ele>195.48000000000002</ele>
   </trkpt>
   <trkpt lat="38.66667" lon="-0.10583000000000001">
    <ele>196.22</ele>
   </trkpt>
   <trkpt lat="38.66678" lon="-0.10541">
    <ele>199.41</ele>
   </trkpt>
   <trkpt lat="38.666850000000004" lon="-0.10532000000000001">
    <ele>199.45000000000002</ele>
   </trkpt>
   <trkpt lat="38.667320000178876" lon="-0.10509500149448871">
    <ele>198.17000000000002</ele>
   </trkpt>
   <trkpt lat="38.667790000000004" lon="-0.10487">
    <ele>194.25</ele>
   </trkpt>
   <trkpt lat="38.66807" lon="-0.1048">
    <ele>192.06</ele>
   </trkpt>
   <trkpt lat="38.66823" lon="-0.10486000000000001">
    <ele>191.03</ele>
   </trkpt>
   <trkpt lat="38.66854" lon="-0.10501">
    <ele>188.47000000000003</ele>
   </trkpt>
   <trkpt lat="38.668620000000004" lon="-0.10515000000000001">
    <ele>187.50000000000003</ele>
   </trkpt>
   <trkpt lat="38.66866" lon="-0.10534">
    <ele>186.72000000000003</ele>
   </trkpt>
   <trkpt lat="38.668620000000004" lon="-0.10562">
    <ele>186.28000000000003</ele>
   </trkpt>
   <trkpt lat="38.668620000000004" lon="-0.10583000000000001">
    <ele>186.2</ele>
   </trkpt>
   <trkpt lat="38.668670000000006" lon="-0.10595">
    <ele>186.25000000000003</ele>
   </trkpt>
   <trkpt lat="38.66879" lon="-0.10608000000000001">
    <ele>186.45</ele>
   </trkpt>
   <trkpt lat="38.669525000330545" lon="-0.10631499761797786">
    <ele>189.54000000000002</ele>
   </trkpt>
   <trkpt lat="38.670260000000006" lon="-0.10655">
    <ele>191.41000000000003</ele>
   </trkpt>
   <trkpt lat="38.6706" lon="-0.10673">
    <ele>191.09</ele>
   </trkpt>
   <trkpt lat="38.670770000000005" lon="-0.10687">
    <ele>190.94000000000003</ele>
   </trkpt>
   <trkpt lat="38.67149500488724" lon="-0.107487481253968">
    <ele>189.57000000000002</ele>
   </trkpt>
   <trkpt lat="38.67222000652794" lon="-0.10810497501476107">
    <ele>191.06</ele>
   </trkpt>
   <trkpt lat="38.67294500492197" lon="-0.10872248128290098">
    <ele>194.24</ele>
   </trkpt>
   <trkpt lat="38.67367" lon="-0.10934">
    <ele>196.19</ele>
   </trkpt>
   <trkpt lat="38.67403" lon="-0.10952">
    <ele>197.97</ele>
   </trkpt>
   <trkpt lat="38.674620000000004" lon="-0.10977">
    <ele>201.38</ele>
   </trkpt>
   <trkpt lat="38.674820000000004" lon="-0.10988">
    <ele>202.09</ele>
   </trkpt>
   <trkpt lat="38.675573335787014" lon="-0.11041665537129072">
    <ele>205.84000000000003</ele>
   </trkpt>
   <trkpt lat="38.676326669121714" lon="-0.11095332203872617">
    <ele>207.22</ele>
   </trkpt>
   <trkpt lat="38.677080000000004" lon="-0.11149">
    <ele>212.31000000000003</ele>
   </trkpt>
   <trkpt lat="38.677350000000004" lon="-0.11170000000000001">
    <ele>214.47000000000003</ele>
   </trkpt>
   <trkpt lat="38.677420000000005" lon="-0.11177000000000001">
    <ele>214.64000000000001</ele>
   </trkpt>
   <trkpt lat="38.67745" lon="-0.11188000000000001">
    <ele>215.26</ele>
   </trkpt>
   <trkpt lat="38.67754" lon="-0.11245000000000001">
    <ele>217.46</ele>
   </trkpt>
   <trkpt lat="38.67765" lon="-0.1126">
    <ele>217.86</ele>
   </trkpt>
   <trkpt lat="38.6779" lon="-0.11278">
    <ele>219.26000000000002</ele>
   </trkpt>
   <trkpt lat="38.678250000000006" lon="-0.11288000000000001">
    <ele>219.95</ele>
   </trkpt>
   <trkpt lat="38.67864" lon="-0.11317">
    <ele>221.98000000000002</ele>
   </trkpt>
   <trkpt lat="38.679050000000004" lon="-0.11353">
    <ele>224.63000000000002</ele>
   </trkpt>
   <trkpt lat="38.67925" lon="-0.11359000000000001">
    <ele>224.69000000000003</ele>
   </trkpt>
   <trkpt lat="38.67934" lon="-0.11358000000000001">
    <ele>226.11</ele>
   </trkpt>
   <trkpt lat="38.679410000000004" lon="-0.11356000000000001">
    <ele>226.56</ele>
   </trkpt>
   <trkpt lat="38.67945" lon="-0.11346">
    <ele>227.37</ele>
   </trkpt>
   <trkpt lat="38.679480000000005" lon="-0.11313000000000001">
    <ele>229.67000000000002</ele>
   </trkpt>
   <trkpt lat="38.67951" lon="-0.11299000000000001">
    <ele>230.9</ele>
   </trkpt>
   <trkpt lat="38.679550000000006" lon="-0.11288000000000001">
    <ele>231.76000000000002</ele>
   </trkpt>
   <trkpt lat="38.67989" lon="-0.11249">
    <ele>237.59000000000003</ele>
   </trkpt>
   <trkpt lat="38.680210001043456" lon="-0.11201000205248038">
    <ele>240.97</ele>
   </trkpt>
   <trkpt lat="38.680530000000005" lon="-0.11153">
    <ele>239.77</ele>
   </trkpt>
   <trkpt lat="38.680640000000004" lon="-0.11145000000000001">
    <ele>236.51000000000002</ele>
   </trkpt>
   <trkpt lat="38.68081" lon="-0.11138">
    <ele>236.51000000000002</ele>
   </trkpt>
   <trkpt lat="38.680960000000006" lon="-0.11141000000000001">
    <ele>234.18000000000004</ele>
   </trkpt>
   <trkpt lat="38.68119" lon="-0.11153">
    <ele>232.51000000000002</ele>
   </trkpt>
   <trkpt lat="38.681340000000006" lon="-0.11167">
    <ele>231.62</ele>
   </trkpt>
   <trkpt lat="38.681450000000005" lon="-0.11184000000000001">
    <ele>231.55</ele>
   </trkpt>
   <trkpt lat="38.681720000000006" lon="-0.11252000000000001">
    <ele>234.15000000000003</ele>
   </trkpt>
   <trkpt lat="38.68177" lon="-0.1126">
    <ele>234.41</ele>
   </trkpt>
   <trkpt lat="38.68188000000001" lon="-0.11271">
    <ele>235.95000000000002</ele>
   </trkpt>
   <trkpt lat="38.682010000000005" lon="-0.11278">
    <ele>235.95000000000002</ele>
   </trkpt>
   <trkpt lat="38.682120000000005" lon="-0.11274">
    <ele>239.0</ele>
   </trkpt>
   <trkpt lat="38.68235000000001" lon="-0.11256000000000001">
    <ele>240.96</ele>
   </trkpt>
   <trkpt lat="38.68238" lon="-0.11249">
    <ele>242.34000000000003</ele>
   </trkpt>
   <trkpt lat="38.682370000000006" lon="-0.11239">
    <ele>242.34000000000003</ele>
   </trkpt>
   <trkpt lat="38.68227" lon="-0.11224">
    <ele>244.98000000000002</ele>
   </trkpt>
   <trkpt lat="38.68224" lon="-0.11213000000000001">
    <ele>244.98000000000002</ele>
   </trkpt>
   <trkpt lat="38.68226000000001" lon="-0.11203">
    <ele>245.45000000000002</ele>
   </trkpt>
   <trkpt lat="38.68233" lon="-0.112">
    <ele>245.81000000000003</ele>
   </trkpt>
   <trkpt lat="38.68238" lon="-0.112">
    <ele>245.81000000000003</ele>
   </trkpt>
   <trkpt lat="38.683010000467775" lon="-0.11234999688879652">
    <ele>250.64000000000001</ele>
   </trkpt>
   <trkpt lat="38.683640000000004" lon="-0.11270000000000001">
    <ele>258.53000000000003</ele>
   </trkpt>
   <trkpt lat="38.683710000000005" lon="-0.11268">
    <ele>258.99</ele>
   </trkpt>
   <trkpt lat="38.68374" lon="-0.11264">
    <ele>258.99</ele>
   </trkpt>
   <trkpt lat="38.68376000000001" lon="-0.11256000000000001">
    <ele>259.38</ele>
   </trkpt>
   <trkpt lat="38.683730000000004" lon="-0.11246">
    <ele>259.69000000000005</ele>
   </trkpt>
   <trkpt lat="38.683600000000006" lon="-0.11239">
    <ele>261.18</ele>
   </trkpt>
   <trkpt lat="38.68325" lon="-0.11227000000000001">
    <ele>262.16</ele>
   </trkpt>
   <trkpt lat="38.683150000000005" lon="-0.11220000000000001">
    <ele>263.25000000000006</ele>
   </trkpt>
   <trkpt lat="38.68289" lon="-0.11181">
    <ele>265.72</ele>
   </trkpt>
   <trkpt lat="38.68258" lon="-0.11124">
    <ele>270.02000000000004</ele>
   </trkpt>
   <trkpt lat="38.682480000000005" lon="-0.11117">
    <ele>270.02000000000004</ele>
   </trkpt>
   <trkpt lat="38.682190000000006" lon="-0.11113">
    <ele>273.94</ele>
   </trkpt>
   <trkpt lat="38.682100000000005" lon="-0.11109000000000001">
    <ele>273.94</ele>
   </trkpt>
   <trkpt lat="38.682010000000005" lon="-0.11099">
    <ele>276.1</ele>
   </trkpt>
   <trkpt lat="38.68191" lon="-0.11081">
    <ele>276.1</ele>
   </trkpt>
   <trkpt lat="38.68191" lon="-0.11066000000000001">
    <ele>276.95000000000005</ele>
   </trkpt>
   <trkpt lat="38.681960000000004" lon="-0.11056">
    <ele>277.78000000000003</ele>
   </trkpt>
   <trkpt lat="38.682" lon="-0.11052000000000001">
    <ele>278.31</ele>
   </trkpt>
   <trkpt lat="38.68234" lon="-0.11035">
    <ele>280.56</ele>
   </trkpt>
   <trkpt lat="38.682410000000004" lon="-0.11027">
    <ele>280.56</ele>
   </trkpt>
   <trkpt lat="38.68247" lon="-0.11002">
    <ele>280.96999999999997</ele>
   </trkpt>
   <trkpt lat="38.682520000000004" lon="-0.10998000000000001">
    <ele>281.92</ele>
   </trkpt>
   <trkpt lat="38.68272" lon="-0.10992">
    <ele>282.85</ele>
   </trkpt>
   <trkpt lat="38.682790000000004" lon="-0.10988">
    <ele>282.85</ele>
   </trkpt>
   <trkpt lat="38.68289" lon="-0.10963">
    <ele>284.29</ele>
   </trkpt>
   <trkpt lat="38.68294" lon="-0.10927">
    <ele>287.15000000000003</ele>
   </trkpt>
   <trkpt lat="38.68301" lon="-0.10894000000000001">
    <ele>289.2</ele>
   </trkpt>
   <trkpt lat="38.683" lon="-0.10885">
    <ele>289.2</ele>
   </trkpt>
   <trkpt lat="38.682930000000006" lon="-0.10866">
    <ele>290.83000000000004</ele>
   </trkpt>
   <trkpt lat="38.682840000000006" lon="-0.10849">
    <ele>291.50000000000006</ele>
   </trkpt>
   <trkpt lat="38.682500000000005" lon="-0.10809">
    <ele>294.76</ele>
   </trkpt>
   <trkpt lat="38.682370000000006" lon="-0.10756">
    <ele>296.03000000000003</ele>
   </trkpt>
   <trkpt lat="38.68235000000001" lon="-0.10741">
    <ele>296.69</ele>
   </trkpt>
   <trkpt lat="38.68236" lon="-0.10733000000000001">
    <ele>296.97</ele>
   </trkpt>
   <trkpt lat="38.68242" lon="-0.10716">
    <ele>297.59000000000003</ele>
   </trkpt>
   <trkpt lat="38.68253" lon="-0.10708000000000001">
    <ele>298.91</ele>
   </trkpt>
   <trkpt lat="38.68278" lon="-0.10701000000000001">
    <ele>301.6</ele>
   </trkpt>
   <trkpt lat="38.68283" lon="-0.10695">
    <ele>301.6</ele>
   </trkpt>
   <trkpt lat="38.68287" lon="-0.10688">
    <ele>301.6</ele>
   </trkpt>
   <trkpt lat="38.68289" lon="-0.10673">
    <ele>303.09000000000003</ele>
   </trkpt>
   <trkpt lat="38.682880000000004" lon="-0.10633000000000001">
    <ele>305.12</ele>
   </trkpt>
   <trkpt lat="38.682930000000006" lon="-0.1062">
    <ele>305.96</ele>
   </trkpt>
   <trkpt lat="38.683130000000006" lon="-0.10594">
    <ele>307.52</ele>
   </trkpt>
   <trkpt lat="38.68325" lon="-0.10573">
    <ele>309.59000000000003</ele>
   </trkpt>
   <trkpt lat="38.68329000000001" lon="-0.10562">
    <ele>309.59000000000003</ele>
   </trkpt>
   <trkpt lat="38.6833" lon="-0.10548">
    <ele>310.74</ele>
   </trkpt>
   <trkpt lat="38.683110000000006" lon="-0.10504000000000001">
    <ele>311.82000000000005</ele>
   </trkpt>
   <trkpt lat="38.683110000000006" lon="-0.10494">
    <ele>311.70000000000005</ele>
   </trkpt>
   <trkpt lat="38.68316" lon="-0.10479000000000001">
    <ele>311.33000000000004</ele>
   </trkpt>
   <trkpt lat="38.68345" lon="-0.10444">
    <ele>309.45</ele>
   </trkpt>
   <trkpt lat="38.6835" lon="-0.10436000000000001">
    <ele>309.24</ele>
   </trkpt>
   <trkpt lat="38.68352" lon="-0.10426">
    <ele>309.08000000000004</ele>
   </trkpt>
   <trkpt lat="38.68352" lon="-0.10418000000000001">
    <ele>309.08000000000004</ele>
   </trkpt>
   <trkpt lat="38.68336" lon="-0.10383">
    <ele>308.27000000000004</ele>
   </trkpt>
   <trkpt lat="38.6833" lon="-0.10358">
    <ele>307.57</ele>
   </trkpt>
   <trkpt lat="38.683310000000006" lon="-0.10347">
    <ele>306.09000000000003</ele>
   </trkpt>
   <trkpt lat="38.683370000000004" lon="-0.10333">
    <ele>305.85</ele>
   </trkpt>
   <trkpt lat="38.68372" lon="-0.10272">
    <ele>307.02</ele>
   </trkpt>
   <trkpt lat="38.68401" lon="-0.1024">
    <ele>312.18</ele>
   </trkpt>
   <trkpt lat="38.68408" lon="-0.10226">
    <ele>313.85</ele>
   </trkpt>
   <trkpt lat="38.68413" lon="-0.10211">
    <ele>314.87</ele>
   </trkpt>
   <trkpt lat="38.68423000000001" lon="-0.10136">
    <ele>321.88</ele>
   </trkpt>
   <trkpt lat="38.68423000000001" lon="-0.10126">
    <ele>322.63</ele>
   </trkpt>
   <trkpt lat="38.684200000000004" lon="-0.10121000000000001">
    <ele>322.92</ele>
   </trkpt>
   <trkpt lat="38.68415" lon="-0.10118">
    <ele>323.17</ele>
   </trkpt>
   <trkpt lat="38.684090000000005" lon="-0.10118">
    <ele>323.17</ele>
   </trkpt>
   <trkpt lat="38.68397" lon="-0.10126">
    <ele>324.35</ele>
   </trkpt>
   <trkpt lat="38.683910000000004" lon="-0.10136">
    <ele>325.08000000000004</ele>
   </trkpt>
   <trkpt lat="38.68365" lon="-0.10187">
    <ele>331.44</ele>
   </trkpt>
   <trkpt lat="38.683580000000006" lon="-0.1019">
    <ele>331.98</ele>
   </trkpt>
   <trkpt lat="38.6835" lon="-0.10189000000000001">
    <ele>332.90000000000003</ele>
   </trkpt>
   <trkpt lat="38.683440000000004" lon="-0.10182000000000001">
    <ele>333.59000000000003</ele>
   </trkpt>
   <trkpt lat="38.68341" lon="-0.10175000000000001">
    <ele>333.88</ele>
   </trkpt>
   <trkpt lat="38.68341" lon="-0.10161">
    <ele>334.37</ele>
   </trkpt>
   <trkpt lat="38.683490000000006" lon="-0.10137">
    <ele>335.51000000000005</ele>
   </trkpt>
   <trkpt lat="38.683710000000005" lon="-0.10093">
    <ele>338.02000000000004</ele>
   </trkpt>
   <trkpt lat="38.683840000000004" lon="-0.10075">
    <ele>339.49</ele>
   </trkpt>
   <trkpt lat="38.68417" lon="-0.10039000000000001">
    <ele>343.95000000000005</ele>
   </trkpt>
   <trkpt lat="38.684520001473125" lon="-0.09980000290098413">
    <ele>350.27000000000004</ele>
   </trkpt>
   <trkpt lat="38.684870000000004" lon="-0.09921">
    <ele>353.78000000000003</ele>
   </trkpt>
   <trkpt lat="38.68491" lon="-0.09917000000000001">
    <ele>353.78000000000003</ele>
   </trkpt>
   <trkpt lat="38.684940000000005" lon="-0.09915">
    <ele>354.52</ele>
   </trkpt>
   <trkpt lat="38.68502" lon="-0.09917000000000001">
    <ele>354.52</ele>
   </trkpt>
   <trkpt lat="38.6852" lon="-0.09936">
    <ele>357.09000000000003</ele>
   </trkpt>
   <trkpt lat="38.68533" lon="-0.09943">
    <ele>357.53000000000003</ele>
   </trkpt>
   <trkpt lat="38.68542" lon="-0.09942000000000001">
    <ele>359.39000000000004</ele>
   </trkpt>
   <trkpt lat="38.685460000000006" lon="-0.09936">
    <ele>359.39000000000004</ele>
   </trkpt>
   <trkpt lat="38.685460000000006" lon="-0.09928000000000001">
    <ele>359.39000000000004</ele>
   </trkpt>
   <trkpt lat="38.6854" lon="-0.09924000000000001">
    <ele>362.06000000000006</ele>
   </trkpt>
   <trkpt lat="38.68526000000001" lon="-0.09924000000000001">
    <ele>362.48</ele>
   </trkpt>
   <trkpt lat="38.685210000000005" lon="-0.09921">
    <ele>363.25</ele>
   </trkpt>
   <trkpt lat="38.68518" lon="-0.09917000000000001">
    <ele>363.25</ele>
   </trkpt>
   <trkpt lat="38.685190000000006" lon="-0.09908">
    <ele>363.25</ele>
   </trkpt>
   <trkpt lat="38.68525" lon="-0.09907">
    <ele>363.25</ele>
   </trkpt>
   <trkpt lat="38.68553" lon="-0.09910000000000001">
    <ele>365.68</ele>
   </trkpt>
   <trkpt lat="38.685700000000004" lon="-0.09915">
    <ele>368.52</ele>
   </trkpt>
   <trkpt lat="38.686110000000006" lon="-0.09914">
    <ele>371.49</ele>
   </trkpt>
   <trkpt lat="38.686350000000004" lon="-0.09896">
    <ele>372.84</ele>
   </trkpt>
   <trkpt lat="38.68659" lon="-0.09860000000000001">
    <ele>378.16</ele>
   </trkpt>
   <trkpt lat="38.686800000000005" lon="-0.0981">
    <ele>379.45</ele>
   </trkpt>
   <trkpt lat="38.686955002089206" lon="-0.09740000150342416">
    <ele>382.77000000000004</ele>
   </trkpt>
   <trkpt lat="38.687110000000004" lon="-0.09670000000000001">
    <ele>386.67</ele>
   </trkpt>
   <trkpt lat="38.68714000000001" lon="-0.09589">
    <ele>391.90000000000003</ele>
   </trkpt>
   <trkpt lat="38.68712" lon="-0.09563">
    <ele>394.40000000000003</ele>
   </trkpt>
   <trkpt lat="38.68704" lon="-0.09524">
    <ele>398.27</ele>
   </trkpt>
   <trkpt lat="38.6869" lon="-0.09416000000000001">
    <ele>402.9800000000001</ele>
   </trkpt>
   <trkpt lat="38.68680000184443" lon="-0.09349999900981922">
    <ele>408.90000000000003</ele>
   </trkpt>
   <trkpt lat="38.6867" lon="-0.09284">
    <ele>411.63000000000005</ele>
   </trkpt>
   <trkpt lat="38.686730000000004" lon="-0.09273">
    <ele>412.56</ele>
   </trkpt>
   <trkpt lat="38.68685" lon="-0.09262000000000001">
    <ele>413.47</ele>
   </trkpt>
   <trkpt lat="38.686960000000006" lon="-0.09262000000000001">
    <ele>413.47</ele>
   </trkpt>
   <trkpt lat="38.6871" lon="-0.09271">
    <ele>414.7</ele>
   </trkpt>
   <trkpt lat="38.68723000000001" lon="-0.09291">
    <ele>415.55</ele>
   </trkpt>
   <trkpt lat="38.68746" lon="-0.09334">
    <ele>418.90000000000003</ele>
   </trkpt>
   <trkpt lat="38.687580000000004" lon="-0.09345">
    <ele>419.47</ele>
   </trkpt>
   <trkpt lat="38.68773" lon="-0.09348000000000001">
    <ele>420.2</ele>
   </trkpt>
   <trkpt lat="38.68789" lon="-0.09348000000000001">
    <ele>420.63000000000005</ele>
   </trkpt>
   <trkpt lat="38.688300000000005" lon="-0.09330000000000001">
    <ele>423.68000000000006</ele>
   </trkpt>
   <trkpt lat="38.68851" lon="-0.09327">
    <ele>424.91</ele>
   </trkpt>
   <trkpt lat="38.68896" lon="-0.09328">
    <ele>428.05</ele>
   </trkpt>
   <trkpt lat="38.68907" lon="-0.09323000000000001">
    <ele>431.09000000000003</ele>
   </trkpt>
   <trkpt lat="38.689370000000004" lon="-0.09298000000000001">
    <ele>433.34000000000003</ele>
   </trkpt>
   <trkpt lat="38.68945" lon="-0.09295">
    <ele>433.64000000000004</ele>
   </trkpt>
   <trkpt lat="38.68952" lon="-0.09302">
    <ele>433.64000000000004</ele>
   </trkpt>
   <trkpt lat="38.68959" lon="-0.09319000000000001">
    <ele>434.98</ele>
   </trkpt>
   <trkpt lat="38.689690000000006" lon="-0.09330000000000001">
    <ele>435.87</ele>
   </trkpt>
   <trkpt lat="38.68999" lon="-0.09345">
    <ele>437.54</ele>
   </trkpt>
   <trkpt lat="38.69061000000001" lon="-0.09413">
    <ele>446.37000000000006</ele>
   </trkpt>
   <trkpt lat="38.690690000000004" lon="-0.09416000000000001">
    <ele>446.71000000000004</ele>
   </trkpt>
   <trkpt lat="38.690760000000004" lon="-0.09416000000000001">
    <ele>447.19</ele>
   </trkpt>
   <trkpt lat="38.6908" lon="-0.09409000000000001">
    <ele>447.19</ele>
   </trkpt>
   <trkpt lat="38.69079" lon="-0.09398000000000001">
    <ele>447.8</ele>
   </trkpt>
   <trkpt lat="38.690720000000006" lon="-0.09384">
    <ele>448.20000000000005</ele>
   </trkpt>
   <trkpt lat="38.69057" lon="-0.09364">
    <ele>449.72</ele>
   </trkpt>
   <trkpt lat="38.69026" lon="-0.09338">
    <ele>452.91</ele>
   </trkpt>
   <trkpt lat="38.69015" lon="-0.09327">
    <ele>453.93000000000006</ele>
   </trkpt>
   <trkpt lat="38.69014000000001" lon="-0.09306">
    <ele>456.08000000000004</ele>
   </trkpt>
   <trkpt lat="38.690340000000006" lon="-0.0926">
    <ele>457.96000000000004</ele>
   </trkpt>
   <trkpt lat="38.690360000000005" lon="-0.09224">
    <ele>459.44</ele>
   </trkpt>
   <trkpt lat="38.69028" lon="-0.09216">
    <ele>459.44</ele>
   </trkpt>
   <trkpt lat="38.689790000155405" lon="-0.09186999789382316">
    <ele>461.11</ele>
   </trkpt>
   <trkpt lat="38.6893" lon="-0.09158000000000001">
    <ele>463.79</ele>
   </trkpt>
   <trkpt lat="38.688880000000005" lon="-0.09116">
    <ele>468.1</ele>
   </trkpt>
   <trkpt lat="38.68846500135528" lon="-0.09058499659205452">
    <ele>471.4200000000001</ele>
   </trkpt>
   <trkpt lat="38.688050000000004" lon="-0.09001">
    <ele>476.66</ele>
   </trkpt>
   <trkpt lat="38.68791" lon="-0.08961000000000001">
    <ele>479.75000000000006</ele>
   </trkpt>
   <trkpt lat="38.68789" lon="-0.08947000000000001">
    <ele>480.67</ele>
   </trkpt>
   <trkpt lat="38.687900000000006" lon="-0.08936000000000001">
    <ele>480.67</ele>
   </trkpt>
   <trkpt lat="38.688" lon="-0.08929000000000001">
    <ele>481.76</ele>
   </trkpt>
   <trkpt lat="38.68838" lon="-0.08926">
    <ele>484.01000000000005</ele>
   </trkpt>
   <trkpt lat="38.688480000000006" lon="-0.0893">
    <ele>484.42</ele>
   </trkpt>
   <trkpt lat="38.688590000000005" lon="-0.08969">
    <ele>486.1</ele>
   </trkpt>
   <trkpt lat="38.688680000000005" lon="-0.08977">
    <ele>486.1</ele>
   </trkpt>
   <trkpt lat="38.68912" lon="-0.09012">
    <ele>487.99</ele>
   </trkpt>
   <trkpt lat="38.689350000000005" lon="-0.09019">
    <ele>490.66</ele>
   </trkpt>
   <trkpt lat="38.689890000066974" lon="-0.090299999172872">
    <ele>492.38000000000005</ele>
   </trkpt>
   <trkpt lat="38.690430000000006" lon="-0.09041">
    <ele>495.24</ele>
   </trkpt>
   <trkpt lat="38.69102" lon="-0.09072000000000001">
    <ele>496.82000000000005</ele>
   </trkpt>
   <trkpt lat="38.691410000000005" lon="-0.09119000000000001">
    <ele>498.52</ele>
   </trkpt>
   <trkpt lat="38.69147" lon="-0.09133000000000001">
    <ele>498.85</ele>
   </trkpt>
   <trkpt lat="38.69154" lon="-0.09213">
    <ele>502.29</ele>
   </trkpt>
   <trkpt lat="38.6916" lon="-0.09259">
    <ele>504.76</ele>
   </trkpt>
   <trkpt lat="38.69167" lon="-0.09287000000000001">
    <ele>506.16</ele>
   </trkpt>
   <trkpt lat="38.69194" lon="-0.09364">
    <ele>509.50000000000006</ele>
   </trkpt>
   <trkpt lat="38.69201" lon="-0.09391000000000001">
    <ele>510.53999999999996</ele>
   </trkpt>
   <trkpt lat="38.69209" lon="-0.0941">
    <ele>512.14</ele>
   </trkpt>
   <trkpt lat="38.692130000000006" lon="-0.09416000000000001">
    <ele>512.14</ele>
   </trkpt>
   <trkpt lat="38.692220000000006" lon="-0.09421">
    <ele>512.14</ele>
   </trkpt>
   <trkpt lat="38.692330000000005" lon="-0.09423000000000001">
    <ele>513.17</ele>
   </trkpt>
   <trkpt lat="38.69239" lon="-0.09422000000000001">
    <ele>513.17</ele>
   </trkpt>
   <trkpt lat="38.69295499992695" lon="-0.09417500036192726">
    <ele>516.6800000000001</ele>
   </trkpt>
   <trkpt lat="38.69352000000001" lon="-0.09413">
    <ele>518.96</ele>
   </trkpt>
   <trkpt lat="38.693580000000004" lon="-0.09413">
    <ele>518.96</ele>
   </trkpt>
   <trkpt lat="38.69364" lon="-0.09417">
    <ele>518.96</ele>
   </trkpt>
   <trkpt lat="38.6937" lon="-0.09424">
    <ele>520.19</ele>
   </trkpt>
   <trkpt lat="38.69402" lon="-0.09481">
    <ele>521.82</ele>
   </trkpt>
   <trkpt lat="38.69404" lon="-0.095">
    <ele>523.93</ele>
   </trkpt>
   <trkpt lat="38.69402" lon="-0.09534000000000001">
    <ele>524.83</ele>
   </trkpt>
   <trkpt lat="38.694030000000005" lon="-0.09549">
    <ele>525.22</ele>
   </trkpt>
   <trkpt lat="38.694050000000004" lon="-0.09563">
    <ele>525.5500000000001</ele>
   </trkpt>
   <trkpt lat="38.694120000000005" lon="-0.09584000000000001">
    <ele>525.82</ele>
   </trkpt>
   <trkpt lat="38.69429" lon="-0.096">
    <ele>526.6800000000001</ele>
   </trkpt>
   <trkpt lat="38.694430000000004" lon="-0.09606">
    <ele>527.3100000000001</ele>
   </trkpt>
   <trkpt lat="38.694610000000004" lon="-0.09617">
    <ele>528.09</ele>
   </trkpt>
   <trkpt lat="38.69494" lon="-0.09645000000000001">
    <ele>529.54</ele>
   </trkpt>
   <trkpt lat="38.69534" lon="-0.09696">
    <ele>533.75</ele>
   </trkpt>
   <trkpt lat="38.695800000000006" lon="-0.09767">
    <ele>537.07</ele>
   </trkpt>
   <trkpt lat="38.69617500091162" lon="-0.09811499774813388">
    <ele>539.3800000000001</ele>
   </trkpt>
   <trkpt lat="38.69655" lon="-0.09856000000000001">
    <ele>541.66</ele>
   </trkpt>
   <trkpt lat="38.696630000000006" lon="-0.09871">
    <ele>544.1600000000001</ele>
   </trkpt>
   <trkpt lat="38.696740000000005" lon="-0.09898000000000001">
    <ele>545.66</ele>
   </trkpt>
   <trkpt lat="38.69691" lon="-0.09957">
    <ele>548.47</ele>
   </trkpt>
   <trkpt lat="38.697" lon="-0.09999000000000001">
    <ele>550.09</ele>
   </trkpt>
   <trkpt lat="38.697010000000006" lon="-0.10017000000000001">
    <ele>552.5</ele>
   </trkpt>
   <trkpt lat="38.696960000000004" lon="-0.10057">
    <ele>553.5600000000001</ele>
   </trkpt>
   <trkpt lat="38.69688" lon="-0.10085000000000001">
    <ele>554.27</ele>
   </trkpt>
   <trkpt lat="38.69671" lon="-0.10126">
    <ele>556.98</ele>
   </trkpt>
   <trkpt lat="38.69662" lon="-0.10204">
    <ele>558.36</ele>
   </trkpt>
   <trkpt lat="38.69642" lon="-0.10239000000000001">
    <ele>554.72</ele>
   </trkpt>
   <trkpt lat="38.69635" lon="-0.10247">
    <ele>552.06</ele>
   </trkpt>
   <trkpt lat="38.69612" lon="-0.10247">
    <ele>550.6500000000001</ele>
   </trkpt>
   <trkpt lat="38.69568500014905" lon="-0.10228999890990707">
    <ele>547.7500000000001</ele>
   </trkpt>
   <trkpt lat="38.69525" lon="-0.10211">
    <ele>547.98</ele>
   </trkpt>
   <trkpt lat="38.69492" lon="-0.10201">
    <ele>549.7500000000001</ele>
   </trkpt>
   <trkpt lat="38.694300000000005" lon="-0.10197">
    <ele>554.4</ele>
   </trkpt>
   <trkpt lat="38.694340000000004" lon="-0.10218">
    <ele>558.5400000000001</ele>
   </trkpt>
   <trkpt lat="38.69449" lon="-0.10261">
    <ele>566.3000000000001</ele>
   </trkpt>
   <trkpt lat="38.69464" lon="-0.10279">
    <ele>569.9399999999999</ele>
   </trkpt>
   <trkpt lat="38.694520000000004" lon="-0.10299000000000001">
    <ele>571.44</ele>
   </trkpt>
   <trkpt lat="38.694660000000006" lon="-0.10315">
    <ele>574.0200000000001</ele>
   </trkpt>
   <trkpt lat="38.69471" lon="-0.10326">
    <ele>575.2400000000001</ele>
   </trkpt>
   <trkpt lat="38.6952" lon="-0.10333">
    <ele>578.3000000000001</ele>
   </trkpt>
   <trkpt lat="38.69529" lon="-0.10337">
    <ele>577.49</ele>
   </trkpt>
   <trkpt lat="38.695620000000005" lon="-0.10368000000000001">
    <ele>573.34</ele>
   </trkpt>
   <trkpt lat="38.69572" lon="-0.10368000000000001">
    <ele>571.98</ele>
   </trkpt>
   <trkpt lat="38.69572" lon="-0.10379000000000001">
    <ele>572.65</ele>
   </trkpt>
   <trkpt lat="38.69585" lon="-0.10401">
    <ele>573.77</ele>
   </trkpt>
   <trkpt lat="38.69596000000001" lon="-0.10411000000000001">
    <ele>575.46</ele>
   </trkpt>
   <trkpt lat="38.69603" lon="-0.10415">
    <ele>575.46</ele>
   </trkpt>
   <trkpt lat="38.696810000000006" lon="-0.10443000000000001">
    <ele>580.84</ele>
   </trkpt>
   <trkpt lat="38.69689" lon="-0.1044">
    <ele>580.84</ele>
   </trkpt>
   <trkpt lat="38.697070000000004" lon="-0.10422000000000001">
    <ele>582.37</ele>
   </trkpt>
   <trkpt lat="38.697410000000005" lon="-0.10379000000000001">
    <ele>585.6600000000001</ele>
   </trkpt>
   <trkpt lat="38.69751" lon="-0.10355">
    <ele>585.6600000000001</ele>
   </trkpt>
   <trkpt lat="38.69755" lon="-0.10329">
    <ele>586.96</ele>
   </trkpt>
   <trkpt lat="38.697590000000005" lon="-0.10275000000000001">
    <ele>588.49</ele>
   </trkpt>
   <trkpt lat="38.69764" lon="-0.10258">
    <ele>589.01</ele>
   </trkpt>
   <trkpt lat="38.69783" lon="-0.10237">
    <ele>591.53</ele>
   </trkpt>
   <trkpt lat="38.698150000000005" lon="-0.10214000000000001">
    <ele>593.69</ele>
   </trkpt>
   <trkpt lat="38.69823" lon="-0.10210000000000001">
    <ele>593.62</ele>
   </trkpt>
   <trkpt lat="38.698440000000005" lon="-0.10208">
    <ele>593.4</ele>
   </trkpt>
   <trkpt lat="38.698660000000004" lon="-0.10218">
    <ele>592.49</ele>
   </trkpt>
   <trkpt lat="38.69879" lon="-0.10231000000000001">
    <ele>591.96</ele>
   </trkpt>
   <trkpt lat="38.69917" lon="-0.10282000000000001">
    <ele>589.9000000000001</ele>
   </trkpt>
   <trkpt lat="38.699270000000006" lon="-0.10287">
    <ele>589.22</ele>
   </trkpt>
   <trkpt lat="38.6995" lon="-0.1029">
    <ele>589.0600000000001</ele>
   </trkpt>
   <trkpt lat="38.699630000000006" lon="-0.10294">
    <ele>588.37</ele>
   </trkpt>
   <trkpt lat="38.70015" lon="-0.10350000000000001">
    <ele>586.2900000000001</ele>
   </trkpt>
   <trkpt lat="38.700250000000004" lon="-0.10358">
    <ele>585.74</ele>
   </trkpt>
   <trkpt lat="38.70047" lon="-0.10365">
    <ele>584.8000000000001</ele>
   </trkpt>
   <trkpt lat="38.700660000000006" lon="-0.10383">
    <ele>583.5100000000001</ele>
   </trkpt>
   <trkpt lat="38.70092" lon="-0.10401">
    <ele>581.62</ele>
   </trkpt>
   <trkpt lat="38.700970000000005" lon="-0.10411000000000001">
    <ele>581.0200000000001</ele>
   </trkpt>
   <trkpt lat="38.701170000000005" lon="-0.10498">
    <ele>576.1800000000001</ele>
   </trkpt>
   <trkpt lat="38.701220000000006" lon="-0.10515000000000001">
    <ele>575.58</ele>
   </trkpt>
   <trkpt lat="38.70139" lon="-0.10547000000000001">
    <ele>572.28</ele>
   </trkpt>
   <trkpt lat="38.7015" lon="-0.1058">
    <ele>570.2400000000001</ele>
   </trkpt>
   <trkpt lat="38.701510000000006" lon="-0.10590000000000001">
    <ele>570.2400000000001</ele>
   </trkpt>
   <trkpt lat="38.701460000000004" lon="-0.10601000000000001">
    <ele>570.2400000000001</ele>
   </trkpt>
   <trkpt lat="38.70141" lon="-0.10605">
    <ele>570.2400000000001</ele>
   </trkpt>
   <trkpt lat="38.701240000000006" lon="-0.10612">
    <ele>570.2400000000001</ele>
   </trkpt>
   <trkpt lat="38.7012" lon="-0.10615000000000001">
    <ele>565.83</ele>
   </trkpt>
   <trkpt lat="38.701170000000005" lon="-0.10623">
    <ele>565.83</ele>
   </trkpt>
   <trkpt lat="38.701170000000005" lon="-0.10637">
    <ele>565.83</ele>
   </trkpt>
   <trkpt lat="38.70123" lon="-0.10645">
    <ele>565.83</ele>
   </trkpt>
   <trkpt lat="38.70136" lon="-0.10652">
    <ele>565.83</ele>
   </trkpt>
   <trkpt lat="38.70214" lon="-0.10663">
    <ele>559.97</ele>
   </trkpt>
   <trkpt lat="38.70272000000001" lon="-0.10677">
    <ele>554.7800000000001</ele>
   </trkpt>
   <trkpt lat="38.70284" lon="-0.10683000000000001">
    <ele>554.2</ele>
   </trkpt>
   <trkpt lat="38.703160000000004" lon="-0.10708000000000001">
    <ele>552.71</ele>
   </trkpt>
   <trkpt lat="38.703450000000004" lon="-0.10726000000000001">
    <ele>551.9300000000001</ele>
   </trkpt>
   <trkpt lat="38.704040000000006" lon="-0.10751000000000001">
    <ele>547.5000000000001</ele>
   </trkpt>
   <trkpt lat="38.704170000000005" lon="-0.10755">
    <ele>547.5000000000001</ele>
   </trkpt>
   <trkpt lat="38.70458" lon="-0.10745">
    <ele>544.4</ele>
   </trkpt>
   <trkpt lat="38.704660000000004" lon="-0.10745">
    <ele>544.4</ele>
   </trkpt>
   <trkpt lat="38.704730000000005" lon="-0.10748">
    <ele>541.8700000000001</ele>
   </trkpt>
   <trkpt lat="38.70523" lon="-0.10787000000000001">
    <ele>539.6899999999999</ele>
   </trkpt>
   <trkpt lat="38.705630000000006" lon="-0.10824">
    <ele>535.6500000000001</ele>
   </trkpt>
   <trkpt lat="38.705740000000006" lon="-0.10830000000000001">
    <ele>533.88</ele>
   </trkpt>
   <trkpt lat="38.705850000000005" lon="-0.10834">
    <ele>533.88</ele>
   </trkpt>
   <trkpt lat="38.706070000000004" lon="-0.10826000000000001">
    <ele>532.0500000000001</ele>
   </trkpt>
   <trkpt lat="38.706140000000005" lon="-0.10819000000000001">
    <ele>532.0500000000001</ele>
   </trkpt>
   <trkpt lat="38.706230000000005" lon="-0.10801000000000001">
    <ele>530.75</ele>
   </trkpt>
   <trkpt lat="38.7064" lon="-0.10784">
    <ele>528.94</ele>
   </trkpt>
   <trkpt lat="38.70647" lon="-0.10766">
    <ele>528.3800000000001</ele>
   </trkpt>
   <trkpt lat="38.706480000000006" lon="-0.10749">
    <ele>527.44</ele>
   </trkpt>
   <trkpt lat="38.70642" lon="-0.10724">
    <ele>525.7900000000001</ele>
   </trkpt>
   <trkpt lat="38.706410000000005" lon="-0.10709">
    <ele>525.15</ele>
   </trkpt>
   <trkpt lat="38.706500000000005" lon="-0.10662">
    <ele>521.88</ele>
   </trkpt>
   <trkpt lat="38.706570000000006" lon="-0.10579000000000001">
    <ele>518.85</ele>
   </trkpt>
   <trkpt lat="38.7066" lon="-0.10562">
    <ele>517.12</ele>
   </trkpt>
   <trkpt lat="38.70664" lon="-0.10548">
    <ele>515.6800000000001</ele>
   </trkpt>
   <trkpt lat="38.70687" lon="-0.10502">
    <ele>513.37</ele>
   </trkpt>
   <trkpt lat="38.707010000000004" lon="-0.10483">
    <ele>509.6700000000001</ele>
   </trkpt>
   <trkpt lat="38.70723" lon="-0.10462">
    <ele>508.13000000000005</ele>
   </trkpt>
   <trkpt lat="38.70729" lon="-0.10452">
    <ele>507.51</ele>
   </trkpt>
   <trkpt lat="38.70731" lon="-0.10438000000000001">
    <ele>506.99000000000007</ele>
   </trkpt>
   <trkpt lat="38.70734" lon="-0.10401">
    <ele>505.99000000000007</ele>
   </trkpt>
   <trkpt lat="38.707330000000006" lon="-0.10368000000000001">
    <ele>506.18000000000006</ele>
   </trkpt>
   <trkpt lat="38.707280000000004" lon="-0.10337">
    <ele>506.8</ele>
   </trkpt>
   <trkpt lat="38.70712" lon="-0.10301">
    <ele>509.21999999999997</ele>
   </trkpt>
   <trkpt lat="38.70705" lon="-0.10276">
    <ele>509.81000000000006</ele>
   </trkpt>
   <trkpt lat="38.70703" lon="-0.10237">
    <ele>510.7900000000001</ele>
   </trkpt>
   <trkpt lat="38.70698" lon="-0.10197">
    <ele>511.33000000000004</ele>
   </trkpt>
   <trkpt lat="38.707" lon="-0.10186">
    <ele>511.41</ele>
   </trkpt>
   <trkpt lat="38.707060000000006" lon="-0.10175000000000001">
    <ele>511.41</ele>
   </trkpt>
   <trkpt lat="38.707370000000004" lon="-0.10161">
    <ele>511.78000000000003</ele>
   </trkpt>
   <trkpt lat="38.707460000000005" lon="-0.10154">
    <ele>512.39</ele>
   </trkpt>
   <trkpt lat="38.7077" lon="-0.10111">
    <ele>513.5600000000001</ele>
   </trkpt>
   <trkpt lat="38.707730000000005" lon="-0.10097">
    <ele>513.5600000000001</ele>
   </trkpt>
   <trkpt lat="38.707750000000004" lon="-0.10069">
    <ele>514.57</ele>
   </trkpt>
   <trkpt lat="38.707800000000006" lon="-0.10057">
    <ele>514.97</ele>
   </trkpt>
   <trkpt lat="38.70803" lon="-0.10043">
    <ele>515.2500000000001</ele>
   </trkpt>
   <trkpt lat="38.708130000000004" lon="-0.10032">
    <ele>515.69</ele>
   </trkpt>
   <trkpt lat="38.708360000000006" lon="-0.09996000000000001">
    <ele>516.4000000000001</ele>
   </trkpt>
   <trkpt lat="38.70844" lon="-0.09989">
    <ele>516.4000000000001</ele>
   </trkpt>
   <trkpt lat="38.708650000000006" lon="-0.09979">
    <ele>516.99</ele>
   </trkpt>
   <trkpt lat="38.708920000000006" lon="-0.09958">
    <ele>517.84</ele>
   </trkpt>
   <trkpt lat="38.709010000000006" lon="-0.09942000000000001">
    <ele>518.5500000000001</ele>
   </trkpt>
   <trkpt lat="38.709120000000006" lon="-0.09903">
    <ele>520.94</ele>
   </trkpt>
   <trkpt lat="38.70918" lon="-0.09889">
    <ele>520.94</ele>
   </trkpt>
   <trkpt lat="38.70931" lon="-0.09881000000000001">
    <ele>521.75</ele>
   </trkpt>
   <trkpt lat="38.709700000000005" lon="-0.09878">
    <ele>522.93</ele>
   </trkpt>
   <trkpt lat="38.70982" lon="-0.09874000000000001">
    <ele>523.7900000000001</ele>
   </trkpt>
   <trkpt lat="38.709900000000005" lon="-0.09871">
    <ele>524.19</ele>
   </trkpt>
   <trkpt lat="38.709970000000006" lon="-0.09860000000000001">
    <ele>524.72</ele>
   </trkpt>
   <trkpt lat="38.71009" lon="-0.09821">
    <ele>525.6800000000001</ele>
   </trkpt>
   <trkpt lat="38.710100000000004" lon="-0.09796">
    <ele>526.47</ele>
   </trkpt>
   <trkpt lat="38.71003" lon="-0.0976">
    <ele>527.75</ele>
   </trkpt>
   <trkpt lat="38.70982" lon="-0.09686">
    <ele>532.0500000000001</ele>
   </trkpt>
   <trkpt lat="38.70969" lon="-0.09656">
    <ele>533.81</ele>
   </trkpt>
   <trkpt lat="38.70969" lon="-0.09634000000000001">
    <ele>534.81</ele>
   </trkpt>
   <trkpt lat="38.70984" lon="-0.09618">
    <ele>535.5500000000001</ele>
   </trkpt>
   <trkpt lat="38.71002" lon="-0.09618">
    <ele>535.83</ele>
   </trkpt>
   <trkpt lat="38.710300000000004" lon="-0.09634000000000001">
    <ele>536.72</ele>
   </trkpt>
   <trkpt lat="38.7107" lon="-0.09645000000000001">
    <ele>539.97</ele>
   </trkpt>
   <trkpt lat="38.71079" lon="-0.09652000000000001">
    <ele>539.97</ele>
   </trkpt>
   <trkpt lat="38.710930000000005" lon="-0.09674">
    <ele>542.0200000000001</ele>
   </trkpt>
   <trkpt lat="38.711040000000004" lon="-0.09731000000000001">
    <ele>544.96</ele>
   </trkpt>
   <trkpt lat="38.711330000000004" lon="-0.09806000000000001">
    <ele>547.18</ele>
   </trkpt>
   <trkpt lat="38.71152" lon="-0.09825">
    <ele>547.6800000000001</ele>
   </trkpt>
   <trkpt lat="38.71168" lon="-0.09828">
    <ele>548.0500000000001</ele>
   </trkpt>
   <trkpt lat="38.711780000000005" lon="-0.09824000000000001">
    <ele>549.7200000000001</ele>
   </trkpt>
   <trkpt lat="38.71186" lon="-0.09818">
    <ele>549.7200000000001</ele>
   </trkpt>
   <trkpt lat="38.712120000000006" lon="-0.09770000000000001">
    <ele>551.1100000000001</ele>
   </trkpt>
   <trkpt lat="38.712160000000004" lon="-0.09753">
    <ele>551.1100000000001</ele>
   </trkpt>
   <trkpt lat="38.712270000000004" lon="-0.09721">
    <ele>551.91</ele>
   </trkpt>
   <trkpt lat="38.71258" lon="-0.09668">
    <ele>553.47</ele>
   </trkpt>
   <trkpt lat="38.71262" lon="-0.09656">
    <ele>553.5500000000001</ele>
   </trkpt>
   <trkpt lat="38.712610000000005" lon="-0.09645000000000001">
    <ele>553.67</ele>
   </trkpt>
   <trkpt lat="38.71256" lon="-0.09634000000000001">
    <ele>553.9200000000001</ele>
   </trkpt>
   <trkpt lat="38.71247" lon="-0.09627000000000001">
    <ele>553.9200000000001</ele>
   </trkpt>
   <trkpt lat="38.71222" lon="-0.09614">
    <ele>554.67</ele>
   </trkpt>
   <trkpt lat="38.71211" lon="-0.09599">
    <ele>555.0200000000001</ele>
   </trkpt>
   <trkpt lat="38.712070000000004" lon="-0.09581">
    <ele>555.3</ele>
   </trkpt>
   <trkpt lat="38.712" lon="-0.09487000000000001">
    <ele>556.5100000000001</ele>
   </trkpt>
   <trkpt lat="38.71188" lon="-0.09434000000000001">
    <ele>557.67</ele>
   </trkpt>
   <trkpt lat="38.711890000000004" lon="-0.09413">
    <ele>559.11</ele>
   </trkpt>
   <trkpt lat="38.711940000000006" lon="-0.09399">
    <ele>559.4100000000001</ele>
   </trkpt>
   <trkpt lat="38.71204" lon="-0.09384">
    <ele>559.64</ele>
   </trkpt>
   <trkpt lat="38.71226" lon="-0.09355000000000001">
    <ele>560.6300000000001</ele>
   </trkpt>
   <trkpt lat="38.712300000000006" lon="-0.09345">
    <ele>560.6300000000001</ele>
   </trkpt>
   <trkpt lat="38.712320000000005" lon="-0.09328">
    <ele>561.03</ele>
   </trkpt>
   <trkpt lat="38.71233" lon="-0.09273">
    <ele>561.4800000000001</ele>
   </trkpt>
   <trkpt lat="38.7122" lon="-0.09223">
    <ele>562.57</ele>
   </trkpt>
   <trkpt lat="38.71199" lon="-0.09169000000000001">
    <ele>562.64</ele>
   </trkpt>
   <trkpt lat="38.71184" lon="-0.09141">
    <ele>560.9200000000001</ele>
   </trkpt>
   <trkpt lat="38.71163000000001" lon="-0.09108000000000001">
    <ele>560.9200000000001</ele>
   </trkpt>
   <trkpt lat="38.71161" lon="-0.09094000000000001">
    <ele>558.28</ele>
   </trkpt>
   <trkpt lat="38.71168" lon="-0.09075000000000001">
    <ele>558.28</ele>
   </trkpt>
   <trkpt lat="38.712050000000005" lon="-0.09013">
    <ele>554.72</ele>
   </trkpt>
   <trkpt lat="38.71222" lon="-0.08994">
    <ele>554.01</ele>
   </trkpt>
   <trkpt lat="38.71244" lon="-0.08977">
    <ele>553.5300000000001</ele>
   </trkpt>
   <trkpt lat="38.712480000000006" lon="-0.08969">
    <ele>553.0400000000001</ele>
   </trkpt>
   <trkpt lat="38.712500000000006" lon="-0.08961000000000001">
    <ele>553.0400000000001</ele>
   </trkpt>
   <trkpt lat="38.712500000000006" lon="-0.08951">
    <ele>552.8100000000001</ele>
   </trkpt>
   <trkpt lat="38.712450000000004" lon="-0.08929000000000001">
    <ele>551.7</ele>
   </trkpt>
   <trkpt lat="38.712430000000005" lon="-0.08908">
    <ele>551.7</ele>
   </trkpt>
   <trkpt lat="38.712450000000004" lon="-0.08893000000000001">
    <ele>551.2</ele>
   </trkpt>
   <trkpt lat="38.71267" lon="-0.08854000000000001">
    <ele>549.69</ele>
   </trkpt>
   <trkpt lat="38.712880000000006" lon="-0.08786000000000001">
    <ele>547.48</ele>
   </trkpt>
   <trkpt lat="38.712950000000006" lon="-0.08757000000000001">
    <ele>545.88</ele>
   </trkpt>
   <trkpt lat="38.71304000000001" lon="-0.08689000000000001">
    <ele>541.9000000000001</ele>
   </trkpt>
   <trkpt lat="38.713100000000004" lon="-0.08668000000000001">
    <ele>541.2600000000001</ele>
   </trkpt>
   <trkpt lat="38.7132" lon="-0.08644">
    <ele>540.59</ele>
   </trkpt>
   <trkpt lat="38.71336" lon="-0.08625000000000001">
    <ele>538.54</ele>
   </trkpt>
   <trkpt lat="38.713660000000004" lon="-0.08612">
    <ele>535.71</ele>
   </trkpt>
   <trkpt lat="38.713860000000004" lon="-0.08607000000000001">
    <ele>533.63</ele>
   </trkpt>
   <trkpt lat="38.713910000000006" lon="-0.08603000000000001">
    <ele>533.63</ele>
   </trkpt>
   <trkpt lat="38.71397" lon="-0.08594">
    <ele>532.6899999999999</ele>
   </trkpt>
   <trkpt lat="38.71399" lon="-0.08587">
    <ele>532.6899999999999</ele>
   </trkpt>
   <trkpt lat="38.71399" lon="-0.08573">
    <ele>530.9200000000001</ele>
   </trkpt>
   <trkpt lat="38.713860000000004" lon="-0.08521000000000001">
    <ele>529.05</ele>
   </trkpt>
   <trkpt lat="38.713820000000005" lon="-0.08493">
    <ele>528.8900000000001</ele>
   </trkpt>
   <trkpt lat="38.71385" lon="-0.08428000000000001">
    <ele>528.0400000000001</ele>
   </trkpt>
   <trkpt lat="38.71378" lon="-0.08375">
    <ele>527.81</ele>
   </trkpt>
   <trkpt lat="38.713770000000004" lon="-0.08339">
    <ele>527.91</ele>
   </trkpt>
   <trkpt lat="38.713820000000005" lon="-0.08317000000000001">
    <ele>528.05</ele>
   </trkpt>
   <trkpt lat="38.71388" lon="-0.08303">
    <ele>528.25</ele>
   </trkpt>
   <trkpt lat="38.71394" lon="-0.08293">
    <ele>528.46</ele>
   </trkpt>
   <trkpt lat="38.71455" lon="-0.08249000000000001">
    <ele>530.2800000000001</ele>
   </trkpt>
   <trkpt lat="38.714710000000004" lon="-0.08217">
    <ele>530.61</ele>
   </trkpt>
   <trkpt lat="38.7149" lon="-0.08193">
    <ele>530.8000000000001</ele>
   </trkpt>
   <trkpt lat="38.71502" lon="-0.08175">
    <ele>531.02</ele>
   </trkpt>
   <trkpt lat="38.71524" lon="-0.08118">
    <ele>532.1400000000001</ele>
   </trkpt>
   <trkpt lat="38.71524" lon="-0.08104">
    <ele>532.1400000000001</ele>
   </trkpt>
   <trkpt lat="38.715210000000006" lon="-0.08096">
    <ele>532.1400000000001</ele>
   </trkpt>
   <trkpt lat="38.71473" lon="-0.08042">
    <ele>531.37</ele>
   </trkpt>
   <trkpt lat="38.714690000000004" lon="-0.08028">
    <ele>530.93</ele>
   </trkpt>
   <trkpt lat="38.714740000000006" lon="-0.0801">
    <ele>529.98</ele>
   </trkpt>
   <trkpt lat="38.714830000000006" lon="-0.08">
    <ele>529.48</ele>
   </trkpt>
   <trkpt lat="38.71493" lon="-0.07996">
    <ele>529.2600000000001</ele>
   </trkpt>
   <trkpt lat="38.715" lon="-0.07989">
    <ele>529.3</ele>
   </trkpt>
   <trkpt lat="38.715140000000005" lon="-0.07951000000000001">
    <ele>530.1600000000001</ele>
   </trkpt>
   <trkpt lat="38.715210000000006" lon="-0.07943">
    <ele>530.63</ele>
   </trkpt>
   <trkpt lat="38.715680000000006" lon="-0.07936">
    <ele>531.37</ele>
   </trkpt>
   <trkpt lat="38.715790000000005" lon="-0.07932">
    <ele>531.37</ele>
   </trkpt>
   <trkpt lat="38.71604000000001" lon="-0.0791">
    <ele>531.07</ele>
   </trkpt>
   <trkpt lat="38.716150000000006" lon="-0.07899">
    <ele>530.5500000000001</ele>
   </trkpt>
   <trkpt lat="38.7162" lon="-0.07889">
    <ele>530.21</ele>
   </trkpt>
   <trkpt lat="38.7165" lon="-0.07803">
    <ele>525.54</ele>
   </trkpt>
   <trkpt lat="38.716730000000005" lon="-0.0776">
    <ele>525.1300000000001</ele>
   </trkpt>
   <trkpt lat="38.716770000000004" lon="-0.07749">
    <ele>525.63</ele>
   </trkpt>
   <trkpt lat="38.716770000000004" lon="-0.07735">
    <ele>526.09</ele>
   </trkpt>
   <trkpt lat="38.71674" lon="-0.07724">
    <ele>526.09</ele>
   </trkpt>
   <trkpt lat="38.71654" lon="-0.07688">
    <ele>528.3800000000001</ele>
   </trkpt>
   <trkpt lat="38.716440000000006" lon="-0.07664">
    <ele>529.1800000000001</ele>
   </trkpt>
   <trkpt lat="38.716390000000004" lon="-0.07642">
    <ele>529.49</ele>
   </trkpt>
   <trkpt lat="38.71638" lon="-0.07624">
    <ele>529.66</ele>
   </trkpt>
   <trkpt lat="38.716390000000004" lon="-0.07613">
    <ele>529.7900000000001</ele>
   </trkpt>
   <trkpt lat="38.71647" lon="-0.07599">
    <ele>529.82</ele>
   </trkpt>
   <trkpt lat="38.716570000000004" lon="-0.07591">
    <ele>529.83</ele>
   </trkpt>
   <trkpt lat="38.716640000000005" lon="-0.07588">
    <ele>529.8900000000001</ele>
   </trkpt>
   <trkpt lat="38.716730000000005" lon="-0.07588">
    <ele>530.0</ele>
   </trkpt>
   <trkpt lat="38.716840000000005" lon="-0.07595">
    <ele>530.2300000000001</ele>
   </trkpt>
   <trkpt lat="38.71692" lon="-0.07595">
    <ele>530.2300000000001</ele>
   </trkpt>
   <trkpt lat="38.717020000000005" lon="-0.07592">
    <ele>530.6</ele>
   </trkpt>
   <trkpt lat="38.71708" lon="-0.07581">
    <ele>530.94</ele>
   </trkpt>
   <trkpt lat="38.717180000000006" lon="-0.07556">
    <ele>531.59</ele>
   </trkpt>
   <trkpt lat="38.71735" lon="-0.07538">
    <ele>532.21</ele>
   </trkpt>
   <trkpt lat="38.717380000000006" lon="-0.07533000000000001">
    <ele>532.21</ele>
   </trkpt>
   <trkpt lat="38.71741" lon="-0.07524">
    <ele>532.21</ele>
   </trkpt>
   <trkpt lat="38.71741" lon="-0.07502">
    <ele>533.2600000000001</ele>
   </trkpt>
   <trkpt lat="38.71757" lon="-0.07434">
    <ele>535.81</ele>
   </trkpt>
   <trkpt lat="38.71768" lon="-0.07398">
    <ele>536.47</ele>
   </trkpt>
   <trkpt lat="38.717830000000006" lon="-0.0737">
    <ele>538.2600000000001</ele>
   </trkpt>
   <trkpt lat="38.71786" lon="-0.07359">
    <ele>538.2600000000001</ele>
   </trkpt>
   <trkpt lat="38.717870000000005" lon="-0.0732">
    <ele>541.03</ele>
   </trkpt>
   <trkpt lat="38.71792000000001" lon="-0.07298">
    <ele>541.64</ele>
   </trkpt>
   <trkpt lat="38.718050000000005" lon="-0.07273">
    <ele>543.62</ele>
   </trkpt>
   <trkpt lat="38.718560000000004" lon="-0.07209">
    <ele>548.5000000000001</ele>
   </trkpt>
   <trkpt lat="38.718630000000005" lon="-0.07195">
    <ele>549.06</ele>
   </trkpt>
   <trkpt lat="38.718630000000005" lon="-0.07184">
    <ele>549.7500000000001</ele>
   </trkpt>
   <trkpt lat="38.718610000000005" lon="-0.07176">
    <ele>549.7500000000001</ele>
   </trkpt>
   <trkpt lat="38.71828" lon="-0.07098">
    <ele>553.59</ele>
   </trkpt>
   <trkpt lat="38.71828" lon="-0.07083">
    <ele>554.1600000000001</ele>
   </trkpt>
   <trkpt lat="38.718320000000006" lon="-0.07062">
    <ele>555.01</ele>
   </trkpt>
   <trkpt lat="38.718410000000006" lon="-0.0704">
    <ele>555.4100000000001</ele>
   </trkpt>
   <trkpt lat="38.718720000000005" lon="-0.06991">
    <ele>558.03</ele>
   </trkpt>
   <trkpt lat="38.718920000000004" lon="-0.06944">
    <ele>560.37</ele>
   </trkpt>
   <trkpt lat="38.71917000127458" lon="-0.06892000156319447">
    <ele>564.06</ele>
   </trkpt>
   <trkpt lat="38.71942000000001" lon="-0.0684">
    <ele>567.13</ele>
   </trkpt>
   <trkpt lat="38.719710000000006" lon="-0.06747">
    <ele>572.96</ele>
   </trkpt>
   <trkpt lat="38.719730000000006" lon="-0.06729">
    <ele>573.5300000000001</ele>
   </trkpt>
   <trkpt lat="38.71972" lon="-0.06654">
    <ele>576.58</ele>
   </trkpt>
   <trkpt lat="38.719820000000006" lon="-0.06619">
    <ele>578.72</ele>
   </trkpt>
   <trkpt lat="38.72041" lon="-0.06543">
    <ele>584.31</ele>
   </trkpt>
   <trkpt lat="38.7205" lon="-0.06533">
    <ele>584.31</ele>
   </trkpt>
   <trkpt lat="38.72081" lon="-0.06511">
    <ele>587.16</ele>
   </trkpt>
   <trkpt lat="38.721160000000005" lon="-0.06489">
    <ele>588.57</ele>
   </trkpt>
   <trkpt lat="38.72131" lon="-0.06482">
    <ele>590.34</ele>
   </trkpt>
   <trkpt lat="38.72157" lon="-0.06478">
    <ele>592.35</ele>
   </trkpt>
   <trkpt lat="38.72167" lon="-0.06471">
    <ele>592.35</ele>
   </trkpt>
   <trkpt lat="38.72176" lon="-0.06464">
    <ele>593.44</ele>
   </trkpt>
   <trkpt lat="38.72182" lon="-0.06453">
    <ele>593.44</ele>
   </trkpt>
   <trkpt lat="38.721990000000005" lon="-0.06403">
    <ele>596.83</ele>
   </trkpt>
   <trkpt lat="38.72213" lon="-0.06375">
    <ele>597.8800000000001</ele>
   </trkpt>
   <trkpt lat="38.7227" lon="-0.06307">
    <ele>605.77</ele>
   </trkpt>
   <trkpt lat="38.72285" lon="-0.06282">
    <ele>608.04</ele>
   </trkpt>
   <trkpt lat="38.72314" lon="-0.06217">
    <ele>613.12</ele>
   </trkpt>
   <trkpt lat="38.723180000000006" lon="-0.062060000000000004">
    <ele>613.12</ele>
   </trkpt>
   <trkpt lat="38.723240000000004" lon="-0.061450000000000005">
    <ele>616.17</ele>
   </trkpt>
   <trkpt lat="38.72334" lon="-0.060860000000000004">
    <ele>621.9100000000001</ele>
   </trkpt>
   <trkpt lat="38.72347500201922" lon="-0.06017500118864601">
    <ele>625.8800000000001</ele>
   </trkpt>
   <trkpt lat="38.72361" lon="-0.05949000000000001">
    <ele>626.1000000000001</ele>
   </trkpt>
   <trkpt lat="38.723960000000005" lon="-0.05963">
    <ele>629.74</ele>
   </trkpt>
   <trkpt lat="38.724250000000005" lon="-0.059930000000000004">
    <ele>632.9100000000001</ele>
   </trkpt>
   <trkpt lat="38.72428" lon="-0.05999">
    <ele>632.9100000000001</ele>
   </trkpt>
   <trkpt lat="38.724270000000004" lon="-0.06013">
    <ele>633.66</ele>
   </trkpt>
   <trkpt lat="38.724120000000006" lon="-0.0604">
    <ele>634.5</ele>
   </trkpt>
   <trkpt lat="38.724090000000004" lon="-0.060450000000000004">
    <ele>634.63</ele>
   </trkpt>
   <trkpt lat="38.72402" lon="-0.060540000000000004">
    <ele>634.7400000000001</ele>
   </trkpt>
   <trkpt lat="38.72386" lon="-0.06083">
    <ele>635.11</ele>
   </trkpt>
   <trkpt lat="38.723760000000006" lon="-0.06121000000000001">
    <ele>636.0</ele>
   </trkpt>
   <trkpt lat="38.72375" lon="-0.061880000000000004">
    <ele>637.6400000000001</ele>
   </trkpt>
   <trkpt lat="38.72368" lon="-0.06244">
    <ele>637.0100000000001</ele>
   </trkpt>
   <trkpt lat="38.72359" lon="-0.06292">
    <ele>637.12</ele>
   </trkpt>
   <trkpt lat="38.72343" lon="-0.06347">
    <ele>637.14</ele>
   </trkpt>
   <trkpt lat="38.723130000000005" lon="-0.06443">
    <ele>643.1</ele>
   </trkpt>
   <trkpt lat="38.72307" lon="-0.06489">
    <ele>649.0600000000001</ele>
   </trkpt>
   <trkpt lat="38.7229" lon="-0.06564">
    <ele>656.0</ele>
   </trkpt>
   <trkpt lat="38.722620000000006" lon="-0.06607">
    <ele>663.9</ele>
   </trkpt>
   <trkpt lat="38.72245" lon="-0.06625">
    <ele>666.84</ele>
   </trkpt>
   <trkpt lat="38.722440000000006" lon="-0.06629">
    <ele>667.5300000000001</ele>
   </trkpt>
   <trkpt lat="38.72247" lon="-0.06636">
    <ele>668.1700000000001</ele>
   </trkpt>
   <trkpt lat="38.72254" lon="-0.06636">
    <ele>668.1700000000001</ele>
   </trkpt>
   <trkpt lat="38.722750000000005" lon="-0.06625">
    <ele>673.1</ele>
   </trkpt>
   <trkpt lat="38.72279" lon="-0.06626">
    <ele>673.1</ele>
   </trkpt>
   <trkpt lat="38.72279" lon="-0.06636">
    <ele>674.6200000000001</ele>
   </trkpt>
   <trkpt lat="38.72242" lon="-0.06687">
    <ele>682.13</ele>
   </trkpt>
   <trkpt lat="38.72236" lon="-0.067">
    <ele>682.7800000000001</ele>
   </trkpt>
   <trkpt lat="38.72236" lon="-0.06708">
    <ele>683.3800000000001</ele>
   </trkpt>
   <trkpt lat="38.7224" lon="-0.06711">
    <ele>683.9300000000001</ele>
   </trkpt>
   <trkpt lat="38.722460000000005" lon="-0.06711">
    <ele>684.44</ele>
   </trkpt>
   <trkpt lat="38.72258" lon="-0.067">
    <ele>685.85</ele>
   </trkpt>
   <trkpt lat="38.7226" lon="-0.067">
    <ele>686.7</ele>
   </trkpt>
   <trkpt lat="38.72263" lon="-0.06704">
    <ele>686.7</ele>
   </trkpt>
   <trkpt lat="38.72263" lon="-0.06708">
    <ele>686.7</ele>
   </trkpt>
   <trkpt lat="38.7224" lon="-0.0674">
    <ele>690.1400000000001</ele>
   </trkpt>
   <trkpt lat="38.72231" lon="-0.06762">
    <ele>691.5400000000001</ele>
   </trkpt>
   <trkpt lat="38.722170000000006" lon="-0.06858">
    <ele>702.9399999999999</ele>
   </trkpt>
   <trkpt lat="38.722190000000005" lon="-0.06866">
    <ele>703.6</ele>
   </trkpt>
   <trkpt lat="38.72222" lon="-0.06865">
    <ele>704.19</ele>
   </trkpt>
   <trkpt lat="38.72256" lon="-0.06822">
    <ele>708.4</ele>
   </trkpt>
   <trkpt lat="38.72285" lon="-0.06783">
    <ele>713.96</ele>
   </trkpt>
   <trkpt lat="38.72288" lon="-0.0678">
    <ele>713.96</ele>
   </trkpt>
   <trkpt lat="38.72292" lon="-0.06786">
    <ele>715.1500000000001</ele>
   </trkpt>
   <trkpt lat="38.72278" lon="-0.06833">
    <ele>718.9100000000001</ele>
   </trkpt>
   <trkpt lat="38.72256" lon="-0.06894">
    <ele>723.82</ele>
   </trkpt>
   <trkpt lat="38.722350000000006" lon="-0.06973">
    <ele>734.86</ele>
   </trkpt>
   <trkpt lat="38.722240000000006" lon="-0.07026">
    <ele>741.9300000000001</ele>
   </trkpt>
   <trkpt lat="38.72213500198009" lon="-0.07094000092969176">
    <ele>747.98</ele>
   </trkpt>
   <trkpt lat="38.722030000000004" lon="-0.07162">
    <ele>756.75</ele>
   </trkpt>
   <trkpt lat="38.72202" lon="-0.07191">
    <ele>760.84</ele>
   </trkpt>
   <trkpt lat="38.72194000286803" lon="-0.07273000087387892">
    <ele>770.35</ele>
   </trkpt>
   <trkpt lat="38.72186000000001" lon="-0.07355">
    <ele>777.83</ele>
   </trkpt>
   <trkpt lat="38.72173" lon="-0.07416">
    <ele>783.0400000000001</ele>
   </trkpt>
   <trkpt lat="38.721700000000006" lon="-0.07452">
    <ele>786.99</ele>
   </trkpt>
   <trkpt lat="38.721700000000006" lon="-0.07488">
    <ele>790.4300000000001</ele>
   </trkpt>
   <trkpt lat="38.721740000000004" lon="-0.07513">
    <ele>794.2300000000001</ele>
   </trkpt>
   <trkpt lat="38.721940000000004" lon="-0.07559">
    <ele>800.6700000000001</ele>
   </trkpt>
   <trkpt lat="38.72211" lon="-0.07585">
    <ele>806.8700000000001</ele>
   </trkpt>
   <trkpt lat="38.72216" lon="-0.07602">
    <ele>808.24</ele>
   </trkpt>
   <trkpt lat="38.72214" lon="-0.07638">
    <ele>812.6800000000001</ele>
   </trkpt>
   <trkpt lat="38.72204" lon="-0.07695">
    <ele>820.59</ele>
   </trkpt>
   <trkpt lat="38.72205" lon="-0.0771">
    <ele>822.62</ele>
   </trkpt>
   <trkpt lat="38.72214" lon="-0.0775">
    <ele>826.9000000000001</ele>
   </trkpt>
   <trkpt lat="38.72214" lon="-0.07781">
    <ele>829.1200000000001</ele>
   </trkpt>
   <trkpt lat="38.72209" lon="-0.0781">
    <ele>831.2</ele>
   </trkpt>
   <trkpt lat="38.72189" lon="-0.0785">
    <ele>835.64</ele>
   </trkpt>
   <trkpt lat="38.72184" lon="-0.07867">
    <ele>839.72</ele>
   </trkpt>
   <trkpt lat="38.72184" lon="-0.07914">
    <ele>844.4</ele>
   </trkpt>
   <trkpt lat="38.72178" lon="-0.07946">
    <ele>847.25</ele>
   </trkpt>
   <trkpt lat="38.72137" lon="-0.08028">
    <ele>856.4200000000001</ele>
   </trkpt>
   <trkpt lat="38.721360000000004" lon="-0.08039">
    <ele>859.62</ele>
   </trkpt>
   <trkpt lat="38.72139000000001" lon="-0.08043">
    <ele>859.62</ele>
   </trkpt>
   <trkpt lat="38.72144" lon="-0.08043">
    <ele>860.38</ele>
   </trkpt>
   <trkpt lat="38.72148" lon="-0.08039">
    <ele>861.09</ele>
   </trkpt>
   <trkpt lat="38.721650000000004" lon="-0.08014">
    <ele>863.9300000000001</ele>
   </trkpt>
   <trkpt lat="38.72205" lon="-0.07971">
    <ele>869.8</ele>
   </trkpt>
   <trkpt lat="38.722210000000004" lon="-0.07946">
    <ele>871.4000000000001</ele>
   </trkpt>
   <trkpt lat="38.72243" lon="-0.07896">
    <ele>877.21</ele>
   </trkpt>
   <trkpt lat="38.722710000000006" lon="-0.07857">
    <ele>879.2900000000001</ele>
   </trkpt>
   <trkpt lat="38.72276" lon="-0.07842">
    <ele>879.2500000000001</ele>
   </trkpt>
   <trkpt lat="38.72285" lon="-0.07796">
    <ele>880.0100000000001</ele>
   </trkpt>
   <trkpt lat="38.72303" lon="-0.07735">
    <ele>884.35</ele>
   </trkpt>
   <trkpt lat="38.72319" lon="-0.07692">
    <ele>887.44</ele>
   </trkpt>
   <trkpt lat="38.72328" lon="-0.0766">
    <ele>888.33</ele>
   </trkpt>
   <trkpt lat="38.72337" lon="-0.0761">
    <ele>888.6700000000001</ele>
   </trkpt>
   <trkpt lat="38.72343" lon="-0.07552">
    <ele>889.7900000000001</ele>
   </trkpt>
   <trkpt lat="38.72348" lon="-0.07536000000000001">
    <ele>891.12</ele>
   </trkpt>
   <trkpt lat="38.723530000000004" lon="-0.07534">
    <ele>890.94</ele>
   </trkpt>
   <trkpt lat="38.723580000000005" lon="-0.07538">
    <ele>890.94</ele>
   </trkpt>
   <trkpt lat="38.723600000000005" lon="-0.07545">
    <ele>890.9100000000001</ele>
   </trkpt>
   <trkpt lat="38.723620000000004" lon="-0.07613">
    <ele>893.6200000000001</ele>
   </trkpt>
   <trkpt lat="38.72358500218083" lon="-0.07684500027846136">
    <ele>899.39</ele>
   </trkpt>
   <trkpt lat="38.72355" lon="-0.07756">
    <ele>904.8100000000001</ele>
   </trkpt>
   <trkpt lat="38.723470000000006" lon="-0.07789">
    <ele>906.66</ele>
   </trkpt>
   <trkpt lat="38.72346" lon="-0.07853">
    <ele>915.57</ele>
   </trkpt>
   <trkpt lat="38.72341" lon="-0.07887000000000001">
    <ele>919.5000000000001</ele>
   </trkpt>
   <trkpt lat="38.72346" lon="-0.07853">
    <ele>915.57</ele>
   </trkpt>
   <trkpt lat="38.723470000000006" lon="-0.07789">
    <ele>906.66</ele>
   </trkpt>
   <trkpt lat="38.72355" lon="-0.07756">
    <ele>904.8100000000001</ele>
   </trkpt>
   <trkpt lat="38.72358500217381" lon="-0.07684500042196456">
    <ele>899.39</ele>
   </trkpt>
   <trkpt lat="38.723620000000004" lon="-0.07613">
    <ele>893.6200000000001</ele>
   </trkpt>
   <trkpt lat="38.723600000000005" lon="-0.07545">
    <ele>890.9100000000001</ele>
   </trkpt>
   <trkpt lat="38.723580000000005" lon="-0.07538">
    <ele>890.94</ele>
   </trkpt>
   <trkpt lat="38.723530000000004" lon="-0.07534">
    <ele>891.12</ele>
   </trkpt>
   <trkpt lat="38.72348" lon="-0.07536000000000001">
    <ele>891.12</ele>
   </trkpt>
   <trkpt lat="38.72343" lon="-0.07552">
    <ele>889.7900000000001</ele>
   </trkpt>
   <trkpt lat="38.72337" lon="-0.0761">
    <ele>888.6700000000001</ele>
   </trkpt>
   <trkpt lat="38.72328" lon="-0.0766">
    <ele>888.33</ele>
   </trkpt>
   <trkpt lat="38.72319" lon="-0.07692">
    <ele>887.19</ele>
   </trkpt>
   <trkpt lat="38.72303" lon="-0.07735">
    <ele>884.35</ele>
   </trkpt>
   <trkpt lat="38.72285" lon="-0.07796">
    <ele>880.0100000000001</ele>
   </trkpt>
   <trkpt lat="38.72276" lon="-0.07842">
    <ele>879.2500000000001</ele>
   </trkpt>
   <trkpt lat="38.722710000000006" lon="-0.07857">
    <ele>879.2900000000001</ele>
   </trkpt>
   <trkpt lat="38.72243" lon="-0.07896">
    <ele>877.21</ele>
   </trkpt>
   <trkpt lat="38.722210000000004" lon="-0.07946">
    <ele>871.4000000000001</ele>
   </trkpt>
   <trkpt lat="38.72205" lon="-0.07971">
    <ele>868.8</ele>
   </trkpt>
   <trkpt lat="38.721650000000004" lon="-0.08014">
    <ele>863.9300000000001</ele>
   </trkpt>
   <trkpt lat="38.72148" lon="-0.08039">
    <ele>861.09</ele>
   </trkpt>
   <trkpt lat="38.72144" lon="-0.08043">
    <ele>859.62</ele>
   </trkpt>
   <trkpt lat="38.72139000000001" lon="-0.08043">
    <ele>859.62</ele>
   </trkpt>
   <trkpt lat="38.721360000000004" lon="-0.08039">
    <ele>859.62</ele>
   </trkpt>
   <trkpt lat="38.72137" lon="-0.08028">
    <ele>856.4200000000001</ele>
   </trkpt>
   <trkpt lat="38.72178" lon="-0.07946">
    <ele>847.25</ele>
   </trkpt>
   <trkpt lat="38.72184" lon="-0.07914">
    <ele>844.4</ele>
   </trkpt>
   <trkpt lat="38.72184" lon="-0.07867">
    <ele>839.72</ele>
   </trkpt>
   <trkpt lat="38.72189" lon="-0.0785">
    <ele>835.64</ele>
   </trkpt>
   <trkpt lat="38.72209" lon="-0.0781">
    <ele>831.2</ele>
   </trkpt>
   <trkpt lat="38.72214" lon="-0.07781">
    <ele>829.1200000000001</ele>
   </trkpt>
   <trkpt lat="38.72214" lon="-0.0775">
    <ele>825.97</ele>
   </trkpt>
   <trkpt lat="38.72205" lon="-0.0771">
    <ele>822.62</ele>
   </trkpt>
   <trkpt lat="38.72204" lon="-0.07695">
    <ele>820.59</ele>
   </trkpt>
   <trkpt lat="38.72214" lon="-0.07638">
    <ele>812.6800000000001</ele>
   </trkpt>
   <trkpt lat="38.72216" lon="-0.07602">
    <ele>808.24</ele>
   </trkpt>
   <trkpt lat="38.72211" lon="-0.07585">
    <ele>806.1400000000001</ele>
   </trkpt>
   <trkpt lat="38.721940000000004" lon="-0.07559">
    <ele>800.6700000000001</ele>
   </trkpt>
   <trkpt lat="38.721740000000004" lon="-0.07513">
    <ele>794.2300000000001</ele>
   </trkpt>
   <trkpt lat="38.721700000000006" lon="-0.07488">
    <ele>790.4300000000001</ele>
   </trkpt>
   <trkpt lat="38.721700000000006" lon="-0.07452">
    <ele>786.99</ele>
   </trkpt>
   <trkpt lat="38.72173" lon="-0.07416">
    <ele>783.0400000000001</ele>
   </trkpt>
   <trkpt lat="38.72186000000001" lon="-0.07355">
    <ele>777.83</ele>
   </trkpt>
   <trkpt lat="38.72194000285942" lon="-0.0727300009620946">
    <ele>770.35</ele>
   </trkpt>
   <trkpt lat="38.72202" lon="-0.07191">
    <ele>760.84</ele>
   </trkpt>
   <trkpt lat="38.722030000000004" lon="-0.07162">
    <ele>756.75</ele>
   </trkpt>
   <trkpt lat="38.72213500195863" lon="-0.07094000106862262">
    <ele>747.98</ele>
   </trkpt>
   <trkpt lat="38.722240000000006" lon="-0.07026">
    <ele>741.9300000000001</ele>
   </trkpt>
   <trkpt lat="38.722350000000006" lon="-0.06973">
    <ele>733.33</ele>
   </trkpt>
   <trkpt lat="38.72256" lon="-0.06894">
    <ele>723.82</ele>
   </trkpt>
   <trkpt lat="38.72278" lon="-0.06833">
    <ele>718.9100000000001</ele>
   </trkpt>
   <trkpt lat="38.72292" lon="-0.06786">
    <ele>713.96</ele>
   </trkpt>
   <trkpt lat="38.72288" lon="-0.0678">
    <ele>713.96</ele>
   </trkpt>
   <trkpt lat="38.72285" lon="-0.06783">
    <ele>713.96</ele>
   </trkpt>
   <trkpt lat="38.72256" lon="-0.06822">
    <ele>708.4</ele>
   </trkpt>
   <trkpt lat="38.72222" lon="-0.06865">
    <ele>704.19</ele>
   </trkpt>
   <trkpt lat="38.722190000000005" lon="-0.06866">
    <ele>703.6</ele>
   </trkpt>
   <trkpt lat="38.722170000000006" lon="-0.06858">
    <ele>702.2400000000001</ele>
   </trkpt>
   <trkpt lat="38.72231" lon="-0.06762">
    <ele>691.5400000000001</ele>
   </trkpt>
   <trkpt lat="38.7224" lon="-0.0674">
    <ele>690.1400000000001</ele>
   </trkpt>
   <trkpt lat="38.72263" lon="-0.06708">
    <ele>686.7</ele>
   </trkpt>
   <trkpt lat="38.72263" lon="-0.06704">
    <ele>686.7</ele>
   </trkpt>
   <trkpt lat="38.7226" lon="-0.067">
    <ele>685.85</ele>
   </trkpt>
   <trkpt lat="38.72258" lon="-0.067">
    <ele>685.85</ele>
   </trkpt>
   <trkpt lat="38.722460000000005" lon="-0.06711">
    <ele>684.44</ele>
   </trkpt>
   <trkpt lat="38.7224" lon="-0.06711">
    <ele>683.9300000000001</ele>
   </trkpt>
   <trkpt lat="38.72236" lon="-0.06708">
    <ele>683.3800000000001</ele>
   </trkpt>
   <trkpt lat="38.72236" lon="-0.067">
    <ele>682.13</ele>
   </trkpt>
   <trkpt lat="38.72242" lon="-0.06687">
    <ele>679.4</ele>
   </trkpt>
   <trkpt lat="38.72279" lon="-0.06636">
    <ele>674.6200000000001</ele>
   </trkpt>
   <trkpt lat="38.72279" lon="-0.06626">
    <ele>673.1</ele>
   </trkpt>
   <trkpt lat="38.722750000000005" lon="-0.06625">
    <ele>673.1</ele>
   </trkpt>
   <trkpt lat="38.72254" lon="-0.06636">
    <ele>668.1700000000001</ele>
   </trkpt>
   <trkpt lat="38.72247" lon="-0.06636">
    <ele>668.1700000000001</ele>
   </trkpt>
   <trkpt lat="38.722440000000006" lon="-0.06629">
    <ele>667.5300000000001</ele>
   </trkpt>
   <trkpt lat="38.72245" lon="-0.06625">
    <ele>666.84</ele>
   </trkpt>
   <trkpt lat="38.722620000000006" lon="-0.06607">
    <ele>663.9</ele>
   </trkpt>
   <trkpt lat="38.7229" lon="-0.06564">
    <ele>656.0</ele>
   </trkpt>
   <trkpt lat="38.72307" lon="-0.06489">
    <ele>649.0600000000001</ele>
   </trkpt>
   <trkpt lat="38.723130000000005" lon="-0.06443">
    <ele>643.1</ele>
   </trkpt>
   <trkpt lat="38.72343" lon="-0.06347">
    <ele>637.14</ele>
   </trkpt>
   <trkpt lat="38.72359" lon="-0.06292">
    <ele>637.12</ele>
   </trkpt>
   <trkpt lat="38.72368" lon="-0.06244">
    <ele>637.0100000000001</ele>
   </trkpt>
   <trkpt lat="38.72375" lon="-0.061880000000000004">
    <ele>637.6400000000001</ele>
   </trkpt>
   <trkpt lat="38.723760000000006" lon="-0.06121000000000001">
    <ele>636.0</ele>
   </trkpt>
   <trkpt lat="38.72386" lon="-0.06083">
    <ele>635.11</ele>
   </trkpt>
   <trkpt lat="38.724270000000004" lon="-0.06013">
    <ele>633.4300000000001</ele>
   </trkpt>
   <trkpt lat="38.72428" lon="-0.05999">
    <ele>632.6</ele>
   </trkpt>
   <trkpt lat="38.724250000000005" lon="-0.059930000000000004">
    <ele>632.26</ele>
   </trkpt>
   <trkpt lat="38.723960000000005" lon="-0.05963">
    <ele>629.74</ele>
   </trkpt>
   <trkpt lat="38.72361" lon="-0.05949000000000001">
    <ele>626.07</ele>
   </trkpt>
   <trkpt lat="38.7237" lon="-0.05888">
    <ele>623.77</ele>
   </trkpt>
   <trkpt lat="38.72379" lon="-0.05868">
    <ele>619.89</ele>
   </trkpt>
   <trkpt lat="38.723960000000005" lon="-0.05847000000000001">
    <ele>619.89</ele>
   </trkpt>
   <trkpt lat="38.72395" lon="-0.05847000000000001">
    <ele>619.9300000000001</ele>
   </trkpt>
   <trkpt lat="38.72427000050289" lon="-0.058065002061443036">
    <ele>616.94</ele>
   </trkpt>
   <trkpt lat="38.724590000000006" lon="-0.05766">
    <ele>614.74</ele>
   </trkpt>
   <trkpt lat="38.72469" lon="-0.0575">
    <ele>613.6</ele>
   </trkpt>
   <trkpt lat="38.72475" lon="-0.057370000000000004">
    <ele>612.89</ele>
   </trkpt>
   <trkpt lat="38.724790000000006" lon="-0.057210000000000004">
    <ele>612.89</ele>
   </trkpt>
   <trkpt lat="38.7248" lon="-0.057030000000000004">
    <ele>610.1800000000001</ele>
   </trkpt>
   <trkpt lat="38.724790000000006" lon="-0.05689">
    <ele>609.11</ele>
   </trkpt>
   <trkpt lat="38.724700000000006" lon="-0.05659">
    <ele>608.46</ele>
   </trkpt>
   <trkpt lat="38.724700000000006" lon="-0.0565">
    <ele>606.98</ele>
   </trkpt>
   <trkpt lat="38.72473" lon="-0.056440000000000004">
    <ele>606.98</ele>
   </trkpt>
   <trkpt lat="38.724790000000006" lon="-0.056440000000000004">
    <ele>606.36</ele>
   </trkpt>
   <trkpt lat="38.72482" lon="-0.05646">
    <ele>606.36</ele>
   </trkpt>
   <trkpt lat="38.724880000000006" lon="-0.05659">
    <ele>606.0699999999999</ele>
   </trkpt>
   <trkpt lat="38.72495" lon="-0.05684">
    <ele>604.47</ele>
   </trkpt>
   <trkpt lat="38.72498" lon="-0.057120000000000004">
    <ele>602.33</ele>
   </trkpt>
   <trkpt lat="38.724970000000006" lon="-0.057280000000000005">
    <ele>602.33</ele>
   </trkpt>
   <trkpt lat="38.724920000000004" lon="-0.05759">
    <ele>601.1700000000001</ele>
   </trkpt>
   <trkpt lat="38.72485" lon="-0.05782">
    <ele>599.22</ele>
   </trkpt>
   <trkpt lat="38.72466" lon="-0.0582">
    <ele>596.4200000000001</ele>
   </trkpt>
   <trkpt lat="38.724630000000005" lon="-0.05836">
    <ele>595.08</ele>
   </trkpt>
   <trkpt lat="38.72464" lon="-0.0585">
    <ele>593.6600000000001</ele>
   </trkpt>
   <trkpt lat="38.724790000000006" lon="-0.058660000000000004">
    <ele>592.36</ele>
   </trkpt>
   <trkpt lat="38.72486" lon="-0.05877">
    <ele>591.16</ele>
   </trkpt>
   <trkpt lat="38.72495" lon="-0.059000000000000004">
    <ele>589.7900000000001</ele>
   </trkpt>
   <trkpt lat="38.725120000000004" lon="-0.059590000000000004">
    <ele>587.48</ele>
   </trkpt>
   <trkpt lat="38.72514" lon="-0.05972">
    <ele>587.2900000000001</ele>
   </trkpt>
   <trkpt lat="38.725150000000006" lon="-0.06008">
    <ele>587.1</ele>
   </trkpt>
   <trkpt lat="38.72514" lon="-0.060180000000000004">
    <ele>586.9700000000001</ele>
   </trkpt>
   <trkpt lat="38.725120000000004" lon="-0.06022">
    <ele>586.9700000000001</ele>
   </trkpt>
   <trkpt lat="38.72473" lon="-0.06072">
    <ele>585.35</ele>
   </trkpt>
   <trkpt lat="38.7246" lon="-0.06106">
    <ele>583.6300000000001</ele>
   </trkpt>
   <trkpt lat="38.72457" lon="-0.061220000000000004">
    <ele>582.8000000000001</ele>
   </trkpt>
   <trkpt lat="38.72455" lon="-0.06214000000000001">
    <ele>579.04</ele>
   </trkpt>
   <trkpt lat="38.724680000000006" lon="-0.06303">
    <ele>575.97</ele>
   </trkpt>
   <trkpt lat="38.72462" lon="-0.06338">
    <ele>574.72</ele>
   </trkpt>
   <trkpt lat="38.724610000000006" lon="-0.06340000000000001">
    <ele>574.7</ele>
   </trkpt>
   <trkpt lat="38.724450000000004" lon="-0.06414">
    <ele>572.1400000000001</ele>
   </trkpt>
   <trkpt lat="38.72444" lon="-0.06429">
    <ele>570.32</ele>
   </trkpt>
   <trkpt lat="38.72448" lon="-0.06443">
    <ele>570.32</ele>
   </trkpt>
   <trkpt lat="38.72482" lon="-0.06493">
    <ele>567.89</ele>
   </trkpt>
   <trkpt lat="38.72529" lon="-0.06539">
    <ele>563.33</ele>
   </trkpt>
   <trkpt lat="38.725460000000005" lon="-0.06575">
    <ele>561.5600000000001</ele>
   </trkpt>
   <trkpt lat="38.72558" lon="-0.06607">
    <ele>560.76</ele>
   </trkpt>
   <trkpt lat="38.7257" lon="-0.06647">
    <ele>556.71</ele>
   </trkpt>
   <trkpt lat="38.725750000000005" lon="-0.06675">
    <ele>556.71</ele>
   </trkpt>
   <trkpt lat="38.725750000000005" lon="-0.06707">
    <ele>555.4100000000001</ele>
   </trkpt>
   <trkpt lat="38.72572" lon="-0.06761">
    <ele>553.8100000000001</ele>
   </trkpt>
   <trkpt lat="38.725750000000005" lon="-0.06776">
    <ele>553.07</ele>
   </trkpt>
   <trkpt lat="38.72580000000001" lon="-0.06786">
    <ele>553.07</ele>
   </trkpt>
   <trkpt lat="38.726020000000005" lon="-0.06811">
    <ele>551.18</ele>
   </trkpt>
   <trkpt lat="38.72636" lon="-0.06833">
    <ele>549.21</ele>
   </trkpt>
   <trkpt lat="38.72648" lon="-0.06845000000000001">
    <ele>547.8000000000001</ele>
   </trkpt>
   <trkpt lat="38.726710000000004" lon="-0.06901">
    <ele>545.46</ele>
   </trkpt>
   <trkpt lat="38.72673" lon="-0.06915">
    <ele>545.46</ele>
   </trkpt>
   <trkpt lat="38.72672" lon="-0.06929">
    <ele>545.46</ele>
   </trkpt>
   <trkpt lat="38.72654" lon="-0.06984">
    <ele>541.2900000000001</ele>
   </trkpt>
   <trkpt lat="38.72654" lon="-0.06994">
    <ele>540.6700000000001</ele>
   </trkpt>
   <trkpt lat="38.726620000000004" lon="-0.07005">
    <ele>539.91</ele>
   </trkpt>
   <trkpt lat="38.726670000000006" lon="-0.07008">
    <ele>539.0600000000001</ele>
   </trkpt>
   <trkpt lat="38.72701" lon="-0.07012">
    <ele>535.85</ele>
   </trkpt>
   <trkpt lat="38.727120000000006" lon="-0.07015">
    <ele>534.51</ele>
   </trkpt>
   <trkpt lat="38.72726" lon="-0.07023">
    <ele>533.6500000000001</ele>
   </trkpt>
   <trkpt lat="38.72735" lon="-0.07034">
    <ele>532.0100000000001</ele>
   </trkpt>
   <trkpt lat="38.72776" lon="-0.07108">
    <ele>528.1600000000001</ele>
   </trkpt>
   <trkpt lat="38.72822" lon="-0.07173">
    <ele>523.47</ele>
   </trkpt>
   <trkpt lat="38.728410000000004" lon="-0.07216">
    <ele>515.47</ele>
   </trkpt>
   <trkpt lat="38.72855500142683" lon="-0.07272999901223763">
    <ele>512.2800000000001</ele>
   </trkpt>
   <trkpt lat="38.7287" lon="-0.0733">
    <ele>509.36</ele>
   </trkpt>
   <trkpt lat="38.72878" lon="-0.07338">
    <ele>509.36</ele>
   </trkpt>
   <trkpt lat="38.72896" lon="-0.07348">
    <ele>507.06000000000006</ele>
   </trkpt>
   <trkpt lat="38.729060000000004" lon="-0.07359">
    <ele>506.18000000000006</ele>
   </trkpt>
   <trkpt lat="38.72928" lon="-0.07387">
    <ele>502.97</ele>
   </trkpt>
   <trkpt lat="38.72939" lon="-0.07405">
    <ele>501.2300000000001</ele>
   </trkpt>
   <trkpt lat="38.729720001955556" lon="-0.07473499674660802">
    <ele>494.76000000000005</ele>
   </trkpt>
   <trkpt lat="38.730050000000006" lon="-0.07542">
    <ele>490.52000000000004</ele>
   </trkpt>
   <trkpt lat="38.730140000000006" lon="-0.07574">
    <ele>489.22</ele>
   </trkpt>
   <trkpt lat="38.73013" lon="-0.0761">
    <ele>486.47</ele>
   </trkpt>
   <trkpt lat="38.73015" lon="-0.07627">
    <ele>485.80000000000007</ele>
   </trkpt>
   <trkpt lat="38.730380000000004" lon="-0.07688">
    <ele>482.34000000000003</ele>
   </trkpt>
   <trkpt lat="38.73055" lon="-0.0772">
    <ele>479.90000000000003</ele>
   </trkpt>
   <trkpt lat="38.73078" lon="-0.07752">
    <ele>476.80000000000007</ele>
   </trkpt>
   <trkpt lat="38.731030000000004" lon="-0.07789">
    <ele>474.40000000000003</ele>
   </trkpt>
   <trkpt lat="38.731120000000004" lon="-0.07796">
    <ele>473.68000000000006</ele>
   </trkpt>
   <trkpt lat="38.731210000000004" lon="-0.07796">
    <ele>472.90000000000003</ele>
   </trkpt>
   <trkpt lat="38.731350000000006" lon="-0.07789">
    <ele>471.70000000000005</ele>
   </trkpt>
   <trkpt lat="38.731370000000005" lon="-0.07779000000000001">
    <ele>470.46000000000004</ele>
   </trkpt>
   <trkpt lat="38.73136" lon="-0.07767">
    <ele>469.66</ele>
   </trkpt>
   <trkpt lat="38.73133" lon="-0.0776">
    <ele>468.9200000000001</ele>
   </trkpt>
   <trkpt lat="38.73106000000001" lon="-0.07731">
    <ele>467.16</ele>
   </trkpt>
   <trkpt lat="38.730970000000006" lon="-0.07713">
    <ele>464.96000000000004</ele>
   </trkpt>
   <trkpt lat="38.7308" lon="-0.07645">
    <ele>462.28000000000003</ele>
   </trkpt>
   <trkpt lat="38.7308" lon="-0.07638">
    <ele>462.28000000000003</ele>
   </trkpt>
   <trkpt lat="38.730880000000006" lon="-0.07613">
    <ele>458.69000000000005</ele>
   </trkpt>
   <trkpt lat="38.730940000000004" lon="-0.07574">
    <ele>457.06</ele>
   </trkpt>
   <trkpt lat="38.731030000000004" lon="-0.07563">
    <ele>457.06</ele>
   </trkpt>
   <trkpt lat="38.73127" lon="-0.07541">
    <ele>455.63000000000005</ele>
   </trkpt>
   <trkpt lat="38.73131" lon="-0.07531">
    <ele>455.24</ele>
   </trkpt>
   <trkpt lat="38.73131" lon="-0.07524">
    <ele>455.24</ele>
   </trkpt>
   <trkpt lat="38.731280000000005" lon="-0.07517">
    <ele>454.79</ele>
   </trkpt>
   <trkpt lat="38.73104" lon="-0.07491">
    <ele>453.14000000000004</ele>
   </trkpt>
   <trkpt lat="38.73102" lon="-0.07477">
    <ele>452.51</ele>
   </trkpt>
   <trkpt lat="38.73105" lon="-0.07466">
    <ele>451.94000000000005</ele>
   </trkpt>
   <trkpt lat="38.73113" lon="-0.07456">
    <ele>451.94000000000005</ele>
   </trkpt>
   <trkpt lat="38.73122" lon="-0.07448">
    <ele>451.40000000000003</ele>
   </trkpt>
   <trkpt lat="38.731700000000004" lon="-0.07423">
    <ele>449.38000000000005</ele>
   </trkpt>
   <trkpt lat="38.73194" lon="-0.07398">
    <ele>447.99000000000007</ele>
   </trkpt>
   <trkpt lat="38.73203" lon="-0.07395">
    <ele>447.45</ele>
   </trkpt>
   <trkpt lat="38.73208" lon="-0.07395">
    <ele>447.45</ele>
   </trkpt>
   <trkpt lat="38.73243" lon="-0.07456">
    <ele>444.40000000000003</ele>
   </trkpt>
   <trkpt lat="38.73259" lon="-0.07481">
    <ele>442.54</ele>
   </trkpt>
   <trkpt lat="38.732670000000006" lon="-0.07491">
    <ele>441.81</ele>
   </trkpt>
   <trkpt lat="38.73281" lon="-0.07499">
    <ele>441.02000000000004</ele>
   </trkpt>
   <trkpt lat="38.73306" lon="-0.07509">
    <ele>438.84000000000003</ele>
   </trkpt>
   <trkpt lat="38.73326" lon="-0.07509">
    <ele>438.11000000000007</ele>
   </trkpt>
   <trkpt lat="38.733430000000006" lon="-0.07503">
    <ele>436.51</ele>
   </trkpt>
   <trkpt lat="38.73386" lon="-0.07484">
    <ele>433.78000000000003</ele>
   </trkpt>
   <trkpt lat="38.734640000000006" lon="-0.07431">
    <ele>430.11</ele>
   </trkpt>
   <trkpt lat="38.734730000000006" lon="-0.0742">
    <ele>428.86</ele>
   </trkpt>
   <trkpt lat="38.73478" lon="-0.07406">
    <ele>428.31</ele>
   </trkpt>
   <trkpt lat="38.73481" lon="-0.07381">
    <ele>427.13</ele>
   </trkpt>
   <trkpt lat="38.73478" lon="-0.07341">
    <ele>425.00000000000006</ele>
   </trkpt>
   <trkpt lat="38.73472" lon="-0.0732">
    <ele>425.00000000000006</ele>
   </trkpt>
   <trkpt lat="38.73451" lon="-0.07273">
    <ele>421.71000000000004</ele>
   </trkpt>
   <trkpt lat="38.73434" lon="-0.07184">
    <ele>416.29</ele>
   </trkpt>
   <trkpt lat="38.73427" lon="-0.0717">
    <ele>415.46000000000004</ele>
   </trkpt>
   <trkpt lat="38.73422" lon="-0.07166">
    <ele>415.46000000000004</ele>
   </trkpt>
   <trkpt lat="38.73411" lon="-0.07162">
    <ele>413.82</ele>
   </trkpt>
   <trkpt lat="38.73377" lon="-0.07163">
    <ele>412.18000000000006</ele>
   </trkpt>
   <trkpt lat="38.73366" lon="-0.07162">
    <ele>411.55</ele>
   </trkpt>
   <trkpt lat="38.73355" lon="-0.07155">
    <ele>410.99</ele>
   </trkpt>
   <trkpt lat="38.73306" lon="-0.07116">
    <ele>408.91</ele>
   </trkpt>
   <trkpt lat="38.73301" lon="-0.07108">
    <ele>408.45000000000005</ele>
   </trkpt>
   <trkpt lat="38.732800000000005" lon="-0.07019">
    <ele>403.81000000000006</ele>
   </trkpt>
   <trkpt lat="38.73275" lon="-0.07008">
    <ele>403.20000000000005</ele>
   </trkpt>
   <trkpt lat="38.7327" lon="-0.07002">
    <ele>403.20000000000005</ele>
   </trkpt>
   <trkpt lat="38.73256000000001" lon="-0.07002">
    <ele>401.26</ele>
   </trkpt>
   <trkpt lat="38.732060000000004" lon="-0.07047">
    <ele>397.76000000000005</ele>
   </trkpt>
   <trkpt lat="38.73194" lon="-0.07048">
    <ele>397.40000000000003</ele>
   </trkpt>
   <trkpt lat="38.731860000000005" lon="-0.07044">
    <ele>396.70000000000005</ele>
   </trkpt>
   <trkpt lat="38.73183" lon="-0.07037">
    <ele>396.70000000000005</ele>
   </trkpt>
   <trkpt lat="38.73174" lon="-0.06997">
    <ele>395.39</ele>
   </trkpt>
   <trkpt lat="38.731680000000004" lon="-0.0698">
    <ele>395.07000000000005</ele>
   </trkpt>
   <trkpt lat="38.731550000000006" lon="-0.06955">
    <ele>394.23</ele>
   </trkpt>
   <trkpt lat="38.731460000000006" lon="-0.06944">
    <ele>393.66</ele>
   </trkpt>
   <trkpt lat="38.73134" lon="-0.0694">
    <ele>392.44</ele>
   </trkpt>
   <trkpt lat="38.73114" lon="-0.06937">
    <ele>391.85</ele>
   </trkpt>
   <trkpt lat="38.73069" lon="-0.06941">
    <ele>387.92</ele>
   </trkpt>
   <trkpt lat="38.730540000000005" lon="-0.06947">
    <ele>387.37000000000006</ele>
   </trkpt>
   <trkpt lat="38.730470000000004" lon="-0.06947">
    <ele>386.90000000000003</ele>
   </trkpt>
   <trkpt lat="38.730430000000005" lon="-0.06944">
    <ele>386.71000000000004</ele>
   </trkpt>
   <trkpt lat="38.730410000000006" lon="-0.06929">
    <ele>386.20000000000005</ele>
   </trkpt>
   <trkpt lat="38.730630000000005" lon="-0.0689">
    <ele>384.94</ele>
   </trkpt>
   <trkpt lat="38.7308" lon="-0.06854">
    <ele>382.38000000000005</ele>
   </trkpt>
   <trkpt lat="38.73087" lon="-0.06833">
    <ele>380.6</ele>
   </trkpt>
   <trkpt lat="38.73089" lon="-0.06815">
    <ele>379.95</ele>
   </trkpt>
   <trkpt lat="38.7307450026677" lon="-0.06736499863966099">
    <ele>376.75</ele>
   </trkpt>
   <trkpt lat="38.7306" lon="-0.06658">
    <ele>372.57</ele>
   </trkpt>
   <trkpt lat="38.730500000000006" lon="-0.0664">
    <ele>371.99</ele>
   </trkpt>
   <trkpt lat="38.73013" lon="-0.06586">
    <ele>368.54</ele>
   </trkpt>
   <trkpt lat="38.7301" lon="-0.06579">
    <ele>368.12</ele>
   </trkpt>
   <trkpt lat="38.7301" lon="-0.06568">
    <ele>367.68</ele>
   </trkpt>
   <trkpt lat="38.73017" lon="-0.06556000000000001">
    <ele>365.79</ele>
   </trkpt>
   <trkpt lat="38.730320000000006" lon="-0.06554">
    <ele>364.37</ele>
   </trkpt>
   <trkpt lat="38.730560000000004" lon="-0.06564">
    <ele>362.7</ele>
   </trkpt>
   <trkpt lat="38.73075" lon="-0.06575">
    <ele>361.74</ele>
   </trkpt>
   <trkpt lat="38.731170000526916" lon="-0.06607499814883486">
    <ele>358.47</ele>
   </trkpt>
   <trkpt lat="38.731590000000004" lon="-0.0664">
    <ele>356.1</ele>
   </trkpt>
   <trkpt lat="38.731680000000004" lon="-0.06654">
    <ele>355.11</ele>
   </trkpt>
   <trkpt lat="38.731950000000005" lon="-0.06704">
    <ele>353.33000000000004</ele>
   </trkpt>
   <trkpt lat="38.732330000000005" lon="-0.06736">
    <ele>350.42</ele>
   </trkpt>
   <trkpt lat="38.73239" lon="-0.06744">
    <ele>350.42</ele>
   </trkpt>
   <trkpt lat="38.73245" lon="-0.06758">
    <ele>349.84000000000003</ele>
   </trkpt>
   <trkpt lat="38.73263" lon="-0.06812">
    <ele>347.27000000000004</ele>
   </trkpt>
   <trkpt lat="38.7327" lon="-0.06823">
    <ele>347.27000000000004</ele>
   </trkpt>
   <trkpt lat="38.732780000000005" lon="-0.06826">
    <ele>346.84000000000003</ele>
   </trkpt>
   <trkpt lat="38.733430000000006" lon="-0.06798">
    <ele>341.67</ele>
   </trkpt>
   <trkpt lat="38.73369" lon="-0.06805">
    <ele>340.06</ele>
   </trkpt>
   <trkpt lat="38.73382" lon="-0.06815">
    <ele>339.13000000000005</ele>
   </trkpt>
   <trkpt lat="38.734120000000004" lon="-0.06854">
    <ele>336.39000000000004</ele>
   </trkpt>
   <trkpt lat="38.73427" lon="-0.0689">
    <ele>333.84000000000003</ele>
   </trkpt>
   <trkpt lat="38.73434" lon="-0.06899000000000001">
    <ele>333.84000000000003</ele>
   </trkpt>
   <trkpt lat="38.73443" lon="-0.06901">
    <ele>333.31000000000006</ele>
   </trkpt>
   <trkpt lat="38.734500000000004" lon="-0.06901">
    <ele>333.07000000000005</ele>
   </trkpt>
   <trkpt lat="38.734570000000005" lon="-0.06897">
    <ele>333.07000000000005</ele>
   </trkpt>
   <trkpt lat="38.73471" lon="-0.06879">
    <ele>331.49</ele>
   </trkpt>
   <trkpt lat="38.73481" lon="-0.06872">
    <ele>330.76000000000005</ele>
   </trkpt>
   <trkpt lat="38.735600000000005" lon="-0.06836">
    <ele>326.78000000000003</ele>
   </trkpt>
   <trkpt lat="38.735850000000006" lon="-0.0683">
    <ele>324.3</ele>
   </trkpt>
   <trkpt lat="38.736360000000005" lon="-0.06826">
    <ele>321.41</ele>
   </trkpt>
   <trkpt lat="38.73649" lon="-0.06829">
    <ele>321.41</ele>
   </trkpt>
   <trkpt lat="38.73664" lon="-0.06836">
    <ele>319.37000000000006</ele>
   </trkpt>
   <trkpt lat="38.73689" lon="-0.06851">
    <ele>318.33</ele>
   </trkpt>
   <trkpt lat="38.73702" lon="-0.06865">
    <ele>316.74</ele>
   </trkpt>
   <trkpt lat="38.737170000000006" lon="-0.0689">
    <ele>316.74</ele>
   </trkpt>
   <trkpt lat="38.73731" lon="-0.06937">
    <ele>313.35</ele>
   </trkpt>
   <trkpt lat="38.73754" lon="-0.07016">
    <ele>309.27000000000004</ele>
   </trkpt>
   <trkpt lat="38.737590000000004" lon="-0.07055">
    <ele>308.38000000000005</ele>
   </trkpt>
   <trkpt lat="38.737590000000004" lon="-0.07076">
    <ele>307.50000000000006</ele>
   </trkpt>
   <trkpt lat="38.73743" lon="-0.07150000000000001">
    <ele>305.87</ele>
   </trkpt>
   <trkpt lat="38.73742" lon="-0.0718">
    <ele>304.44000000000005</ele>
   </trkpt>
   <trkpt lat="38.73744000000001" lon="-0.07202">
    <ele>304.44000000000005</ele>
   </trkpt>
   <trkpt lat="38.737480000000005" lon="-0.07212">
    <ele>304.44000000000005</ele>
   </trkpt>
   <trkpt lat="38.73758" lon="-0.07223">
    <ele>302.96</ele>
   </trkpt>
   <trkpt lat="38.73799" lon="-0.07244">
    <ele>302.02</ele>
   </trkpt>
   <trkpt lat="38.738170000000004" lon="-0.07245">
    <ele>301.58</ele>
   </trkpt>
   <trkpt lat="38.7387749999091" lon="-0.07240000043195781">
    <ele>299.19</ele>
   </trkpt>
   <trkpt lat="38.739380000000004" lon="-0.07235000000000001">
    <ele>297.67</ele>
   </trkpt>
   <trkpt lat="38.740120000000005" lon="-0.0723">
    <ele>295.15000000000003</ele>
   </trkpt>
   <trkpt lat="38.740520000000004" lon="-0.07227">
    <ele>292.75</ele>
   </trkpt>
   <trkpt lat="38.740640000000006" lon="-0.07223">
    <ele>291.8</ele>
   </trkpt>
   <trkpt lat="38.7408" lon="-0.07212">
    <ele>290.96</ele>
   </trkpt>
   <trkpt lat="38.741420000000005" lon="-0.07148">
    <ele>286.72</ele>
   </trkpt>
   <trkpt lat="38.74198000292455" lon="-0.07089000929690593">
    <ele>281.6</ele>
   </trkpt>
   <trkpt lat="38.74254000288359" lon="-0.0703000093401952">
    <ele>277.28000000000003</ele>
   </trkpt>
   <trkpt lat="38.743100000000005" lon="-0.06971000000000001">
    <ele>275.51000000000005</ele>
   </trkpt>
   <trkpt lat="38.74309" lon="-0.06971000000000001">
    <ele>275.52000000000004</ele>
   </trkpt>
   <trkpt lat="38.74359666907895" lon="-0.06918000750132408">
    <ele>274.77</ele>
   </trkpt>
   <trkpt lat="38.74410333576485" lon="-0.06865000748131078">
    <ele>274.8</ele>
   </trkpt>
   <trkpt lat="38.74461" lon="-0.06812">
    <ele>275.09</ele>
   </trkpt>
   <trkpt lat="38.74416" lon="-0.06761">
    <ele>275.15</ele>
   </trkpt>
   <trkpt lat="38.744020000000006" lon="-0.06736">
    <ele>275.25000000000006</ele>
   </trkpt>
   <trkpt lat="38.743930000000006" lon="-0.06717000000000001">
    <ele>275.26</ele>
   </trkpt>
   <trkpt lat="38.74370000198961" lon="-0.06647999766216932">
    <ele>273.44</ele>
   </trkpt>
   <trkpt lat="38.74347" lon="-0.06579">
    <ele>269.27</ele>
   </trkpt>
   <trkpt lat="38.743430000000004" lon="-0.06561">
    <ele>267.90000000000003</ele>
   </trkpt>
   <trkpt lat="38.74336" lon="-0.06456">
    <ele>263.53999999999996</ele>
   </trkpt>
   <trkpt lat="38.74336" lon="-0.06428">
    <ele>263.11</ele>
   </trkpt>
   <trkpt lat="38.74353500397506" lon="-0.06331500231904269">
    <ele>261.53999999999996</ele>
   </trkpt>
   <trkpt lat="38.74371" lon="-0.06235">
    <ele>255.51000000000002</ele>
   </trkpt>
   <trkpt lat="38.74378" lon="-0.06207000000000001">
    <ele>254.53000000000003</ele>
   </trkpt>
   <trkpt lat="38.74397000136023" lon="-0.06152000125600814">
    <ele>252.01000000000002</ele>
   </trkpt>
   <trkpt lat="38.74416" lon="-0.06097">
    <ele>249.82000000000002</ele>
   </trkpt>
   <trkpt lat="38.74427" lon="-0.06058">
    <ele>248.74</ele>
   </trkpt>
   <trkpt lat="38.74425" lon="-0.06028000000000001">
    <ele>248.01</ele>
   </trkpt>
   <trkpt lat="38.74414" lon="-0.05979">
    <ele>247.67000000000002</ele>
   </trkpt>
   <trkpt lat="38.74418" lon="-0.059500000000000004">
    <ele>247.71</ele>
   </trkpt>
   <trkpt lat="38.744426670888345" lon="-0.05879667150520965">
    <ele>247.55</ele>
   </trkpt>
   <trkpt lat="38.74467333756236" lon="-0.058093338150985385">
    <ele>246.43</ele>
   </trkpt>
   <trkpt lat="38.74492" lon="-0.057390000000000004">
    <ele>245.24</ele>
   </trkpt>
   <trkpt lat="38.74497" lon="-0.05693">
    <ele>243.90000000000003</ele>
   </trkpt>
   <trkpt lat="38.744986674518465" lon="-0.05597000043273356">
    <ele>243.35</ele>
   </trkpt>
   <trkpt lat="38.74500334118541" lon="-0.05501000041719405">
    <ele>244.6</ele>
   </trkpt>
   <trkpt lat="38.745020000000004" lon="-0.05405000000000001">
    <ele>244.96</ele>
   </trkpt>
   <trkpt lat="38.74506" lon="-0.05331">
    <ele>243.70000000000002</ele>
   </trkpt>
   <trkpt lat="38.745090000000005" lon="-0.05308">
    <ele>242.97000000000003</ele>
   </trkpt>
   <trkpt lat="38.74513" lon="-0.05294">
    <ele>241.94</ele>
   </trkpt>
   <trkpt lat="38.74524" lon="-0.052730000000000006">
    <ele>241.37000000000003</ele>
   </trkpt>
   <trkpt lat="38.74566000072441" lon="-0.05231000249759367">
    <ele>239.43000000000004</ele>
   </trkpt>
   <trkpt lat="38.746080000000006" lon="-0.051890000000000006">
    <ele>239.70000000000002</ele>
   </trkpt>
   <trkpt lat="38.74626000000001" lon="-0.051680000000000004">
    <ele>239.16</ele>
   </trkpt>
   <trkpt lat="38.746630003890374" lon="-0.050720005066913834">
    <ele>234.40000000000003</ele>
   </trkpt>
   <trkpt lat="38.747" lon="-0.049760000000000006">
    <ele>229.44</ele>
   </trkpt>
   <trkpt lat="38.7472866719631" lon="-0.04897000640086913">
    <ele>226.28</ele>
   </trkpt>
   <trkpt lat="38.74757333860917" lon="-0.04818000645774521">
    <ele>224.34</ele>
   </trkpt>
   <trkpt lat="38.74786" lon="-0.04739">
    <ele>221.48000000000002</ele>
   </trkpt>
   <trkpt lat="38.74797" lon="-0.04696">
    <ele>218.72000000000003</ele>
   </trkpt>
   <trkpt lat="38.748000000000005" lon="-0.046770000000000006">
    <ele>218.72000000000003</ele>
   </trkpt>
   <trkpt lat="38.74803333856222" lon="-0.04598666737160964">
    <ele>217.31000000000003</ele>
   </trkpt>
   <trkpt lat="38.74806667189669" lon="-0.0452033340116979">
    <ele>215.94000000000003</ele>
   </trkpt>
   <trkpt lat="38.7481" lon="-0.04442">
    <ele>215.62</ele>
   </trkpt>
   <trkpt lat="38.74814000000001" lon="-0.04426">
    <ele>215.84</ele>
   </trkpt>
   <trkpt lat="38.74819" lon="-0.04411">
    <ele>216.24</ele>
   </trkpt>
   <trkpt lat="38.748310000000004" lon="-0.04395">
    <ele>216.37</ele>
   </trkpt>
   <trkpt lat="38.748430000000006" lon="-0.043840000000000004">
    <ele>217.26</ele>
   </trkpt>
   <trkpt lat="38.749195001143256" lon="-0.04331500564688581">
    <ele>221.96</ele>
   </trkpt>
   <trkpt lat="38.74996" lon="-0.04279">
    <ele>220.8</ele>
   </trkpt>
   <trkpt lat="38.750220000000006" lon="-0.04268">
    <ele>220.85000000000002</ele>
   </trkpt>
   <trkpt lat="38.75085" lon="-0.04259">
    <ele>222.86</ele>
   </trkpt>
   <trkpt lat="38.7513" lon="-0.042280000000000005">
    <ele>225.71</ele>
   </trkpt>
   <trkpt lat="38.75193" lon="-0.041830000000000006">
    <ele>228.51000000000002</ele>
   </trkpt>
   <trkpt lat="38.751830000000005" lon="-0.041350000000000005">
    <ele>229.49</ele>
   </trkpt>
   <trkpt lat="38.751520000000006" lon="-0.04079">
    <ele>231.89000000000001</ele>
   </trkpt>
   <trkpt lat="38.751250000000006" lon="-0.04034">
    <ele>232.04000000000002</ele>
   </trkpt>
   <trkpt lat="38.751160000000006" lon="-0.04007">
    <ele>230.62</ele>
   </trkpt>
   <trkpt lat="38.751090000000005" lon="-0.03946">
    <ele>225.66000000000003</ele>
   </trkpt>
   <trkpt lat="38.75101" lon="-0.03917">
    <ele>224.20000000000002</ele>
   </trkpt>
   <trkpt lat="38.75081" lon="-0.03883">
    <ele>223.13000000000002</ele>
   </trkpt>
   <trkpt lat="38.750530000000005" lon="-0.03853">
    <ele>222.10000000000002</ele>
   </trkpt>
   <trkpt lat="38.750040000000006" lon="-0.03819">
    <ele>221.91000000000003</ele>
   </trkpt>
   <trkpt lat="38.74987" lon="-0.038000000000000006">
    <ele>222.01000000000002</ele>
   </trkpt>
   <trkpt lat="38.74972" lon="-0.037720000000000004">
    <ele>221.9</ele>
   </trkpt>
   <trkpt lat="38.749680000000005" lon="-0.037520000000000005">
    <ele>221.66000000000003</ele>
   </trkpt>
   <trkpt lat="38.749590000000005" lon="-0.0369">
    <ele>220.2</ele>
   </trkpt>
   <trkpt lat="38.749520000000004" lon="-0.03656">
    <ele>218.89000000000001</ele>
   </trkpt>
   <trkpt lat="38.749430000000004" lon="-0.03633">
    <ele>217.81000000000003</ele>
   </trkpt>
   <trkpt lat="38.74915500115198" lon="-0.035789997742801526">
    <ele>213.74</ele>
   </trkpt>
   <trkpt lat="38.74888" lon="-0.035250000000000004">
    <ele>211.76</ele>
   </trkpt>
   <trkpt lat="38.74842" lon="-0.03438">
    <ele>208.16</ele>
   </trkpt>
   <trkpt lat="38.748020000000004" lon="-0.03377">
    <ele>207.04000000000002</ele>
   </trkpt>
   <trkpt lat="38.747980000000005" lon="-0.03363">
    <ele>206.90000000000003</ele>
   </trkpt>
   <trkpt lat="38.74795" lon="-0.03343">
    <ele>206.90000000000003</ele>
   </trkpt>
   <trkpt lat="38.74794" lon="-0.03304">
    <ele>207.3</ele>
   </trkpt>
   <trkpt lat="38.747980000000005" lon="-0.032440000000000004">
    <ele>207.86</ele>
   </trkpt>
   <trkpt lat="38.74797" lon="-0.032">
    <ele>208.21</ele>
   </trkpt>
   <trkpt lat="38.74788" lon="-0.03161">
    <ele>208.8</ele>
   </trkpt>
   <trkpt lat="38.74771000147664" lon="-0.03101999857358141">
    <ele>210.05</ele>
   </trkpt>
   <trkpt lat="38.74754" lon="-0.030430000000000002">
    <ele>209.1</ele>
   </trkpt>
   <trkpt lat="38.74743" lon="-0.029920000000000002">
    <ele>208.68</ele>
   </trkpt>
   <trkpt lat="38.74739" lon="-0.029580000000000002">
    <ele>208.40000000000003</ele>
   </trkpt>
   <trkpt lat="38.74734" lon="-0.028940000000000004">
    <ele>207.72</ele>
   </trkpt>
   <trkpt lat="38.74719" lon="-0.0285">
    <ele>206.59000000000003</ele>
   </trkpt>
   <trkpt lat="38.74689" lon="-0.027770000000000003">
    <ele>204.16</ele>
   </trkpt>
   <trkpt lat="38.74681" lon="-0.027450000000000002">
    <ele>202.31</ele>
   </trkpt>
   <trkpt lat="38.74665500418202" lon="-0.026459997895461978">
    <ele>200.4</ele>
   </trkpt>
   <trkpt lat="38.746500000000005" lon="-0.025470000000000003">
    <ele>199.51000000000002</ele>
   </trkpt>
   <trkpt lat="38.746410000000004" lon="-0.02494">
    <ele>198.76000000000002</ele>
   </trkpt>
   <trkpt lat="38.74633" lon="-0.024640000000000002">
    <ele>198.45000000000002</ele>
   </trkpt>
   <trkpt lat="38.745990000000006" lon="-0.023770000000000003">
    <ele>196.92000000000002</ele>
   </trkpt>
   <trkpt lat="38.745645002667764" lon="-0.022969995998853396">
    <ele>196.37</ele>
   </trkpt>
   <trkpt lat="38.7453" lon="-0.022170000000000002">
    <ele>194.9</ele>
   </trkpt>
   <trkpt lat="38.74512" lon="-0.02161">
    <ele>194.35000000000002</ele>
   </trkpt>
   <trkpt lat="38.745090000000005" lon="-0.021460000000000003">
    <ele>194.24</ele>
   </trkpt>
   <trkpt lat="38.74508" lon="-0.020720000000000002">
    <ele>193.61</ele>
   </trkpt>
   <trkpt lat="38.74497" lon="-0.020630000000000003">
    <ele>193.61</ele>
   </trkpt>
   <trkpt lat="38.744530000000005" lon="-0.02043">
    <ele>192.71</ele>
   </trkpt>
   <trkpt lat="38.74447" lon="-0.02034">
    <ele>192.17000000000002</ele>
   </trkpt>
   <trkpt lat="38.74445" lon="-0.020210000000000002">
    <ele>192.17000000000002</ele>
   </trkpt>
   <trkpt lat="38.74448" lon="-0.01974">
    <ele>190.41000000000003</ele>
   </trkpt>
   <trkpt lat="38.74447" lon="-0.01956">
    <ele>190.14</ele>
   </trkpt>
   <trkpt lat="38.744350000000004" lon="-0.01916">
    <ele>189.91000000000003</ele>
   </trkpt>
   <trkpt lat="38.74412" lon="-0.018510000000000002">
    <ele>189.20000000000002</ele>
   </trkpt>
   <trkpt lat="38.74389500261193" lon="-0.01772999761263735">
    <ele>188.52</ele>
   </trkpt>
   <trkpt lat="38.74367" lon="-0.01695">
    <ele>187.94000000000003</ele>
   </trkpt>
   <trkpt lat="38.74355000161116" lon="-0.016339999107702587">
    <ele>187.4</ele>
   </trkpt>
   <trkpt lat="38.743430000000004" lon="-0.01573">
    <ele>187.37</ele>
   </trkpt>
   <trkpt lat="38.74326000000001" lon="-0.015300000000000001">
    <ele>186.9</ele>
   </trkpt>
   <trkpt lat="38.74288000000001" lon="-0.014740000000000001">
    <ele>186.53000000000003</ele>
   </trkpt>
   <trkpt lat="38.74277" lon="-0.01451">
    <ele>186.42</ele>
   </trkpt>
   <trkpt lat="38.742630000000005" lon="-0.014140000000000002">
    <ele>187.07000000000002</ele>
   </trkpt>
   <trkpt lat="38.742580000000004" lon="-0.014060000000000001">
    <ele>187.07000000000002</ele>
   </trkpt>
   <trkpt lat="38.74257" lon="-0.013980000000000001">
    <ele>186.89000000000001</ele>
   </trkpt>
   <trkpt lat="38.742610000000006" lon="-0.013900000000000001">
    <ele>186.8</ele>
   </trkpt>
   <trkpt lat="38.74266" lon="-0.01386">
    <ele>186.8</ele>
   </trkpt>
   <trkpt lat="38.74271" lon="-0.01352">
    <ele>184.08</ele>
   </trkpt>
   <trkpt lat="38.74275" lon="-0.01297">
    <ele>183.37</ele>
   </trkpt>
   <trkpt lat="38.742700000000006" lon="-0.01229">
    <ele>182.97000000000003</ele>
   </trkpt>
   <trkpt lat="38.742700000000006" lon="-0.01234">
    <ele>183.02</ele>
   </trkpt>
   <trkpt lat="38.74269" lon="-0.011240000000000002">
    <ele>183.49</ele>
   </trkpt>
   <trkpt lat="38.742670000000004" lon="-0.010990000000000002">
    <ele>183.73</ele>
   </trkpt>
   <trkpt lat="38.74259" lon="-0.01054">
    <ele>184.14000000000001</ele>
   </trkpt>
   <trkpt lat="38.74246000189719" lon="-0.009879999010074672">
    <ele>184.4</ele>
   </trkpt>
   <trkpt lat="38.74233" lon="-0.00922">
    <ele>184.34</ele>
   </trkpt>
   <trkpt lat="38.742185001512084" lon="-0.008634999031278859">
    <ele>184.14000000000001</ele>
   </trkpt>
   <trkpt lat="38.74204" lon="-0.00805">
    <ele>183.94000000000003</ele>
   </trkpt>
   <trkpt lat="38.74185000000001" lon="-0.007730000000000001">
    <ele>184.55</ele>
   </trkpt>
   <trkpt lat="38.741910000000004" lon="-0.007330000000000001">
    <ele>183.62</ele>
   </trkpt>
   <trkpt lat="38.741820000000004" lon="-0.00651">
    <ele>183.33</ele>
   </trkpt>
   <trkpt lat="38.741725001631295" lon="-0.0058899991353666675">
    <ele>183.43</ele>
   </trkpt>
   <trkpt lat="38.74163" lon="-0.00527">
    <ele>183.28000000000003</ele>
   </trkpt>
   <trkpt lat="38.74159" lon="-0.004880000000000001">
    <ele>183.25000000000003</ele>
   </trkpt>
   <trkpt lat="38.741580000000006" lon="-0.00406">
    <ele>182.52</ele>
   </trkpt>
   <trkpt lat="38.741753779369944" lon="-0.0030675169143995194">
    <ele>182.39000000000001</ele>
   </trkpt>
   <trkpt lat="38.7419275503482" lon="-0.002075028998409279">
    <ele>181.77</ele>
   </trkpt>
   <trkpt lat="38.74210131293467" lon="-0.0010825362522090224">
    <ele>179.94000000000003</ele>
   </trkpt>
   <trkpt lat="38.74227506712927" lon="-9.003867597850162e-05">
    <ele>177.37000000000003</ele>
   </trkpt>
   <trkpt lat="38.742448812931876" lon="0.0009024637301025186">
    <ele>176.24</ele>
   </trkpt>
   <trkpt lat="38.74262255034244" lon="0.001894970965854266">
    <ele>174.16</ele>
   </trkpt>
   <trkpt lat="38.74279627936084" lon="0.0028874830310969602">
    <ele>172.73000000000002</ele>
   </trkpt>
   <trkpt lat="38.74297" lon="0.00388">
    <ele>174.84000000000003</ele>
   </trkpt>
   <trkpt lat="38.743" lon="0.0039700000000000004">
    <ele>174.84000000000003</ele>
   </trkpt>
   <trkpt lat="38.74307" lon="0.0041">
    <ele>176.08</ele>
   </trkpt>
   <trkpt lat="38.74322" lon="0.00423">
    <ele>176.91</ele>
   </trkpt>
   <trkpt lat="38.74326000000001" lon="0.00429">
    <ele>176.91</ele>
   </trkpt>
   <trkpt lat="38.74326000000001" lon="0.004370000000000001">
    <ele>176.91</ele>
   </trkpt>
   <trkpt lat="38.74318" lon="0.0048000000000000004">
    <ele>179.11</ele>
   </trkpt>
   <trkpt lat="38.74315" lon="0.005180000000000001">
    <ele>180.45000000000002</ele>
   </trkpt>
   <trkpt lat="38.74311" lon="0.00538">
    <ele>180.63</ele>
   </trkpt>
   <trkpt lat="38.74298" lon="0.00555">
    <ele>180.97000000000003</ele>
   </trkpt>
   <trkpt lat="38.74291" lon="0.00581">
    <ele>181.1</ele>
   </trkpt>
   <trkpt lat="38.74277" lon="0.00642">
    <ele>181.91000000000003</ele>
   </trkpt>
   <trkpt lat="38.742490000000004" lon="0.007330000000000001">
    <ele>181.85</ele>
   </trkpt>
   <trkpt lat="38.74242" lon="0.007710000000000001">
    <ele>182.34</ele>
   </trkpt>
   <trkpt lat="38.742340000000006" lon="0.00859">
    <ele>183.3</ele>
   </trkpt>
   <trkpt lat="38.742140000000006" lon="0.00901">
    <ele>183.21</ele>
   </trkpt>
   <trkpt lat="38.74174" lon="0.009840000000000002">
    <ele>182.87</ele>
   </trkpt>
   <trkpt lat="38.74157" lon="0.01043">
    <ele>182.11</ele>
   </trkpt>
   <trkpt lat="38.741420000000005" lon="0.010730000000000002">
    <ele>181.83</ele>
   </trkpt>
   <trkpt lat="38.74112500143722" lon="0.011295002185675435">
    <ele>180.98</ele>
   </trkpt>
   <trkpt lat="38.74083" lon="0.01186">
    <ele>180.65</ele>
   </trkpt>
   <trkpt lat="38.74071" lon="0.012050000000000002">
    <ele>180.65</ele>
   </trkpt>
   <trkpt lat="38.74047" lon="0.012310000000000001">
    <ele>180.28000000000003</ele>
   </trkpt>
   <trkpt lat="38.7404" lon="0.012430000000000002">
    <ele>180.19000000000003</ele>
   </trkpt>
   <trkpt lat="38.740320000000004" lon="0.01268">
    <ele>180.17000000000002</ele>
   </trkpt>
   <trkpt lat="38.74025" lon="0.01301">
    <ele>180.17000000000002</ele>
   </trkpt>
   <trkpt lat="38.740050000000004" lon="0.01382">
    <ele>179.71</ele>
   </trkpt>
   <trkpt lat="38.73966" lon="0.014530000000000001">
    <ele>180.02</ele>
   </trkpt>
   <trkpt lat="38.739540000000005" lon="0.014790000000000001">
    <ele>180.44000000000003</ele>
   </trkpt>
   <trkpt lat="38.73941000000001" lon="0.015200000000000002">
    <ele>181.15</ele>
   </trkpt>
   <trkpt lat="38.739380000000004" lon="0.015550000000000001">
    <ele>181.95000000000002</ele>
   </trkpt>
   <trkpt lat="38.73941000000001" lon="0.01598">
    <ele>183.3</ele>
   </trkpt>
   <trkpt lat="38.73942" lon="0.01668">
    <ele>183.96</ele>
   </trkpt>
   <trkpt lat="38.73948000492575" lon="0.017754999156064585">
    <ele>187.73000000000002</ele>
   </trkpt>
   <trkpt lat="38.739540000000005" lon="0.018830000000000003">
    <ele>188.53</ele>
   </trkpt>
   <trkpt lat="38.73953" lon="0.01941">
    <ele>189.83</ele>
   </trkpt>
   <trkpt lat="38.73948" lon="0.019610000000000002">
    <ele>191.01000000000002</ele>
   </trkpt>
   <trkpt lat="38.739340000000006" lon="0.019940000000000003">
    <ele>192.77</ele>
   </trkpt>
   <trkpt lat="38.73915" lon="0.020380000000000002">
    <ele>195.4</ele>
   </trkpt>
   <trkpt lat="38.739050000000006" lon="0.020800000000000003">
    <ele>197.47</ele>
   </trkpt>
   <trkpt lat="38.738995001506" lon="0.02139500047976446">
    <ele>199.60000000000002</ele>
   </trkpt>
   <trkpt lat="38.73894000000001" lon="0.021990000000000003">
    <ele>202.65000000000003</ele>
   </trkpt>
   <trkpt lat="38.738870000000006" lon="0.022260000000000002">
    <ele>204.19</ele>
   </trkpt>
   <trkpt lat="38.738760000000006" lon="0.022500000000000003">
    <ele>205.55</ele>
   </trkpt>
   <trkpt lat="38.73856" lon="0.0227">
    <ele>206.6</ele>
   </trkpt>
   <trkpt lat="38.738420000000005" lon="0.02279">
    <ele>208.26000000000002</ele>
   </trkpt>
   <trkpt lat="38.738350000000004" lon="0.022820000000000003">
    <ele>208.26000000000002</ele>
   </trkpt>
   <trkpt lat="38.73827" lon="0.022830000000000003">
    <ele>208.26000000000002</ele>
   </trkpt>
   <trkpt lat="38.73778999994087" lon="0.022774999622105673">
    <ele>211.15</ele>
   </trkpt>
   <trkpt lat="38.73731" lon="0.02272">
    <ele>214.64000000000001</ele>
   </trkpt>
   <trkpt lat="38.73715" lon="0.022680000000000002">
    <ele>215.14000000000001</ele>
   </trkpt>
   <trkpt lat="38.73675" lon="0.022520000000000002">
    <ele>218.04000000000002</ele>
   </trkpt>
   <trkpt lat="38.73655" lon="0.022500000000000003">
    <ele>221.37</ele>
   </trkpt>
   <trkpt lat="38.736380000000004" lon="0.02254">
    <ele>221.37</ele>
   </trkpt>
   <trkpt lat="38.73613" lon="0.02271">
    <ele>222.26000000000002</ele>
   </trkpt>
   <trkpt lat="38.73556500234414" lon="0.02345000583832407">
    <ele>224.72000000000003</ele>
   </trkpt>
   <trkpt lat="38.73500000000001" lon="0.024190000000000003">
    <ele>227.0</ele>
   </trkpt>
   <trkpt lat="38.73481" lon="0.024370000000000003">
    <ele>227.0</ele>
   </trkpt>
   <trkpt lat="38.734480000000005" lon="0.024550000000000002">
    <ele>228.44000000000003</ele>
   </trkpt>
   <trkpt lat="38.73422" lon="0.024730000000000002">
    <ele>228.82000000000002</ele>
   </trkpt>
   <trkpt lat="38.73415" lon="0.024810000000000002">
    <ele>229.12</ele>
   </trkpt>
   <trkpt lat="38.73406000000001" lon="0.024970000000000003">
    <ele>229.61</ele>
   </trkpt>
   <trkpt lat="38.733990000000006" lon="0.02518">
    <ele>230.61</ele>
   </trkpt>
   <trkpt lat="38.73396" lon="0.02545">
    <ele>231.58</ele>
   </trkpt>
   <trkpt lat="38.73397000000001" lon="0.02561">
    <ele>232.13000000000002</ele>
   </trkpt>
   <trkpt lat="38.734100000000005" lon="0.026320000000000003">
    <ele>235.71000000000004</ele>
   </trkpt>
   <trkpt lat="38.73411" lon="0.026690000000000002">
    <ele>238.57000000000002</ele>
   </trkpt>
   <trkpt lat="38.734010000000005" lon="0.027090000000000003">
    <ele>240.49</ele>
   </trkpt>
   <trkpt lat="38.733850000000004" lon="0.02739">
    <ele>241.49</ele>
   </trkpt>
   <trkpt lat="38.733720000000005" lon="0.027530000000000002">
    <ele>243.65000000000003</ele>
   </trkpt>
   <trkpt lat="38.7334" lon="0.027770000000000003">
    <ele>245.05</ele>
   </trkpt>
   <trkpt lat="38.73279500043198" lon="0.02813500317308468">
    <ele>248.51</ele>
   </trkpt>
   <trkpt lat="38.73219" lon="0.0285">
    <ele>252.0</ele>
   </trkpt>
   <trkpt lat="38.73178" lon="0.028790000000000003">
    <ele>254.34</ele>
   </trkpt>
   <trkpt lat="38.73122" lon="0.02951">
    <ele>260.47</ele>
   </trkpt>
   <trkpt lat="38.730990000000006" lon="0.02978">
    <ele>263.63000000000005</ele>
   </trkpt>
   <trkpt lat="38.73044" lon="0.03055">
    <ele>266.85</ele>
   </trkpt>
   <trkpt lat="38.73021000000001" lon="0.030810000000000004">
    <ele>267.20000000000005</ele>
   </trkpt>
   <trkpt lat="38.72979" lon="0.03127">
    <ele>267.56</ele>
   </trkpt>
   <trkpt lat="38.729240000000004" lon="0.03161">
    <ele>268.55</ele>
   </trkpt>
   <trkpt lat="38.72908" lon="0.031740000000000004">
    <ele>268.66</ele>
   </trkpt>
   <trkpt lat="38.728530000000006" lon="0.03229">
    <ele>268.46000000000004</ele>
   </trkpt>
   <trkpt lat="38.728320000000004" lon="0.032690000000000004">
    <ele>267.96000000000004</ele>
   </trkpt>
   <trkpt lat="38.72815000000001" lon="0.033670000000000005">
    <ele>265.66</ele>
   </trkpt>
   <trkpt lat="38.728100000000005" lon="0.03379">
    <ele>264.92</ele>
   </trkpt>
   <trkpt lat="38.72782" lon="0.03425">
    <ele>262.13000000000005</ele>
   </trkpt>
   <trkpt lat="38.72778" lon="0.034370000000000005">
    <ele>262.13000000000005</ele>
   </trkpt>
   <trkpt lat="38.72766" lon="0.03522">
    <ele>257.27</ele>
   </trkpt>
   <trkpt lat="38.72766" lon="0.035500000000000004">
    <ele>256.64000000000004</ele>
   </trkpt>
   <trkpt lat="38.72769" lon="0.03568">
    <ele>255.70000000000005</ele>
   </trkpt>
   <trkpt lat="38.72787" lon="0.036340000000000004">
    <ele>252.54000000000005</ele>
   </trkpt>
   <trkpt lat="38.72789" lon="0.03669">
    <ele>251.69000000000003</ele>
   </trkpt>
   <trkpt lat="38.72778" lon="0.037180000000000005">
    <ele>247.61</ele>
   </trkpt>
   <trkpt lat="38.72766" lon="0.037520000000000005">
    <ele>246.8</ele>
   </trkpt>
   <trkpt lat="38.727340000000005" lon="0.038090000000000006">
    <ele>243.07</ele>
   </trkpt>
   <trkpt lat="38.72724" lon="0.038310000000000004">
    <ele>242.62000000000003</ele>
   </trkpt>
   <trkpt lat="38.727120000000006" lon="0.03873">
    <ele>240.25</ele>
   </trkpt>
   <trkpt lat="38.727070000000005" lon="0.03898">
    <ele>238.95000000000002</ele>
   </trkpt>
   <trkpt lat="38.72706" lon="0.03914">
    <ele>238.24</ele>
   </trkpt>
   <trkpt lat="38.72717" lon="0.03986000000000001">
    <ele>236.20000000000002</ele>
   </trkpt>
   <trkpt lat="38.727230000000006" lon="0.04011">
    <ele>235.34</ele>
   </trkpt>
   <trkpt lat="38.72753" lon="0.040920000000000005">
    <ele>233.05</ele>
   </trkpt>
   <trkpt lat="38.72755" lon="0.04107">
    <ele>232.99000000000004</ele>
   </trkpt>
   <trkpt lat="38.72742" lon="0.04190000000000001">
    <ele>232.88000000000002</ele>
   </trkpt>
   <trkpt lat="38.7274" lon="0.04198">
    <ele>232.88000000000002</ele>
   </trkpt>
   <trkpt lat="38.72729" lon="0.0422">
    <ele>232.74000000000004</ele>
   </trkpt>
   <trkpt lat="38.7272" lon="0.042330000000000007">
    <ele>232.46000000000004</ele>
   </trkpt>
   <trkpt lat="38.72704" lon="0.042480000000000004">
    <ele>231.9</ele>
   </trkpt>
   <trkpt lat="38.72697" lon="0.04252">
    <ele>231.49000000000004</ele>
   </trkpt>
   <trkpt lat="38.72692" lon="0.04254">
    <ele>231.34</ele>
   </trkpt>
   <trkpt lat="38.72616666674547" lon="0.04263666870517037">
    <ele>223.07000000000002</ele>
   </trkpt>
   <trkpt lat="38.72541333341134" lon="0.04273333537190656">
    <ele>217.93</ele>
   </trkpt>
   <trkpt lat="38.72466" lon="0.04283000000000001">
    <ele>213.94000000000003</ele>
   </trkpt>
   <trkpt lat="38.724070000000005" lon="0.04297">
    <ele>211.17000000000002</ele>
   </trkpt>
   <trkpt lat="38.72351000005396" lon="0.043120001186752986">
    <ele>211.21</ele>
   </trkpt>
   <trkpt lat="38.722950000000004" lon="0.04327">
    <ele>212.46</ele>
   </trkpt>
   <trkpt lat="38.722350000000006" lon="0.043460000000000006">
    <ele>216.32000000000002</ele>
   </trkpt>
   <trkpt lat="38.72222" lon="0.04352">
    <ele>216.32000000000002</ele>
   </trkpt>
   <trkpt lat="38.722080000000005" lon="0.043620000000000006">
    <ele>217.43</ele>
   </trkpt>
   <trkpt lat="38.72159500095668" lon="0.04408000306932862">
    <ele>219.93</ele>
   </trkpt>
   <trkpt lat="38.72111" lon="0.04454">
    <ele>219.33</ele>
   </trkpt>
   <trkpt lat="38.720710000000004" lon="0.04496000000000001">
    <ele>216.71</ele>
   </trkpt>
   <trkpt lat="38.720580000000005" lon="0.04513">
    <ele>215.97000000000003</ele>
   </trkpt>
   <trkpt lat="38.72041" lon="0.045410000000000006">
    <ele>214.88000000000002</ele>
   </trkpt>
   <trkpt lat="38.72025" lon="0.04573000000000001">
    <ele>213.78000000000003</ele>
   </trkpt>
   <trkpt lat="38.720060000000004" lon="0.04626">
    <ele>213.53000000000003</ele>
   </trkpt>
   <trkpt lat="38.72003" lon="0.04648">
    <ele>213.47000000000003</ele>
   </trkpt>
   <trkpt lat="38.72008" lon="0.04676">
    <ele>213.36</ele>
   </trkpt>
   <trkpt lat="38.720150000000004" lon="0.04692">
    <ele>213.32</ele>
   </trkpt>
   <trkpt lat="38.72057" lon="0.04739">
    <ele>213.33</ele>
   </trkpt>
   <trkpt lat="38.72066" lon="0.04755">
    <ele>213.31000000000003</ele>
   </trkpt>
   <trkpt lat="38.72072" lon="0.04771">
    <ele>213.32</ele>
   </trkpt>
   <trkpt lat="38.72073" lon="0.04793000000000001">
    <ele>213.36</ele>
   </trkpt>
   <trkpt lat="38.72068500252238" lon="0.048700000531671554">
    <ele>213.82</ele>
   </trkpt>
   <trkpt lat="38.72064" lon="0.04947000000000001">
    <ele>214.01</ele>
   </trkpt>
   <trkpt lat="38.72073" lon="0.05016">
    <ele>214.15</ele>
   </trkpt>
   <trkpt lat="38.720740000000006" lon="0.050420000000000006">
    <ele>214.09000000000003</ele>
   </trkpt>
   <trkpt lat="38.72064" lon="0.051280000000000006">
    <ele>214.35</ele>
   </trkpt>
   <trkpt lat="38.720530000000004" lon="0.05206">
    <ele>214.78000000000003</ele>
   </trkpt>
   <trkpt lat="38.72046" lon="0.052250000000000005">
    <ele>215.02</ele>
   </trkpt>
   <trkpt lat="38.72032" lon="0.052430000000000004">
    <ele>215.37</ele>
   </trkpt>
   <trkpt lat="38.72017" lon="0.0526">
    <ele>215.50000000000003</ele>
   </trkpt>
   <trkpt lat="38.719770000000004" lon="0.05301">
    <ele>217.26</ele>
   </trkpt>
   <trkpt lat="38.71949" lon="0.05303000000000001">
    <ele>217.55</ele>
   </trkpt>
   <trkpt lat="38.719440000000006" lon="0.05299">
    <ele>217.55</ele>
   </trkpt>
   <trkpt lat="38.719370000000005" lon="0.05296000000000001">
    <ele>218.17000000000002</ele>
   </trkpt>
   <trkpt lat="38.71923" lon="0.053000000000000005">
    <ele>218.66000000000003</ele>
   </trkpt>
   <trkpt lat="38.71916" lon="0.05308">
    <ele>219.10000000000002</ele>
   </trkpt>
   <trkpt lat="38.719120000000004" lon="0.05326">
    <ele>219.54000000000002</ele>
   </trkpt>
   <trkpt lat="38.719150000000006" lon="0.05339000000000001">
    <ele>219.63000000000002</ele>
   </trkpt>
   <trkpt lat="38.71914" lon="0.053570000000000007">
    <ele>219.3</ele>
   </trkpt>
   <trkpt lat="38.718780004428986" lon="0.054590005143375475">
    <ele>219.39000000000001</ele>
   </trkpt>
   <trkpt lat="38.71842" lon="0.05561000000000001">
    <ele>220.02</ele>
   </trkpt>
   <trkpt lat="38.71791" lon="0.05646">
    <ele>220.9</ele>
   </trkpt>
   <trkpt lat="38.717830000000006" lon="0.056690000000000004">
    <ele>221.35000000000002</ele>
   </trkpt>
   <trkpt lat="38.717380000000006" lon="0.057440000000000005">
    <ele>222.67000000000002</ele>
   </trkpt>
   <trkpt lat="38.716910000000006" lon="0.058170000000000006">
    <ele>225.07000000000002</ele>
   </trkpt>
   <trkpt lat="38.716620000000006" lon="0.0587">
    <ele>226.56</ele>
   </trkpt>
   <trkpt lat="38.71656" lon="0.05868">
    <ele>226.56</ele>
   </trkpt>
   <trkpt lat="38.7165" lon="0.058690000000000006">
    <ele>227.07000000000002</ele>
   </trkpt>
   <trkpt lat="38.71645" lon="0.05872">
    <ele>227.36</ele>
   </trkpt>
   <trkpt lat="38.71641" lon="0.058780000000000006">
    <ele>227.51000000000002</ele>
   </trkpt>
   <trkpt lat="38.71638" lon="0.058910000000000004">
    <ele>227.61</ele>
   </trkpt>
   <trkpt lat="38.71641" lon="0.05901000000000001">
    <ele>227.71</ele>
   </trkpt>
   <trkpt lat="38.71647" lon="0.059090000000000004">
    <ele>227.71</ele>
   </trkpt>
   <trkpt lat="38.716550000000005" lon="0.059120000000000006">
    <ele>227.61</ele>
   </trkpt>
   <trkpt lat="38.716590000000004" lon="0.05911">
    <ele>227.61</ele>
   </trkpt>
   <trkpt lat="38.716660000000005" lon="0.059070000000000004">
    <ele>227.48000000000002</ele>
   </trkpt>
   <trkpt lat="38.71679" lon="0.059120000000000006">
    <ele>227.29000000000002</ele>
   </trkpt>
   <trkpt lat="38.71747500344737" lon="0.05963998504296628">
    <ele>225.95000000000002</ele>
   </trkpt>
   <trkpt lat="38.718160004591645" lon="0.060159980053295155">
    <ele>226.23000000000002</ele>
   </trkpt>
   <trkpt lat="38.71884500343275" lon="0.06067998503138834">
    <ele>227.08000000000004</ele>
   </trkpt>
   <trkpt lat="38.719530000000006" lon="0.061200000000000004">
    <ele>227.96</ele>
   </trkpt>
   <trkpt lat="38.719570000000004" lon="0.061290000000000004">
    <ele>228.03</ele>
   </trkpt>
   <trkpt lat="38.71958" lon="0.06142">
    <ele>228.12</ele>
   </trkpt>
   <trkpt lat="38.71963" lon="0.06149">
    <ele>228.12</ele>
   </trkpt>
   <trkpt lat="38.71972" lon="0.06155000000000001">
    <ele>228.22</ele>
   </trkpt>
   <trkpt lat="38.71979" lon="0.06155000000000001">
    <ele>228.32000000000002</ele>
   </trkpt>
   <trkpt lat="38.71985" lon="0.061520000000000005">
    <ele>228.32000000000002</ele>
   </trkpt>
   <trkpt lat="38.72001" lon="0.061560000000000004">
    <ele>228.42000000000002</ele>
   </trkpt>
   <trkpt lat="38.72016" lon="0.06165">
    <ele>228.67000000000002</ele>
   </trkpt>
   <trkpt lat="38.72086" lon="0.06219">
    <ele>229.43</ele>
   </trkpt>
   <trkpt lat="38.72115" lon="0.06239000000000001">
    <ele>229.55000000000004</ele>
   </trkpt>
   <trkpt lat="38.721270000000004" lon="0.06251000000000001">
    <ele>229.55000000000004</ele>
   </trkpt>
   <trkpt lat="38.72157" lon="0.06288">
    <ele>229.19000000000003</ele>
   </trkpt>
   <trkpt lat="38.72207" lon="0.06365000000000001">
    <ele>229.01000000000002</ele>
   </trkpt>
   <trkpt lat="38.72231" lon="0.06386">
    <ele>228.62</ele>
   </trkpt>
   <trkpt lat="38.72249" lon="0.06397">
    <ele>228.10000000000002</ele>
   </trkpt>
   <trkpt lat="38.72301" lon="0.0641">
    <ele>226.58</ele>
   </trkpt>
   <trkpt lat="38.72332" lon="0.06421">
    <ele>226.55</ele>
   </trkpt>
   <trkpt lat="38.72343" lon="0.06426000000000001">
    <ele>226.55</ele>
   </trkpt>
   <trkpt lat="38.72348" lon="0.06443">
    <ele>226.51000000000002</ele>
   </trkpt>
   <trkpt lat="38.723490000000005" lon="0.06511">
    <ele>223.31</ele>
   </trkpt>
   <trkpt lat="38.723530000000004" lon="0.06551">
    <ele>220.98000000000002</ele>
   </trkpt>
   <trkpt lat="38.723600000000005" lon="0.0659">
    <ele>219.15</ele>
   </trkpt>
   <trkpt lat="38.7237" lon="0.06628">
    <ele>216.61</ele>
   </trkpt>
   <trkpt lat="38.72383000000001" lon="0.06665">
    <ele>215.72000000000003</ele>
   </trkpt>
   <trkpt lat="38.72399" lon="0.067">
    <ele>213.58</ele>
   </trkpt>
   <trkpt lat="38.724270000000004" lon="0.06749000000000001">
    <ele>210.82</ele>
   </trkpt>
   <trkpt lat="38.724630000000005" lon="0.06820000000000001">
    <ele>207.51000000000002</ele>
   </trkpt>
   <trkpt lat="38.724700000000006" lon="0.06823">
    <ele>207.51000000000002</ele>
   </trkpt>
   <trkpt lat="38.72484" lon="0.06860000000000001">
    <ele>205.17000000000002</ele>
   </trkpt>
   <trkpt lat="38.72505000807718" lon="0.06957332764580698">
    <ele>200.99000000000004</ele>
   </trkpt>
   <trkpt lat="38.725260008084504" lon="0.07054666101296841">
    <ele>196.67000000000002</ele>
   </trkpt>
   <trkpt lat="38.72547" lon="0.07152">
    <ele>193.12</ele>
   </trkpt>
   <trkpt lat="38.725647510409196" lon="0.072422493284348">
    <ele>189.28</ele>
   </trkpt>
   <trkpt lat="38.72582501388035" lon="0.07332499105285022">
    <ele>185.99</ele>
   </trkpt>
   <trkpt lat="38.72600251041339" lon="0.07422749330538213">
    <ele>183.47000000000003</ele>
   </trkpt>
   <trkpt lat="38.72618000000001" lon="0.07513">
    <ele>181.16000000000003</ele>
   </trkpt>
   <trkpt lat="38.72623" lon="0.07551000000000001">
    <ele>180.31000000000003</ele>
   </trkpt>
   <trkpt lat="38.72626" lon="0.07655">
    <ele>178.24</ele>
   </trkpt>
   <trkpt lat="38.72628" lon="0.07669000000000001">
    <ele>178.41</ele>
   </trkpt>
   <trkpt lat="38.726300005870925" lon="0.07751999964851852">
    <ele>175.65</ele>
   </trkpt>
   <trkpt lat="38.72632000587366" lon="0.07834999976176849">
    <ele>175.13</ele>
   </trkpt>
   <trkpt lat="38.72634" lon="0.07918">
    <ele>174.93</ele>
   </trkpt>
   <trkpt lat="38.72636" lon="0.07949">
    <ele>174.64000000000001</ele>
   </trkpt>
   <trkpt lat="38.72639" lon="0.07961">
    <ele>174.31000000000003</ele>
   </trkpt>
   <trkpt lat="38.726490000000005" lon="0.07986">
    <ele>174.03</ele>
   </trkpt>
   <trkpt lat="38.726600000000005" lon="0.08003">
    <ele>173.70000000000002</ele>
   </trkpt>
   <trkpt lat="38.726670000000006" lon="0.08011">
    <ele>173.0</ele>
   </trkpt>
   <trkpt lat="38.72706000064656" lon="0.08046999812222866">
    <ele>172.32</ele>
   </trkpt>
   <trkpt lat="38.727450000000005" lon="0.08083000000000001">
    <ele>169.72</ele>
   </trkpt>
   <trkpt lat="38.72755" lon="0.08095000000000001">
    <ele>169.72</ele>
   </trkpt>
   <trkpt lat="38.727610000000006" lon="0.08105000000000001">
    <ele>169.04000000000002</ele>
   </trkpt>
   <trkpt lat="38.72766" lon="0.08118">
    <ele>169.04000000000002</ele>
   </trkpt>
   <trkpt lat="38.727700000000006" lon="0.08144000000000001">
    <ele>168.69</ele>
   </trkpt>
   <trkpt lat="38.72764000459647" lon="0.08248000105068923">
    <ele>168.94</ele>
   </trkpt>
   <trkpt lat="38.72758" lon="0.08352000000000001">
    <ele>169.12</ele>
   </trkpt>
   <trkpt lat="38.7276" lon="0.08403000000000001">
    <ele>168.65</ele>
   </trkpt>
   <trkpt lat="38.72764" lon="0.08430000000000001">
    <ele>168.14000000000001</ele>
   </trkpt>
   <trkpt lat="38.727892013674946" lon="0.08519598735027319">
    <ele>166.24</ele>
   </trkpt>
   <trkpt lat="38.72814402051139" lon="0.08609198102141301">
    <ele>163.94</ele>
   </trkpt>
   <trkpt lat="38.728396020509216" lon="0.08698798101334951">
    <ele>161.48000000000002</ele>
   </trkpt>
   <trkpt lat="38.728648013668305" lon="0.08788398732601274">
    <ele>159.10000000000002</ele>
   </trkpt>
   <trkpt lat="38.7289" lon="0.08878000000000001">
    <ele>156.85999999999999</ele>
   </trkpt>
   <trkpt lat="38.72898" lon="0.08900000000000001">
    <ele>155.87</ele>
   </trkpt>
   <trkpt lat="38.729060000000004" lon="0.08916">
    <ele>155.87</ele>
   </trkpt>
   <trkpt lat="38.72941" lon="0.08977">
    <ele>153.88000000000002</ele>
   </trkpt>
   <trkpt lat="38.729780000000005" lon="0.09049">
    <ele>151.81</ele>
   </trkpt>
   <trkpt lat="38.72983" lon="0.09061000000000001">
    <ele>151.24</ele>
   </trkpt>
   <trkpt lat="38.7302" lon="0.09125000000000001">
    <ele>150.67000000000002</ele>
   </trkpt>
   <trkpt lat="38.730290000000004" lon="0.09153000000000001">
    <ele>150.53000000000003</ele>
   </trkpt>
   <trkpt lat="38.730340000000005" lon="0.09188">
    <ele>150.38000000000002</ele>
   </trkpt>
   <trkpt lat="38.73028" lon="0.09207000000000001">
    <ele>150.03000000000003</ele>
   </trkpt>
   <trkpt lat="38.73015" lon="0.09226000000000001">
    <ele>149.84</ele>
   </trkpt>
   <trkpt lat="38.72970333622874" lon="0.092840007213907">
    <ele>148.79</ele>
   </trkpt>
   <trkpt lat="38.72925666959183" lon="0.09342000717517711">
    <ele>148.69000000000003</ele>
   </trkpt>
   <trkpt lat="38.72881" lon="0.09400000000000001">
    <ele>149.3</ele>
   </trkpt>
   <trkpt lat="38.728730000000006" lon="0.09408000000000001">
    <ele>149.3</ele>
   </trkpt>
   <trkpt lat="38.72863" lon="0.09407">
    <ele>149.4</ele>
   </trkpt>
   <trkpt lat="38.72854" lon="0.09413">
    <ele>149.4</ele>
   </trkpt>
   <trkpt lat="38.72851" lon="0.09421">
    <ele>149.4</ele>
   </trkpt>
   <trkpt lat="38.728500000000004" lon="0.09430000000000001">
    <ele>149.4</ele>
   </trkpt>
   <trkpt lat="38.72852" lon="0.09438">
    <ele>149.4</ele>
   </trkpt>
   <trkpt lat="38.728440000000006" lon="0.09455000000000001">
    <ele>149.24</ele>
   </trkpt>
   <trkpt lat="38.727920003058394" lon="0.09540000621736522">
    <ele>148.98</ele>
   </trkpt>
   <trkpt lat="38.7274" lon="0.09625">
    <ele>152.59</ele>
   </trkpt>
   <trkpt lat="38.727360000000004" lon="0.09630000000000001">
    <ele>152.59</ele>
   </trkpt>
   <trkpt lat="38.727270000000004" lon="0.09634000000000001">
    <ele>152.82000000000002</ele>
   </trkpt>
   <trkpt lat="38.72721000000001" lon="0.09635">
    <ele>153.08</ele>
   </trkpt>
   <trkpt lat="38.727140000000006" lon="0.09640000000000001">
    <ele>153.08</ele>
   </trkpt>
   <trkpt lat="38.727090000000004" lon="0.09651000000000001">
    <ele>153.61</ele>
   </trkpt>
   <trkpt lat="38.7271" lon="0.09664">
    <ele>153.66000000000003</ele>
   </trkpt>
   <trkpt lat="38.727120000000006" lon="0.09669000000000001">
    <ele>153.66000000000003</ele>
   </trkpt>
   <trkpt lat="38.7272" lon="0.09677000000000001">
    <ele>153.74</ele>
   </trkpt>
   <trkpt lat="38.7274" lon="0.09680000000000001">
    <ele>153.71</ele>
   </trkpt>
   <trkpt lat="38.727540000000005" lon="0.09697000000000001">
    <ele>153.83</ele>
   </trkpt>
   <trkpt lat="38.72757" lon="0.09705000000000001">
    <ele>154.13000000000002</ele>
   </trkpt>
   <trkpt lat="38.7276" lon="0.09723000000000001">
    <ele>154.35000000000002</ele>
   </trkpt>
   <trkpt lat="38.727650000000004" lon="0.09733000000000001">
    <ele>154.45</ele>
   </trkpt>
   <trkpt lat="38.72766" lon="0.09745000000000001">
    <ele>154.45</ele>
   </trkpt>
   <trkpt lat="38.72759750967465" lon="0.09832000223607054">
    <ele>156.56</ele>
   </trkpt>
   <trkpt lat="38.727535012901775" lon="0.09919000295017279">
    <ele>159.19000000000003</ele>
   </trkpt>
   <trkpt lat="38.72747250968139" lon="0.10006000214215574">
    <ele>161.68</ele>
   </trkpt>
   <trkpt lat="38.727410000000006" lon="0.10093">
    <ele>164.11</ele>
   </trkpt>
   <trkpt lat="38.72730288798485" lon="0.10202858130478651">
    <ele>167.68</ele>
   </trkpt>
   <trkpt lat="38.72719576568915" lon="0.10312715931547561">
    <ele>169.0</ele>
   </trkpt>
   <trkpt lat="38.727088633113" lon="0.10422573403177367">
    <ele>172.67000000000002</ele>
   </trkpt>
   <trkpt lat="38.72698149025644" lon="0.10532430545338699">
    <ele>175.24</ele>
   </trkpt>
   <trkpt lat="38.72687433711957" lon="0.10642287358002198">
    <ele>178.75000000000003</ele>
   </trkpt>
   <trkpt lat="38.72676717370245" lon="0.10752143841138499">
    <ele>180.97000000000003</ele>
   </trkpt>
   <trkpt lat="38.72666" lon="0.10862000000000001">
    <ele>179.84000000000003</ele>
   </trkpt>
   <trkpt lat="38.726560000000006" lon="0.10880000000000001">
    <ele>178.79</ele>
   </trkpt>
   <trkpt lat="38.726420000000005" lon="0.10896000000000002">
    <ele>176.53000000000003</ele>
   </trkpt>
   <trkpt lat="38.72601000045876" lon="0.10920500128450819">
    <ele>171.94</ele>
   </trkpt>
   <trkpt lat="38.7256" lon="0.10945">
    <ele>168.04000000000002</ele>
   </trkpt>
   <trkpt lat="38.725100000000005" lon="0.10992">
    <ele>158.5</ele>
   </trkpt>
   <trkpt lat="38.72487" lon="0.10997000000000001">
    <ele>157.13000000000002</ele>
   </trkpt>
   <trkpt lat="38.7244100000843" lon="0.10994499984349514">
    <ele>151.44000000000003</ele>
   </trkpt>
   <trkpt lat="38.72395" lon="0.10992">
    <ele>147.09</ele>
   </trkpt>
   <trkpt lat="38.72383000000001" lon="0.10992">
    <ele>145.85</ele>
   </trkpt>
   <trkpt lat="38.72368" lon="0.10994000000000001">
    <ele>148.29</ele>
   </trkpt>
   <trkpt lat="38.723440000000004" lon="0.11008000000000001">
    <ele>146.13</ele>
   </trkpt>
   <trkpt lat="38.72299000083423" lon="0.1105200027613906">
    <ele>138.42000000000002</ele>
   </trkpt>
   <trkpt lat="38.72254" lon="0.11096">
    <ele>135.87</ele>
   </trkpt>
   <trkpt lat="38.72216" lon="0.11133000000000001">
    <ele>134.31</ele>
   </trkpt>
   <trkpt lat="38.72182" lon="0.11170000000000001">
    <ele>132.98999999999998</ele>
   </trkpt>
   <trkpt lat="38.72166" lon="0.11191000000000001">
    <ele>132.98999999999998</ele>
   </trkpt>
   <trkpt lat="38.721540000000005" lon="0.11211000000000002">
    <ele>132.62</ele>
   </trkpt>
   <trkpt lat="38.721470000000004" lon="0.11227000000000001">
    <ele>132.42000000000002</ele>
   </trkpt>
   <trkpt lat="38.7214" lon="0.11251000000000001">
    <ele>131.97</ele>
   </trkpt>
   <trkpt lat="38.72131" lon="0.11298000000000001">
    <ele>131.3</ele>
   </trkpt>
   <trkpt lat="38.72129" lon="0.11320000000000001">
    <ele>130.26000000000002</ele>
   </trkpt>
   <trkpt lat="38.721285001585414" lon="0.11380999996136074">
    <ele>127.24000000000002</ele>
   </trkpt>
   <trkpt lat="38.72128" lon="0.11442000000000001">
    <ele>125.73</ele>
   </trkpt>
   <trkpt lat="38.721320000000006" lon="0.11501000000000001">
    <ele>122.96000000000001</ele>
   </trkpt>
   <trkpt lat="38.72131" lon="0.11525">
    <ele>121.86000000000001</ele>
   </trkpt>
   <trkpt lat="38.72122" lon="0.11618">
    <ele>115.55000000000001</ele>
   </trkpt>
   <trkpt lat="38.7212" lon="0.11673000000000001">
    <ele>112.13000000000001</ele>
   </trkpt>
   <trkpt lat="38.7212" lon="0.11716000000000001">
    <ele>109.32000000000001</ele>
   </trkpt>
   <trkpt lat="38.721250000000005" lon="0.11775000000000001">
    <ele>107.84</ele>
   </trkpt>
   <trkpt lat="38.721230000000006" lon="0.11805000000000002">
    <ele>106.11000000000001</ele>
   </trkpt>
   <trkpt lat="38.721180000000004" lon="0.11829">
    <ele>104.4</ele>
   </trkpt>
   <trkpt lat="38.720890000000004" lon="0.11922">
    <ele>100.27000000000001</ele>
   </trkpt>
   <trkpt lat="38.720740000000006" lon="0.11958">
    <ele>98.65</ele>
   </trkpt>
   <trkpt lat="38.720240003915734" lon="0.12053500662142193">
    <ele>90.53000000000002</ele>
   </trkpt>
   <trkpt lat="38.71974" lon="0.12149000000000001">
    <ele>84.34</ele>
   </trkpt>
   <trkpt lat="38.719530000000006" lon="0.12185000000000001">
    <ele>81.01</ele>
   </trkpt>
   <trkpt lat="38.71925" lon="0.12219000000000001">
    <ele>80.0</ele>
   </trkpt>
   <trkpt lat="38.718680000000006" lon="0.12265000000000001">
    <ele>75.63</ele>
   </trkpt>
   <trkpt lat="38.71844" lon="0.12281000000000002">
    <ele>74.52</ele>
   </trkpt>
   <trkpt lat="38.717940000506424" lon="0.12310500198365995">
    <ele>70.57000000000001</ele>
   </trkpt>
   <trkpt lat="38.71744" lon="0.12340000000000001">
    <ele>66.95</ele>
   </trkpt>
   <trkpt lat="38.71719" lon="0.12347000000000001">
    <ele>66.49000000000001</ele>
   </trkpt>
   <trkpt lat="38.71651000000001" lon="0.12340000000000001">
    <ele>61.980000000000004</ele>
   </trkpt>
   <trkpt lat="38.71636" lon="0.12342000000000002">
    <ele>61.83</ele>
   </trkpt>
   <trkpt lat="38.716100000000004" lon="0.12354000000000001">
    <ele>60.25000000000001</ele>
   </trkpt>
   <trkpt lat="38.715720000000005" lon="0.12385000000000002">
    <ele>56.82</ele>
   </trkpt>
   <trkpt lat="38.715250000000005" lon="0.12434">
    <ele>52.88</ele>
   </trkpt>
   <trkpt lat="38.7151" lon="0.12445">
    <ele>52.21000000000001</ele>
   </trkpt>
   <trkpt lat="38.71491" lon="0.12450000000000001">
    <ele>52.83</ele>
   </trkpt>
   <trkpt lat="38.714510000000004" lon="0.12449">
    <ele>51.77</ele>
   </trkpt>
   <trkpt lat="38.714240000000004" lon="0.12460000000000002">
    <ele>51.25</ele>
   </trkpt>
   <trkpt lat="38.71412" lon="0.12471000000000002">
    <ele>51.25</ele>
   </trkpt>
   <trkpt lat="38.71354" lon="0.12538000000000002">
    <ele>49.89</ele>
   </trkpt>
   <trkpt lat="38.713460000000005" lon="0.1255">
    <ele>49.6</ele>
   </trkpt>
   <trkpt lat="38.71331" lon="0.12586">
    <ele>49.040000000000006</ele>
   </trkpt>
   <trkpt lat="38.71305" lon="0.12682000000000002">
    <ele>47.6</ele>
   </trkpt>
   <trkpt lat="38.712950000000006" lon="0.127">
    <ele>47.720000000000006</ele>
   </trkpt>
   <trkpt lat="38.712520000000005" lon="0.12756">
    <ele>48.38</ele>
   </trkpt>
   <trkpt lat="38.712250000000004" lon="0.12805">
    <ele>49.25</ele>
   </trkpt>
   <trkpt lat="38.71206" lon="0.12846000000000002">
    <ele>49.06</ele>
   </trkpt>
   <trkpt lat="38.71182" lon="0.12911">
    <ele>48.89</ele>
   </trkpt>
   <trkpt lat="38.711760000000005" lon="0.12916">
    <ele>48.7</ele>
   </trkpt>
   <trkpt lat="38.71172" lon="0.12922">
    <ele>48.7</ele>
   </trkpt>
   <trkpt lat="38.711690000000004" lon="0.1293">
    <ele>48.7</ele>
   </trkpt>
   <trkpt lat="38.711690000000004" lon="0.12946000000000002">
    <ele>48.27</ele>
   </trkpt>
   <trkpt lat="38.711760000000005" lon="0.12960000000000002">
    <ele>48.27</ele>
   </trkpt>
   <trkpt lat="38.71182" lon="0.12976000000000001">
    <ele>47.93000000000001</ele>
   </trkpt>
   <trkpt lat="38.71181" lon="0.12996000000000002">
    <ele>47.43000000000001</ele>
   </trkpt>
   <trkpt lat="38.71173" lon="0.13023">
    <ele>46.84</ele>
   </trkpt>
   <trkpt lat="38.711580000000005" lon="0.13052">
    <ele>45.71</ele>
   </trkpt>
   <trkpt lat="38.71119" lon="0.13108">
    <ele>45.050000000000004</ele>
   </trkpt>
   <trkpt lat="38.71083000087223" lon="0.13154500240436953">
    <ele>43.24</ele>
   </trkpt>
   <trkpt lat="38.71047" lon="0.13201000000000002">
    <ele>40.95</ele>
   </trkpt>
   <trkpt lat="38.71036" lon="0.13221000000000002">
    <ele>40.230000000000004</ele>
   </trkpt>
   <trkpt lat="38.709990000000005" lon="0.13302">
    <ele>35.17</ele>
   </trkpt>
   <trkpt lat="38.709610000000005" lon="0.13364">
    <ele>33.04</ele>
   </trkpt>
   <trkpt lat="38.709010000000006" lon="0.13445000000000001">
    <ele>32.269999999999996</ele>
   </trkpt>
   <trkpt lat="38.708850000000005" lon="0.13463">
    <ele>32.17</ele>
   </trkpt>
   <trkpt lat="38.70872000000001" lon="0.13467">
    <ele>32.190000000000005</ele>
   </trkpt>
   <trkpt lat="38.70827000025411" lon="0.13471500025868582">
    <ele>32.17</ele>
   </trkpt>
   <trkpt lat="38.707820000000005" lon="0.13476000000000002">
    <ele>31.94</ele>
   </trkpt>
   <trkpt lat="38.70698" lon="0.13490000000000002">
    <ele>30.71</ele>
   </trkpt>
   <trkpt lat="38.70664" lon="0.13493000000000002">
    <ele>30.470000000000002</ele>
   </trkpt>
   <trkpt lat="38.70584" lon="0.13470000000000001">
    <ele>28.790000000000003</ele>
   </trkpt>
   <trkpt lat="38.705690000000004" lon="0.13472">
    <ele>28.740000000000002</ele>
   </trkpt>
   <trkpt lat="38.705560000000006" lon="0.13482000000000002">
    <ele>28.740000000000002</ele>
   </trkpt>
   <trkpt lat="38.705490000000005" lon="0.13494">
    <ele>28.610000000000003</ele>
   </trkpt>
   <trkpt lat="38.705290000000005" lon="0.13553">
    <ele>28.690000000000005</ele>
   </trkpt>
   <trkpt lat="38.70514" lon="0.1356">
    <ele>28.67</ele>
   </trkpt>
   <trkpt lat="38.705090000000006" lon="0.13556">
    <ele>28.560000000000002</ele>
   </trkpt>
   <trkpt lat="38.705040000000004" lon="0.13554000000000002">
    <ele>28.560000000000002</ele>
   </trkpt>
   <trkpt lat="38.704930000000004" lon="0.13556">
    <ele>28.48</ele>
   </trkpt>
   <trkpt lat="38.704890000000006" lon="0.13559000000000002">
    <ele>28.48</ele>
   </trkpt>
   <trkpt lat="38.70483" lon="0.13571">
    <ele>28.48</ele>
   </trkpt>
   <trkpt lat="38.704570000000004" lon="0.13588">
    <ele>28.5</ele>
   </trkpt>
   <trkpt lat="38.704119999986865" lon="0.13579999948936688">
    <ele>27.49</ele>
   </trkpt>
   <trkpt lat="38.70367" lon="0.13572">
    <ele>27.160000000000004</ele>
   </trkpt>
   <trkpt lat="38.70349" lon="0.13574">
    <ele>26.85</ele>
   </trkpt>
   <trkpt lat="38.70351" lon="0.13574">
    <ele>26.860000000000003</ele>
   </trkpt>
   <trkpt lat="38.70338" lon="0.13575">
    <ele>26.730000000000004</ele>
   </trkpt>
   <trkpt lat="38.702830000000006" lon="0.13578">
    <ele>26.060000000000002</ele>
   </trkpt>
   <trkpt lat="38.70214" lon="0.13565000000000002">
    <ele>25.730000000000004</ele>
   </trkpt>
   <trkpt lat="38.70163" lon="0.13545000000000001">
    <ele>25.540000000000003</ele>
   </trkpt>
   <trkpt lat="38.70147" lon="0.13534000000000002">
    <ele>25.44</ele>
   </trkpt>
   <trkpt lat="38.701330000000006" lon="0.13520000000000001">
    <ele>25.26</ele>
   </trkpt>
   <trkpt lat="38.70105" lon="0.13486">
    <ele>25.080000000000002</ele>
   </trkpt>
   <trkpt lat="38.700860000000006" lon="0.13467">
    <ele>24.78</ele>
   </trkpt>
   <trkpt lat="38.70027" lon="0.13426000000000002">
    <ele>23.28</ele>
   </trkpt>
   <trkpt lat="38.69997" lon="0.13414">
    <ele>22.820000000000004</ele>
   </trkpt>
   <trkpt lat="38.69945999975138" lon="0.134019999071351">
    <ele>22.240000000000002</ele>
   </trkpt>
   <trkpt lat="38.69895" lon="0.13390000000000002">
    <ele>21.720000000000002</ele>
   </trkpt>
   <trkpt lat="38.698640000000005" lon="0.13378">
    <ele>21.36</ele>
   </trkpt>
   <trkpt lat="38.69829" lon="0.13360000000000002">
    <ele>21.27</ele>
   </trkpt>
   <trkpt lat="38.69807" lon="0.13355">
    <ele>21.27</ele>
   </trkpt>
   <trkpt lat="38.6978" lon="0.13346000000000002">
    <ele>21.32</ele>
   </trkpt>
   <trkpt lat="38.697720000000004" lon="0.13339">
    <ele>21.25</ele>
   </trkpt>
   <trkpt lat="38.69771" lon="0.13329000000000002">
    <ele>21.25</ele>
   </trkpt>
   <trkpt lat="38.697630000000004" lon="0.13322">
    <ele>21.240000000000002</ele>
   </trkpt>
   <trkpt lat="38.697570000000006" lon="0.13322">
    <ele>21.240000000000002</ele>
   </trkpt>
   <trkpt lat="38.697430000000004" lon="0.13338">
    <ele>21.35</ele>
   </trkpt>
   <trkpt lat="38.69718" lon="0.13343000000000002">
    <ele>21.25</ele>
   </trkpt>
   <trkpt lat="38.6967" lon="0.1333">
    <ele>20.990000000000002</ele>
   </trkpt>
   <trkpt lat="38.696270000000005" lon="0.13325">
    <ele>20.080000000000002</ele>
   </trkpt>
   <trkpt lat="38.69606" lon="0.1332">
    <ele>19.880000000000003</ele>
   </trkpt>
   <trkpt lat="38.69577" lon="0.13309">
    <ele>19.89</ele>
   </trkpt>
   <trkpt lat="38.69543" lon="0.13287000000000002">
    <ele>19.790000000000003</ele>
   </trkpt>
   <trkpt lat="38.694900000000004" lon="0.13273000000000001">
    <ele>19.020000000000003</ele>
   </trkpt>
   <trkpt lat="38.69451" lon="0.13249000000000002">
    <ele>18.64</ele>
   </trkpt>
   <trkpt lat="38.69426" lon="0.13247">
    <ele>18.26</ele>
   </trkpt>
   <trkpt lat="38.693850000000005" lon="0.13260000000000002">
    <ele>17.92</ele>
   </trkpt>
   <trkpt lat="38.69352000000001" lon="0.13266">
    <ele>17.76</ele>
   </trkpt>
   <trkpt lat="38.693470000000005" lon="0.13263">
    <ele>17.76</ele>
   </trkpt>
   <trkpt lat="38.69314" lon="0.13256">
    <ele>17.550000000000004</ele>
   </trkpt>
   <trkpt lat="38.69306" lon="0.13244">
    <ele>17.310000000000002</ele>
   </trkpt>
   <trkpt lat="38.693000000000005" lon="0.13241">
    <ele>17.01</ele>
   </trkpt>
   <trkpt lat="38.69294" lon="0.13240000000000002">
    <ele>17.01</ele>
   </trkpt>
   <trkpt lat="38.692820000000005" lon="0.13245">
    <ele>16.28</ele>
   </trkpt>
   <trkpt lat="38.69274" lon="0.13258">
    <ele>16.28</ele>
   </trkpt>
   <trkpt lat="38.692600000000006" lon="0.13267">
    <ele>15.98</ele>
   </trkpt>
   <trkpt lat="38.69232" lon="0.13276000000000002">
    <ele>14.32</ele>
   </trkpt>
   <trkpt lat="38.69152750035574" lon="0.13292500548186192">
    <ele>12.190000000000001</ele>
   </trkpt>
   <trkpt lat="38.690735000479634" lon="0.13309000730792017">
    <ele>10.64</ele>
   </trkpt>
   <trkpt lat="38.689942500371686" lon="0.13325500547835825">
    <ele>10.43</ele>
   </trkpt>
   <trkpt lat="38.689150000000005" lon="0.13342">
    <ele>9.36</ele>
   </trkpt>
   <trkpt lat="38.68912" lon="0.13340000000000002">
    <ele>9.36</ele>
   </trkpt>
   <trkpt lat="38.689080000000004" lon="0.13331">
    <ele>9.14</ele>
   </trkpt>
   <trkpt lat="38.68905" lon="0.13290000000000002">
    <ele>8.93</ele>
   </trkpt>
   <trkpt lat="38.68908000747129" lon="0.131963334117503">
    <ele>8.780000000000001</ele>
   </trkpt>
   <trkpt lat="38.68911000747134" lon="0.1310266674493863">
    <ele>8.790000000000001</ele>
   </trkpt>
   <trkpt lat="38.68914" lon="0.13009">
    <ele>8.92</ele>
   </trkpt>
   <trkpt lat="38.68914" lon="0.12972">
    <ele>9.0</ele>
   </trkpt>
   <trkpt lat="38.6891" lon="0.1295">
    <ele>9.27</ele>
   </trkpt>
   <trkpt lat="38.689060000000005" lon="0.12942">
    <ele>9.27</ele>
   </trkpt>
   <trkpt lat="38.68896" lon="0.12931">
    <ele>9.66</ele>
   </trkpt>
   <trkpt lat="38.688840000000006" lon="0.12925">
    <ele>9.66</ele>
   </trkpt>
   <trkpt lat="38.688140000000004" lon="0.12911">
    <ele>9.1</ele>
   </trkpt>
   <trkpt lat="38.687679999805255" lon="0.1290449995520411">
    <ele>7.750000000000001</ele>
   </trkpt>
   <trkpt lat="38.68722" lon="0.12898">
    <ele>7.280000000000001</ele>
   </trkpt>
   <trkpt lat="38.68661" lon="0.12886">
    <ele>7.090000000000001</ele>
   </trkpt>
   <trkpt lat="38.68648" lon="0.12882000000000002">
    <ele>7.0200000000000005</ele>
   </trkpt>
   <trkpt lat="38.68605" lon="0.12859">
    <ele>7.220000000000001</ele>
   </trkpt>
   <trkpt lat="38.685950000000005" lon="0.12851">
    <ele>7.220000000000001</ele>
   </trkpt>
   <trkpt lat="38.68585" lon="0.12839">
    <ele>7.24</ele>
   </trkpt>
   <trkpt lat="38.685790000000004" lon="0.12821000000000002">
    <ele>7.21</ele>
   </trkpt>
   <trkpt lat="38.685770000000005" lon="0.12806">
    <ele>7.11</ele>
   </trkpt>
   <trkpt lat="38.685775003110976" lon="0.1272050003273079">
    <ele>7.150000000000001</ele>
   </trkpt>
   <trkpt lat="38.68578" lon="0.12635000000000002">
    <ele>7.57</ele>
   </trkpt>
   <trkpt lat="38.685810000000004" lon="0.12597">
    <ele>8.25</ele>
   </trkpt>
   <trkpt lat="38.6861" lon="0.12521000000000002">
    <ele>10.05</ele>
   </trkpt>
   <trkpt lat="38.686130000000006" lon="0.12507000000000001">
    <ele>10.350000000000001</ele>
   </trkpt>
   <trkpt lat="38.68612" lon="0.12492000000000002">
    <ele>10.5</ele>
   </trkpt>
   <trkpt lat="38.685970000000005" lon="0.12464000000000001">
    <ele>10.910000000000002</ele>
   </trkpt>
   <trkpt lat="38.68591" lon="0.12456">
    <ele>11.32</ele>
   </trkpt>
   <trkpt lat="38.685770000000005" lon="0.12445">
    <ele>12.55</ele>
   </trkpt>
   <trkpt lat="38.685610000000004" lon="0.12441">
    <ele>13.63</ele>
   </trkpt>
   <trkpt lat="38.685230000000004" lon="0.12438">
    <ele>15.4</ele>
   </trkpt>
   <trkpt lat="38.68509" lon="0.12434">
    <ele>15.74</ele>
   </trkpt>
   <trkpt lat="38.68493" lon="0.12424000000000002">
    <ele>15.92</ele>
   </trkpt>
   <trkpt lat="38.684810000000006" lon="0.12413">
    <ele>15.92</ele>
   </trkpt>
   <trkpt lat="38.68470000000001" lon="0.12400000000000001">
    <ele>15.97</ele>
   </trkpt>
   <trkpt lat="38.68432000000001" lon="0.12346000000000001">
    <ele>15.080000000000002</ele>
   </trkpt>
   <trkpt lat="38.68412" lon="0.1232">
    <ele>14.940000000000001</ele>
   </trkpt>
   <trkpt lat="38.68399" lon="0.12310000000000001">
    <ele>15.030000000000001</ele>
   </trkpt>
   <trkpt lat="38.683490000000006" lon="0.12293000000000001">
    <ele>16.220000000000002</ele>
   </trkpt>
   <trkpt lat="38.683370000000004" lon="0.12286000000000001">
    <ele>16.34</ele>
   </trkpt>
   <trkpt lat="38.68327" lon="0.12274000000000002">
    <ele>16.26</ele>
   </trkpt>
   <trkpt lat="38.68316" lon="0.12257000000000001">
    <ele>16.12</ele>
   </trkpt>
   <trkpt lat="38.683040000000005" lon="0.12227">
    <ele>15.8</ele>
   </trkpt>
   <trkpt lat="38.68270500103422" lon="0.12178999782926733">
    <ele>16.330000000000002</ele>
   </trkpt>
   <trkpt lat="38.682370000000006" lon="0.12131000000000002">
    <ele>15.9</ele>
   </trkpt>
   <trkpt lat="38.682300000000005" lon="0.12115000000000001">
    <ele>15.790000000000001</ele>
   </trkpt>
   <trkpt lat="38.68227" lon="0.12104000000000001">
    <ele>15.590000000000002</ele>
   </trkpt>
   <trkpt lat="38.68224" lon="0.12034000000000002">
    <ele>15.030000000000001</ele>
   </trkpt>
   <trkpt lat="38.6822" lon="0.12024000000000001">
    <ele>15.030000000000001</ele>
   </trkpt>
   <trkpt lat="38.682" lon="0.11995000000000001">
    <ele>15.27</ele>
   </trkpt>
   <trkpt lat="38.681490000000004" lon="0.11928000000000001">
    <ele>17.05</ele>
   </trkpt>
   <trkpt lat="38.681400000000004" lon="0.11913000000000001">
    <ele>17.300000000000004</ele>
   </trkpt>
   <trkpt lat="38.681430000000006" lon="0.11911000000000001">
    <ele>17.300000000000004</ele>
   </trkpt>
   <trkpt lat="38.681450000000005" lon="0.11903000000000001">
    <ele>17.23</ele>
   </trkpt>
   <trkpt lat="38.681430000000006" lon="0.11896000000000001">
    <ele>17.23</ele>
   </trkpt>
   <trkpt lat="38.681360000000005" lon="0.11891000000000002">
    <ele>18.09</ele>
   </trkpt>
   <trkpt lat="38.68128" lon="0.11895000000000001">
    <ele>18.09</ele>
   </trkpt>
   <trkpt lat="38.681230000000006" lon="0.11883">
    <ele>18.09</ele>
   </trkpt>
   <trkpt lat="38.681070000000005" lon="0.11834000000000001">
    <ele>20.42</ele>
   </trkpt>
   <trkpt lat="38.681020000000004" lon="0.11771000000000001">
    <ele>21.36</ele>
   </trkpt>
   <trkpt lat="38.680960000000006" lon="0.11739000000000001">
    <ele>21.71</ele>
   </trkpt>
   <trkpt lat="38.68086" lon="0.11705000000000002">
    <ele>22.150000000000002</ele>
   </trkpt>
   <trkpt lat="38.680580000000006" lon="0.11629">
    <ele>25.28</ele>
   </trkpt>
   <trkpt lat="38.6803" lon="0.11565">
    <ele>26.42</ele>
   </trkpt>
   <trkpt lat="38.680105001570766" lon="0.11503499819955176">
    <ele>27.22</ele>
   </trkpt>
   <trkpt lat="38.67991000000001" lon="0.11442000000000001">
    <ele>28.01</ele>
   </trkpt>
   <trkpt lat="38.67974" lon="0.11379000000000002">
    <ele>29.78</ele>
   </trkpt>
   <trkpt lat="38.67958000314839" lon="0.11292999807463384">
    <ele>32.510000000000005</ele>
   </trkpt>
   <trkpt lat="38.67942" lon="0.11207">
    <ele>35.26</ele>
   </trkpt>
   <trkpt lat="38.67943" lon="0.11183000000000001">
    <ele>36.77</ele>
   </trkpt>
   <trkpt lat="38.679500000000004" lon="0.11157">
    <ele>37.35</ele>
   </trkpt>
   <trkpt lat="38.679520000000004" lon="0.11143000000000002">
    <ele>39.550000000000004</ele>
   </trkpt>
   <trkpt lat="38.67951" lon="0.11122000000000001">
    <ele>39.550000000000004</ele>
   </trkpt>
   <trkpt lat="38.67949" lon="0.1111">
    <ele>40.660000000000004</ele>
   </trkpt>
   <trkpt lat="38.679320000000004" lon="0.11072000000000001">
    <ele>42.410000000000004</ele>
   </trkpt>
   <trkpt lat="38.67929" lon="0.1106">
    <ele>42.410000000000004</ele>
   </trkpt>
   <trkpt lat="38.679230000000004" lon="0.10980000000000001">
    <ele>43.160000000000004</ele>
   </trkpt>
   <trkpt lat="38.67916" lon="0.10957000000000001">
    <ele>43.620000000000005</ele>
   </trkpt>
   <trkpt lat="38.67904" lon="0.10933000000000001">
    <ele>44.51</ele>
   </trkpt>
   <trkpt lat="38.67891" lon="0.10919000000000001">
    <ele>45.34</ele>
   </trkpt>
   <trkpt lat="38.67886" lon="0.10911000000000001">
    <ele>46.790000000000006</ele>
   </trkpt>
   <trkpt lat="38.678560000000004" lon="0.10842">
    <ele>49.77</ele>
   </trkpt>
   <trkpt lat="38.67837" lon="0.10790000000000001">
    <ele>51.64000000000001</ele>
   </trkpt>
   <trkpt lat="38.678200000000004" lon="0.10754000000000001">
    <ele>52.56</ele>
   </trkpt>
   <trkpt lat="38.678140000000006" lon="0.10736000000000001">
    <ele>52.980000000000004</ele>
   </trkpt>
   <trkpt lat="38.678160000000005" lon="0.10724">
    <ele>53.14000000000001</ele>
   </trkpt>
   <trkpt lat="38.67812" lon="0.10715000000000001">
    <ele>53.14000000000001</ele>
   </trkpt>
   <trkpt lat="38.67808" lon="0.10712">
    <ele>52.99</ele>
   </trkpt>
   <trkpt lat="38.67801" lon="0.10711000000000001">
    <ele>52.99</ele>
   </trkpt>
   <trkpt lat="38.677870000000006" lon="0.10698">
    <ele>51.980000000000004</ele>
   </trkpt>
   <trkpt lat="38.67755500381526" lon="0.10603499588064365">
    <ele>45.410000000000004</ele>
   </trkpt>
   <trkpt lat="38.677240000000005" lon="0.10509">
    <ele>40.480000000000004</ele>
   </trkpt>
   <trkpt lat="38.67712" lon="0.10483">
    <ele>39.089999999999996</ele>
   </trkpt>
   <trkpt lat="38.6769" lon="0.10446000000000001">
    <ele>36.14000000000001</ele>
   </trkpt>
   <trkpt lat="38.67678" lon="0.10437">
    <ele>36.14000000000001</ele>
   </trkpt>
   <trkpt lat="38.67663" lon="0.10436000000000001">
    <ele>36.14000000000001</ele>
   </trkpt>
   <trkpt lat="38.67653" lon="0.10439000000000001">
    <ele>32.74</ele>
   </trkpt>
   <trkpt lat="38.67631" lon="0.10450000000000001">
    <ele>32.190000000000005</ele>
   </trkpt>
   <trkpt lat="38.675810000000006" lon="0.10473">
    <ele>29.470000000000002</ele>
   </trkpt>
   <trkpt lat="38.67559" lon="0.10481000000000001">
    <ele>28.360000000000003</ele>
   </trkpt>
   <trkpt lat="38.67535" lon="0.10485000000000001">
    <ele>27.520000000000003</ele>
   </trkpt>
   <trkpt lat="38.67519" lon="0.10481000000000001">
    <ele>26.050000000000004</ele>
   </trkpt>
   <trkpt lat="38.675070000000005" lon="0.10467000000000001">
    <ele>25.290000000000003</ele>
   </trkpt>
   <trkpt lat="38.67504" lon="0.10457000000000001">
    <ele>23.270000000000003</ele>
   </trkpt>
   <trkpt lat="38.67503000000001" lon="0.10443000000000001">
    <ele>23.270000000000003</ele>
   </trkpt>
   <trkpt lat="38.67506" lon="0.10436000000000001">
    <ele>22.490000000000002</ele>
   </trkpt>
   <trkpt lat="38.675160000000005" lon="0.10425000000000001">
    <ele>21.75</ele>
   </trkpt>
   <trkpt lat="38.67572000046239" lon="0.10398500199590836">
    <ele>18.64</ele>
   </trkpt>
   <trkpt lat="38.676280000000006" lon="0.10372">
    <ele>18.44</ele>
   </trkpt>
   <trkpt lat="38.676480000000005" lon="0.10361000000000001">
    <ele>18.950000000000003</ele>
   </trkpt>
   <trkpt lat="38.67654" lon="0.10355">
    <ele>18.950000000000003</ele>
   </trkpt>
   <trkpt lat="38.6766" lon="0.10347">
    <ele>18.950000000000003</ele>
   </trkpt>
   <trkpt lat="38.67665" lon="0.10334000000000002">
    <ele>19.540000000000003</ele>
   </trkpt>
   <trkpt lat="38.676770000000005" lon="0.10274000000000001">
    <ele>19.930000000000003</ele>
   </trkpt>
   <trkpt lat="38.676840000000006" lon="0.10258">
    <ele>19.970000000000002</ele>
   </trkpt>
   <trkpt lat="38.67700000000001" lon="0.10227000000000001">
    <ele>20.330000000000002</ele>
   </trkpt>
   <trkpt lat="38.67698" lon="0.10212">
    <ele>20.220000000000002</ele>
   </trkpt>
   <trkpt lat="38.67692" lon="0.10203000000000001">
    <ele>20.220000000000002</ele>
   </trkpt>
   <trkpt lat="38.676860000000005" lon="0.10198000000000002">
    <ele>20.16</ele>
   </trkpt>
   <trkpt lat="38.676790000000004" lon="0.10197">
    <ele>20.16</ele>
   </trkpt>
   <trkpt lat="38.67667" lon="0.10203000000000001">
    <ele>20.040000000000003</ele>
   </trkpt>
   <trkpt lat="38.676460000000006" lon="0.10225000000000001">
    <ele>20.080000000000002</ele>
   </trkpt>
   <trkpt lat="38.676350000000006" lon="0.10233">
    <ele>20.19</ele>
   </trkpt>
   <trkpt lat="38.67625" lon="0.10238000000000001">
    <ele>20.330000000000002</ele>
   </trkpt>
   <trkpt lat="38.67606" lon="0.10242000000000001">
    <ele>21.05</ele>
   </trkpt>
   <trkpt lat="38.67589" lon="0.10241000000000001">
    <ele>21.86</ele>
   </trkpt>
   <trkpt lat="38.67568" lon="0.10234000000000001">
    <ele>21.86</ele>
   </trkpt>
   <trkpt lat="38.6754" lon="0.10221000000000001">
    <ele>24.57</ele>
   </trkpt>
   <trkpt lat="38.675180000000005" lon="0.10201">
    <ele>25.68</ele>
   </trkpt>
   <trkpt lat="38.6751" lon="0.10187">
    <ele>26.820000000000004</ele>
   </trkpt>
   <trkpt lat="38.67497" lon="0.10141000000000001">
    <ele>29.650000000000002</ele>
   </trkpt>
   <trkpt lat="38.67492" lon="0.10132000000000001">
    <ele>29.650000000000002</ele>
   </trkpt>
   <trkpt lat="38.674800000000005" lon="0.10119">
    <ele>30.150000000000002</ele>
   </trkpt>
   <trkpt lat="38.6747" lon="0.10113000000000001">
    <ele>31.290000000000006</ele>
   </trkpt>
   <trkpt lat="38.67416" lon="0.1009">
    <ele>35.09</ele>
   </trkpt>
   <trkpt lat="38.67399" lon="0.10079">
    <ele>36.18</ele>
   </trkpt>
   <trkpt lat="38.67376" lon="0.10058">
    <ele>37.22</ele>
   </trkpt>
   <trkpt lat="38.673660000000005" lon="0.10043">
    <ele>39.0</ele>
   </trkpt>
   <trkpt lat="38.673590000000004" lon="0.10029">
    <ele>39.0</ele>
   </trkpt>
   <trkpt lat="38.67356" lon="0.10017000000000001">
    <ele>39.38</ele>
   </trkpt>
   <trkpt lat="38.67356" lon="0.10009000000000001">
    <ele>39.690000000000005</ele>
   </trkpt>
   <trkpt lat="38.673660000000005" lon="0.09984000000000001">
    <ele>40.07</ele>
   </trkpt>
   <trkpt lat="38.67423" lon="0.09909000000000001">
    <ele>39.620000000000005</ele>
   </trkpt>
   <trkpt lat="38.67445" lon="0.0989">
    <ele>38.95</ele>
   </trkpt>
   <trkpt lat="38.67456000000001" lon="0.09883">
    <ele>38.21</ele>
   </trkpt>
   <trkpt lat="38.674710000000005" lon="0.09876000000000001">
    <ele>37.75000000000001</ele>
   </trkpt>
   <trkpt lat="38.675160000000005" lon="0.09875">
    <ele>34.800000000000004</ele>
   </trkpt>
   <trkpt lat="38.675230000000006" lon="0.09873000000000001">
    <ele>34.800000000000004</ele>
   </trkpt>
   <trkpt lat="38.675340000000006" lon="0.09866000000000001">
    <ele>34.800000000000004</ele>
   </trkpt>
   <trkpt lat="38.67549" lon="0.09849000000000001">
    <ele>33.480000000000004</ele>
   </trkpt>
   <trkpt lat="38.67559" lon="0.09833000000000001">
    <ele>32.550000000000004</ele>
   </trkpt>
   <trkpt lat="38.67566" lon="0.09815">
    <ele>32.550000000000004</ele>
   </trkpt>
   <trkpt lat="38.675830000000005" lon="0.09702000000000001">
    <ele>28.310000000000002</ele>
   </trkpt>
   <trkpt lat="38.67596" lon="0.09640000000000001">
    <ele>27.680000000000003</ele>
   </trkpt>
   <trkpt lat="38.675940000000004" lon="0.09621">
    <ele>27.23</ele>
   </trkpt>
   <trkpt lat="38.675900000000006" lon="0.0961">
    <ele>27.06</ele>
   </trkpt>
   <trkpt lat="38.675830000000005" lon="0.09599">
    <ele>26.950000000000003</ele>
   </trkpt>
   <trkpt lat="38.67577" lon="0.09594000000000001">
    <ele>26.930000000000003</ele>
   </trkpt>
   <trkpt lat="38.675650000000005" lon="0.09590000000000001">
    <ele>27.13</ele>
   </trkpt>
   <trkpt lat="38.675470000000004" lon="0.09589">
    <ele>27.46</ele>
   </trkpt>
   <trkpt lat="38.67537" lon="0.09591000000000001">
    <ele>27.750000000000004</ele>
   </trkpt>
   <trkpt lat="38.675250000000005" lon="0.09599">
    <ele>28.240000000000002</ele>
   </trkpt>
   <trkpt lat="38.67502" lon="0.09636">
    <ele>30.44</ele>
   </trkpt>
   <trkpt lat="38.67497" lon="0.09641000000000001">
    <ele>30.44</ele>
   </trkpt>
   <trkpt lat="38.67486" lon="0.09647000000000001">
    <ele>30.44</ele>
   </trkpt>
   <trkpt lat="38.674670000000006" lon="0.09653">
    <ele>31.61</ele>
   </trkpt>
   <trkpt lat="38.674510000000005" lon="0.09656">
    <ele>32.440000000000005</ele>
   </trkpt>
   <trkpt lat="38.67436" lon="0.09655000000000001">
    <ele>34.32</ele>
   </trkpt>
   <trkpt lat="38.674240000000005" lon="0.09649">
    <ele>34.9</ele>
   </trkpt>
   <trkpt lat="38.67414" lon="0.09648000000000001">
    <ele>35.410000000000004</ele>
   </trkpt>
   <trkpt lat="38.673770000000005" lon="0.0966">
    <ele>37.02</ele>
   </trkpt>
   <trkpt lat="38.673570000000005" lon="0.0966">
    <ele>37.790000000000006</ele>
   </trkpt>
   <trkpt lat="38.67342" lon="0.09655000000000001">
    <ele>37.790000000000006</ele>
   </trkpt>
   <trkpt lat="38.673300000000005" lon="0.09641000000000001">
    <ele>39.800000000000004</ele>
   </trkpt>
   <trkpt lat="38.67309" lon="0.09608000000000001">
    <ele>40.690000000000005</ele>
   </trkpt>
   <trkpt lat="38.672990000000006" lon="0.09601000000000001">
    <ele>40.690000000000005</ele>
   </trkpt>
   <trkpt lat="38.67287" lon="0.09599">
    <ele>41.870000000000005</ele>
   </trkpt>
   <trkpt lat="38.67264" lon="0.096">
    <ele>42.71</ele>
   </trkpt>
   <trkpt lat="38.672520000000006" lon="0.09595000000000001">
    <ele>43.190000000000005</ele>
   </trkpt>
   <trkpt lat="38.672470000000004" lon="0.09590000000000001">
    <ele>43.45</ele>
   </trkpt>
   <trkpt lat="38.6723" lon="0.09561000000000001">
    <ele>45.21000000000001</ele>
   </trkpt>
   <trkpt lat="38.67228" lon="0.09548000000000001">
    <ele>45.21000000000001</ele>
   </trkpt>
   <trkpt lat="38.6723" lon="0.09528">
    <ele>47.43000000000001</ele>
   </trkpt>
   <trkpt lat="38.672360000000005" lon="0.09517">
    <ele>47.43000000000001</ele>
   </trkpt>
   <trkpt lat="38.672450000000005" lon="0.09505000000000001">
    <ele>48.59</ele>
   </trkpt>
   <trkpt lat="38.67258" lon="0.09497000000000001">
    <ele>50.550000000000004</ele>
   </trkpt>
   <trkpt lat="38.673370000000006" lon="0.09458000000000001">
    <ele>54.510000000000005</ele>
   </trkpt>
   <trkpt lat="38.6741" lon="0.09430000000000001">
    <ele>60.68000000000001</ele>
   </trkpt>
   <trkpt lat="38.674200000000006" lon="0.09421">
    <ele>62.120000000000005</ele>
   </trkpt>
   <trkpt lat="38.674240000000005" lon="0.09413">
    <ele>62.120000000000005</ele>
   </trkpt>
   <trkpt lat="38.674350000000004" lon="0.09368000000000001">
    <ele>65.60000000000001</ele>
   </trkpt>
   <trkpt lat="38.67445" lon="0.09342">
    <ele>66.74000000000001</ele>
   </trkpt>
   <trkpt lat="38.67461" lon="0.09316">
    <ele>69.21000000000001</ele>
   </trkpt>
   <trkpt lat="38.674670000000006" lon="0.09298000000000001">
    <ele>69.95000000000002</ele>
   </trkpt>
   <trkpt lat="38.67472" lon="0.09232000000000001">
    <ele>68.79</ele>
   </trkpt>
   <trkpt lat="38.67483" lon="0.09187000000000001">
    <ele>67.04</ele>
   </trkpt>
   <trkpt lat="38.67484" lon="0.09173">
    <ele>65.79</ele>
   </trkpt>
   <trkpt lat="38.67483" lon="0.09147000000000001">
    <ele>65.09</ele>
   </trkpt>
   <trkpt lat="38.67479" lon="0.09133000000000001">
    <ele>64.67</ele>
   </trkpt>
   <trkpt lat="38.67472" lon="0.09119000000000001">
    <ele>64.33000000000001</ele>
   </trkpt>
   <trkpt lat="38.67447000000001" lon="0.09097000000000001">
    <ele>63.07</ele>
   </trkpt>
   <trkpt lat="38.67441" lon="0.09088">
    <ele>62.7</ele>
   </trkpt>
   <trkpt lat="38.67439" lon="0.09075000000000001">
    <ele>62.09</ele>
   </trkpt>
   <trkpt lat="38.67443" lon="0.09059">
    <ele>62.09</ele>
   </trkpt>
   <trkpt lat="38.674510000000005" lon="0.09041">
    <ele>60.77</ele>
   </trkpt>
   <trkpt lat="38.674760000000006" lon="0.09003000000000001">
    <ele>58.550000000000004</ele>
   </trkpt>
   <trkpt lat="38.67484" lon="0.08978000000000001">
    <ele>57.43</ele>
   </trkpt>
   <trkpt lat="38.6749" lon="0.08945">
    <ele>56.260000000000005</ele>
   </trkpt>
   <trkpt lat="38.67494000000001" lon="0.08899000000000001">
    <ele>55.400000000000006</ele>
   </trkpt>
   <trkpt lat="38.675000000000004" lon="0.08867000000000001">
    <ele>54.410000000000004</ele>
   </trkpt>
   <trkpt lat="38.67494000000001" lon="0.08852">
    <ele>53.78</ele>
   </trkpt>
   <trkpt lat="38.6749" lon="0.08848">
    <ele>53.42</ele>
   </trkpt>
   <trkpt lat="38.674800000000005" lon="0.08847000000000001">
    <ele>53.22</ele>
   </trkpt>
   <trkpt lat="38.67446" lon="0.08876">
    <ele>50.52</ele>
   </trkpt>
   <trkpt lat="38.674110000000006" lon="0.08882000000000001">
    <ele>50.080000000000005</ele>
   </trkpt>
   <trkpt lat="38.67403" lon="0.08881000000000001">
    <ele>48.400000000000006</ele>
   </trkpt>
   <trkpt lat="38.67394" lon="0.08874000000000001">
    <ele>48.400000000000006</ele>
   </trkpt>
   <trkpt lat="38.673880000000004" lon="0.08865">
    <ele>47.370000000000005</ele>
   </trkpt>
   <trkpt lat="38.67381" lon="0.0883">
    <ele>46.28</ele>
   </trkpt>
   <trkpt lat="38.67374" lon="0.08810000000000001">
    <ele>45.86000000000001</ele>
   </trkpt>
   <trkpt lat="38.673570000000005" lon="0.08800000000000001">
    <ele>45.75000000000001</ele>
   </trkpt>
   <trkpt lat="38.67338" lon="0.08800000000000001">
    <ele>46.150000000000006</ele>
   </trkpt>
   <trkpt lat="38.673260000000006" lon="0.08807000000000001">
    <ele>46.27</ele>
   </trkpt>
   <trkpt lat="38.6730750012712" lon="0.08861000130865784">
    <ele>46.75000000000001</ele>
   </trkpt>
   <trkpt lat="38.67289" lon="0.08915000000000001">
    <ele>47.24</ele>
   </trkpt>
   <trkpt lat="38.6726" lon="0.08998">
    <ele>47.85</ele>
   </trkpt>
   <trkpt lat="38.67249" lon="0.09023">
    <ele>47.970000000000006</ele>
   </trkpt>
   <trkpt lat="38.67202" lon="0.09099">
    <ele>47.93000000000001</ele>
   </trkpt>
   <trkpt lat="38.671910000000004" lon="0.09112">
    <ele>47.92</ele>
   </trkpt>
   <trkpt lat="38.67179" lon="0.09123">
    <ele>48.0</ele>
   </trkpt>
   <trkpt lat="38.67145" lon="0.09138">
    <ele>47.77</ele>
   </trkpt>
   <trkpt lat="38.671310000000005" lon="0.09158000000000001">
    <ele>47.730000000000004</ele>
   </trkpt>
   <trkpt lat="38.671260000000004" lon="0.09172000000000001">
    <ele>47.690000000000005</ele>
   </trkpt>
   <trkpt lat="38.67118" lon="0.09187000000000001">
    <ele>47.61000000000001</ele>
   </trkpt>
   <trkpt lat="38.67112" lon="0.09193000000000001">
    <ele>47.370000000000005</ele>
   </trkpt>
   <trkpt lat="38.671020000000006" lon="0.09199">
    <ele>47.370000000000005</ele>
   </trkpt>
   <trkpt lat="38.670214999983735" lon="0.09204500062041719">
    <ele>46.62</ele>
   </trkpt>
   <trkpt lat="38.669410000000006" lon="0.0921">
    <ele>43.67</ele>
   </trkpt>
   <trkpt lat="38.669270000000004" lon="0.09209">
    <ele>43.67</ele>
   </trkpt>
   <trkpt lat="38.6691" lon="0.09204000000000001">
    <ele>43.29</ele>
   </trkpt>
   <trkpt lat="38.66895" lon="0.09193000000000001">
    <ele>42.940000000000005</ele>
   </trkpt>
   <trkpt lat="38.66886" lon="0.09183000000000001">
    <ele>42.580000000000005</ele>
   </trkpt>
   <trkpt lat="38.668780000000005" lon="0.09164000000000001">
    <ele>42.07</ele>
   </trkpt>
   <trkpt lat="38.66877" lon="0.09149">
    <ele>41.53</ele>
   </trkpt>
   <trkpt lat="38.66884" lon="0.09114000000000001">
    <ele>40.53</ele>
   </trkpt>
   <trkpt lat="38.66902" lon="0.09083000000000001">
    <ele>39.16</ele>
   </trkpt>
   <trkpt lat="38.669430000000006" lon="0.08995">
    <ele>36.95</ele>
   </trkpt>
   <trkpt lat="38.66942" lon="0.08971000000000001">
    <ele>36.72</ele>
   </trkpt>
   <trkpt lat="38.669340000000005" lon="0.08950000000000001">
    <ele>36.04</ele>
   </trkpt>
   <trkpt lat="38.66903000000001" lon="0.08914000000000001">
    <ele>34.97</ele>
   </trkpt>
   <trkpt lat="38.6689" lon="0.08902">
    <ele>34.97</ele>
   </trkpt>
   <trkpt lat="38.668820000000004" lon="0.08900000000000001">
    <ele>34.45</ele>
   </trkpt>
   <trkpt lat="38.66866" lon="0.08900000000000001">
    <ele>34.160000000000004</ele>
   </trkpt>
   <trkpt lat="38.66854" lon="0.08909">
    <ele>33.93</ele>
   </trkpt>
   <trkpt lat="38.668150000000004" lon="0.08952">
    <ele>32.32</ele>
   </trkpt>
   <trkpt lat="38.66805" lon="0.08960000000000001">
    <ele>31.89</ele>
   </trkpt>
   <trkpt lat="38.66798" lon="0.08962">
    <ele>31.89</ele>
   </trkpt>
   <trkpt lat="38.667860000000005" lon="0.08961000000000001">
    <ele>31.230000000000004</ele>
   </trkpt>
   <trkpt lat="38.667680000000004" lon="0.08949000000000001">
    <ele>30.770000000000003</ele>
   </trkpt>
   <trkpt lat="38.66752" lon="0.08944">
    <ele>30.38</ele>
   </trkpt>
   <trkpt lat="38.66743" lon="0.08943000000000001">
    <ele>30.38</ele>
   </trkpt>
   <trkpt lat="38.66733" lon="0.08946000000000001">
    <ele>29.23</ele>
   </trkpt>
   <trkpt lat="38.667060000000006" lon="0.08966">
    <ele>28.740000000000002</ele>
   </trkpt>
   <trkpt lat="38.66696" lon="0.08969">
    <ele>28.740000000000002</ele>
   </trkpt>
   <trkpt lat="38.66686" lon="0.0897">
    <ele>28.740000000000002</ele>
   </trkpt>
   <trkpt lat="38.66659000000001" lon="0.08962">
    <ele>27.12</ele>
   </trkpt>
   <trkpt lat="38.666050000000006" lon="0.08934">
    <ele>24.580000000000002</ele>
   </trkpt>
   <trkpt lat="38.6659" lon="0.08922000000000001">
    <ele>23.49</ele>
   </trkpt>
   <trkpt lat="38.665820000000004" lon="0.08913">
    <ele>23.49</ele>
   </trkpt>
   <trkpt lat="38.665710000000004" lon="0.08897000000000001">
    <ele>23.23</ele>
   </trkpt>
   <trkpt lat="38.66561" lon="0.08865">
    <ele>21.23</ele>
   </trkpt>
   <trkpt lat="38.66548" lon="0.08801">
    <ele>18.72</ele>
   </trkpt>
   <trkpt lat="38.665400000000005" lon="0.08747">
    <ele>16.76</ele>
   </trkpt>
   <trkpt lat="38.66534" lon="0.08726">
    <ele>15.860000000000003</ele>
   </trkpt>
   <trkpt lat="38.665310000000005" lon="0.08710000000000001">
    <ele>15.580000000000002</ele>
   </trkpt>
   <trkpt lat="38.6653" lon="0.08663000000000001">
    <ele>15.0</ele>
   </trkpt>
   <trkpt lat="38.665220000000005" lon="0.08623">
    <ele>14.640000000000002</ele>
   </trkpt>
   <trkpt lat="38.66525" lon="0.08601">
    <ele>14.690000000000001</ele>
   </trkpt>
   <trkpt lat="38.66559" lon="0.08518">
    <ele>17.57</ele>
   </trkpt>
   <trkpt lat="38.66563" lon="0.085">
    <ele>17.97</ele>
   </trkpt>
   <trkpt lat="38.665620000000004" lon="0.08491000000000001">
    <ele>17.97</ele>
   </trkpt>
   <trkpt lat="38.665580000000006" lon="0.08482">
    <ele>19.07</ele>
   </trkpt>
   <trkpt lat="38.665510000000005" lon="0.08474000000000001">
    <ele>19.07</ele>
   </trkpt>
   <trkpt lat="38.66545" lon="0.08471000000000001">
    <ele>19.680000000000003</ele>
   </trkpt>
   <trkpt lat="38.665350000000004" lon="0.08470000000000001">
    <ele>19.680000000000003</ele>
   </trkpt>
   <trkpt lat="38.665130000000005" lon="0.08475">
    <ele>20.86</ele>
   </trkpt>
   <trkpt lat="38.665000000000006" lon="0.08473000000000001">
    <ele>21.54</ele>
   </trkpt>
   <trkpt lat="38.6649" lon="0.08465">
    <ele>21.54</ele>
   </trkpt>
   <trkpt lat="38.66481" lon="0.08449000000000001">
    <ele>22.81</ele>
   </trkpt>
   <trkpt lat="38.664660000000005" lon="0.08418">
    <ele>24.110000000000003</ele>
   </trkpt>
   <trkpt lat="38.664590000000004" lon="0.08409000000000001">
    <ele>24.580000000000002</ele>
   </trkpt>
   <trkpt lat="38.664530000000006" lon="0.08406000000000001">
    <ele>24.580000000000002</ele>
   </trkpt>
   <trkpt lat="38.66442" lon="0.08407">
    <ele>24.73</ele>
   </trkpt>
   <trkpt lat="38.66434" lon="0.08411">
    <ele>24.92</ele>
   </trkpt>
   <trkpt lat="38.66424000000001" lon="0.08425">
    <ele>25.120000000000005</ele>
   </trkpt>
   <trkpt lat="38.664190000000005" lon="0.08439">
    <ele>25.17</ele>
   </trkpt>
   <trkpt lat="38.66411" lon="0.08524000000000001">
    <ele>24.57</ele>
   </trkpt>
   <trkpt lat="38.66394000179726" lon="0.08589000154825656">
    <ele>23.51</ele>
   </trkpt>
   <trkpt lat="38.66377000000001" lon="0.08654">
    <ele>23.810000000000002</ele>
   </trkpt>
   <trkpt lat="38.663630000000005" lon="0.08728000000000001">
    <ele>25.540000000000003</ele>
   </trkpt>
   <trkpt lat="38.663540000000005" lon="0.08753000000000001">
    <ele>26.19</ele>
   </trkpt>
   <trkpt lat="38.663410000000006" lon="0.08769">
    <ele>27.410000000000004</ele>
   </trkpt>
   <trkpt lat="38.66330000000001" lon="0.08775000000000001">
    <ele>27.410000000000004</ele>
   </trkpt>
   <trkpt lat="38.66321000000001" lon="0.08776">
    <ele>28.23</ele>
   </trkpt>
   <trkpt lat="38.66311" lon="0.08772">
    <ele>28.23</ele>
   </trkpt>
   <trkpt lat="38.66261" lon="0.08732000000000001">
    <ele>29.450000000000003</ele>
   </trkpt>
   <trkpt lat="38.661970000000004" lon="0.08677000000000001">
    <ele>31.12</ele>
   </trkpt>
   <trkpt lat="38.66181" lon="0.08659">
    <ele>31.57</ele>
   </trkpt>
   <trkpt lat="38.661640000000006" lon="0.08633">
    <ele>31.8</ele>
   </trkpt>
   <trkpt lat="38.66109" lon="0.08570000000000001">
    <ele>31.01</ele>
   </trkpt>
   <trkpt lat="38.66075" lon="0.08509000000000001">
    <ele>29.650000000000002</ele>
   </trkpt>
   <trkpt lat="38.660430000000005" lon="0.08458">
    <ele>29.51</ele>
   </trkpt>
   <trkpt lat="38.6604" lon="0.08447">
    <ele>29.51</ele>
   </trkpt>
   <trkpt lat="38.6604" lon="0.08431000000000001">
    <ele>29.290000000000003</ele>
   </trkpt>
   <trkpt lat="38.66042" lon="0.08417000000000001">
    <ele>29.25</ele>
   </trkpt>
   <trkpt lat="38.66055" lon="0.08372">
    <ele>29.640000000000004</ele>
   </trkpt>
   <trkpt lat="38.660590000000006" lon="0.08344">
    <ele>30.560000000000002</ele>
   </trkpt>
   <trkpt lat="38.660560000000004" lon="0.08307">
    <ele>32.57</ele>
   </trkpt>
   <trkpt lat="38.66049" lon="0.08283">
    <ele>33.32</ele>
   </trkpt>
   <trkpt lat="38.660200002040014" lon="0.0821499974144512">
    <ele>35.97</ele>
   </trkpt>
   <trkpt lat="38.65991" lon="0.08147">
    <ele>36.96</ele>
   </trkpt>
   <trkpt lat="38.65977" lon="0.08119000000000001">
    <ele>37.18000000000001</ele>
   </trkpt>
   <trkpt lat="38.65938500075184" lon="0.0807349974011615">
    <ele>36.83</ele>
   </trkpt>
   <trkpt lat="38.659000000000006" lon="0.08028">
    <ele>36.9</ele>
   </trkpt>
   <trkpt lat="38.6589" lon="0.08007">
    <ele>37.12</ele>
   </trkpt>
   <trkpt lat="38.658820000000006" lon="0.07979">
    <ele>37.6</ele>
   </trkpt>
   <trkpt lat="38.6587" lon="0.07913">
    <ele>39.96</ele>
   </trkpt>
   <trkpt lat="38.658640000000005" lon="0.07894000000000001">
    <ele>40.5</ele>
   </trkpt>
   <trkpt lat="38.65845" lon="0.07867">
    <ele>41.230000000000004</ele>
   </trkpt>
   <trkpt lat="38.658120000000004" lon="0.07842">
    <ele>41.010000000000005</ele>
   </trkpt>
   <trkpt lat="38.658" lon="0.07829000000000001">
    <ele>39.95</ele>
   </trkpt>
   <trkpt lat="38.657740000000004" lon="0.07781">
    <ele>39.690000000000005</ele>
   </trkpt>
   <trkpt lat="38.657650000000004" lon="0.07769000000000001">
    <ele>39.68</ele>
   </trkpt>
   <trkpt lat="38.657520000000005" lon="0.07758000000000001">
    <ele>39.690000000000005</ele>
   </trkpt>
   <trkpt lat="38.65704" lon="0.07728">
    <ele>39.940000000000005</ele>
   </trkpt>
   <trkpt lat="38.6569" lon="0.07725000000000001">
    <ele>39.88</ele>
   </trkpt>
   <trkpt lat="38.656780000000005" lon="0.07727">
    <ele>39.790000000000006</ele>
   </trkpt>
   <trkpt lat="38.656200000000005" lon="0.07761000000000001">
    <ele>37.99</ele>
   </trkpt>
   <trkpt lat="38.65605" lon="0.07765000000000001">
    <ele>37.45</ele>
   </trkpt>
   <trkpt lat="38.65587" lon="0.07764">
    <ele>35.83</ele>
   </trkpt>
   <trkpt lat="38.655120000000004" lon="0.07741">
    <ele>32.040000000000006</ele>
   </trkpt>
   <trkpt lat="38.65493" lon="0.07734">
    <ele>31.69</ele>
   </trkpt>
   <trkpt lat="38.654700000000005" lon="0.07723000000000001">
    <ele>31.160000000000004</ele>
   </trkpt>
   <trkpt lat="38.65449" lon="0.07699">
    <ele>30.62</ele>
   </trkpt>
   <trkpt lat="38.65426" lon="0.0766">
    <ele>30.36</ele>
   </trkpt>
   <trkpt lat="38.653835002677646" lon="0.0758149954434867">
    <ele>28.150000000000002</ele>
   </trkpt>
   <trkpt lat="38.65341" lon="0.07503">
    <ele>24.0</ele>
   </trkpt>
   <trkpt lat="38.65294" lon="0.07419">
    <ele>18.36</ele>
   </trkpt>
   <trkpt lat="38.65278" lon="0.07394">
    <ele>16.84</ele>
   </trkpt>
   <trkpt lat="38.65236" lon="0.07342">
    <ele>13.8</ele>
   </trkpt>
   <trkpt lat="38.651970000000006" lon="0.07303000000000001">
    <ele>10.34</ele>
   </trkpt>
   <trkpt lat="38.651830000000004" lon="0.07296000000000001">
    <ele>9.670000000000002</ele>
   </trkpt>
   <trkpt lat="38.65175" lon="0.07295">
    <ele>10.030000000000001</ele>
   </trkpt>
   <trkpt lat="38.651790000000005" lon="0.07289000000000001">
    <ele>10.25</ele>
   </trkpt>
   <trkpt lat="38.6518" lon="0.07281">
    <ele>10.25</ele>
   </trkpt>
   <trkpt lat="38.651770000000006" lon="0.07273">
    <ele>10.180000000000001</ele>
   </trkpt>
   <trkpt lat="38.651700000000005" lon="0.07269">
    <ele>9.24</ele>
   </trkpt>
   <trkpt lat="38.651630000000004" lon="0.07272">
    <ele>9.24</ele>
   </trkpt>
   <trkpt lat="38.651590000000006" lon="0.07279000000000001">
    <ele>8.92</ele>
   </trkpt>
   <trkpt lat="38.651320000000005" lon="0.07274">
    <ele>8.280000000000001</ele>
   </trkpt>
   <trkpt lat="38.65055500016865" lon="0.07253999786400178">
    <ele>6.960000000000001</ele>
   </trkpt>
   <trkpt lat="38.64979" lon="0.07234">
    <ele>6.37</ele>
   </trkpt>
   <trkpt lat="38.649710000000006" lon="0.07229000000000001">
    <ele>6.37</ele>
   </trkpt>
   <trkpt lat="38.649660000000004" lon="0.07224000000000001">
    <ele>6.37</ele>
   </trkpt>
   <trkpt lat="38.649620000000006" lon="0.07212">
    <ele>6.0600000000000005</ele>
   </trkpt>
   <trkpt lat="38.64959" lon="0.07207000000000001">
    <ele>6.0600000000000005</ele>
   </trkpt>
   <trkpt lat="38.6495" lon="0.07202">
    <ele>6.0600000000000005</ele>
   </trkpt>
   <trkpt lat="38.649390000000004" lon="0.07203000000000001">
    <ele>5.86</ele>
   </trkpt>
   <trkpt lat="38.649300000000004" lon="0.07211000000000001">
    <ele>5.72</ele>
   </trkpt>
   <trkpt lat="38.649190000000004" lon="0.07215">
    <ele>5.69</ele>
   </trkpt>
   <trkpt lat="38.649080000000005" lon="0.07214000000000001">
    <ele>5.5600000000000005</ele>
   </trkpt>
   <trkpt lat="38.648386666967475" lon="0.07194666292013785">
    <ele>5.34</ele>
   </trkpt>
   <trkpt lat="38.64769333361674" lon="0.07175332958200885">
    <ele>5.3100000000000005</ele>
   </trkpt>
   <trkpt lat="38.647000000000006" lon="0.07156000000000001">
    <ele>4.96</ele>
   </trkpt>
   <trkpt lat="38.646240000541525" lon="0.0713599936442887">
    <ele>4.970000000000001</ele>
   </trkpt>
   <trkpt lat="38.645480000742495" lon="0.07115999153124566">
    <ele>4.9</ele>
   </trkpt>
   <trkpt lat="38.644720000602966" lon="0.07095999366066744">
    <ele>5.21</ele>
   </trkpt>
   <trkpt lat="38.64396" lon="0.07076">
    <ele>5.21</ele>
   </trkpt>
   <trkpt lat="38.64374" lon="0.07068">
    <ele>5.16</ele>
   </trkpt>
   <trkpt lat="38.643570000000004" lon="0.07059">
    <ele>5.16</ele>
   </trkpt>
   <trkpt lat="38.6434" lon="0.07046000000000001">
    <ele>5.24</ele>
   </trkpt>
   <trkpt lat="38.64327" lon="0.07032000000000001">
    <ele>5.2</ele>
   </trkpt>
   <trkpt lat="38.64314" lon="0.07012">
    <ele>5.13</ele>
   </trkpt>
   <trkpt lat="38.643150000000006" lon="0.07005">
    <ele>5.13</ele>
   </trkpt>
   <trkpt lat="38.64311" lon="0.06991">
    <ele>5.13</ele>
   </trkpt>
   <trkpt lat="38.64307" lon="0.06986">
    <ele>5.13</ele>
   </trkpt>
   <trkpt lat="38.64302" lon="0.06983">
    <ele>5.13</ele>
   </trkpt>
   <trkpt lat="38.64296" lon="0.06982000000000001">
    <ele>5.17</ele>
   </trkpt>
   <trkpt lat="38.642860000000006" lon="0.06928000000000001">
    <ele>5.11</ele>
   </trkpt>
   <trkpt lat="38.642790000000005" lon="0.06845000000000001">
    <ele>5.2700000000000005</ele>
   </trkpt>
   <trkpt lat="38.64253000351018" lon="0.06754499680068624">
    <ele>5.15</ele>
   </trkpt>
   <trkpt lat="38.64227" lon="0.06664">
    <ele>5.2700000000000005</ele>
   </trkpt>
   <trkpt lat="38.64226" lon="0.06638000000000001">
    <ele>5.2700000000000005</ele>
   </trkpt>
   <trkpt lat="38.64229" lon="0.06627000000000001">
    <ele>5.220000000000001</ele>
   </trkpt>
   <trkpt lat="38.64228000000001" lon="0.06615">
    <ele>5.220000000000001</ele>
   </trkpt>
   <trkpt lat="38.64222" lon="0.06606000000000001">
    <ele>5.220000000000001</ele>
   </trkpt>
   <trkpt lat="38.642140000000005" lon="0.06601">
    <ele>5.140000000000001</ele>
   </trkpt>
   <trkpt lat="38.642050000000005" lon="0.06578">
    <ele>5.140000000000001</ele>
   </trkpt>
   <trkpt lat="38.642" lon="0.06543">
    <ele>5.010000000000001</ele>
   </trkpt>
   <trkpt lat="38.64202" lon="0.06495000000000001">
    <ele>4.95</ele>
   </trkpt>
   <trkpt lat="38.64224334086305" lon="0.06401000582524431">
    <ele>5.03</ele>
   </trkpt>
   <trkpt lat="38.64246667420439" lon="0.0630700057916466">
    <ele>5.38</ele>
   </trkpt>
   <trkpt lat="38.64269" lon="0.062130000000000005">
    <ele>5.580000000000001</ele>
   </trkpt>
   <trkpt lat="38.64290667390136" lon="0.06120667234679003">
    <ele>5.87</ele>
   </trkpt>
   <trkpt lat="38.64312334054533" lon="0.060283339110277154">
    <ele>6.260000000000001</ele>
   </trkpt>
   <trkpt lat="38.64334" lon="0.05936">
    <ele>6.930000000000001</ele>
   </trkpt>
   <trkpt lat="38.64338" lon="0.0592">
    <ele>6.930000000000001</ele>
   </trkpt>
   <trkpt lat="38.6435" lon="0.059140000000000005">
    <ele>7.0</ele>
   </trkpt>
   <trkpt lat="38.64354" lon="0.05904">
    <ele>7.0</ele>
   </trkpt>
   <trkpt lat="38.64354" lon="0.05892000000000001">
    <ele>7.07</ele>
   </trkpt>
   <trkpt lat="38.643480000000004" lon="0.058820000000000004">
    <ele>7.12</ele>
   </trkpt>
   <trkpt lat="38.6435" lon="0.058600000000000006">
    <ele>7.0600000000000005</ele>
   </trkpt>
   <trkpt lat="38.643694016145865" lon="0.05762601057610419">
    <ele>7.280000000000001</ele>
   </trkpt>
   <trkpt lat="38.64388802421606" lon="0.056652015878316885">
    <ele>7.46</ele>
   </trkpt>
   <trkpt lat="38.64408202421045" lon="0.05567801590679244">
    <ele>7.74</ele>
   </trkpt>
   <trkpt lat="38.64427601612896" lon="0.0547040106616852">
    <ele>7.78</ele>
   </trkpt>
   <trkpt lat="38.644470000000005" lon="0.05373000000000001">
    <ele>8.100000000000001</ele>
   </trkpt>
   <trkpt lat="38.644540000000006" lon="0.053660000000000006">
    <ele>8.100000000000001</ele>
   </trkpt>
   <trkpt lat="38.644540000000006" lon="0.05351">
    <ele>8.219999999999999</ele>
   </trkpt>
   <trkpt lat="38.644510000000004" lon="0.05346000000000001">
    <ele>8.219999999999999</ele>
   </trkpt>
   <trkpt lat="38.64473001035729" lon="0.052356673470032665">
    <ele>8.43</ele>
   </trkpt>
   <trkpt lat="38.64495001035165" lon="0.0512533401651896">
    <ele>9.88</ele>
   </trkpt>
   <trkpt lat="38.64517" lon="0.05015000000000001">
    <ele>11.420000000000002</ele>
   </trkpt>
   <trkpt lat="38.64522" lon="0.04999000000000001">
    <ele>12.180000000000001</ele>
   </trkpt>
   <trkpt lat="38.64528" lon="0.04993">
    <ele>12.180000000000001</ele>
   </trkpt>
   <trkpt lat="38.645300000000006" lon="0.04982">
    <ele>12.560000000000002</ele>
   </trkpt>
   <trkpt lat="38.64526" lon="0.04972000000000001">
    <ele>13.18</ele>
   </trkpt>
   <trkpt lat="38.645430000000005" lon="0.04889">
    <ele>16.48</ele>
   </trkpt>
   <trkpt lat="38.64547" lon="0.048760000000000005">
    <ele>16.48</ele>
   </trkpt>
   <trkpt lat="38.64574" lon="0.048350000000000004">
    <ele>20.21</ele>
   </trkpt>
   <trkpt lat="38.6458" lon="0.0483">
    <ele>20.67</ele>
   </trkpt>
   <trkpt lat="38.64594" lon="0.048240000000000005">
    <ele>20.790000000000003</ele>
   </trkpt>
   <trkpt lat="38.645990000000005" lon="0.048190000000000004">
    <ele>20.990000000000002</ele>
   </trkpt>
   <trkpt lat="38.646010000000004" lon="0.04811000000000001">
    <ele>20.990000000000002</ele>
   </trkpt>
   <trkpt lat="38.646" lon="0.04805">
    <ele>20.990000000000002</ele>
   </trkpt>
   <trkpt lat="38.64603" lon="0.04796">
    <ele>22.63</ele>
   </trkpt>
   <trkpt lat="38.646170000000005" lon="0.04771">
    <ele>24.25</ele>
   </trkpt>
   <trkpt lat="38.64625" lon="0.04748">
    <ele>24.77</ele>
   </trkpt>
   <trkpt lat="38.64645" lon="0.046560000000000004">
    <ele>28.91</ele>
   </trkpt>
   <trkpt lat="38.6465" lon="0.04624">
    <ele>30.2</ele>
   </trkpt>
   <trkpt lat="38.646480000000004" lon="0.045590000000000006">
    <ele>31.73</ele>
   </trkpt>
   <trkpt lat="38.64643000375211" lon="0.044649999176800105">
    <ele>34.06</ele>
   </trkpt>
   <trkpt lat="38.64638" lon="0.043710000000000006">
    <ele>36.31</ele>
   </trkpt>
   <trkpt lat="38.64622000222362" lon="0.042984998319126326">
    <ele>37.57000000000001</ele>
   </trkpt>
   <trkpt lat="38.646060000000006" lon="0.042260000000000006">
    <ele>39.580000000000005</ele>
   </trkpt>
   <trkpt lat="38.646060000000006" lon="0.04216">
    <ele>39.580000000000005</ele>
   </trkpt>
   <trkpt lat="38.64609" lon="0.04213">
    <ele>39.580000000000005</ele>
   </trkpt>
   <trkpt lat="38.64611" lon="0.04204">
    <ele>39.580000000000005</ele>
   </trkpt>
   <trkpt lat="38.646060000000006" lon="0.041940000000000005">
    <ele>40.480000000000004</ele>
   </trkpt>
   <trkpt lat="38.64598" lon="0.04193">
    <ele>40.480000000000004</ele>
   </trkpt>
   <trkpt lat="38.645860000000006" lon="0.04143">
    <ele>42.300000000000004</ele>
   </trkpt>
   <trkpt lat="38.64576" lon="0.040560000000000006">
    <ele>46.38</ele>
   </trkpt>
   <trkpt lat="38.64569" lon="0.040190000000000003">
    <ele>48.080000000000005</ele>
   </trkpt>
   <trkpt lat="38.645250000000004" lon="0.039240000000000004">
    <ele>51.910000000000004</ele>
   </trkpt>
   <trkpt lat="38.64515" lon="0.03887">
    <ele>53.93000000000001</ele>
   </trkpt>
   <trkpt lat="38.645140000000005" lon="0.038110000000000005">
    <ele>57.06</ele>
   </trkpt>
   <trkpt lat="38.64517" lon="0.03756">
    <ele>59.78000000000001</ele>
   </trkpt>
   <trkpt lat="38.645210000000006" lon="0.037450000000000004">
    <ele>59.78000000000001</ele>
   </trkpt>
   <trkpt lat="38.645230000000005" lon="0.03742">
    <ele>59.78000000000001</ele>
   </trkpt>
   <trkpt lat="38.645300000000006" lon="0.03731">
    <ele>61.43000000000001</ele>
   </trkpt>
   <trkpt lat="38.64529" lon="0.03717">
    <ele>62.02</ele>
   </trkpt>
   <trkpt lat="38.645270000000004" lon="0.0371">
    <ele>62.02</ele>
   </trkpt>
   <trkpt lat="38.64529" lon="0.03676">
    <ele>64.39999999999999</ele>
   </trkpt>
   <trkpt lat="38.645320000000005" lon="0.03658">
    <ele>65.60000000000001</ele>
   </trkpt>
   <trkpt lat="38.645390000000006" lon="0.03619">
    <ele>68.43</ele>
   </trkpt>
   <trkpt lat="38.645540000000004" lon="0.03572">
    <ele>69.92</ele>
   </trkpt>
   <trkpt lat="38.645610000000005" lon="0.035390000000000005">
    <ele>72.59</ele>
   </trkpt>
   <trkpt lat="38.645810000000004" lon="0.034820000000000004">
    <ele>73.07000000000001</ele>
   </trkpt>
   <trkpt lat="38.64591" lon="0.034640000000000004">
    <ele>73.49</ele>
   </trkpt>
   <trkpt lat="38.645990000000005" lon="0.03454">
    <ele>73.82000000000001</ele>
   </trkpt>
   <trkpt lat="38.646040000000006" lon="0.034510000000000006">
    <ele>74.00000000000001</ele>
   </trkpt>
   <trkpt lat="38.64611" lon="0.03449">
    <ele>74.21000000000001</ele>
   </trkpt>
   <trkpt lat="38.64622000000001" lon="0.034510000000000006">
    <ele>75.21000000000001</ele>
   </trkpt>
   <trkpt lat="38.64631" lon="0.03459">
    <ele>75.68</ele>
   </trkpt>
   <trkpt lat="38.64638" lon="0.034710000000000005">
    <ele>76.09</ele>
   </trkpt>
   <trkpt lat="38.64632" lon="0.034850000000000006">
    <ele>76.44000000000001</ele>
   </trkpt>
   <trkpt lat="38.646240000000006" lon="0.034890000000000004">
    <ele>76.73</ele>
   </trkpt>
   <trkpt lat="38.64618" lon="0.03488">
    <ele>76.73</ele>
   </trkpt>
   <trkpt lat="38.64575000000001" lon="0.03441">
    <ele>78.44000000000001</ele>
   </trkpt>
   <trkpt lat="38.64569" lon="0.0344">
    <ele>78.92</ele>
   </trkpt>
   <trkpt lat="38.64517" lon="0.03379">
    <ele>79.64</ele>
   </trkpt>
   <trkpt lat="38.645070000000004" lon="0.03364">
    <ele>79.42999999999999</ele>
   </trkpt>
   <trkpt lat="38.644960000000005" lon="0.033400000000000006">
    <ele>79.33000000000001</ele>
   </trkpt>
   <trkpt lat="38.6449" lon="0.03314">
    <ele>79.32</ele>
   </trkpt>
   <trkpt lat="38.644890000000004" lon="0.03293">
    <ele>79.42</ele>
   </trkpt>
   <trkpt lat="38.64493" lon="0.03266">
    <ele>79.42</ele>
   </trkpt>
   <trkpt lat="38.64526" lon="0.03162">
    <ele>80.78</ele>
   </trkpt>
   <trkpt lat="38.64529" lon="0.03139">
    <ele>80.78</ele>
   </trkpt>
   <trkpt lat="38.645270000000004" lon="0.03104">
    <ele>81.09</ele>
   </trkpt>
   <trkpt lat="38.645160000000004" lon="0.030660000000000003">
    <ele>81.75</ele>
   </trkpt>
   <trkpt lat="38.64499" lon="0.030390000000000004">
    <ele>82.13000000000001</ele>
   </trkpt>
   <trkpt lat="38.64479" lon="0.03019">
    <ele>82.2</ele>
   </trkpt>
   <trkpt lat="38.64426000191792" lon="0.029713326267789254">
    <ele>82.80000000000001</ele>
   </trkpt>
   <trkpt lat="38.64373000190161" lon="0.02923665958654798">
    <ele>84.72</ele>
   </trkpt>
   <trkpt lat="38.6432" lon="0.02876">
    <ele>85.4</ele>
   </trkpt>
   <trkpt lat="38.64298" lon="0.028460000000000003">
    <ele>86.39</ele>
   </trkpt>
   <trkpt lat="38.642860000000006" lon="0.028100000000000003">
    <ele>87.27</ele>
   </trkpt>
   <trkpt lat="38.642830000000004" lon="0.027850000000000003">
    <ele>87.71000000000001</ele>
   </trkpt>
   <trkpt lat="38.64287500166866" lon="0.027225000308719934">
    <ele>88.9</ele>
   </trkpt>
   <trkpt lat="38.642920000000004" lon="0.026600000000000002">
    <ele>89.92000000000002</ele>
   </trkpt>
   <trkpt lat="38.642900000000004" lon="0.026350000000000002">
    <ele>90.89000000000001</ele>
   </trkpt>
   <trkpt lat="38.64287" lon="0.02619">
    <ele>90.89000000000001</ele>
   </trkpt>
   <trkpt lat="38.64276" lon="0.02595">
    <ele>92.37</ele>
   </trkpt>
   <trkpt lat="38.642540000000004" lon="0.025660000000000002">
    <ele>93.00000000000001</ele>
   </trkpt>
   <trkpt lat="38.64196600843142" lon="0.02495597743763639">
    <ele>94.76</ele>
   </trkpt>
   <trkpt lat="38.64139201264365" lon="0.024251966152706753">
    <ele>97.11</ele>
   </trkpt>
   <trkpt lat="38.640818012636856" lon="0.023547966144881704">
    <ele>98.88000000000001</ele>
   </trkpt>
   <trkpt lat="38.640244008411166" lon="0.022843977413831866">
    <ele>99.39</ele>
   </trkpt>
   <trkpt lat="38.63967" lon="0.022140000000000003">
    <ele>99.51</ele>
   </trkpt>
   <trkpt lat="38.639570000000006" lon="0.021920000000000002">
    <ele>99.65</ele>
   </trkpt>
   <trkpt lat="38.63953" lon="0.021670000000000002">
    <ele>99.97</ele>
   </trkpt>
   <trkpt lat="38.63956" lon="0.02142">
    <ele>100.03</ele>
   </trkpt>
   <trkpt lat="38.63972500257593" lon="0.020650001528124014">
    <ele>100.48000000000002</ele>
   </trkpt>
   <trkpt lat="38.63989" lon="0.019880000000000002">
    <ele>101.76</ele>
   </trkpt>
   <trkpt lat="38.639900000000004" lon="0.019690000000000003">
    <ele>102.03</ele>
   </trkpt>
   <trkpt lat="38.63987" lon="0.019510000000000003">
    <ele>102.03</ele>
   </trkpt>
   <trkpt lat="38.63984000000001" lon="0.01938">
    <ele>102.35000000000001</ele>
   </trkpt>
   <trkpt lat="38.63964" lon="0.018940000000000002">
    <ele>103.02000000000001</ele>
   </trkpt>
   <trkpt lat="38.639590000000005" lon="0.01872">
    <ele>103.98</ele>
   </trkpt>
   <trkpt lat="38.63958" lon="0.018600000000000002">
    <ele>104.22</ele>
   </trkpt>
   <trkpt lat="38.63959667262608" lon="0.017763333692260415">
    <ele>109.09</ele>
   </trkpt>
   <trkpt lat="38.63961333929335" lon="0.016926666995330502">
    <ele>113.07000000000001</ele>
   </trkpt>
   <trkpt lat="38.639630000000004" lon="0.01609">
    <ele>116.83</ele>
   </trkpt>
   <trkpt lat="38.63960000522101" lon="0.015306665950109256">
    <ele>122.13000000000001</ele>
   </trkpt>
   <trkpt lat="38.63957000521868" lon="0.014523332555931244">
    <ele>124.45</ele>
   </trkpt>
   <trkpt lat="38.639540000000004" lon="0.01374">
    <ele>125.96000000000001</ele>
   </trkpt>
   <trkpt lat="38.63956" lon="0.01357">
    <ele>125.27000000000002</ele>
   </trkpt>
   <trkpt lat="38.639680000000006" lon="0.013210000000000001">
    <ele>124.2</ele>
   </trkpt>
   <trkpt lat="38.63996" lon="0.01247">
    <ele>118.94</ele>
   </trkpt>
   <trkpt lat="38.640040000000006" lon="0.012180000000000002">
    <ele>117.46000000000001</ele>
   </trkpt>
   <trkpt lat="38.64007" lon="0.01196">
    <ele>117.46000000000001</ele>
   </trkpt>
   <trkpt lat="38.64003000629688" lon="0.01109999906256249">
    <ele>113.32000000000001</ele>
   </trkpt>
   <trkpt lat="38.63999000629792" lon="0.010239999084999542">
    <ele>109.29</ele>
   </trkpt>
   <trkpt lat="38.639950000000006" lon="0.009380000000000001">
    <ele>106.12</ele>
   </trkpt>
   <trkpt lat="38.639880000000005" lon="0.009130000000000001">
    <ele>105.47000000000001</ele>
   </trkpt>
   <trkpt lat="38.63942" lon="0.00822">
    <ele>100.43</ele>
   </trkpt>
   <trkpt lat="38.63927" lon="0.00805">
    <ele>99.72</ele>
   </trkpt>
   <trkpt lat="38.638960000000004" lon="0.00782">
    <ele>98.75</ele>
   </trkpt>
   <trkpt lat="38.638850000000005" lon="0.007680000000000001">
    <ele>96.96000000000001</ele>
   </trkpt>
   <trkpt lat="38.63868" lon="0.007320000000000001">
    <ele>96.60000000000001</ele>
   </trkpt>
   <trkpt lat="38.638540000000006" lon="0.0071">
    <ele>95.71000000000001</ele>
   </trkpt>
   <trkpt lat="38.63835" lon="0.006880000000000001">
    <ele>95.35000000000001</ele>
   </trkpt>
   <trkpt lat="38.6381" lon="0.00668">
    <ele>94.74000000000001</ele>
   </trkpt>
   <trkpt lat="38.637840000000004" lon="0.006500000000000001">
    <ele>92.7</ele>
   </trkpt>
   <trkpt lat="38.637370000000004" lon="0.0061">
    <ele>89.66</ele>
   </trkpt>
   <trkpt lat="38.63702" lon="0.00583">
    <ele>88.37</ele>
   </trkpt>
   <trkpt lat="38.636770000000006" lon="0.00568">
    <ele>87.42000000000002</ele>
   </trkpt>
   <trkpt lat="38.636143333512315" lon="0.00551999719247037">
    <ele>86.62</ele>
   </trkpt>
   <trkpt lat="38.63551666680673" lon="0.0053599971825686096">
    <ele>85.98</ele>
   </trkpt>
   <trkpt lat="38.634890000000006" lon="0.005200000000000001">
    <ele>85.37</ele>
   </trkpt>
   <trkpt lat="38.63472" lon="0.00513">
    <ele>85.24000000000001</ele>
   </trkpt>
   <trkpt lat="38.63448" lon="0.00496">
    <ele>85.09000000000002</ele>
   </trkpt>
   <trkpt lat="38.63438" lon="0.0048400000000000006">
    <ele>84.82000000000001</ele>
   </trkpt>
   <trkpt lat="38.63425" lon="0.00459">
    <ele>84.77000000000001</ele>
   </trkpt>
   <trkpt lat="38.6342" lon="0.004430000000000001">
    <ele>84.77000000000001</ele>
   </trkpt>
   <trkpt lat="38.634150000000005" lon="0.00413">
    <ele>84.64</ele>
   </trkpt>
   <trkpt lat="38.63411" lon="0.0033100000000000004">
    <ele>84.13000000000001</ele>
   </trkpt>
   <trkpt lat="38.634185001546236" lon="0.0027050007263837504">
    <ele>83.35000000000001</ele>
   </trkpt>
   <trkpt lat="38.634260000000005" lon="0.0021000000000000003">
    <ele>82.19000000000001</ele>
   </trkpt>
   <trkpt lat="38.63425" lon="0.0018800000000000002">
    <ele>81.79</ele>
   </trkpt>
   <trkpt lat="38.63418" lon="0.00169">
    <ele>80.86</ele>
   </trkpt>
   <trkpt lat="38.63405" lon="0.0015300000000000001">
    <ele>79.75</ele>
   </trkpt>
   <trkpt lat="38.63370000073925" lon="0.0011599983590809303">
    <ele>77.47000000000001</ele>
   </trkpt>
   <trkpt lat="38.63335" lon="0.00079">
    <ele>74.67</ele>
   </trkpt>
   <trkpt lat="38.63262500171933" lon="0.00014999350652757678">
    <ele>71.54</ele>
   </trkpt>
   <trkpt lat="38.6319" lon="-0.0004900000000000001">
    <ele>70.10000000000001</ele>
   </trkpt>
   <trkpt lat="38.63179" lon="-0.00071">
    <ele>69.60000000000001</ele>
   </trkpt>
   <trkpt lat="38.63174" lon="-0.00099">
    <ele>69.21000000000001</ele>
   </trkpt>
   <trkpt lat="38.631710000000005" lon="-0.00141">
    <ele>68.9</ele>
   </trkpt>
   <trkpt lat="38.63179" lon="-0.00167">
    <ele>68.81</ele>
   </trkpt>
   <trkpt lat="38.631980000000006" lon="-0.00216">
    <ele>69.11</ele>
   </trkpt>
   <trkpt lat="38.63199" lon="-0.0022600000000000003">
    <ele>69.26</ele>
   </trkpt>
   <trkpt lat="38.631840000000004" lon="-0.00284">
    <ele>70.89</ele>
   </trkpt>
   <trkpt lat="38.63177" lon="-0.0036200000000000004">
    <ele>73.15</ele>
   </trkpt>
   <trkpt lat="38.63165" lon="-0.00411">
    <ele>73.52</ele>
   </trkpt>
   <trkpt lat="38.631640000000004" lon="-0.00428">
    <ele>73.52</ele>
   </trkpt>
   <trkpt lat="38.63167" lon="-0.0047">
    <ele>72.99</ele>
   </trkpt>
   <trkpt lat="38.63165" lon="-0.005090000000000001">
    <ele>72.16</ele>
   </trkpt>
   <trkpt lat="38.63157" lon="-0.00553">
    <ele>70.54</ele>
   </trkpt>
   <trkpt lat="38.63141" lon="-0.0061600000000000005">
    <ele>66.27000000000001</ele>
   </trkpt>
   <trkpt lat="38.631350000000005" lon="-0.00693">
    <ele>63.09</ele>
   </trkpt>
   <trkpt lat="38.63134" lon="-0.00734">
    <ele>62.230000000000004</ele>
   </trkpt>
   <trkpt lat="38.631350000000005" lon="-0.0074600000000000005">
    <ele>61.95</ele>
   </trkpt>
   <trkpt lat="38.63148" lon="-0.00803">
    <ele>61.480000000000004</ele>
   </trkpt>
   <trkpt lat="38.6315" lon="-0.00817">
    <ele>61.440000000000005</ele>
   </trkpt>
   <trkpt lat="38.63141" lon="-0.0091">
    <ele>60.95</ele>
   </trkpt>
   <trkpt lat="38.63143" lon="-0.0094">
    <ele>60.95</ele>
   </trkpt>
   <trkpt lat="38.63152" lon="-0.009710000000000002">
    <ele>60.54</ele>
   </trkpt>
   <trkpt lat="38.63185000585142" lon="-0.010539992327594094">
    <ele>60.32000000000001</ele>
   </trkpt>
   <trkpt lat="38.632180005839025" lon="-0.011369992296303012">
    <ele>60.58</ele>
   </trkpt>
   <trkpt lat="38.63251" lon="-0.0122">
    <ele>61.59</ele>
   </trkpt>
   <trkpt lat="38.632560000000005" lon="-0.01237">
    <ele>61.69</ele>
   </trkpt>
   <trkpt lat="38.632580000000004" lon="-0.012580000000000001">
    <ele>61.68000000000001</ele>
   </trkpt>
   <trkpt lat="38.63257" lon="-0.0128">
    <ele>61.53000000000001</ele>
   </trkpt>
   <trkpt lat="38.63251" lon="-0.01297">
    <ele>61.36000000000001</ele>
   </trkpt>
   <trkpt lat="38.632400000000004" lon="-0.0131">
    <ele>61.300000000000004</ele>
   </trkpt>
   <trkpt lat="38.63232" lon="-0.01318">
    <ele>61.28000000000001</ele>
   </trkpt>
   <trkpt lat="38.63214" lon="-0.013200000000000002">
    <ele>61.230000000000004</ele>
   </trkpt>
   <trkpt lat="38.63203" lon="-0.01319">
    <ele>61.34</ele>
   </trkpt>
   <trkpt lat="38.63138" lon="-0.01305">
    <ele>63.53</ele>
   </trkpt>
   <trkpt lat="38.630930000000006" lon="-0.01288">
    <ele>65.21000000000001</ele>
   </trkpt>
   <trkpt lat="38.63074" lon="-0.012830000000000001">
    <ele>65.88000000000001</ele>
   </trkpt>
   <trkpt lat="38.63046000000001" lon="-0.012830000000000001">
    <ele>67.62</ele>
   </trkpt>
   <trkpt lat="38.63031" lon="-0.012860000000000002">
    <ele>68.29</ele>
   </trkpt>
   <trkpt lat="38.63017" lon="-0.01297">
    <ele>68.72</ele>
   </trkpt>
   <trkpt lat="38.63002" lon="-0.01314">
    <ele>68.79</ele>
   </trkpt>
   <trkpt lat="38.62991" lon="-0.01336">
    <ele>68.82000000000001</ele>
   </trkpt>
   <trkpt lat="38.62988" lon="-0.013500000000000002">
    <ele>68.58</ele>
   </trkpt>
   <trkpt lat="38.629870000000004" lon="-0.013790000000000002">
    <ele>68.24000000000001</ele>
   </trkpt>
   <trkpt lat="38.62995" lon="-0.014450000000000001">
    <ele>66.15</ele>
   </trkpt>
   <trkpt lat="38.630010000000006" lon="-0.014580000000000001">
    <ele>63.660000000000004</ele>
   </trkpt>
   <trkpt lat="38.63011" lon="-0.01471">
    <ele>63.660000000000004</ele>
   </trkpt>
   <trkpt lat="38.630230000000005" lon="-0.014750000000000001">
    <ele>63.660000000000004</ele>
   </trkpt>
   <trkpt lat="38.6304" lon="-0.014780000000000001">
    <ele>61.09</ele>
   </trkpt>
   <trkpt lat="38.630590000000005" lon="-0.01484">
    <ele>61.09</ele>
   </trkpt>
   <trkpt lat="38.63071" lon="-0.014960000000000001">
    <ele>58.34</ele>
   </trkpt>
   <trkpt lat="38.630770000000005" lon="-0.015130000000000001">
    <ele>58.34</ele>
   </trkpt>
   <trkpt lat="38.630750000000006" lon="-0.015330000000000002">
    <ele>57.34</ele>
   </trkpt>
   <trkpt lat="38.63051" lon="-0.01599">
    <ele>52.71000000000001</ele>
   </trkpt>
   <trkpt lat="38.63047" lon="-0.016130000000000002">
    <ele>52.71000000000001</ele>
   </trkpt>
   <trkpt lat="38.63047" lon="-0.01623">
    <ele>51.300000000000004</ele>
   </trkpt>
   <trkpt lat="38.63049" lon="-0.01641">
    <ele>51.300000000000004</ele>
   </trkpt>
   <trkpt lat="38.630590000000005" lon="-0.01659">
    <ele>49.5</ele>
   </trkpt>
   <trkpt lat="38.630880000000005" lon="-0.01691">
    <ele>48.040000000000006</ele>
   </trkpt>
   <trkpt lat="38.63096" lon="-0.01709">
    <ele>47.690000000000005</ele>
   </trkpt>
   <trkpt lat="38.630990000000004" lon="-0.01726">
    <ele>47.470000000000006</ele>
   </trkpt>
   <trkpt lat="38.630950000000006" lon="-0.01752">
    <ele>47.470000000000006</ele>
   </trkpt>
   <trkpt lat="38.63087" lon="-0.01776">
    <ele>47.41</ele>
   </trkpt>
   <trkpt lat="38.63076" lon="-0.017910000000000002">
    <ele>47.46</ele>
   </trkpt>
   <trkpt lat="38.630590000000005" lon="-0.01796">
    <ele>47.09</ele>
   </trkpt>
   <trkpt lat="38.630430000000004" lon="-0.01797">
    <ele>47.09</ele>
   </trkpt>
   <trkpt lat="38.63004" lon="-0.017920000000000002">
    <ele>46.06</ele>
   </trkpt>
   <trkpt lat="38.629830000000005" lon="-0.01793">
    <ele>45.4</ele>
   </trkpt>
   <trkpt lat="38.62964" lon="-0.01802">
    <ele>44.9</ele>
   </trkpt>
   <trkpt lat="38.62898666872347" lon="-0.01851334233514332">
    <ele>43.79</ele>
   </trkpt>
   <trkpt lat="38.62833333537533" lon="-0.019006675679515774">
    <ele>42.190000000000005</ele>
   </trkpt>
   <trkpt lat="38.627680000000005" lon="-0.0195">
    <ele>40.480000000000004</ele>
   </trkpt>
   <trkpt lat="38.627190000000006" lon="-0.0199">
    <ele>39.16</ele>
   </trkpt>
   <trkpt lat="38.62677500016376" lon="-0.02016000158243186">
    <ele>38.540000000000006</ele>
   </trkpt>
   <trkpt lat="38.626360000000005" lon="-0.02042">
    <ele>38.63</ele>
   </trkpt>
   <trkpt lat="38.625780000000006" lon="-0.020980000000000002">
    <ele>39.150000000000006</ele>
   </trkpt>
   <trkpt lat="38.625690000000006" lon="-0.021070000000000002">
    <ele>39.03</ele>
   </trkpt>
   <trkpt lat="38.625620000000005" lon="-0.021230000000000002">
    <ele>38.82</ele>
   </trkpt>
   <trkpt lat="38.62558000000001" lon="-0.02135">
    <ele>38.82</ele>
   </trkpt>
   <trkpt lat="38.625486675405504" lon="-0.02236333598366008">
    <ele>37.71</ele>
   </trkpt>
   <trkpt lat="38.625393342071014" lon="-0.02337666932957209">
    <ele>39.52</ele>
   </trkpt>
   <trkpt lat="38.6253" lon="-0.024390000000000002">
    <ele>40.260000000000005</ele>
   </trkpt>
   <trkpt lat="38.62521" lon="-0.024640000000000002">
    <ele>39.85</ele>
   </trkpt>
   <trkpt lat="38.62514" lon="-0.02475">
    <ele>39.300000000000004</ele>
   </trkpt>
   <trkpt lat="38.624990000000004" lon="-0.02492">
    <ele>38.790000000000006</ele>
   </trkpt>
   <trkpt lat="38.624770000000005" lon="-0.02508">
    <ele>38.19</ele>
   </trkpt>
   <trkpt lat="38.62400600412081" lon="-0.025572020966203014">
    <ele>33.870000000000005</ele>
   </trkpt>
   <trkpt lat="38.62324200618117" lon="-0.026064031448779647">
    <ele>31.71</ele>
   </trkpt>
   <trkpt lat="38.62247800618121" lon="-0.026556031448211656">
    <ele>27.53</ele>
   </trkpt>
   <trkpt lat="38.621714004121" lon="-0.02704802096498076">
    <ele>23.87</ele>
   </trkpt>
   <trkpt lat="38.62095" lon="-0.027540000000000002">
    <ele>19.48</ele>
   </trkpt>
   <trkpt lat="38.62046" lon="-0.027920000000000004">
    <ele>17.75</ele>
   </trkpt>
   <trkpt lat="38.620110000000004" lon="-0.02823">
    <ele>15.22</ele>
   </trkpt>
   <trkpt lat="38.619510000000005" lon="-0.02885">
    <ele>13.47</ele>
   </trkpt>
   <trkpt lat="38.6195" lon="-0.02885">
    <ele>13.47</ele>
   </trkpt>
   <trkpt lat="38.61882286820948" lon="-0.029508608739865317">
    <ele>12.63</ele>
   </trkpt>
   <trkpt lat="38.61814573272721" lon="-0.03016720504437631">
    <ele>12.22</ele>
   </trkpt>
   <trkpt lat="38.61746859355336" lon="-0.030825788914001357">
    <ele>12.42</ele>
   </trkpt>
   <trkpt lat="38.61679145068812" lon="-0.03148436034920879">
    <ele>13.22</ele>
   </trkpt>
   <trkpt lat="38.61611430413162" lon="-0.032142919350466974">
    <ele>13.7</ele>
   </trkpt>
   <trkpt lat="38.615437153884024" lon="-0.03280146591824419">
    <ele>14.430000000000001</ele>
   </trkpt>
   <trkpt lat="38.614760000000004" lon="-0.033460000000000004">
    <ele>15.67</ele>
   </trkpt>
   <trkpt lat="38.61406092913762" lon="-0.03414643052105151">
    <ele>16.21</ele>
   </trkpt>
   <trkpt lat="38.613361854265165" lon="-0.03483284766379574">
    <ele>15.76</ele>
   </trkpt>
   <trkpt lat="38.61266277538283" lon="-0.035519251428751425">
    <ele>12.31</ele>
   </trkpt>
   <trkpt lat="38.61196369249077" lon="-0.03620564181643728">
    <ele>11.1</ele>
   </trkpt>
   <trkpt lat="38.6112646055892" lon="-0.03689201882737202">
    <ele>10.49</ele>
   </trkpt>
   <trkpt lat="38.610565514678264" lon="-0.03757838246207431">
    <ele>10.57</ele>
   </trkpt>
   <trkpt lat="38.60986641975816" lon="-0.03826473272106282">
    <ele>11.070000000000002</ele>
   </trkpt>
   <trkpt lat="38.60916732082906" lon="-0.0389510696048562">
    <ele>11.420000000000002</ele>
   </trkpt>
   <trkpt lat="38.60846821789114" lon="-0.03963739311397307">
    <ele>10.88</ele>
   </trkpt>
   <trkpt lat="38.60776911094459" lon="-0.040323703248932044">
    <ele>11.01</ele>
   </trkpt>
   <trkpt lat="38.60707" lon="-0.041010000000000005">
    <ele>12.39</ele>
   </trkpt>
   <trkpt lat="38.60635667068226" lon="-0.04169668031605661">
    <ele>12.48</ele>
   </trkpt>
   <trkpt lat="38.60564333735177" lon="-0.04238334697973906">
    <ele>12.4</ele>
   </trkpt>
   <trkpt lat="38.60493" lon="-0.043070000000000004">
    <ele>12.25</ele>
   </trkpt>
   <trkpt lat="38.604413335555044" lon="-0.04358000733558974">
    <ele>11.070000000000002</ele>
   </trkpt>
   <trkpt lat="38.60389666889655" lon="-0.04409000732740726">
    <ele>10.3</ele>
   </trkpt>
   <trkpt lat="38.60338" lon="-0.0446">
    <ele>9.99</ele>
   </trkpt>
   <trkpt lat="38.60325" lon="-0.04469">
    <ele>9.950000000000001</ele>
   </trkpt>
   <trkpt lat="38.602900000000005" lon="-0.04508">
    <ele>9.7</ele>
   </trkpt>
   <trkpt lat="38.60226500137757" lon="-0.04567500538526155">
    <ele>9.120000000000001</ele>
   </trkpt>
   <trkpt lat="38.60163" lon="-0.046270000000000006">
    <ele>8.67</ele>
   </trkpt>
   <trkpt lat="38.601240000000004" lon="-0.046700000000000005">
    <ele>8.66</ele>
   </trkpt>
   <trkpt lat="38.60072" lon="-0.04718000000000001">
    <ele>8.860000000000001</ele>
   </trkpt>
   <trkpt lat="38.60030500067804" lon="-0.0475900024074507">
    <ele>9.07</ele>
   </trkpt>
   <trkpt lat="38.59989" lon="-0.048">
    <ele>9.07</ele>
   </trkpt>
   <trkpt lat="38.599395000487654" lon="-0.04830500204686768">
    <ele>8.530000000000001</ele>
   </trkpt>
   <trkpt lat="38.5989" lon="-0.04861000000000001">
    <ele>8.63</ele>
   </trkpt>
   <trkpt lat="38.598469999927055" lon="-0.048860001694708485">
    <ele>9.07</ele>
   </trkpt>
   <trkpt lat="38.598040000000005" lon="-0.04911">
    <ele>9.36</ele>
   </trkpt>
   <trkpt lat="38.59794" lon="-0.0492">
    <ele>9.47</ele>
   </trkpt>
   <trkpt lat="38.59759000090152" lon="-0.04967500239548695">
    <ele>10.51</ele>
   </trkpt>
   <trkpt lat="38.597240000000006" lon="-0.05015000000000001">
    <ele>12.030000000000001</ele>
   </trkpt>
   <trkpt lat="38.596742505252685" lon="-0.050792513380270174">
    <ele>12.860000000000001</ele>
   </trkpt>
   <trkpt lat="38.59624500699247" lon="-0.05143501785446543">
    <ele>12.84</ele>
   </trkpt>
   <trkpt lat="38.595747505219464" lon="-0.05207751342280493">
    <ele>12.450000000000001</ele>
   </trkpt>
   <trkpt lat="38.59525" lon="-0.05272">
    <ele>12.190000000000001</ele>
   </trkpt>
   <trkpt lat="38.594750000000005" lon="-0.05339000000000001">
    <ele>11.83</ele>
   </trkpt>
   <trkpt lat="38.59415667174075" lon="-0.054160012690676496">
    <ele>12.040000000000001</ele>
   </trkpt>
   <trkpt lat="38.5935633384362" lon="-0.05493001265311996">
    <ele>12.25</ele>
   </trkpt>
   <trkpt lat="38.59297" lon="-0.055700000000000006">
    <ele>11.53</ele>
   </trkpt>
   <trkpt lat="38.592330000000004" lon="-0.054950000000000006">
    <ele>6.72</ele>
   </trkpt>
   <trkpt lat="38.59168750388876" lon="-0.05550251483951929">
    <ele>6.68</ele>
   </trkpt>
   <trkpt lat="38.591045005179915" lon="-0.056055019790092746">
    <ele>6.5600000000000005</ele>
   </trkpt>
   <trkpt lat="38.59040250387362" lon="-0.05660751485208485">
    <ele>6.55</ele>
   </trkpt>
   <trkpt lat="38.589760000000005" lon="-0.05716">
    <ele>6.53</ele>
   </trkpt>
   <trkpt lat="38.58946" lon="-0.05738000000000001">
    <ele>6.3100000000000005</ele>
   </trkpt>
   <trkpt lat="38.588875000229294" lon="-0.05771500287150296">
    <ele>6.23</ele>
   </trkpt>
   <trkpt lat="38.58829" lon="-0.058050000000000004">
    <ele>5.9799999999999995</ele>
   </trkpt>
   <trkpt lat="38.58766666797103" lon="-0.05845000698134001">
    <ele>6.78</ele>
   </trkpt>
   <trkpt lat="38.5870433345806" lon="-0.058850007017879735">
    <ele>7.25</ele>
   </trkpt>
   <trkpt lat="38.586420000000004" lon="-0.059250000000000004">
    <ele>7.53</ele>
   </trkpt>
   <trkpt lat="38.5856466686372" lon="-0.05972667691024796">
    <ele>7.8100000000000005</ele>
   </trkpt>
   <trkpt lat="38.584873335341065" lon="-0.06020334355381081">
    <ele>7.840000000000002</ele>
   </trkpt>
   <trkpt lat="38.58410000000001" lon="-0.060680000000000005">
    <ele>8.13</ele>
   </trkpt>
   <trkpt lat="38.58342500110455" lon="-0.06120000492280938">
    <ele>8.0</ele>
   </trkpt>
   <trkpt lat="38.582750000000004" lon="-0.061720000000000004">
    <ele>8.100000000000001</ele>
   </trkpt>
   <trkpt lat="38.58229" lon="-0.062000000000000006">
    <ele>8.180000000000001</ele>
   </trkpt>
   <trkpt lat="38.58218" lon="-0.062110000000000005">
    <ele>8.350000000000001</ele>
   </trkpt>
   <trkpt lat="38.5822" lon="-0.06219">
    <ele>8.350000000000001</ele>
   </trkpt>
   <trkpt lat="38.58216" lon="-0.062270000000000006">
    <ele>8.370000000000001</ele>
   </trkpt>
   <trkpt lat="38.582100000000004" lon="-0.06228">
    <ele>8.31</ele>
   </trkpt>
   <trkpt lat="38.582060000000006" lon="-0.06226">
    <ele>8.31</ele>
   </trkpt>
   <trkpt lat="38.58205" lon="-0.062220000000000004">
    <ele>8.31</ele>
   </trkpt>
   <trkpt lat="38.581440000359706" lon="-0.06245000394100782">
    <ele>8.21</ele>
   </trkpt>
   <trkpt lat="38.58083000026931" lon="-0.06268000397504131">
    <ele>8.17</ele>
   </trkpt>
   <trkpt lat="38.580220000000004" lon="-0.06291000000000001">
    <ele>8.270000000000001</ele>
   </trkpt>
   <trkpt lat="38.579724999968995" lon="-0.06312000154000884">
    <ele>8.41</ele>
   </trkpt>
   <trkpt lat="38.57923" lon="-0.06333000000000001">
    <ele>8.370000000000001</ele>
   </trkpt>
   <trkpt lat="38.57864" lon="-0.06368">
    <ele>8.4</ele>
   </trkpt>
   <trkpt lat="38.578125000510944" lon="-0.06401000233547756">
    <ele>8.34</ele>
   </trkpt>
   <trkpt lat="38.57761" lon="-0.06434000000000001">
    <ele>8.39</ele>
   </trkpt>
   <trkpt lat="38.57715" lon="-0.0645">
    <ele>8.39</ele>
   </trkpt>
   <trkpt lat="38.57705" lon="-0.06455000000000001">
    <ele>8.26</ele>
   </trkpt>
   <trkpt lat="38.577070000000006" lon="-0.06468">
    <ele>8.26</ele>
   </trkpt>
   <trkpt lat="38.577020000000005" lon="-0.06475">
    <ele>8.26</ele>
   </trkpt>
   <trkpt lat="38.57692" lon="-0.06471">
    <ele>8.110000000000001</ele>
   </trkpt>
   <trkpt lat="38.5769" lon="-0.06462000000000001">
    <ele>7.670000000000001</ele>
   </trkpt>
   <trkpt lat="38.57686" lon="-0.06458">
    <ele>7.51</ele>
   </trkpt>
   <trkpt lat="38.57681" lon="-0.06461">
    <ele>7.51</ele>
   </trkpt>
   <trkpt lat="38.57661" lon="-0.06463">
    <ele>7.38</ele>
   </trkpt>
   <trkpt lat="38.57608000003796" lon="-0.06470500055136927">
    <ele>7.17</ele>
   </trkpt>
   <trkpt lat="38.57555" lon="-0.06478">
    <ele>7.11</ele>
   </trkpt>
   <trkpt lat="38.57497" lon="-0.06479">
    <ele>7.11</ele>
   </trkpt>
  </trkseg>
 </trk>
</gpx>
