<?xml version="1.0" encoding="UTF-8"?>
<gpx creator="StravaGPX" version="1.1" xmlns="http://www.topografix.com/GPX/1/1" xmlns:xsi="http://www.w3.org/2001/XMLSchema-instance" xsi:schemaLocation="http://www.topografix.com/GPX/1/1 http://www.topografix.com/GPX/1/1/gpx.xsd">
 <metadata>
  <name>🔴Rit 6: De Rustdag is Voorbij: 1800 hm in de Benen</name>
  <author>
   <name>Roel Terro ⚡️Forza Fortuna 🧡</name>
   <link href="https://www.strava.com/athletes/3097444"/>
  </author>
  <copyright author="OpenStreetMap contributors">
   <year>2020</year>
   <license>https://www.openstreetmap.org/copyright</license>
  </copyright>
  <link href="https://www.strava.com/routes/3538198492953538602"/>
 </metadata>
 <trk>
  <name>🔴Rit 6: De Rustdag is Voorbij: 1800 hm in de Benen</name>
  <link href="https://www.strava.com/routes/3538198492953538602"/>
  <type>cycling</type>
  <trkseg>
   <trkpt lat="38.573570000000004" lon="-0.06479">
    <ele>7.750000000000001</ele>
   </trkpt>
   <trkpt lat="38.574110000000005" lon="-0.06479">
    <ele>7.5200000000000005</ele>
   </trkpt>
   <trkpt lat="38.57479500004866" lon="-0.06480499985801436">
    <ele>7.65</ele>
   </trkpt>
   <trkpt lat="38.575480000000006" lon="-0.06482">
    <ele>7.630000000000001</ele>
   </trkpt>
   <trkpt lat="38.576080000000005" lon="-0.06473000000000001">
    <ele>7.73</ele>
   </trkpt>
   <trkpt lat="38.576840000000004" lon="-0.06464">
    <ele>8.100000000000001</ele>
   </trkpt>
   <trkpt lat="38.5769" lon="-0.06462000000000001">
    <ele>8.110000000000001</ele>
   </trkpt>
   <trkpt lat="38.57696" lon="-0.06453">
    <ele>8.360000000000001</ele>
   </trkpt>
   <trkpt lat="38.57705" lon="-0.06455000000000001">
    <ele>8.360000000000001</ele>
   </trkpt>
   <trkpt lat="38.577070000000006" lon="-0.06468">
    <ele>8.26</ele>
   </trkpt>
   <trkpt lat="38.577020000000005" lon="-0.06475">
    <ele>8.26</ele>
   </trkpt>
   <trkpt lat="38.57699" lon="-0.06474">
    <ele>8.26</ele>
   </trkpt>
   <trkpt lat="38.57705" lon="-0.06489">
    <ele>8.17</ele>
   </trkpt>
   <trkpt lat="38.577505001225326" lon="-0.06541999667814756">
    <ele>8.15</ele>
   </trkpt>
   <trkpt lat="38.577960000000004" lon="-0.06595000000000001">
    <ele>8.63</ele>
   </trkpt>
   <trkpt lat="38.57836000089201" lon="-0.0663899976249726">
    <ele>8.48</ele>
   </trkpt>
   <trkpt lat="38.57876" lon="-0.06683">
    <ele>8.56</ele>
   </trkpt>
   <trkpt lat="38.57883" lon="-0.06693">
    <ele>8.56</ele>
   </trkpt>
   <trkpt lat="38.57896" lon="-0.06695000000000001">
    <ele>8.48</ele>
   </trkpt>
   <trkpt lat="38.579130000000006" lon="-0.06676">
    <ele>8.3</ele>
   </trkpt>
   <trkpt lat="38.579716672254236" lon="-0.06595001322498006">
    <ele>8.51</ele>
   </trkpt>
   <trkpt lat="38.580303338926186" lon="-0.06514001321790219">
    <ele>8.76</ele>
   </trkpt>
   <trkpt lat="38.580890000000004" lon="-0.06433000000000001">
    <ele>8.84</ele>
   </trkpt>
   <trkpt lat="38.581160000000004" lon="-0.06403">
    <ele>8.63</ele>
   </trkpt>
   <trkpt lat="38.581900000000005" lon="-0.06347">
    <ele>8.57</ele>
   </trkpt>
   <trkpt lat="38.58205" lon="-0.06326000000000001">
    <ele>8.450000000000001</ele>
   </trkpt>
   <trkpt lat="38.58213000000001" lon="-0.0631">
    <ele>8.31</ele>
   </trkpt>
   <trkpt lat="38.582170000000005" lon="-0.06292">
    <ele>8.31</ele>
   </trkpt>
   <trkpt lat="38.58218" lon="-0.06275">
    <ele>8.25</ele>
   </trkpt>
   <trkpt lat="38.582150000000006" lon="-0.06237">
    <ele>8.350000000000001</ele>
   </trkpt>
   <trkpt lat="38.58216" lon="-0.062270000000000006">
    <ele>8.350000000000001</ele>
   </trkpt>
   <trkpt lat="38.5822" lon="-0.06219">
    <ele>8.350000000000001</ele>
   </trkpt>
   <trkpt lat="38.58218" lon="-0.062110000000000005">
    <ele>8.180000000000001</ele>
   </trkpt>
   <trkpt lat="38.58229" lon="-0.062000000000000006">
    <ele>8.180000000000001</ele>
   </trkpt>
   <trkpt lat="38.582750000000004" lon="-0.061720000000000004">
    <ele>8.040000000000001</ele>
   </trkpt>
   <trkpt lat="38.5834250011962" lon="-0.0612000048522014">
    <ele>8.0</ele>
   </trkpt>
   <trkpt lat="38.58410000000001" lon="-0.060680000000000005">
    <ele>8.13</ele>
   </trkpt>
   <trkpt lat="38.58487333522939" lon="-0.06020334362264442">
    <ele>7.840000000000002</ele>
   </trkpt>
   <trkpt lat="38.585646668525534" lon="-0.05972667697908342">
    <ele>7.790000000000001</ele>
   </trkpt>
   <trkpt lat="38.586420000000004" lon="-0.059250000000000004">
    <ele>7.53</ele>
   </trkpt>
   <trkpt lat="38.58704333475184" lon="-0.0588500069079988">
    <ele>7.25</ele>
   </trkpt>
   <trkpt lat="38.587666668142255" lon="-0.05845000687145768">
    <ele>6.78</ele>
   </trkpt>
   <trkpt lat="38.58829" lon="-0.058050000000000004">
    <ele>5.9799999999999995</ele>
   </trkpt>
   <trkpt lat="38.58887500072562" lon="-0.05771500258727636">
    <ele>6.23</ele>
   </trkpt>
   <trkpt lat="38.58946" lon="-0.05738000000000001">
    <ele>6.3100000000000005</ele>
   </trkpt>
   <trkpt lat="38.589760000000005" lon="-0.05716">
    <ele>6.53</ele>
   </trkpt>
   <trkpt lat="38.590250000000005" lon="-0.056720000000000007">
    <ele>6.55</ele>
   </trkpt>
   <trkpt lat="38.59084500323527" lon="-0.056215012572154145">
    <ele>6.61</ele>
   </trkpt>
   <trkpt lat="38.591440004300566" lon="-0.055710016774256244">
    <ele>6.68</ele>
   </trkpt>
   <trkpt lat="38.59203500319578" lon="-0.05520501260601981">
    <ele>6.73</ele>
   </trkpt>
   <trkpt lat="38.59263" lon="-0.054700000000000006">
    <ele>6.7700000000000005</ele>
   </trkpt>
   <trkpt lat="38.5927" lon="-0.054560000000000004">
    <ele>6.53</ele>
   </trkpt>
   <trkpt lat="38.5927" lon="-0.05446">
    <ele>6.49</ele>
   </trkpt>
   <trkpt lat="38.59275" lon="-0.054400000000000004">
    <ele>6.57</ele>
   </trkpt>
   <trkpt lat="38.59311" lon="-0.05428">
    <ele>7.12</ele>
   </trkpt>
   <trkpt lat="38.59353" lon="-0.05385">
    <ele>7.78</ele>
   </trkpt>
   <trkpt lat="38.59393" lon="-0.053340000000000005">
    <ele>8.31</ele>
   </trkpt>
   <trkpt lat="38.594010000000004" lon="-0.053380000000000004">
    <ele>8.67</ele>
   </trkpt>
   <trkpt lat="38.59432" lon="-0.0534">
    <ele>9.97</ele>
   </trkpt>
   <trkpt lat="38.594620000000006" lon="-0.053380000000000004">
    <ele>11.290000000000001</ele>
   </trkpt>
   <trkpt lat="38.594750000000005" lon="-0.05339000000000001">
    <ele>11.83</ele>
   </trkpt>
   <trkpt lat="38.59525" lon="-0.05272">
    <ele>12.190000000000001</ele>
   </trkpt>
   <trkpt lat="38.59574750528567" lon="-0.052077513337296204">
    <ele>12.450000000000001</ele>
   </trkpt>
   <trkpt lat="38.59624500705868" lon="-0.051435017768955815">
    <ele>12.84</ele>
   </trkpt>
   <trkpt lat="38.59674250531889" lon="-0.05079251329475967">
    <ele>12.860000000000001</ele>
   </trkpt>
   <trkpt lat="38.597240000000006" lon="-0.05015000000000001">
    <ele>11.05</ele>
   </trkpt>
   <trkpt lat="38.59759000101848" lon="-0.04967500223676286">
    <ele>10.32</ele>
   </trkpt>
   <trkpt lat="38.59794" lon="-0.0492">
    <ele>9.47</ele>
   </trkpt>
   <trkpt lat="38.598040000000005" lon="-0.04911">
    <ele>9.36</ele>
   </trkpt>
   <trkpt lat="38.59847000060479" lon="-0.04886000130067575">
    <ele>8.83</ele>
   </trkpt>
   <trkpt lat="38.5989" lon="-0.04861000000000001">
    <ele>8.63</ele>
   </trkpt>
   <trkpt lat="38.59939500030397" lon="-0.04830500216004483">
    <ele>8.530000000000001</ele>
   </trkpt>
   <trkpt lat="38.59989" lon="-0.048">
    <ele>9.07</ele>
   </trkpt>
   <trkpt lat="38.60030500075246" lon="-0.04759000233392641">
    <ele>8.97</ele>
   </trkpt>
   <trkpt lat="38.60072" lon="-0.04718000000000001">
    <ele>8.860000000000001</ele>
   </trkpt>
   <trkpt lat="38.601240000000004" lon="-0.046700000000000005">
    <ele>8.66</ele>
   </trkpt>
   <trkpt lat="38.60163" lon="-0.046270000000000006">
    <ele>8.67</ele>
   </trkpt>
   <trkpt lat="38.60226500163516" lon="-0.045675005143896774">
    <ele>9.120000000000001</ele>
   </trkpt>
   <trkpt lat="38.602900000000005" lon="-0.04508">
    <ele>9.7</ele>
   </trkpt>
   <trkpt lat="38.60325" lon="-0.04469">
    <ele>9.950000000000001</ele>
   </trkpt>
   <trkpt lat="38.60338" lon="-0.0446">
    <ele>9.99</ele>
   </trkpt>
   <trkpt lat="38.60383" lon="-0.04415">
    <ele>10.3</ele>
   </trkpt>
   <trkpt lat="38.604478006714245" lon="-0.04352202268166547">
    <ele>11.410000000000002</ele>
   </trkpt>
   <trkpt lat="38.60512601007244" lon="-0.042894034022009433">
    <ele>12.360000000000001</ele>
   </trkpt>
   <trkpt lat="38.60577401007443" lon="-0.042266034020622754">
    <ele>12.4</ele>
   </trkpt>
   <trkpt lat="38.60642200672009" lon="-0.04163802267709624">
    <ele>12.48</ele>
   </trkpt>
   <trkpt lat="38.60707" lon="-0.041010000000000005">
    <ele>12.32</ele>
   </trkpt>
   <trkpt lat="38.60774716721607" lon="-0.040346509982980415">
    <ele>10.820000000000002</ele>
   </trkpt>
   <trkpt lat="38.608424330685686" lon="-0.03968300744258437">
    <ele>10.88</ele>
   </trkpt>
   <trkpt lat="38.60910149040867" lon="-0.03901949237834124">
    <ele>11.420000000000002</ele>
   </trkpt>
   <trkpt lat="38.60977864638485" lon="-0.03835596478978036">
    <ele>11.070000000000002</ele>
   </trkpt>
   <trkpt lat="38.610455798614076" lon="-0.037692424676431045">
    <ele>10.57</ele>
   </trkpt>
   <trkpt lat="38.6111329470962" lon="-0.03702887203782261">
    <ele>10.530000000000001</ele>
   </trkpt>
   <trkpt lat="38.611810091831046" lon="-0.036365306873484354">
    <ele>10.97</ele>
   </trkpt>
   <trkpt lat="38.612487232818445" lon="-0.03570172918294555">
    <ele>12.31</ele>
   </trkpt>
   <trkpt lat="38.61316437005824" lon="-0.03503813896573546">
    <ele>15.040000000000001</ele>
   </trkpt>
   <trkpt lat="38.61384150355029" lon="-0.03437453622138333">
    <ele>16.57</ele>
   </trkpt>
   <trkpt lat="38.614518633294416" lon="-0.0337109209494184">
    <ele>15.67</ele>
   </trkpt>
   <trkpt lat="38.615195759290444" lon="-0.03304729314936988">
    <ele>14.430000000000001</ele>
   </trkpt>
   <trkpt lat="38.61587288153823" lon="-0.03238365282076699">
    <ele>13.760000000000002</ele>
   </trkpt>
   <trkpt lat="38.616550000000004" lon="-0.031720000000000005">
    <ele>13.370000000000001</ele>
   </trkpt>
   <trkpt lat="38.617245005819676" lon="-0.031045019618044713">
    <ele>12.42</ele>
   </trkpt>
   <trkpt lat="38.6179400077617" lon="-0.030370026155767012">
    <ele>12.14</ele>
   </trkpt>
   <trkpt lat="38.61863500582592" lon="-0.02969501961266103">
    <ele>12.63</ele>
   </trkpt>
   <trkpt lat="38.619330000000005" lon="-0.02902">
    <ele>13.4</ele>
   </trkpt>
   <trkpt lat="38.61972000061304" lon="-0.02862500219944949">
    <ele>14.33</ele>
   </trkpt>
   <trkpt lat="38.620110000000004" lon="-0.02823">
    <ele>15.76</ele>
   </trkpt>
   <trkpt lat="38.62046" lon="-0.027920000000000004">
    <ele>17.75</ele>
   </trkpt>
   <trkpt lat="38.62095" lon="-0.027540000000000002">
    <ele>20.86</ele>
   </trkpt>
   <trkpt lat="38.621714004120335" lon="-0.02704802096541227">
    <ele>25.5</ele>
   </trkpt>
   <trkpt lat="38.62247800618054" lon="-0.02655603144864334">
    <ele>29.280000000000005</ele>
   </trkpt>
   <trkpt lat="38.623242006180504" lon="-0.026064031449211506">
    <ele>32.330000000000005</ele>
   </trkpt>
   <trkpt lat="38.62400600412014" lon="-0.025572020966635044">
    <ele>36.13</ele>
   </trkpt>
   <trkpt lat="38.624770000000005" lon="-0.02508">
    <ele>38.790000000000006</ele>
   </trkpt>
   <trkpt lat="38.624990000000004" lon="-0.02492">
    <ele>39.85</ele>
   </trkpt>
   <trkpt lat="38.62514" lon="-0.02475">
    <ele>40.13</ele>
   </trkpt>
   <trkpt lat="38.62521" lon="-0.024640000000000002">
    <ele>40.260000000000005</ele>
   </trkpt>
   <trkpt lat="38.6253" lon="-0.024390000000000002">
    <ele>40.39</ele>
   </trkpt>
   <trkpt lat="38.62539334207446" lon="-0.02337666929206725">
    <ele>38.44</ele>
   </trkpt>
   <trkpt lat="38.625486675408965" lon="-0.0223633359461551">
    <ele>38.25000000000001</ele>
   </trkpt>
   <trkpt lat="38.62558000000001" lon="-0.02135">
    <ele>39.03</ele>
   </trkpt>
   <trkpt lat="38.625620000000005" lon="-0.021230000000000002">
    <ele>39.150000000000006</ele>
   </trkpt>
   <trkpt lat="38.625690000000006" lon="-0.021070000000000002">
    <ele>39.23</ele>
   </trkpt>
   <trkpt lat="38.625780000000006" lon="-0.020980000000000002">
    <ele>39.23</ele>
   </trkpt>
   <trkpt lat="38.626360000000005" lon="-0.02042">
    <ele>38.540000000000006</ele>
   </trkpt>
   <trkpt lat="38.62677500041163" lon="-0.020160001427145514">
    <ele>38.85</ele>
   </trkpt>
   <trkpt lat="38.627190000000006" lon="-0.0199">
    <ele>39.339999999999996</ele>
   </trkpt>
   <trkpt lat="38.627680000000005" lon="-0.0195">
    <ele>40.480000000000004</ele>
   </trkpt>
   <trkpt lat="38.62833333541966" lon="-0.019006675646052525">
    <ele>42.61</ele>
   </trkpt>
   <trkpt lat="38.628986668767794" lon="-0.018513342301679735">
    <ele>43.800000000000004</ele>
   </trkpt>
   <trkpt lat="38.62964" lon="-0.01802">
    <ele>45.4</ele>
   </trkpt>
   <trkpt lat="38.629830000000005" lon="-0.01793">
    <ele>46.410000000000004</ele>
   </trkpt>
   <trkpt lat="38.63004" lon="-0.017920000000000002">
    <ele>46.75000000000001</ele>
   </trkpt>
   <trkpt lat="38.630430000000004" lon="-0.01797">
    <ele>47.46</ele>
   </trkpt>
   <trkpt lat="38.630590000000005" lon="-0.01796">
    <ele>47.46</ele>
   </trkpt>
   <trkpt lat="38.63076" lon="-0.017910000000000002">
    <ele>47.41</ele>
   </trkpt>
   <trkpt lat="38.63087" lon="-0.01776">
    <ele>47.470000000000006</ele>
   </trkpt>
   <trkpt lat="38.630950000000006" lon="-0.01752">
    <ele>47.46</ele>
   </trkpt>
   <trkpt lat="38.63092" lon="-0.01711">
    <ele>47.82</ele>
   </trkpt>
   <trkpt lat="38.63073" lon="-0.016810000000000002">
    <ele>49.61</ele>
   </trkpt>
   <trkpt lat="38.63051" lon="-0.016560000000000002">
    <ele>52.620000000000005</ele>
   </trkpt>
   <trkpt lat="38.63046000000001" lon="-0.01644">
    <ele>53.52</ele>
   </trkpt>
   <trkpt lat="38.630430000000004" lon="-0.01626">
    <ele>54.080000000000005</ele>
   </trkpt>
   <trkpt lat="38.630430000000004" lon="-0.01616">
    <ele>54.080000000000005</ele>
   </trkpt>
   <trkpt lat="38.63046000000001" lon="-0.01601">
    <ele>54.080000000000005</ele>
   </trkpt>
   <trkpt lat="38.630720000000004" lon="-0.01535">
    <ele>58.34</ele>
   </trkpt>
   <trkpt lat="38.630750000000006" lon="-0.015330000000000002">
    <ele>59.13</ele>
   </trkpt>
   <trkpt lat="38.63074" lon="-0.01531">
    <ele>59.13</ele>
   </trkpt>
   <trkpt lat="38.63074" lon="-0.01518">
    <ele>59.97</ele>
   </trkpt>
   <trkpt lat="38.630720000000004" lon="-0.015090000000000001">
    <ele>59.97</ele>
   </trkpt>
   <trkpt lat="38.63064" lon="-0.014920000000000001">
    <ele>60.86000000000001</ele>
   </trkpt>
   <trkpt lat="38.63056" lon="-0.01488">
    <ele>60.86000000000001</ele>
   </trkpt>
   <trkpt lat="38.63022" lon="-0.014790000000000001">
    <ele>64.17</ele>
   </trkpt>
   <trkpt lat="38.630100000000006" lon="-0.014750000000000001">
    <ele>64.17</ele>
   </trkpt>
   <trkpt lat="38.62998" lon="-0.01459">
    <ele>65.78</ele>
   </trkpt>
   <trkpt lat="38.62986" lon="-0.014320000000000001">
    <ele>67.2</ele>
   </trkpt>
   <trkpt lat="38.62984" lon="-0.013980000000000001">
    <ele>68.58</ele>
   </trkpt>
   <trkpt lat="38.629870000000004" lon="-0.013790000000000002">
    <ele>68.58</ele>
   </trkpt>
   <trkpt lat="38.62988" lon="-0.013500000000000002">
    <ele>68.79</ele>
   </trkpt>
   <trkpt lat="38.62991" lon="-0.01336">
    <ele>68.79</ele>
   </trkpt>
   <trkpt lat="38.63002" lon="-0.01314">
    <ele>68.56</ele>
   </trkpt>
   <trkpt lat="38.63017" lon="-0.01297">
    <ele>67.97</ele>
   </trkpt>
   <trkpt lat="38.63031" lon="-0.012860000000000002">
    <ele>67.62</ele>
   </trkpt>
   <trkpt lat="38.63046000000001" lon="-0.012830000000000001">
    <ele>65.88000000000001</ele>
   </trkpt>
   <trkpt lat="38.63074" lon="-0.012830000000000001">
    <ele>64.63000000000001</ele>
   </trkpt>
   <trkpt lat="38.630930000000006" lon="-0.01288">
    <ele>64.63000000000001</ele>
   </trkpt>
   <trkpt lat="38.63138" lon="-0.01305">
    <ele>62.07000000000001</ele>
   </trkpt>
   <trkpt lat="38.63203" lon="-0.01319">
    <ele>61.28000000000001</ele>
   </trkpt>
   <trkpt lat="38.63214" lon="-0.013200000000000002">
    <ele>61.300000000000004</ele>
   </trkpt>
   <trkpt lat="38.63232" lon="-0.01318">
    <ele>61.36000000000001</ele>
   </trkpt>
   <trkpt lat="38.632400000000004" lon="-0.0131">
    <ele>61.53000000000001</ele>
   </trkpt>
   <trkpt lat="38.63251" lon="-0.01297">
    <ele>61.53000000000001</ele>
   </trkpt>
   <trkpt lat="38.63257" lon="-0.0128">
    <ele>61.68000000000001</ele>
   </trkpt>
   <trkpt lat="38.632580000000004" lon="-0.012580000000000001">
    <ele>61.67</ele>
   </trkpt>
   <trkpt lat="38.632560000000005" lon="-0.01237">
    <ele>61.370000000000005</ele>
   </trkpt>
   <trkpt lat="38.63251" lon="-0.0122">
    <ele>61.11000000000001</ele>
   </trkpt>
   <trkpt lat="38.63218000587634" lon="-0.011369992390150192">
    <ele>60.440000000000005</ele>
   </trkpt>
   <trkpt lat="38.63185000588874" lon="-0.010539992421440011">
    <ele>60.25000000000001</ele>
   </trkpt>
   <trkpt lat="38.63152" lon="-0.009710000000000002">
    <ele>60.82000000000001</ele>
   </trkpt>
   <trkpt lat="38.63143" lon="-0.0094">
    <ele>60.95</ele>
   </trkpt>
   <trkpt lat="38.63141" lon="-0.0091">
    <ele>61.190000000000005</ele>
   </trkpt>
   <trkpt lat="38.6315" lon="-0.00817">
    <ele>61.540000000000006</ele>
   </trkpt>
   <trkpt lat="38.63148" lon="-0.00803">
    <ele>61.620000000000005</ele>
   </trkpt>
   <trkpt lat="38.631350000000005" lon="-0.0074600000000000005">
    <ele>63.09</ele>
   </trkpt>
   <trkpt lat="38.63134" lon="-0.00734">
    <ele>63.09</ele>
   </trkpt>
   <trkpt lat="38.631350000000005" lon="-0.00693">
    <ele>64.41000000000001</ele>
   </trkpt>
   <trkpt lat="38.63141" lon="-0.0061600000000000005">
    <ele>67.09</ele>
   </trkpt>
   <trkpt lat="38.63157" lon="-0.00553">
    <ele>71.52</ele>
   </trkpt>
   <trkpt lat="38.63165" lon="-0.005090000000000001">
    <ele>72.99</ele>
   </trkpt>
   <trkpt lat="38.63167" lon="-0.0047">
    <ele>73.48</ele>
   </trkpt>
   <trkpt lat="38.631640000000004" lon="-0.00428">
    <ele>73.45</ele>
   </trkpt>
   <trkpt lat="38.63165" lon="-0.00411">
    <ele>73.28000000000002</ele>
   </trkpt>
   <trkpt lat="38.63177" lon="-0.0036200000000000004">
    <ele>72.33</ele>
   </trkpt>
   <trkpt lat="38.631840000000004" lon="-0.00284">
    <ele>69.78</ele>
   </trkpt>
   <trkpt lat="38.63199" lon="-0.0022600000000000003">
    <ele>68.86</ele>
   </trkpt>
   <trkpt lat="38.631980000000006" lon="-0.00216">
    <ele>68.86</ele>
   </trkpt>
   <trkpt lat="38.63179" lon="-0.00167">
    <ele>68.9</ele>
   </trkpt>
   <trkpt lat="38.631710000000005" lon="-0.00141">
    <ele>69.21000000000001</ele>
   </trkpt>
   <trkpt lat="38.63174" lon="-0.00099">
    <ele>69.60000000000001</ele>
   </trkpt>
   <trkpt lat="38.63179" lon="-0.00071">
    <ele>70.10000000000001</ele>
   </trkpt>
   <trkpt lat="38.6319" lon="-0.0004900000000000001">
    <ele>70.38000000000001</ele>
   </trkpt>
   <trkpt lat="38.632625001767174" lon="0.00014999354874593846">
    <ele>71.83</ele>
   </trkpt>
   <trkpt lat="38.63335" lon="0.00079">
    <ele>75.22000000000001</ele>
   </trkpt>
   <trkpt lat="38.633700000426046" lon="0.0011599980279731734">
    <ele>78.0</ele>
   </trkpt>
   <trkpt lat="38.63405" lon="0.0015300000000000001">
    <ele>80.86</ele>
   </trkpt>
   <trkpt lat="38.63418" lon="0.00169">
    <ele>81.79</ele>
   </trkpt>
   <trkpt lat="38.63425" lon="0.0018800000000000002">
    <ele>82.51</ele>
   </trkpt>
   <trkpt lat="38.634260000000005" lon="0.0021000000000000003">
    <ele>82.98</ele>
   </trkpt>
   <trkpt lat="38.634185001569406" lon="0.0027050005395639885">
    <ele>83.67</ele>
   </trkpt>
   <trkpt lat="38.63411" lon="0.0033100000000000004">
    <ele>84.43</ele>
   </trkpt>
   <trkpt lat="38.634150000000005" lon="0.00413">
    <ele>84.77000000000001</ele>
   </trkpt>
   <trkpt lat="38.6342" lon="0.004430000000000001">
    <ele>84.82000000000001</ele>
   </trkpt>
   <trkpt lat="38.63425" lon="0.00459">
    <ele>84.82000000000001</ele>
   </trkpt>
   <trkpt lat="38.63438" lon="0.0048400000000000006">
    <ele>85.09000000000002</ele>
   </trkpt>
   <trkpt lat="38.63448" lon="0.00496">
    <ele>85.24000000000001</ele>
   </trkpt>
   <trkpt lat="38.63472" lon="0.00513">
    <ele>85.63000000000001</ele>
   </trkpt>
   <trkpt lat="38.634890000000006" lon="0.005200000000000001">
    <ele>85.63000000000001</ele>
   </trkpt>
   <trkpt lat="38.635516666923515" lon="0.005359997212385109">
    <ele>86.19</ele>
   </trkpt>
   <trkpt lat="38.63614333362911" lon="0.005519997222287405">
    <ele>86.98</ele>
   </trkpt>
   <trkpt lat="38.636770000000006" lon="0.00568">
    <ele>88.37</ele>
   </trkpt>
   <trkpt lat="38.63702" lon="0.00583">
    <ele>89.25000000000001</ele>
   </trkpt>
   <trkpt lat="38.637370000000004" lon="0.0061">
    <ele>90.54</ele>
   </trkpt>
   <trkpt lat="38.637840000000004" lon="0.006500000000000001">
    <ele>93.22000000000001</ele>
   </trkpt>
   <trkpt lat="38.6381" lon="0.00668">
    <ele>95.09</ele>
   </trkpt>
   <trkpt lat="38.63835" lon="0.006880000000000001">
    <ele>95.71000000000001</ele>
   </trkpt>
   <trkpt lat="38.638540000000006" lon="0.0071">
    <ele>96.60000000000001</ele>
   </trkpt>
   <trkpt lat="38.63868" lon="0.007320000000000001">
    <ele>96.96000000000001</ele>
   </trkpt>
   <trkpt lat="38.638850000000005" lon="0.007680000000000001">
    <ele>98.75</ele>
   </trkpt>
   <trkpt lat="38.638960000000004" lon="0.00782">
    <ele>99.30000000000001</ele>
   </trkpt>
   <trkpt lat="38.63927" lon="0.00805">
    <ele>100.43</ele>
   </trkpt>
   <trkpt lat="38.63942" lon="0.00822">
    <ele>101.66000000000001</ele>
   </trkpt>
   <trkpt lat="38.639880000000005" lon="0.009130000000000001">
    <ele>106.12</ele>
   </trkpt>
   <trkpt lat="38.639950000000006" lon="0.009380000000000001">
    <ele>107.53000000000002</ele>
   </trkpt>
   <trkpt lat="38.63999000629479" lon="0.010239999017539685">
    <ele>111.13000000000001</ele>
   </trkpt>
   <trkpt lat="38.64003000629374" lon="0.01109999899510257">
    <ele>115.37000000000002</ele>
   </trkpt>
   <trkpt lat="38.64007" lon="0.01196">
    <ele>118.94</ele>
   </trkpt>
   <trkpt lat="38.640040000000006" lon="0.012180000000000002">
    <ele>118.94</ele>
   </trkpt>
   <trkpt lat="38.63996" lon="0.01247">
    <ele>120.23</ele>
   </trkpt>
   <trkpt lat="38.639680000000006" lon="0.013210000000000001">
    <ele>124.76</ele>
   </trkpt>
   <trkpt lat="38.63956" lon="0.01357">
    <ele>126.0</ele>
   </trkpt>
   <trkpt lat="38.639540000000004" lon="0.01374">
    <ele>125.84</ele>
   </trkpt>
   <trkpt lat="38.639570005225664" lon="0.014523332738352565">
    <ele>123.96000000000001</ele>
   </trkpt>
   <trkpt lat="38.63960000522799" lon="0.015306666132530783">
    <ele>119.62</ele>
   </trkpt>
   <trkpt lat="38.639630000000004" lon="0.01609">
    <ele>115.92</ele>
   </trkpt>
   <trkpt lat="38.63961333929154" lon="0.016926667085981503">
    <ele>110.78</ele>
   </trkpt>
   <trkpt lat="38.63959667262427" lon="0.017763333782911388">
    <ele>106.15</ele>
   </trkpt>
   <trkpt lat="38.63958" lon="0.018600000000000002">
    <ele>103.02000000000001</ele>
   </trkpt>
   <trkpt lat="38.639590000000005" lon="0.01872">
    <ele>102.88000000000001</ele>
   </trkpt>
   <trkpt lat="38.63964" lon="0.018940000000000002">
    <ele>102.35000000000001</ele>
   </trkpt>
   <trkpt lat="38.63984000000001" lon="0.01938">
    <ele>102.03</ele>
   </trkpt>
   <trkpt lat="38.63987" lon="0.019510000000000003">
    <ele>101.76</ele>
   </trkpt>
   <trkpt lat="38.639900000000004" lon="0.019690000000000003">
    <ele>101.76</ele>
   </trkpt>
   <trkpt lat="38.63989" lon="0.019880000000000002">
    <ele>101.28</ele>
   </trkpt>
   <trkpt lat="38.63972500247112" lon="0.020650002017233177">
    <ele>100.14</ele>
   </trkpt>
   <trkpt lat="38.63956" lon="0.02142">
    <ele>99.97</ele>
   </trkpt>
   <trkpt lat="38.63953" lon="0.021670000000000002">
    <ele>99.58</ele>
   </trkpt>
   <trkpt lat="38.639570000000006" lon="0.021920000000000002">
    <ele>99.51</ele>
   </trkpt>
   <trkpt lat="38.63967" lon="0.022140000000000003">
    <ele>99.51</ele>
   </trkpt>
   <trkpt lat="38.64024400844441" lon="0.022843977454604168">
    <ele>99.28</ele>
   </trkpt>
   <trkpt lat="38.640818012670096" lon="0.023547966185654152">
    <ele>98.39</ele>
   </trkpt>
   <trkpt lat="38.6413920126769" lon="0.02425196619347935">
    <ele>97.11</ele>
   </trkpt>
   <trkpt lat="38.64196600846466" lon="0.02495597747840914">
    <ele>94.29</ele>
   </trkpt>
   <trkpt lat="38.642540000000004" lon="0.025660000000000002">
    <ele>92.37</ele>
   </trkpt>
   <trkpt lat="38.64276" lon="0.02595">
    <ele>90.89000000000001</ele>
   </trkpt>
   <trkpt lat="38.64287" lon="0.02619">
    <ele>90.89000000000001</ele>
   </trkpt>
   <trkpt lat="38.642900000000004" lon="0.026350000000000002">
    <ele>89.92000000000002</ele>
   </trkpt>
   <trkpt lat="38.642920000000004" lon="0.026600000000000002">
    <ele>89.61000000000001</ele>
   </trkpt>
   <trkpt lat="38.64287500165661" lon="0.027225000476202608">
    <ele>88.48</ele>
   </trkpt>
   <trkpt lat="38.642830000000004" lon="0.027850000000000003">
    <ele>87.27</ele>
   </trkpt>
   <trkpt lat="38.642860000000006" lon="0.028100000000000003">
    <ele>86.39</ele>
   </trkpt>
   <trkpt lat="38.64298" lon="0.028460000000000003">
    <ele>86.39</ele>
   </trkpt>
   <trkpt lat="38.6432" lon="0.02876">
    <ele>85.31</ele>
   </trkpt>
   <trkpt lat="38.64373000195045" lon="0.029236659630484815">
    <ele>83.51</ele>
   </trkpt>
   <trkpt lat="38.644260001966764" lon="0.0297133263117268">
    <ele>82.68</ele>
   </trkpt>
   <trkpt lat="38.64479" lon="0.03019">
    <ele>82.13000000000001</ele>
   </trkpt>
   <trkpt lat="38.64499" lon="0.030390000000000004">
    <ele>81.75</ele>
   </trkpt>
   <trkpt lat="38.645160000000004" lon="0.030660000000000003">
    <ele>81.57000000000001</ele>
   </trkpt>
   <trkpt lat="38.645270000000004" lon="0.03104">
    <ele>80.78</ele>
   </trkpt>
   <trkpt lat="38.64529" lon="0.03139">
    <ele>80.78</ele>
   </trkpt>
   <trkpt lat="38.64526" lon="0.03162">
    <ele>79.98</ele>
   </trkpt>
   <trkpt lat="38.64493" lon="0.03266">
    <ele>79.32</ele>
   </trkpt>
   <trkpt lat="38.644890000000004" lon="0.03293">
    <ele>79.33000000000001</ele>
   </trkpt>
   <trkpt lat="38.6449" lon="0.03314">
    <ele>79.42999999999999</ele>
   </trkpt>
   <trkpt lat="38.644960000000005" lon="0.033400000000000006">
    <ele>79.64</ele>
   </trkpt>
   <trkpt lat="38.645070000000004" lon="0.03364">
    <ele>79.55000000000001</ele>
   </trkpt>
   <trkpt lat="38.64517" lon="0.03379">
    <ele>79.42999999999999</ele>
   </trkpt>
   <trkpt lat="38.645735001941695" lon="0.03446499468050207">
    <ele>77.99000000000001</ele>
   </trkpt>
   <trkpt lat="38.646300000000004" lon="0.035140000000000005">
    <ele>76.22000000000001</ele>
   </trkpt>
   <trkpt lat="38.646840000000005" lon="0.035750000000000004">
    <ele>75.05</ele>
   </trkpt>
   <trkpt lat="38.64726" lon="0.03613">
    <ele>73.38</ele>
   </trkpt>
   <trkpt lat="38.6479000012881" lon="0.03667499515218681">
    <ele>72.51</ele>
   </trkpt>
   <trkpt lat="38.648540000000004" lon="0.03722">
    <ele>72.34</ele>
   </trkpt>
   <trkpt lat="38.64898" lon="0.03755">
    <ele>72.05</ele>
   </trkpt>
   <trkpt lat="38.64932" lon="0.037680000000000005">
    <ele>71.93</ele>
   </trkpt>
   <trkpt lat="38.649420000000006" lon="0.03771">
    <ele>71.66</ele>
   </trkpt>
   <trkpt lat="38.649950000000004" lon="0.037790000000000004">
    <ele>71.14</ele>
   </trkpt>
   <trkpt lat="38.65017" lon="0.03781">
    <ele>70.63000000000001</ele>
   </trkpt>
   <trkpt lat="38.65041" lon="0.0378">
    <ele>70.17</ele>
   </trkpt>
   <trkpt lat="38.6509399998311" lon="0.037755000347975735">
    <ele>69.48</ele>
   </trkpt>
   <trkpt lat="38.65147" lon="0.03771">
    <ele>68.69</ele>
   </trkpt>
   <trkpt lat="38.65157000000001" lon="0.03773">
    <ele>68.32000000000001</ele>
   </trkpt>
   <trkpt lat="38.65187" lon="0.037720000000000004">
    <ele>67.92</ele>
   </trkpt>
   <trkpt lat="38.65267" lon="0.03764">
    <ele>67.06</ele>
   </trkpt>
   <trkpt lat="38.652890000000006" lon="0.0376">
    <ele>66.37</ele>
   </trkpt>
   <trkpt lat="38.653470000000006" lon="0.037570000000000006">
    <ele>65.59</ele>
   </trkpt>
   <trkpt lat="38.653830000000006" lon="0.03767">
    <ele>65.08</ele>
   </trkpt>
   <trkpt lat="38.65388" lon="0.037770000000000005">
    <ele>63.21</ele>
   </trkpt>
   <trkpt lat="38.65397" lon="0.03787">
    <ele>63.21</ele>
   </trkpt>
   <trkpt lat="38.65402" lon="0.0379">
    <ele>63.21</ele>
   </trkpt>
   <trkpt lat="38.65411" lon="0.03792">
    <ele>63.31</ele>
   </trkpt>
   <trkpt lat="38.6542" lon="0.037910000000000006">
    <ele>63.410000000000004</ele>
   </trkpt>
   <trkpt lat="38.65428" lon="0.037860000000000005">
    <ele>63.55000000000001</ele>
   </trkpt>
   <trkpt lat="38.65435" lon="0.037790000000000004">
    <ele>63.55000000000001</ele>
   </trkpt>
   <trkpt lat="38.65439000000001" lon="0.03769">
    <ele>63.55000000000001</ele>
   </trkpt>
   <trkpt lat="38.65449" lon="0.037590000000000005">
    <ele>63.72</ele>
   </trkpt>
   <trkpt lat="38.6548" lon="0.03744">
    <ele>63.78</ele>
   </trkpt>
   <trkpt lat="38.655460000000005" lon="0.037340000000000005">
    <ele>62.77</ele>
   </trkpt>
   <trkpt lat="38.655930000000005" lon="0.03719">
    <ele>61.160000000000004</ele>
   </trkpt>
   <trkpt lat="38.65664750122792" lon="0.03688250923209068">
    <ele>59.38</ele>
   </trkpt>
   <trkpt lat="38.65736500165085" lon="0.03657501230380747">
    <ele>57.63000000000001</ele>
   </trkpt>
   <trkpt lat="38.658082501268765" lon="0.03626750921487569">
    <ele>55.84</ele>
   </trkpt>
   <trkpt lat="38.65880000000001" lon="0.035960000000000006">
    <ele>53.95</ele>
   </trkpt>
   <trkpt lat="38.65931500027129" lon="0.03576000139889536">
    <ele>53.550000000000004</ele>
   </trkpt>
   <trkpt lat="38.65983000000001" lon="0.03556">
    <ele>53.69</ele>
   </trkpt>
   <trkpt lat="38.66046" lon="0.03556">
    <ele>52.75000000000001</ele>
   </trkpt>
   <trkpt lat="38.66058" lon="0.03563">
    <ele>52.75000000000001</ele>
   </trkpt>
   <trkpt lat="38.66071" lon="0.035620000000000006">
    <ele>52.58</ele>
   </trkpt>
   <trkpt lat="38.66078" lon="0.035590000000000004">
    <ele>52.58</ele>
   </trkpt>
   <trkpt lat="38.660830000000004" lon="0.035530000000000006">
    <ele>52.50000000000001</ele>
   </trkpt>
   <trkpt lat="38.66089" lon="0.03536">
    <ele>52.54</ele>
   </trkpt>
   <trkpt lat="38.66107" lon="0.03515">
    <ele>52.45</ele>
   </trkpt>
   <trkpt lat="38.661190000000005" lon="0.03504">
    <ele>52.26</ele>
   </trkpt>
   <trkpt lat="38.66129" lon="0.034980000000000004">
    <ele>52.21000000000001</ele>
   </trkpt>
   <trkpt lat="38.66143" lon="0.034940000000000006">
    <ele>52.190000000000005</ele>
   </trkpt>
   <trkpt lat="38.66151" lon="0.034940000000000006">
    <ele>52.2</ele>
   </trkpt>
   <trkpt lat="38.66161" lon="0.03497">
    <ele>52.18</ele>
   </trkpt>
   <trkpt lat="38.661880000000004" lon="0.03518">
    <ele>52.42</ele>
   </trkpt>
   <trkpt lat="38.662020000000005" lon="0.035230000000000004">
    <ele>52.620000000000005</ele>
   </trkpt>
   <trkpt lat="38.66227000000001" lon="0.0352">
    <ele>53.1</ele>
   </trkpt>
   <trkpt lat="38.66271000039351" lon="0.034980001257988586">
    <ele>56.190000000000005</ele>
   </trkpt>
   <trkpt lat="38.66315" lon="0.034760000000000006">
    <ele>58.21</ele>
   </trkpt>
   <trkpt lat="38.663560000000004" lon="0.03467">
    <ele>60.57000000000001</ele>
   </trkpt>
   <trkpt lat="38.66384" lon="0.03467">
    <ele>62.18000000000001</ele>
   </trkpt>
   <trkpt lat="38.664100000000005" lon="0.034710000000000005">
    <ele>64.23</ele>
   </trkpt>
   <trkpt lat="38.664350000000006" lon="0.03479">
    <ele>66.79</ele>
   </trkpt>
   <trkpt lat="38.66447" lon="0.034850000000000006">
    <ele>66.79</ele>
   </trkpt>
   <trkpt lat="38.66461" lon="0.03495">
    <ele>67.31</ele>
   </trkpt>
   <trkpt lat="38.665005000548824" lon="0.035284998212331185">
    <ele>71.14</ele>
   </trkpt>
   <trkpt lat="38.665400000000005" lon="0.035620000000000006">
    <ele>72.66</ele>
   </trkpt>
   <trkpt lat="38.66557" lon="0.03585">
    <ele>73.99</ele>
   </trkpt>
   <trkpt lat="38.66578000159109" lon="0.036464998140552395">
    <ele>75.86000000000001</ele>
   </trkpt>
   <trkpt lat="38.66599" lon="0.03708">
    <ele>78.73</ele>
   </trkpt>
   <trkpt lat="38.66612000000001" lon="0.037270000000000005">
    <ele>78.73</ele>
   </trkpt>
   <trkpt lat="38.66621000000001" lon="0.037360000000000004">
    <ele>81.69000000000001</ele>
   </trkpt>
   <trkpt lat="38.66639" lon="0.037450000000000004">
    <ele>81.69000000000001</ele>
   </trkpt>
   <trkpt lat="38.666560000000004" lon="0.037480000000000006">
    <ele>82.47</ele>
   </trkpt>
   <trkpt lat="38.66667" lon="0.03747">
    <ele>83.44</ele>
   </trkpt>
   <trkpt lat="38.666940000000004" lon="0.037340000000000005">
    <ele>85.39</ele>
   </trkpt>
   <trkpt lat="38.66723" lon="0.037110000000000004">
    <ele>87.49000000000001</ele>
   </trkpt>
   <trkpt lat="38.66743" lon="0.037020000000000004">
    <ele>87.93</ele>
   </trkpt>
   <trkpt lat="38.66761" lon="0.03699">
    <ele>89.09</ele>
   </trkpt>
   <trkpt lat="38.66772" lon="0.037000000000000005">
    <ele>89.74000000000001</ele>
   </trkpt>
   <trkpt lat="38.667820000000006" lon="0.03705">
    <ele>90.13</ele>
   </trkpt>
   <trkpt lat="38.667930000000005" lon="0.03713">
    <ele>90.49</ele>
   </trkpt>
   <trkpt lat="38.668220000000005" lon="0.03749">
    <ele>91.88</ele>
   </trkpt>
   <trkpt lat="38.668620000000004" lon="0.038130000000000004">
    <ele>93.73</ele>
   </trkpt>
   <trkpt lat="38.66874" lon="0.03824">
    <ele>95.41000000000001</ele>
   </trkpt>
   <trkpt lat="38.668940000000006" lon="0.038360000000000005">
    <ele>95.98</ele>
   </trkpt>
   <trkpt lat="38.66937" lon="0.03851">
    <ele>98.29</ele>
   </trkpt>
   <trkpt lat="38.66968000000001" lon="0.03858">
    <ele>99.45</ele>
   </trkpt>
   <trkpt lat="38.66977" lon="0.03858">
    <ele>99.45</ele>
   </trkpt>
   <trkpt lat="38.66998" lon="0.03853">
    <ele>99.45</ele>
   </trkpt>
   <trkpt lat="38.67014" lon="0.038400000000000004">
    <ele>101.42</ele>
   </trkpt>
   <trkpt lat="38.670280000000005" lon="0.03819">
    <ele>101.42</ele>
   </trkpt>
   <trkpt lat="38.67045" lon="0.037930000000000005">
    <ele>102.68</ele>
   </trkpt>
   <trkpt lat="38.67062000000001" lon="0.0378">
    <ele>103.87</ele>
   </trkpt>
   <trkpt lat="38.670840000000005" lon="0.03771">
    <ele>104.54</ele>
   </trkpt>
   <trkpt lat="38.67103" lon="0.037700000000000004">
    <ele>104.54</ele>
   </trkpt>
   <trkpt lat="38.671130000000005" lon="0.03771">
    <ele>106.62</ele>
   </trkpt>
   <trkpt lat="38.67134" lon="0.037820000000000006">
    <ele>106.62</ele>
   </trkpt>
   <trkpt lat="38.671760000000006" lon="0.03823">
    <ele>109.56</ele>
   </trkpt>
   <trkpt lat="38.6719" lon="0.038340000000000006">
    <ele>110.18</ele>
   </trkpt>
   <trkpt lat="38.672070000000005" lon="0.03844">
    <ele>110.75000000000001</ele>
   </trkpt>
   <trkpt lat="38.67233" lon="0.038540000000000005">
    <ele>111.78</ele>
   </trkpt>
   <trkpt lat="38.67250000000001" lon="0.03855">
    <ele>111.78</ele>
   </trkpt>
   <trkpt lat="38.673030000000004" lon="0.038540000000000005">
    <ele>114.12</ele>
   </trkpt>
   <trkpt lat="38.673720000030194" lon="0.038493334232191444">
    <ele>117.57000000000001</ele>
   </trkpt>
   <trkpt lat="38.67441000004184" lon="0.03844666756475021">
    <ele>119.34000000000002</ele>
   </trkpt>
   <trkpt lat="38.6751" lon="0.038400000000000004">
    <ele>120.83</ele>
   </trkpt>
   <trkpt lat="38.67581000002907" lon="0.03834000059398803">
    <ele>122.33000000000001</ele>
   </trkpt>
   <trkpt lat="38.676520000000004" lon="0.03828">
    <ele>124.41000000000001</ele>
   </trkpt>
   <trkpt lat="38.67683" lon="0.038270000000000005">
    <ele>124.92000000000002</ele>
   </trkpt>
   <trkpt lat="38.677020000000006" lon="0.03828">
    <ele>126.15</ele>
   </trkpt>
   <trkpt lat="38.67723" lon="0.038380000000000004">
    <ele>126.99000000000002</ele>
   </trkpt>
   <trkpt lat="38.6779" lon="0.03898">
    <ele>131.43</ele>
   </trkpt>
   <trkpt lat="38.678020000000004" lon="0.03905">
    <ele>131.98000000000002</ele>
   </trkpt>
   <trkpt lat="38.678200000000004" lon="0.0391">
    <ele>134.32000000000002</ele>
   </trkpt>
   <trkpt lat="38.67837" lon="0.03912">
    <ele>134.32000000000002</ele>
   </trkpt>
   <trkpt lat="38.678520000000006" lon="0.039080000000000004">
    <ele>134.32000000000002</ele>
   </trkpt>
   <trkpt lat="38.678700000000006" lon="0.03896">
    <ele>137.66</ele>
   </trkpt>
   <trkpt lat="38.678790000000006" lon="0.03887">
    <ele>137.66</ele>
   </trkpt>
   <trkpt lat="38.67908000087341" lon="0.03841500185620247">
    <ele>140.1</ele>
   </trkpt>
   <trkpt lat="38.679370000000006" lon="0.03796">
    <ele>142.79</ele>
   </trkpt>
   <trkpt lat="38.679700000000004" lon="0.037660000000000006">
    <ele>145.65</ele>
   </trkpt>
   <trkpt lat="38.680515000305824" lon="0.037395003015595236">
    <ele>147.79</ele>
   </trkpt>
   <trkpt lat="38.68133" lon="0.03713">
    <ele>149.42000000000002</ele>
   </trkpt>
   <trkpt lat="38.68146" lon="0.037110000000000004">
    <ele>150.32</ele>
   </trkpt>
   <trkpt lat="38.68162" lon="0.037110000000000004">
    <ele>150.32</ele>
   </trkpt>
   <trkpt lat="38.68193" lon="0.037140000000000006">
    <ele>151.8</ele>
   </trkpt>
   <trkpt lat="38.68202" lon="0.037180000000000005">
    <ele>151.8</ele>
   </trkpt>
   <trkpt lat="38.68267" lon="0.037410000000000006">
    <ele>154.24</ele>
   </trkpt>
   <trkpt lat="38.68281" lon="0.037430000000000005">
    <ele>154.79000000000002</ele>
   </trkpt>
   <trkpt lat="38.68309" lon="0.03751">
    <ele>154.79000000000002</ele>
   </trkpt>
   <trkpt lat="38.683890000000005" lon="0.037820000000000006">
    <ele>157.60999999999999</ele>
   </trkpt>
   <trkpt lat="38.68435500036709" lon="0.03807499839241249">
    <ele>159.02</ele>
   </trkpt>
   <trkpt lat="38.68482" lon="0.03833">
    <ele>160.98000000000002</ele>
   </trkpt>
   <trkpt lat="38.68504" lon="0.03844">
    <ele>161.55</ele>
   </trkpt>
   <trkpt lat="38.685680000635024" lon="0.03880499677397105">
    <ele>165.06</ele>
   </trkpt>
   <trkpt lat="38.68632" lon="0.03917">
    <ele>166.47</ele>
   </trkpt>
   <trkpt lat="38.686550000000004" lon="0.039360000000000006">
    <ele>167.15</ele>
   </trkpt>
   <trkpt lat="38.68679" lon="0.03964">
    <ele>167.63</ele>
   </trkpt>
   <trkpt lat="38.6871750013875" lon="0.040224996746380116">
    <ele>170.25</ele>
   </trkpt>
   <trkpt lat="38.687560000000005" lon="0.040810000000000006">
    <ele>171.77</ele>
   </trkpt>
   <trkpt lat="38.68789" lon="0.04125">
    <ele>173.37000000000003</ele>
   </trkpt>
   <trkpt lat="38.68809" lon="0.04145">
    <ele>173.6</ele>
   </trkpt>
   <trkpt lat="38.68827" lon="0.04157">
    <ele>174.22</ele>
   </trkpt>
   <trkpt lat="38.68854" lon="0.04168">
    <ele>175.25</ele>
   </trkpt>
   <trkpt lat="38.688680000000005" lon="0.041710000000000004">
    <ele>175.57</ele>
   </trkpt>
   <trkpt lat="38.689" lon="0.041740000000000006">
    <ele>177.51</ele>
   </trkpt>
   <trkpt lat="38.68925" lon="0.04173">
    <ele>179.26</ele>
   </trkpt>
   <trkpt lat="38.689550000000004" lon="0.041690000000000005">
    <ele>179.26</ele>
   </trkpt>
   <trkpt lat="38.69004499995841" lon="0.04157500081842894">
    <ele>183.45</ele>
   </trkpt>
   <trkpt lat="38.690540000000006" lon="0.041460000000000004">
    <ele>185.19000000000003</ele>
   </trkpt>
   <trkpt lat="38.69121499994569" lon="0.041280001749638424">
    <ele>189.51000000000002</ele>
   </trkpt>
   <trkpt lat="38.69189" lon="0.041100000000000005">
    <ele>193.3</ele>
   </trkpt>
   <trkpt lat="38.692600000000006" lon="0.04095">
    <ele>195.91000000000003</ele>
   </trkpt>
   <trkpt lat="38.692840000000004" lon="0.04093">
    <ele>195.91000000000003</ele>
   </trkpt>
   <trkpt lat="38.693070000000006" lon="0.04095">
    <ele>196.56</ele>
   </trkpt>
   <trkpt lat="38.693723333480854" lon="0.04108333089697429">
    <ele>198.08</ele>
   </trkpt>
   <trkpt lat="38.69437666681029" lon="0.04121666422948096">
    <ele>199.89000000000001</ele>
   </trkpt>
   <trkpt lat="38.69503" lon="0.041350000000000005">
    <ele>202.65000000000003</ele>
   </trkpt>
   <trkpt lat="38.69540000000001" lon="0.041370000000000004">
    <ele>204.04000000000002</ele>
   </trkpt>
   <trkpt lat="38.69561" lon="0.04134">
    <ele>206.12000000000003</ele>
   </trkpt>
   <trkpt lat="38.695750000000004" lon="0.04129">
    <ele>207.62000000000003</ele>
   </trkpt>
   <trkpt lat="38.69644250149809" lon="0.040947509948356026">
    <ele>211.58</ele>
   </trkpt>
   <trkpt lat="38.697135001997225" lon="0.040605013264794966">
    <ele>214.36</ele>
   </trkpt>
   <trkpt lat="38.69782750149735" lon="0.04026250994903369">
    <ele>219.81</ele>
   </trkpt>
   <trkpt lat="38.69852" lon="0.039920000000000004">
    <ele>224.52</ele>
   </trkpt>
   <trkpt lat="38.69897" lon="0.03964">
    <ele>225.3</ele>
   </trkpt>
   <trkpt lat="38.69958500068013" lon="0.039220003660184785">
    <ele>225.26000000000002</ele>
   </trkpt>
   <trkpt lat="38.7002" lon="0.0388">
    <ele>224.84</ele>
   </trkpt>
   <trkpt lat="38.70067" lon="0.03855">
    <ele>225.22000000000003</ele>
   </trkpt>
   <trkpt lat="38.70084000000001" lon="0.03849">
    <ele>225.8</ele>
   </trkpt>
   <trkpt lat="38.70132" lon="0.03839">
    <ele>227.74</ele>
   </trkpt>
   <trkpt lat="38.70189999993483" lon="0.0383949999588846">
    <ele>232.91</ele>
   </trkpt>
   <trkpt lat="38.70248" lon="0.038400000000000004">
    <ele>234.88</ele>
   </trkpt>
   <trkpt lat="38.70306" lon="0.038450000000000005">
    <ele>238.68000000000004</ele>
   </trkpt>
   <trkpt lat="38.70365" lon="0.03848">
    <ele>243.35</ele>
   </trkpt>
   <trkpt lat="38.704170000000005" lon="0.038450000000000005">
    <ele>247.54</ele>
   </trkpt>
   <trkpt lat="38.70456" lon="0.038340000000000006">
    <ele>247.54</ele>
   </trkpt>
   <trkpt lat="38.705020000000005" lon="0.0381">
    <ele>252.03000000000003</ele>
   </trkpt>
   <trkpt lat="38.70543000037527" lon="0.03784500140099604">
    <ele>255.31000000000003</ele>
   </trkpt>
   <trkpt lat="38.70584" lon="0.037590000000000005">
    <ele>257.46000000000004</ele>
   </trkpt>
   <trkpt lat="38.705980000000004" lon="0.03755">
    <ele>258.14000000000004</ele>
   </trkpt>
   <trkpt lat="38.70626" lon="0.03753">
    <ele>258.89</ele>
   </trkpt>
   <trkpt lat="38.70667" lon="0.03746">
    <ele>259.98</ele>
   </trkpt>
   <trkpt lat="38.70684" lon="0.03747">
    <ele>260.16</ele>
   </trkpt>
   <trkpt lat="38.70729" lon="0.0376">
    <ele>260.57</ele>
   </trkpt>
   <trkpt lat="38.70782500016723" lon="0.037794998542780206">
    <ele>261.19000000000005</ele>
   </trkpt>
   <trkpt lat="38.708360000000006" lon="0.03799">
    <ele>262.61</ele>
   </trkpt>
   <trkpt lat="38.70881" lon="0.038090000000000006">
    <ele>263.96000000000004</ele>
   </trkpt>
   <trkpt lat="38.70938" lon="0.03814">
    <ele>265.20000000000005</ele>
   </trkpt>
   <trkpt lat="38.70956" lon="0.03817">
    <ele>265.86</ele>
   </trkpt>
   <trkpt lat="38.70966000000001" lon="0.03823">
    <ele>266.26</ele>
   </trkpt>
   <trkpt lat="38.7098" lon="0.03841">
    <ele>266.5</ele>
   </trkpt>
   <trkpt lat="38.709830000000004" lon="0.038540000000000005">
    <ele>266.5</ele>
   </trkpt>
   <trkpt lat="38.70989" lon="0.03862">
    <ele>266.62</ele>
   </trkpt>
   <trkpt lat="38.70993" lon="0.03864">
    <ele>266.62</ele>
   </trkpt>
   <trkpt lat="38.71003" lon="0.03864">
    <ele>266.62</ele>
   </trkpt>
   <trkpt lat="38.71011" lon="0.03858">
    <ele>266.5</ele>
   </trkpt>
   <trkpt lat="38.71016" lon="0.03848">
    <ele>266.5</ele>
   </trkpt>
   <trkpt lat="38.71016" lon="0.03837">
    <ele>266.59000000000003</ele>
   </trkpt>
   <trkpt lat="38.71014" lon="0.038310000000000004">
    <ele>266.59000000000003</ele>
   </trkpt>
   <trkpt lat="38.71009" lon="0.03823">
    <ele>266.59000000000003</ele>
   </trkpt>
   <trkpt lat="38.71005" lon="0.038200000000000005">
    <ele>266.59000000000003</ele>
   </trkpt>
   <trkpt lat="38.70998" lon="0.03799">
    <ele>266.36</ele>
   </trkpt>
   <trkpt lat="38.710010000000004" lon="0.03742">
    <ele>265.74</ele>
   </trkpt>
   <trkpt lat="38.71009" lon="0.037070000000000006">
    <ele>264.55</ele>
   </trkpt>
   <trkpt lat="38.710170000000005" lon="0.036860000000000004">
    <ele>263.93</ele>
   </trkpt>
   <trkpt lat="38.710280000000004" lon="0.03665">
    <ele>263.56</ele>
   </trkpt>
   <trkpt lat="38.710350000000005" lon="0.03654">
    <ele>263.28000000000003</ele>
   </trkpt>
   <trkpt lat="38.710510000000006" lon="0.03642">
    <ele>262.98</ele>
   </trkpt>
   <trkpt lat="38.71058" lon="0.036480000000000005">
    <ele>262.6</ele>
   </trkpt>
   <trkpt lat="38.71067" lon="0.036500000000000005">
    <ele>261.76000000000005</ele>
   </trkpt>
   <trkpt lat="38.71076" lon="0.036480000000000005">
    <ele>261.76000000000005</ele>
   </trkpt>
   <trkpt lat="38.710840000000005" lon="0.036430000000000004">
    <ele>260.96000000000004</ele>
   </trkpt>
   <trkpt lat="38.710910000000005" lon="0.036340000000000004">
    <ele>260.12</ele>
   </trkpt>
   <trkpt lat="38.71126" lon="0.0364">
    <ele>254.36</ele>
   </trkpt>
   <trkpt lat="38.71148" lon="0.03653">
    <ele>253.53000000000003</ele>
   </trkpt>
   <trkpt lat="38.71157" lon="0.03656">
    <ele>253.53000000000003</ele>
   </trkpt>
   <trkpt lat="38.71179" lon="0.03656">
    <ele>251.51000000000002</ele>
   </trkpt>
   <trkpt lat="38.71201000000001" lon="0.03651">
    <ele>249.19000000000003</ele>
   </trkpt>
   <trkpt lat="38.71261500071933" lon="0.036090003576761294">
    <ele>243.92000000000002</ele>
   </trkpt>
   <trkpt lat="38.71322" lon="0.03567">
    <ele>242.07</ele>
   </trkpt>
   <trkpt lat="38.7134" lon="0.035570000000000004">
    <ele>241.61</ele>
   </trkpt>
   <trkpt lat="38.71399333495888" lon="0.03513667384141167">
    <ele>238.79000000000002</ele>
   </trkpt>
   <trkpt lat="38.71458666831842" lon="0.03470334048904579">
    <ele>234.55</ele>
   </trkpt>
   <trkpt lat="38.715180000000004" lon="0.03427">
    <ele>230.42000000000002</ele>
   </trkpt>
   <trkpt lat="38.71576" lon="0.033740000000000006">
    <ele>229.37</ele>
   </trkpt>
   <trkpt lat="38.71629000161379" lon="0.03313500442341906">
    <ele>229.58</ele>
   </trkpt>
   <trkpt lat="38.716820000000006" lon="0.03253">
    <ele>231.28</ele>
   </trkpt>
   <trkpt lat="38.71716" lon="0.032240000000000005">
    <ele>232.45000000000002</ele>
   </trkpt>
   <trkpt lat="38.7173" lon="0.03214">
    <ele>232.45000000000002</ele>
   </trkpt>
   <trkpt lat="38.718" lon="0.03173">
    <ele>235.90000000000003</ele>
   </trkpt>
   <trkpt lat="38.718340000000005" lon="0.03152">
    <ele>237.96000000000004</ele>
   </trkpt>
   <trkpt lat="38.718990000000005" lon="0.03105">
    <ele>243.49</ele>
   </trkpt>
   <trkpt lat="38.719616003980235" lon="0.030566016966354397">
    <ele>247.79</ele>
   </trkpt>
   <trkpt lat="38.72024200596524" lon="0.030082025453861506">
    <ele>252.82000000000005</ele>
   </trkpt>
   <trkpt lat="38.720868005954934" lon="0.029598025462209993">
    <ele>257.77</ele>
   </trkpt>
   <trkpt lat="38.721494003949225" lon="0.029114016991088492">
    <ele>257.83</ele>
   </trkpt>
   <trkpt lat="38.722120000000004" lon="0.028630000000000003">
    <ele>256.17</ele>
   </trkpt>
   <trkpt lat="38.72241" lon="0.028440000000000003">
    <ele>255.70000000000005</ele>
   </trkpt>
   <trkpt lat="38.722660000000005" lon="0.02832">
    <ele>255.46</ele>
   </trkpt>
   <trkpt lat="38.722840000000005" lon="0.028260000000000004">
    <ele>255.45000000000002</ele>
   </trkpt>
   <trkpt lat="38.72321" lon="0.028180000000000004">
    <ele>255.79000000000002</ele>
   </trkpt>
   <trkpt lat="38.72374000000001" lon="0.028100000000000003">
    <ele>257.51</ele>
   </trkpt>
   <trkpt lat="38.72406" lon="0.02799">
    <ele>258.11</ele>
   </trkpt>
   <trkpt lat="38.72444" lon="0.027800000000000002">
    <ele>258.44</ele>
   </trkpt>
   <trkpt lat="38.725183335606694" lon="0.02728667732748882">
    <ele>260.31000000000006</ele>
   </trkpt>
   <trkpt lat="38.7259266689688" lon="0.026773343974462942">
    <ele>264.31000000000006</ele>
   </trkpt>
   <trkpt lat="38.726670000000006" lon="0.026260000000000002">
    <ele>268.99</ele>
   </trkpt>
   <trkpt lat="38.726820000000004" lon="0.026140000000000004">
    <ele>267.94</ele>
   </trkpt>
   <trkpt lat="38.727050000000006" lon="0.025910000000000002">
    <ele>264.48</ele>
   </trkpt>
   <trkpt lat="38.727250000000005" lon="0.025650000000000003">
    <ele>264.48</ele>
   </trkpt>
   <trkpt lat="38.727450000000005" lon="0.02534">
    <ele>264.48</ele>
   </trkpt>
   <trkpt lat="38.727590000000006" lon="0.025050000000000003">
    <ele>259.99</ele>
   </trkpt>
   <trkpt lat="38.72777000000001" lon="0.024620000000000003">
    <ele>257.99</ele>
   </trkpt>
   <trkpt lat="38.72793" lon="0.024">
    <ele>256.78000000000003</ele>
   </trkpt>
   <trkpt lat="38.727990000000005" lon="0.023610000000000003">
    <ele>252.8</ele>
   </trkpt>
   <trkpt lat="38.728" lon="0.022910000000000003">
    <ele>248.18</ele>
   </trkpt>
   <trkpt lat="38.727940000000004" lon="0.022410000000000003">
    <ele>245.16000000000003</ele>
   </trkpt>
   <trkpt lat="38.727830000000004" lon="0.021910000000000002">
    <ele>243.48000000000002</ele>
   </trkpt>
   <trkpt lat="38.72765500173304" lon="0.0212699983902972">
    <ele>240.56000000000003</ele>
   </trkpt>
   <trkpt lat="38.72748" lon="0.020630000000000003">
    <ele>234.22</ele>
   </trkpt>
   <trkpt lat="38.72742" lon="0.020270000000000003">
    <ele>232.94</ele>
   </trkpt>
   <trkpt lat="38.72739" lon="0.01997">
    <ele>231.62</ele>
   </trkpt>
   <trkpt lat="38.727380000000004" lon="0.01965">
    <ele>229.69</ele>
   </trkpt>
   <trkpt lat="38.7274" lon="0.01933">
    <ele>227.01000000000002</ele>
   </trkpt>
   <trkpt lat="38.727450000000005" lon="0.01904">
    <ele>224.42000000000002</ele>
   </trkpt>
   <trkpt lat="38.72771" lon="0.0181">
    <ele>219.95</ele>
   </trkpt>
   <trkpt lat="38.728" lon="0.017410000000000002">
    <ele>213.86</ele>
   </trkpt>
   <trkpt lat="38.72832500298403" lon="0.016585003536846377">
    <ele>212.42000000000002</ele>
   </trkpt>
   <trkpt lat="38.72865" lon="0.01576">
    <ele>207.14000000000001</ele>
   </trkpt>
   <trkpt lat="38.728925003692964" lon="0.014830003548698087">
    <ele>202.64000000000001</ele>
   </trkpt>
   <trkpt lat="38.729200000000006" lon="0.013900000000000001">
    <ele>200.34</ele>
   </trkpt>
   <trkpt lat="38.729350000000004" lon="0.013290000000000001">
    <ele>198.82000000000002</ele>
   </trkpt>
   <trkpt lat="38.72957667097371" lon="0.012576671279786707">
    <ele>195.41000000000003</ele>
   </trkpt>
   <trkpt lat="38.72980333761287" lon="0.011863338033057903">
    <ele>193.96</ele>
   </trkpt>
   <trkpt lat="38.730030000000006" lon="0.01115">
    <ele>193.20000000000002</ele>
   </trkpt>
   <trkpt lat="38.73008" lon="0.01089">
    <ele>193.20000000000002</ele>
   </trkpt>
   <trkpt lat="38.73015" lon="0.010390000000000002">
    <ele>192.69000000000003</ele>
   </trkpt>
   <trkpt lat="38.7302" lon="0.009770000000000001">
    <ele>192.38000000000002</ele>
   </trkpt>
   <trkpt lat="38.730405002551976" lon="0.008995002247500458">
    <ele>192.07000000000002</ele>
   </trkpt>
   <trkpt lat="38.730610000000006" lon="0.00822">
    <ele>191.81</ele>
   </trkpt>
   <trkpt lat="38.73089500237886" lon="0.007470003036788725">
    <ele>192.3</ele>
   </trkpt>
   <trkpt lat="38.73118" lon="0.00672">
    <ele>192.81</ele>
   </trkpt>
   <trkpt lat="38.73150000160328" lon="0.006130002420520831">
    <ele>193.62</ele>
   </trkpt>
   <trkpt lat="38.731820000000006" lon="0.005540000000000001">
    <ele>194.38000000000002</ele>
   </trkpt>
   <trkpt lat="38.73211000102597" lon="0.005065001821937158">
    <ele>195.23000000000002</ele>
   </trkpt>
   <trkpt lat="38.732400000000005" lon="0.00459">
    <ele>195.75</ele>
   </trkpt>
   <trkpt lat="38.73265000000001" lon="0.00408">
    <ele>196.41000000000003</ele>
   </trkpt>
   <trkpt lat="38.73291500294131" lon="0.00325000305700265">
    <ele>196.81</ele>
   </trkpt>
   <trkpt lat="38.733180000000004" lon="0.0024200000000000003">
    <ele>197.42000000000002</ele>
   </trkpt>
   <trkpt lat="38.73339" lon="0.0015300000000000001">
    <ele>197.45000000000002</ele>
   </trkpt>
   <trkpt lat="38.73350500195573" lon="0.00085500099835299">
    <ele>197.05</ele>
   </trkpt>
   <trkpt lat="38.73362" lon="0.00018">
    <ele>197.44</ele>
   </trkpt>
   <trkpt lat="38.73385333929403" lon="-0.0006566611916031783">
    <ele>196.32000000000002</ele>
   </trkpt>
   <trkpt lat="38.734086672624905" lon="-0.0014933278493489575">
    <ele>196.01000000000002</ele>
   </trkpt>
   <trkpt lat="38.734320000000004" lon="-0.00233">
    <ele>196.29000000000002</ele>
   </trkpt>
   <trkpt lat="38.73451" lon="-0.0029600000000000004">
    <ele>196.48000000000002</ele>
   </trkpt>
   <trkpt lat="38.73458" lon="-0.0030800000000000003">
    <ele>196.55</ele>
   </trkpt>
   <trkpt lat="38.73471" lon="-0.0032300000000000002">
    <ele>196.55</ele>
   </trkpt>
   <trkpt lat="38.73532000137246" lon="-0.0038049950556005028">
    <ele>196.42000000000002</ele>
   </trkpt>
   <trkpt lat="38.73593" lon="-0.00438">
    <ele>195.86</ele>
   </trkpt>
   <trkpt lat="38.736360000000005" lon="-0.00485">
    <ele>194.67000000000002</ele>
   </trkpt>
   <trkpt lat="38.736630000000005" lon="-0.005220000000000001">
    <ele>193.99</ele>
   </trkpt>
   <trkpt lat="38.736760000000004" lon="-0.00544">
    <ele>193.78</ele>
   </trkpt>
   <trkpt lat="38.737210000000005" lon="-0.00632">
    <ele>193.10000000000002</ele>
   </trkpt>
   <trkpt lat="38.73734" lon="-0.006410000000000001">
    <ele>193.38000000000002</ele>
   </trkpt>
   <trkpt lat="38.73743" lon="-0.006450000000000001">
    <ele>194.18</ele>
   </trkpt>
   <trkpt lat="38.73747" lon="-0.006540000000000001">
    <ele>194.18</ele>
   </trkpt>
   <trkpt lat="38.73744000000001" lon="-0.0066500000000000005">
    <ele>194.37</ele>
   </trkpt>
   <trkpt lat="38.737460000000006" lon="-0.00685">
    <ele>194.52</ele>
   </trkpt>
   <trkpt lat="38.737800004640356" lon="-0.007589992900736509">
    <ele>194.65</ele>
   </trkpt>
   <trkpt lat="38.738140004615765" lon="-0.008329992847111563">
    <ele>194.0</ele>
   </trkpt>
   <trkpt lat="38.73848" lon="-0.00907">
    <ele>193.97</ele>
   </trkpt>
   <trkpt lat="38.738530000000004" lon="-0.00914">
    <ele>193.66000000000003</ele>
   </trkpt>
   <trkpt lat="38.738600000000005" lon="-0.00918">
    <ele>193.66000000000003</ele>
   </trkpt>
   <trkpt lat="38.73861" lon="-0.009290000000000001">
    <ele>193.49</ele>
   </trkpt>
   <trkpt lat="38.73865" lon="-0.00941">
    <ele>193.49</ele>
   </trkpt>
   <trkpt lat="38.73892" lon="-0.009970000000000001">
    <ele>193.24</ele>
   </trkpt>
   <trkpt lat="38.73933000325768" lon="-0.010844994969079893">
    <ele>192.89000000000001</ele>
   </trkpt>
   <trkpt lat="38.739740000000005" lon="-0.011720000000000001">
    <ele>192.94000000000003</ele>
   </trkpt>
   <trkpt lat="38.74012500276805" lon="-0.01251999577425298">
    <ele>193.03</ele>
   </trkpt>
   <trkpt lat="38.74051" lon="-0.01332">
    <ele>192.04000000000002</ele>
   </trkpt>
   <trkpt lat="38.740660000000005" lon="-0.013470000000000001">
    <ele>192.04000000000002</ele>
   </trkpt>
   <trkpt lat="38.74076" lon="-0.013460000000000001">
    <ele>191.65</ele>
   </trkpt>
   <trkpt lat="38.74148500018653" lon="-0.013285001763156234">
    <ele>188.89</ele>
   </trkpt>
   <trkpt lat="38.74221" lon="-0.013110000000000002">
    <ele>187.26000000000002</ele>
   </trkpt>
   <trkpt lat="38.74224" lon="-0.013300000000000001">
    <ele>187.06</ele>
   </trkpt>
   <trkpt lat="38.74241000000001" lon="-0.013680000000000001">
    <ele>187.06</ele>
   </trkpt>
   <trkpt lat="38.7425" lon="-0.01382">
    <ele>187.03</ele>
   </trkpt>
   <trkpt lat="38.742630000000005" lon="-0.01387">
    <ele>186.89000000000001</ele>
   </trkpt>
   <trkpt lat="38.74266" lon="-0.01386">
    <ele>186.8</ele>
   </trkpt>
   <trkpt lat="38.74273" lon="-0.01386">
    <ele>184.64000000000001</ele>
   </trkpt>
   <trkpt lat="38.74279000000001" lon="-0.01391">
    <ele>184.64000000000001</ele>
   </trkpt>
   <trkpt lat="38.74282" lon="-0.01399">
    <ele>184.9</ele>
   </trkpt>
   <trkpt lat="38.74275" lon="-0.014280000000000001">
    <ele>185.60000000000002</ele>
   </trkpt>
   <trkpt lat="38.74275" lon="-0.01437">
    <ele>185.60000000000002</ele>
   </trkpt>
   <trkpt lat="38.74277" lon="-0.01451">
    <ele>186.42</ele>
   </trkpt>
   <trkpt lat="38.74288000000001" lon="-0.014740000000000001">
    <ele>186.66000000000003</ele>
   </trkpt>
   <trkpt lat="38.74326000000001" lon="-0.015300000000000001">
    <ele>186.9</ele>
   </trkpt>
   <trkpt lat="38.743430000000004" lon="-0.01573">
    <ele>187.37</ele>
   </trkpt>
   <trkpt lat="38.743550001558894" lon="-0.016339998842035377">
    <ele>187.4</ele>
   </trkpt>
   <trkpt lat="38.74367" lon="-0.01695">
    <ele>187.94000000000003</ele>
   </trkpt>
   <trkpt lat="38.74389500257128" lon="-0.017729997471715712">
    <ele>188.52</ele>
   </trkpt>
   <trkpt lat="38.74412" lon="-0.018510000000000002">
    <ele>189.20000000000002</ele>
   </trkpt>
   <trkpt lat="38.744350000000004" lon="-0.01916">
    <ele>189.91000000000003</ele>
   </trkpt>
   <trkpt lat="38.74447" lon="-0.01956">
    <ele>190.41000000000003</ele>
   </trkpt>
   <trkpt lat="38.74448" lon="-0.01974">
    <ele>190.74</ele>
   </trkpt>
   <trkpt lat="38.74445" lon="-0.020210000000000002">
    <ele>192.17000000000002</ele>
   </trkpt>
   <trkpt lat="38.74447" lon="-0.02034">
    <ele>192.71</ele>
   </trkpt>
   <trkpt lat="38.744530000000005" lon="-0.02043">
    <ele>192.89000000000001</ele>
   </trkpt>
   <trkpt lat="38.74497" lon="-0.020630000000000003">
    <ele>193.61</ele>
   </trkpt>
   <trkpt lat="38.74508" lon="-0.020720000000000002">
    <ele>193.77</ele>
   </trkpt>
   <trkpt lat="38.745090000000005" lon="-0.021460000000000003">
    <ele>194.24</ele>
   </trkpt>
   <trkpt lat="38.74512" lon="-0.02161">
    <ele>194.35000000000002</ele>
   </trkpt>
   <trkpt lat="38.7453" lon="-0.022170000000000002">
    <ele>195.54000000000002</ele>
   </trkpt>
   <trkpt lat="38.74564500278473" lon="-0.022969996270073054">
    <ele>196.37</ele>
   </trkpt>
   <trkpt lat="38.745990000000006" lon="-0.023770000000000003">
    <ele>196.92000000000002</ele>
   </trkpt>
   <trkpt lat="38.74633" lon="-0.024640000000000002">
    <ele>198.45000000000002</ele>
   </trkpt>
   <trkpt lat="38.746410000000004" lon="-0.02494">
    <ele>198.76000000000002</ele>
   </trkpt>
   <trkpt lat="38.746500000000005" lon="-0.025470000000000003">
    <ele>199.72</ele>
   </trkpt>
   <trkpt lat="38.74665500416802" lon="-0.026459997806074432">
    <ele>200.47</ele>
   </trkpt>
   <trkpt lat="38.74681" lon="-0.027450000000000002">
    <ele>202.31</ele>
   </trkpt>
   <trkpt lat="38.74689" lon="-0.027770000000000003">
    <ele>204.16</ele>
   </trkpt>
   <trkpt lat="38.74719" lon="-0.0285">
    <ele>206.59000000000003</ele>
   </trkpt>
   <trkpt lat="38.74734" lon="-0.028940000000000004">
    <ele>207.72</ele>
   </trkpt>
   <trkpt lat="38.74739" lon="-0.029580000000000002">
    <ele>208.40000000000003</ele>
   </trkpt>
   <trkpt lat="38.74743" lon="-0.029920000000000002">
    <ele>208.85</ele>
   </trkpt>
   <trkpt lat="38.74754" lon="-0.030430000000000002">
    <ele>209.90000000000003</ele>
   </trkpt>
   <trkpt lat="38.747710001489054" lon="-0.031019998616694">
    <ele>210.05</ele>
   </trkpt>
   <trkpt lat="38.74788" lon="-0.03161">
    <ele>208.8</ele>
   </trkpt>
   <trkpt lat="38.74797" lon="-0.032">
    <ele>208.21</ele>
   </trkpt>
   <trkpt lat="38.747980000000005" lon="-0.032440000000000004">
    <ele>207.82</ele>
   </trkpt>
   <trkpt lat="38.74794" lon="-0.03304">
    <ele>207.04000000000002</ele>
   </trkpt>
   <trkpt lat="38.74795" lon="-0.03343">
    <ele>206.87000000000003</ele>
   </trkpt>
   <trkpt lat="38.747980000000005" lon="-0.03363">
    <ele>206.93000000000004</ele>
   </trkpt>
   <trkpt lat="38.748020000000004" lon="-0.03377">
    <ele>207.04000000000002</ele>
   </trkpt>
   <trkpt lat="38.74842" lon="-0.03438">
    <ele>208.54000000000002</ele>
   </trkpt>
   <trkpt lat="38.74888" lon="-0.035250000000000004">
    <ele>211.76</ele>
   </trkpt>
   <trkpt lat="38.74915500133237" lon="-0.03578999809702316">
    <ele>213.74</ele>
   </trkpt>
   <trkpt lat="38.749430000000004" lon="-0.03633">
    <ele>217.81000000000003</ele>
   </trkpt>
   <trkpt lat="38.749520000000004" lon="-0.03656">
    <ele>219.32000000000002</ele>
   </trkpt>
   <trkpt lat="38.749590000000005" lon="-0.0369">
    <ele>220.2</ele>
   </trkpt>
   <trkpt lat="38.749680000000005" lon="-0.037520000000000005">
    <ele>221.74</ele>
   </trkpt>
   <trkpt lat="38.74972" lon="-0.037720000000000004">
    <ele>221.94000000000003</ele>
   </trkpt>
   <trkpt lat="38.74987" lon="-0.038000000000000006">
    <ele>222.01000000000002</ele>
   </trkpt>
   <trkpt lat="38.750040000000006" lon="-0.03819">
    <ele>221.89000000000001</ele>
   </trkpt>
   <trkpt lat="38.750530000000005" lon="-0.03853">
    <ele>222.47000000000003</ele>
   </trkpt>
   <trkpt lat="38.75081" lon="-0.03883">
    <ele>223.13000000000002</ele>
   </trkpt>
   <trkpt lat="38.75101" lon="-0.03917">
    <ele>224.63000000000002</ele>
   </trkpt>
   <trkpt lat="38.751090000000005" lon="-0.03946">
    <ele>226.81</ele>
   </trkpt>
   <trkpt lat="38.751160000000006" lon="-0.04007">
    <ele>231.39000000000001</ele>
   </trkpt>
   <trkpt lat="38.751250000000006" lon="-0.04034">
    <ele>232.19</ele>
   </trkpt>
   <trkpt lat="38.751740000000005" lon="-0.04116">
    <ele>229.84</ele>
   </trkpt>
   <trkpt lat="38.75202" lon="-0.041760000000000005">
    <ele>228.59</ele>
   </trkpt>
   <trkpt lat="38.75124" lon="-0.04232">
    <ele>225.55</ele>
   </trkpt>
   <trkpt lat="38.75133" lon="-0.0425">
    <ele>225.72000000000003</ele>
   </trkpt>
   <trkpt lat="38.7516" lon="-0.04286">
    <ele>226.20000000000002</ele>
   </trkpt>
   <trkpt lat="38.75188" lon="-0.043250000000000004">
    <ele>226.66000000000003</ele>
   </trkpt>
   <trkpt lat="38.75207" lon="-0.04358">
    <ele>229.18</ele>
   </trkpt>
   <trkpt lat="38.75220500210435" lon="-0.044279998764071266">
    <ele>231.28</ele>
   </trkpt>
   <trkpt lat="38.752340000000004" lon="-0.044980000000000006">
    <ele>235.69</ele>
   </trkpt>
   <trkpt lat="38.752390000000005" lon="-0.04512">
    <ele>236.03</ele>
   </trkpt>
   <trkpt lat="38.75244" lon="-0.045200000000000004">
    <ele>236.06</ele>
   </trkpt>
   <trkpt lat="38.752590000000005" lon="-0.045360000000000004">
    <ele>236.42000000000002</ele>
   </trkpt>
   <trkpt lat="38.753190000605464" lon="-0.04573999679973402">
    <ele>239.44</ele>
   </trkpt>
   <trkpt lat="38.75379" lon="-0.04612">
    <ele>245.02</ele>
   </trkpt>
   <trkpt lat="38.75394" lon="-0.04626">
    <ele>245.02</ele>
   </trkpt>
   <trkpt lat="38.75401" lon="-0.04637">
    <ele>246.39000000000001</ele>
   </trkpt>
   <trkpt lat="38.75406" lon="-0.04653">
    <ele>246.96</ele>
   </trkpt>
   <trkpt lat="38.75406" lon="-0.04692">
    <ele>249.88000000000002</ele>
   </trkpt>
   <trkpt lat="38.75404" lon="-0.04739">
    <ele>251.44</ele>
   </trkpt>
   <trkpt lat="38.754070000000006" lon="-0.04766">
    <ele>253.0</ele>
   </trkpt>
   <trkpt lat="38.75426" lon="-0.048380000000000006">
    <ele>254.43000000000004</ele>
   </trkpt>
   <trkpt lat="38.75428" lon="-0.048690000000000004">
    <ele>255.86</ele>
   </trkpt>
   <trkpt lat="38.754180000000005" lon="-0.04959">
    <ele>260.25000000000006</ele>
   </trkpt>
   <trkpt lat="38.75421" lon="-0.04993">
    <ele>264.15</ele>
   </trkpt>
   <trkpt lat="38.754270000000005" lon="-0.05018">
    <ele>265.35</ele>
   </trkpt>
   <trkpt lat="38.754360000000005" lon="-0.05038">
    <ele>266.15</ele>
   </trkpt>
   <trkpt lat="38.75468" lon="-0.050820000000000004">
    <ele>267.78000000000003</ele>
   </trkpt>
   <trkpt lat="38.754780000000004" lon="-0.0509">
    <ele>268.07000000000005</ele>
   </trkpt>
   <trkpt lat="38.75520000006014" lon="-0.05113999848190776">
    <ele>267.71</ele>
   </trkpt>
   <trkpt lat="38.75562" lon="-0.05138">
    <ele>266.0</ele>
   </trkpt>
   <trkpt lat="38.75567" lon="-0.05147">
    <ele>265.55</ele>
   </trkpt>
   <trkpt lat="38.755680000000005" lon="-0.05156">
    <ele>265.55</ele>
   </trkpt>
   <trkpt lat="38.75567" lon="-0.051660000000000005">
    <ele>265.14000000000004</ele>
   </trkpt>
   <trkpt lat="38.75547" lon="-0.05206">
    <ele>263.64000000000004</ele>
   </trkpt>
   <trkpt lat="38.75533" lon="-0.05242">
    <ele>262.3</ele>
   </trkpt>
   <trkpt lat="38.75524" lon="-0.05285">
    <ele>259.12</ele>
   </trkpt>
   <trkpt lat="38.755205002059974" lon="-0.0535450002960313">
    <ele>253.8</ele>
   </trkpt>
   <trkpt lat="38.75517" lon="-0.054240000000000003">
    <ele>247.99</ele>
   </trkpt>
   <trkpt lat="38.755190000000006" lon="-0.05467">
    <ele>245.11</ele>
   </trkpt>
   <trkpt lat="38.75518" lon="-0.054830000000000004">
    <ele>244.07</ele>
   </trkpt>
   <trkpt lat="38.755160000000004" lon="-0.05494">
    <ele>243.19000000000003</ele>
   </trkpt>
   <trkpt lat="38.755050000000004" lon="-0.05532">
    <ele>241.69</ele>
   </trkpt>
   <trkpt lat="38.75499000000001" lon="-0.05573">
    <ele>240.02</ele>
   </trkpt>
   <trkpt lat="38.755010000000006" lon="-0.05591">
    <ele>239.56000000000003</ele>
   </trkpt>
   <trkpt lat="38.75506" lon="-0.056100000000000004">
    <ele>239.33</ele>
   </trkpt>
   <trkpt lat="38.755500000000005" lon="-0.05671">
    <ele>239.44</ele>
   </trkpt>
   <trkpt lat="38.755590000000005" lon="-0.056870000000000004">
    <ele>239.36</ele>
   </trkpt>
   <trkpt lat="38.75594" lon="-0.05793">
    <ele>238.78</ele>
   </trkpt>
   <trkpt lat="38.75636" lon="-0.05888">
    <ele>238.56000000000003</ele>
   </trkpt>
   <trkpt lat="38.75665500257026" lon="-0.05964999693338159">
    <ele>239.82000000000002</ele>
   </trkpt>
   <trkpt lat="38.75695" lon="-0.06042">
    <ele>241.86</ele>
   </trkpt>
   <trkpt lat="38.75732" lon="-0.061290000000000004">
    <ele>244.62000000000003</ele>
   </trkpt>
   <trkpt lat="38.75751" lon="-0.061700000000000005">
    <ele>245.61</ele>
   </trkpt>
   <trkpt lat="38.758170000691706" lon="-0.06198332809619224">
    <ele>245.74</ele>
   </trkpt>
   <trkpt lat="38.75883000069944" lon="-0.06226666143276721">
    <ele>246.04</ele>
   </trkpt>
   <trkpt lat="38.75949000000001" lon="-0.06255000000000001">
    <ele>246.96</ele>
   </trkpt>
   <trkpt lat="38.76009500009502" lon="-0.0627949978578698">
    <ele>247.24</ele>
   </trkpt>
   <trkpt lat="38.7607" lon="-0.06304">
    <ele>247.69000000000003</ele>
   </trkpt>
   <trkpt lat="38.76146500005704" lon="-0.06315999871288511">
    <ele>248.95000000000002</ele>
   </trkpt>
   <trkpt lat="38.76223" lon="-0.06328">
    <ele>250.92000000000002</ele>
   </trkpt>
   <trkpt lat="38.76288" lon="-0.06328">
    <ele>252.32000000000005</ele>
   </trkpt>
   <trkpt lat="38.763200000000005" lon="-0.06321">
    <ele>253.60999999999999</ele>
   </trkpt>
   <trkpt lat="38.763290000000005" lon="-0.06318">
    <ele>254.03000000000003</ele>
   </trkpt>
   <trkpt lat="38.76344" lon="-0.0631">
    <ele>254.76999999999998</ele>
   </trkpt>
   <trkpt lat="38.763690000000004" lon="-0.06285">
    <ele>257.13</ele>
   </trkpt>
   <trkpt lat="38.76377" lon="-0.06277">
    <ele>257.13</ele>
   </trkpt>
   <trkpt lat="38.763960000000004" lon="-0.06274">
    <ele>257.84000000000003</ele>
   </trkpt>
   <trkpt lat="38.76449" lon="-0.06274">
    <ele>260.69000000000005</ele>
   </trkpt>
   <trkpt lat="38.764880000000005" lon="-0.06278">
    <ele>261.68</ele>
   </trkpt>
   <trkpt lat="38.765060000000005" lon="-0.06274">
    <ele>261.41</ele>
   </trkpt>
   <trkpt lat="38.765775000997984" lon="-0.06224000505752934">
    <ele>256.0</ele>
   </trkpt>
   <trkpt lat="38.766490000000005" lon="-0.06174">
    <ele>249.24</ele>
   </trkpt>
   <trkpt lat="38.766830000000006" lon="-0.061470000000000004">
    <ele>248.74</ele>
   </trkpt>
   <trkpt lat="38.76691" lon="-0.061380000000000004">
    <ele>247.28000000000003</ele>
   </trkpt>
   <trkpt lat="38.767" lon="-0.061220000000000004">
    <ele>246.77</ele>
   </trkpt>
   <trkpt lat="38.767010000000006" lon="-0.061040000000000004">
    <ele>246.77</ele>
   </trkpt>
   <trkpt lat="38.76695" lon="-0.06008">
    <ele>241.47</ele>
   </trkpt>
   <trkpt lat="38.76693" lon="-0.05947">
    <ele>239.49</ele>
   </trkpt>
   <trkpt lat="38.766940000000005" lon="-0.058820000000000004">
    <ele>236.36</ele>
   </trkpt>
   <trkpt lat="38.767010000000006" lon="-0.05838">
    <ele>234.0</ele>
   </trkpt>
   <trkpt lat="38.76713" lon="-0.057980000000000004">
    <ele>232.12</ele>
   </trkpt>
   <trkpt lat="38.767430000000004" lon="-0.057210000000000004">
    <ele>229.32000000000002</ele>
   </trkpt>
   <trkpt lat="38.76747" lon="-0.05675">
    <ele>226.83000000000004</ele>
   </trkpt>
   <trkpt lat="38.767500000000005" lon="-0.05668">
    <ele>226.83000000000004</ele>
   </trkpt>
   <trkpt lat="38.767590000000006" lon="-0.05666">
    <ele>225.56</ele>
   </trkpt>
   <trkpt lat="38.767630000000004" lon="-0.05668">
    <ele>225.56</ele>
   </trkpt>
   <trkpt lat="38.76771" lon="-0.05682">
    <ele>224.76000000000002</ele>
   </trkpt>
   <trkpt lat="38.76771" lon="-0.05691">
    <ele>224.76000000000002</ele>
   </trkpt>
   <trkpt lat="38.767630000000004" lon="-0.057640000000000004">
    <ele>218.71</ele>
   </trkpt>
   <trkpt lat="38.767500000000005" lon="-0.058480000000000004">
    <ele>215.78000000000003</ele>
   </trkpt>
   <trkpt lat="38.76749" lon="-0.05868">
    <ele>215.59</ele>
   </trkpt>
   <trkpt lat="38.76751" lon="-0.059210000000000006">
    <ele>215.22000000000003</ele>
   </trkpt>
   <trkpt lat="38.76753" lon="-0.059930000000000004">
    <ele>214.46</ele>
   </trkpt>
   <trkpt lat="38.76756" lon="-0.06013">
    <ele>213.85</ele>
   </trkpt>
   <trkpt lat="38.76793" lon="-0.060790000000000004">
    <ele>211.71</ele>
   </trkpt>
   <trkpt lat="38.76802" lon="-0.0611">
    <ele>209.72000000000003</ele>
   </trkpt>
   <trkpt lat="38.767970000000005" lon="-0.061380000000000004">
    <ele>209.27</ele>
   </trkpt>
   <trkpt lat="38.76798" lon="-0.061470000000000004">
    <ele>208.52</ele>
   </trkpt>
   <trkpt lat="38.76805" lon="-0.061630000000000004">
    <ele>207.68</ele>
   </trkpt>
   <trkpt lat="38.76811" lon="-0.06167">
    <ele>207.36</ele>
   </trkpt>
   <trkpt lat="38.768170000000005" lon="-0.06169">
    <ele>206.69</ele>
   </trkpt>
   <trkpt lat="38.768550000000005" lon="-0.061540000000000004">
    <ele>203.78</ele>
   </trkpt>
   <trkpt lat="38.76887" lon="-0.06146000000000001">
    <ele>199.25</ele>
   </trkpt>
   <trkpt lat="38.769110000000005" lon="-0.061380000000000004">
    <ele>199.25</ele>
   </trkpt>
   <trkpt lat="38.76919" lon="-0.061380000000000004">
    <ele>198.57000000000002</ele>
   </trkpt>
   <trkpt lat="38.769360000000006" lon="-0.061470000000000004">
    <ele>197.29000000000002</ele>
   </trkpt>
   <trkpt lat="38.769670000000005" lon="-0.06180000000000001">
    <ele>194.61</ele>
   </trkpt>
   <trkpt lat="38.770050000000005" lon="-0.06194">
    <ele>191.10999999999999</ele>
   </trkpt>
   <trkpt lat="38.77047" lon="-0.06203">
    <ele>188.15</ele>
   </trkpt>
   <trkpt lat="38.77114" lon="-0.06201">
    <ele>183.35000000000002</ele>
   </trkpt>
   <trkpt lat="38.77136" lon="-0.06205000000000001">
    <ele>181.81000000000003</ele>
   </trkpt>
   <trkpt lat="38.77154" lon="-0.0621">
    <ele>180.69000000000003</ele>
   </trkpt>
   <trkpt lat="38.771710000000006" lon="-0.0621">
    <ele>179.97000000000003</ele>
   </trkpt>
   <trkpt lat="38.771910000000005" lon="-0.062000000000000006">
    <ele>179.57</ele>
   </trkpt>
   <trkpt lat="38.772310000000004" lon="-0.06174">
    <ele>179.08</ele>
   </trkpt>
   <trkpt lat="38.77241" lon="-0.061720000000000004">
    <ele>178.97000000000003</ele>
   </trkpt>
   <trkpt lat="38.77273" lon="-0.06176">
    <ele>178.53000000000003</ele>
   </trkpt>
   <trkpt lat="38.77319000000001" lon="-0.061880000000000004">
    <ele>176.37000000000003</ele>
   </trkpt>
   <trkpt lat="38.77353" lon="-0.06199">
    <ele>174.75</ele>
   </trkpt>
   <trkpt lat="38.773770000000006" lon="-0.0621">
    <ele>174.02</ele>
   </trkpt>
   <trkpt lat="38.774190000000004" lon="-0.06242">
    <ele>174.01000000000002</ele>
   </trkpt>
   <trkpt lat="38.77486500132703" lon="-0.06297499475969713">
    <ele>174.18</ele>
   </trkpt>
   <trkpt lat="38.77554000000001" lon="-0.06353">
    <ele>174.39000000000001</ele>
   </trkpt>
   <trkpt lat="38.775960000000005" lon="-0.06396">
    <ele>172.8</ele>
   </trkpt>
   <trkpt lat="38.7765566711569" lon="-0.06468332126900894">
    <ele>170.49</ele>
   </trkpt>
   <trkpt lat="38.777153337855296" lon="-0.06540665464062505">
    <ele>166.67000000000002</ele>
   </trkpt>
   <trkpt lat="38.777750000000005" lon="-0.06613000000000001">
    <ele>161.03</ele>
   </trkpt>
   <trkpt lat="38.77797" lon="-0.06632">
    <ele>159.24</ele>
   </trkpt>
   <trkpt lat="38.778200000000005" lon="-0.06647">
    <ele>158.05</ele>
   </trkpt>
   <trkpt lat="38.778420000000004" lon="-0.06654">
    <ele>156.94000000000003</ele>
   </trkpt>
   <trkpt lat="38.77859" lon="-0.06656000000000001">
    <ele>157.95000000000002</ele>
   </trkpt>
   <trkpt lat="38.779160000000005" lon="-0.06637000000000001">
    <ele>151.24</ele>
   </trkpt>
   <trkpt lat="38.779740000367475" lon="-0.06610000216948224">
    <ele>146.6</ele>
   </trkpt>
   <trkpt lat="38.78032" lon="-0.06583">
    <ele>144.62</ele>
   </trkpt>
   <trkpt lat="38.780950000000004" lon="-0.06552000000000001">
    <ele>142.92000000000002</ele>
   </trkpt>
   <trkpt lat="38.78144333526209" lon="-0.06503667341513494">
    <ele>141.70000000000002</ele>
   </trkpt>
   <trkpt lat="38.7819366685334" lon="-0.06455334014265156">
    <ele>140.85</ele>
   </trkpt>
   <trkpt lat="38.782430000000005" lon="-0.06407">
    <ele>141.21</ele>
   </trkpt>
   <trkpt lat="38.78266" lon="-0.06387000000000001">
    <ele>141.89000000000001</ele>
   </trkpt>
   <trkpt lat="38.782790000000006" lon="-0.06381">
    <ele>141.94</ele>
   </trkpt>
   <trkpt lat="38.782880000000006" lon="-0.06380000000000001">
    <ele>141.94</ele>
   </trkpt>
   <trkpt lat="38.78305" lon="-0.06385">
    <ele>141.58</ele>
   </trkpt>
   <trkpt lat="38.78356" lon="-0.0641">
    <ele>139.18</ele>
   </trkpt>
   <trkpt lat="38.783860000000004" lon="-0.06432">
    <ele>135.17000000000002</ele>
   </trkpt>
   <trkpt lat="38.78421000071426" lon="-0.06471999807365104">
    <ele>130.45000000000002</ele>
   </trkpt>
   <trkpt lat="38.784560000000006" lon="-0.06512000000000001">
    <ele>128.12</ele>
   </trkpt>
   <trkpt lat="38.7850750014976" lon="-0.06571999562378912">
    <ele>124.62</ele>
   </trkpt>
   <trkpt lat="38.785590000000006" lon="-0.06632">
    <ele>124.21000000000001</ele>
   </trkpt>
   <trkpt lat="38.785810000000005" lon="-0.06647">
    <ele>124.23</ele>
   </trkpt>
   <trkpt lat="38.786295000081815" lon="-0.0667049983270152">
    <ele>124.67000000000002</ele>
   </trkpt>
   <trkpt lat="38.78678" lon="-0.06694">
    <ele>125.42</ele>
   </trkpt>
   <trkpt lat="38.787490001620704" lon="-0.06729748931244615">
    <ele>125.23</ele>
   </trkpt>
   <trkpt lat="38.78820000215226" lon="-0.06765498574533128">
    <ele>124.83000000000001</ele>
   </trkpt>
   <trkpt lat="38.788910001594616" lon="-0.06801248929896701">
    <ele>124.04</ele>
   </trkpt>
   <trkpt lat="38.789620000000006" lon="-0.06837">
    <ele>123.3</ele>
   </trkpt>
   <trkpt lat="38.79031000101246" lon="-0.06870666017193071">
    <ele>122.22000000000001</ele>
   </trkpt>
   <trkpt lat="38.791000001058954" lon="-0.06904332686118851">
    <ele>120.82000000000001</ele>
   </trkpt>
   <trkpt lat="38.79169" lon="-0.06938000000000001">
    <ele>117.53</ele>
   </trkpt>
   <trkpt lat="38.79225" lon="-0.06967000000000001">
    <ele>116.30000000000001</ele>
   </trkpt>
   <trkpt lat="38.79258" lon="-0.06987">
    <ele>116.09</ele>
   </trkpt>
   <trkpt lat="38.792680000000004" lon="-0.0699">
    <ele>116.09</ele>
   </trkpt>
   <trkpt lat="38.79330000006694" lon="-0.06995999948309793">
    <ele>116.12000000000002</ele>
   </trkpt>
   <trkpt lat="38.79392" lon="-0.07002">
    <ele>116.07000000000001</ele>
   </trkpt>
   <trkpt lat="38.7943" lon="-0.07004">
    <ele>115.99000000000001</ele>
   </trkpt>
   <trkpt lat="38.79513999991604" lon="-0.07011499910645017">
    <ele>115.52000000000001</ele>
   </trkpt>
   <trkpt lat="38.79598" lon="-0.07019">
    <ele>117.5</ele>
   </trkpt>
   <trkpt lat="38.7967583334365" lon="-0.07026332932782393">
    <ele>118.87</ele>
   </trkpt>
   <trkpt lat="38.79753666682718" lon="-0.07033666025731539">
    <ele>117.25</ele>
   </trkpt>
   <trkpt lat="38.798315000171996" lon="-0.07040999278855378">
    <ele>116.9</ele>
   </trkpt>
   <trkpt lat="38.799093333471006" lon="-0.07048332692161861">
    <ele>116.63000000000001</ele>
   </trkpt>
   <trkpt lat="38.799871666724165" lon="-0.0705566626565893">
    <ele>116.68</ele>
   </trkpt>
   <trkpt lat="38.800650000000005" lon="-0.07063000000000001">
    <ele>117.08</ele>
   </trkpt>
   <trkpt lat="38.80096" lon="-0.07065">
    <ele>117.15</ele>
   </trkpt>
   <trkpt lat="38.80113" lon="-0.07062">
    <ele>117.18</ele>
   </trkpt>
   <trkpt lat="38.80127" lon="-0.07055">
    <ele>117.25</ele>
   </trkpt>
   <trkpt lat="38.80186000035103" lon="-0.07024000259751832">
    <ele>117.67</ele>
   </trkpt>
   <trkpt lat="38.80245" lon="-0.06993">
    <ele>116.55000000000001</ele>
   </trkpt>
   <trkpt lat="38.80274" lon="-0.0698">
    <ele>116.03</ele>
   </trkpt>
   <trkpt lat="38.80349666809343" lon="-0.06939667521166012">
    <ele>113.22000000000001</ele>
   </trkpt>
   <trkpt lat="38.80425333480035" lon="-0.06899334185701815">
    <ele>109.93</ele>
   </trkpt>
   <trkpt lat="38.80501" lon="-0.06859000000000001">
    <ele>107.24</ele>
   </trkpt>
   <trkpt lat="38.80572000116147" lon="-0.06823000714625335">
    <ele>104.58</ele>
   </trkpt>
   <trkpt lat="38.80643000121834" lon="-0.06787000711753363">
    <ele>103.9</ele>
   </trkpt>
   <trkpt lat="38.807140000000004" lon="-0.06751">
    <ele>108.71000000000001</ele>
   </trkpt>
   <trkpt lat="38.80783" lon="-0.06735000000000001">
    <ele>113.44000000000001</ele>
   </trkpt>
   <trkpt lat="38.80872" lon="-0.06720000000000001">
    <ele>116.61</ele>
   </trkpt>
   <trkpt lat="38.8091" lon="-0.06708">
    <ele>116.49000000000001</ele>
   </trkpt>
   <trkpt lat="38.809580000000004" lon="-0.06686">
    <ele>116.68</ele>
   </trkpt>
   <trkpt lat="38.80979000000001" lon="-0.06679">
    <ele>116.80000000000001</ele>
   </trkpt>
   <trkpt lat="38.8104" lon="-0.06688000000000001">
    <ele>117.61</ele>
   </trkpt>
   <trkpt lat="38.810660000000006" lon="-0.06693">
    <ele>117.68</ele>
   </trkpt>
   <trkpt lat="38.81087" lon="-0.0669">
    <ele>117.72</ele>
   </trkpt>
   <trkpt lat="38.81103" lon="-0.06676">
    <ele>117.71000000000001</ele>
   </trkpt>
   <trkpt lat="38.811640000000004" lon="-0.06607">
    <ele>117.37000000000002</ele>
   </trkpt>
   <trkpt lat="38.81195" lon="-0.06582">
    <ele>116.92</ele>
   </trkpt>
   <trkpt lat="38.81244" lon="-0.0655">
    <ele>116.25</ele>
   </trkpt>
   <trkpt lat="38.812760000000004" lon="-0.06532">
    <ele>115.55000000000001</ele>
   </trkpt>
   <trkpt lat="38.81289" lon="-0.06529">
    <ele>115.55000000000001</ele>
   </trkpt>
   <trkpt lat="38.81318" lon="-0.06529">
    <ele>115.39</ele>
   </trkpt>
   <trkpt lat="38.81407" lon="-0.06543">
    <ele>118.9</ele>
   </trkpt>
   <trkpt lat="38.81494" lon="-0.06568">
    <ele>121.97000000000001</ele>
   </trkpt>
   <trkpt lat="38.81540500008153" lon="-0.06589499854290155">
    <ele>124.43</ele>
   </trkpt>
   <trkpt lat="38.815870000000004" lon="-0.06611">
    <ele>126.16000000000003</ele>
   </trkpt>
   <trkpt lat="38.815990000000006" lon="-0.06618">
    <ele>127.03</ele>
   </trkpt>
   <trkpt lat="38.81641500073402" lon="-0.06660999737932387">
    <ele>129.29999999999998</ele>
   </trkpt>
   <trkpt lat="38.816840000000006" lon="-0.06704">
    <ele>130.88000000000002</ele>
   </trkpt>
   <trkpt lat="38.81727000055474" lon="-0.06735999815593009">
    <ele>132.83</ele>
   </trkpt>
   <trkpt lat="38.8177" lon="-0.06768">
    <ele>135.42000000000002</ele>
   </trkpt>
   <trkpt lat="38.8183" lon="-0.06823">
    <ele>138.14000000000001</ele>
   </trkpt>
   <trkpt lat="38.818430000000006" lon="-0.06844">
    <ele>139.21</ele>
   </trkpt>
   <trkpt lat="38.8187" lon="-0.06894">
    <ele>140.76000000000002</ele>
   </trkpt>
   <trkpt lat="38.81879" lon="-0.06933">
    <ele>141.08</ele>
   </trkpt>
   <trkpt lat="38.81883500196798" lon="-0.07000999952739984">
    <ele>142.15</ele>
   </trkpt>
   <trkpt lat="38.81888" lon="-0.07069">
    <ele>144.16</ele>
   </trkpt>
   <trkpt lat="38.81899000000001" lon="-0.07123">
    <ele>144.54</ele>
   </trkpt>
   <trkpt lat="38.819" lon="-0.07155">
    <ele>145.68</ele>
   </trkpt>
   <trkpt lat="38.818940000000005" lon="-0.07202">
    <ele>148.23</ele>
   </trkpt>
   <trkpt lat="38.818940000000005" lon="-0.07219">
    <ele>148.23</ele>
   </trkpt>
   <trkpt lat="38.81899000000001" lon="-0.07241">
    <ele>149.67000000000002</ele>
   </trkpt>
   <trkpt lat="38.81909" lon="-0.07266">
    <ele>150.98</ele>
   </trkpt>
   <trkpt lat="38.819410000000005" lon="-0.07323">
    <ele>154.16000000000003</ele>
   </trkpt>
   <trkpt lat="38.81955000000001" lon="-0.07341">
    <ele>156.09</ele>
   </trkpt>
   <trkpt lat="38.819630000000004" lon="-0.07345">
    <ele>156.09</ele>
   </trkpt>
   <trkpt lat="38.81982" lon="-0.07349">
    <ele>156.66000000000003</ele>
   </trkpt>
   <trkpt lat="38.82021" lon="-0.07338">
    <ele>159.68</ele>
   </trkpt>
   <trkpt lat="38.82032" lon="-0.07338">
    <ele>160.25</ele>
   </trkpt>
   <trkpt lat="38.820440000000005" lon="-0.07342">
    <ele>160.77</ele>
   </trkpt>
   <trkpt lat="38.820530000000005" lon="-0.07349">
    <ele>161.27</ele>
   </trkpt>
   <trkpt lat="38.820600000000006" lon="-0.07359">
    <ele>162.70000000000002</ele>
   </trkpt>
   <trkpt lat="38.82088" lon="-0.07441">
    <ele>166.15</ele>
   </trkpt>
   <trkpt lat="38.82104" lon="-0.07456">
    <ele>167.29000000000002</ele>
   </trkpt>
   <trkpt lat="38.821470000000005" lon="-0.07473">
    <ele>169.31</ele>
   </trkpt>
   <trkpt lat="38.821580000000004" lon="-0.07473">
    <ele>170.91</ele>
   </trkpt>
   <trkpt lat="38.82195" lon="-0.07463">
    <ele>172.57</ele>
   </trkpt>
   <trkpt lat="38.822140000000005" lon="-0.07463">
    <ele>174.33</ele>
   </trkpt>
   <trkpt lat="38.82246000000001" lon="-0.0747">
    <ele>176.47</ele>
   </trkpt>
   <trkpt lat="38.82256" lon="-0.07467">
    <ele>176.47</ele>
   </trkpt>
   <trkpt lat="38.82332" lon="-0.07441">
    <ele>181.72000000000003</ele>
   </trkpt>
   <trkpt lat="38.82347" lon="-0.07438">
    <ele>183.89000000000001</ele>
   </trkpt>
   <trkpt lat="38.82367" lon="-0.07448">
    <ele>185.04</ele>
   </trkpt>
   <trkpt lat="38.82376" lon="-0.07459">
    <ele>185.56</ele>
   </trkpt>
   <trkpt lat="38.823800000000006" lon="-0.07474">
    <ele>186.04000000000002</ele>
   </trkpt>
   <trkpt lat="38.823780000000006" lon="-0.07495">
    <ele>186.93</ele>
   </trkpt>
   <trkpt lat="38.82363" lon="-0.07552">
    <ele>189.81</ele>
   </trkpt>
   <trkpt lat="38.823600000000006" lon="-0.07590000000000001">
    <ele>191.37</ele>
   </trkpt>
   <trkpt lat="38.823570000000004" lon="-0.07663">
    <ele>195.24</ele>
   </trkpt>
   <trkpt lat="38.82359" lon="-0.07688">
    <ele>196.15</ele>
   </trkpt>
   <trkpt lat="38.82365" lon="-0.07706">
    <ele>197.56</ele>
   </trkpt>
   <trkpt lat="38.824070000000006" lon="-0.07798000000000001">
    <ele>198.10000000000002</ele>
   </trkpt>
   <trkpt lat="38.8241" lon="-0.07817">
    <ele>196.72</ele>
   </trkpt>
   <trkpt lat="38.82408" lon="-0.07838">
    <ele>195.26000000000002</ele>
   </trkpt>
   <trkpt lat="38.82396000000001" lon="-0.07867">
    <ele>194.75</ele>
   </trkpt>
   <trkpt lat="38.82379" lon="-0.07903">
    <ele>192.46</ele>
   </trkpt>
   <trkpt lat="38.82376" lon="-0.07921">
    <ele>191.95000000000002</ele>
   </trkpt>
   <trkpt lat="38.82377" lon="-0.07932">
    <ele>191.95000000000002</ele>
   </trkpt>
   <trkpt lat="38.82394" lon="-0.07982">
    <ele>187.33</ele>
   </trkpt>
   <trkpt lat="38.824000000000005" lon="-0.08007">
    <ele>187.33</ele>
   </trkpt>
   <trkpt lat="38.82403" lon="-0.08036">
    <ele>184.98</ele>
   </trkpt>
   <trkpt lat="38.824070000000006" lon="-0.0811">
    <ele>183.10000000000002</ele>
   </trkpt>
   <trkpt lat="38.82405" lon="-0.08171">
    <ele>180.48</ele>
   </trkpt>
   <trkpt lat="38.824020000000004" lon="-0.08199000000000001">
    <ele>179.47000000000003</ele>
   </trkpt>
   <trkpt lat="38.823910000000005" lon="-0.08246">
    <ele>178.20000000000002</ele>
   </trkpt>
   <trkpt lat="38.823910000000005" lon="-0.08261">
    <ele>178.20000000000002</ele>
   </trkpt>
   <trkpt lat="38.82395" lon="-0.08271">
    <ele>178.20000000000002</ele>
   </trkpt>
   <trkpt lat="38.82412" lon="-0.083">
    <ele>174.86</ele>
   </trkpt>
   <trkpt lat="38.824290000000005" lon="-0.08324000000000001">
    <ele>174.02</ele>
   </trkpt>
   <trkpt lat="38.82441" lon="-0.08335000000000001">
    <ele>173.22</ele>
   </trkpt>
   <trkpt lat="38.82475" lon="-0.08335000000000001">
    <ele>171.37</ele>
   </trkpt>
   <trkpt lat="38.82506" lon="-0.08318">
    <ele>171.37</ele>
   </trkpt>
   <trkpt lat="38.825340000000004" lon="-0.08314">
    <ele>168.58</ele>
   </trkpt>
   <trkpt lat="38.825430000000004" lon="-0.08317000000000001">
    <ele>168.58</ele>
   </trkpt>
   <trkpt lat="38.82551" lon="-0.08326">
    <ele>168.19</ele>
   </trkpt>
   <trkpt lat="38.82556" lon="-0.08342000000000001">
    <ele>167.69</ele>
   </trkpt>
   <trkpt lat="38.825570000000006" lon="-0.08353000000000001">
    <ele>167.69</ele>
   </trkpt>
   <trkpt lat="38.82553000279894" lon="-0.08434000040650041">
    <ele>165.31</ele>
   </trkpt>
   <trkpt lat="38.82549" lon="-0.08515">
    <ele>163.64000000000001</ele>
   </trkpt>
   <trkpt lat="38.82551" lon="-0.08528000000000001">
    <ele>163.19</ele>
   </trkpt>
   <trkpt lat="38.82562" lon="-0.08561">
    <ele>162.53</ele>
   </trkpt>
   <trkpt lat="38.82569" lon="-0.08598">
    <ele>160.8</ele>
   </trkpt>
   <trkpt lat="38.825885001504766" lon="-0.08656499853592282">
    <ele>159.78</ele>
   </trkpt>
   <trkpt lat="38.826080000000005" lon="-0.08715">
    <ele>157.97</ele>
   </trkpt>
   <trkpt lat="38.82611" lon="-0.08800000000000001">
    <ele>156.44000000000003</ele>
   </trkpt>
   <trkpt lat="38.82607" lon="-0.08811000000000001">
    <ele>155.52</ele>
   </trkpt>
   <trkpt lat="38.82603" lon="-0.08816">
    <ele>155.52</ele>
   </trkpt>
   <trkpt lat="38.82583" lon="-0.08834">
    <ele>155.12</ele>
   </trkpt>
   <trkpt lat="38.825790000000005" lon="-0.0884">
    <ele>154.68</ele>
   </trkpt>
   <trkpt lat="38.82576" lon="-0.08851">
    <ele>154.33</ele>
   </trkpt>
   <trkpt lat="38.82567" lon="-0.08940000000000001">
    <ele>150.39000000000001</ele>
   </trkpt>
   <trkpt lat="38.82562" lon="-0.0897">
    <ele>149.88000000000002</ele>
   </trkpt>
   <trkpt lat="38.82544" lon="-0.09015000000000001">
    <ele>147.55</ele>
   </trkpt>
   <trkpt lat="38.82517" lon="-0.09063">
    <ele>145.59000000000003</ele>
   </trkpt>
   <trkpt lat="38.82506" lon="-0.09105">
    <ele>143.14000000000001</ele>
   </trkpt>
   <trkpt lat="38.82493" lon="-0.09123">
    <ele>142.18</ele>
   </trkpt>
   <trkpt lat="38.82471" lon="-0.09142">
    <ele>142.18</ele>
   </trkpt>
   <trkpt lat="38.824220000000004" lon="-0.09173">
    <ele>139.06</ele>
   </trkpt>
   <trkpt lat="38.82408" lon="-0.09191">
    <ele>137.16</ele>
   </trkpt>
   <trkpt lat="38.82377500261184" lon="-0.09269500340049419">
    <ele>134.29000000000002</ele>
   </trkpt>
   <trkpt lat="38.82347" lon="-0.09348000000000001">
    <ele>130.41</ele>
   </trkpt>
   <trkpt lat="38.82321" lon="-0.09392">
    <ele>126.66000000000003</ele>
   </trkpt>
   <trkpt lat="38.82262" lon="-0.09467">
    <ele>124.81</ele>
   </trkpt>
   <trkpt lat="38.82251" lon="-0.09495">
    <ele>124.9</ele>
   </trkpt>
   <trkpt lat="38.82251" lon="-0.09513">
    <ele>125.11</ele>
   </trkpt>
   <trkpt lat="38.822570000000006" lon="-0.09527000000000001">
    <ele>124.98</ele>
   </trkpt>
   <trkpt lat="38.822660000000006" lon="-0.09534000000000001">
    <ele>124.98</ele>
   </trkpt>
   <trkpt lat="38.822750000000006" lon="-0.09535">
    <ele>124.74</ele>
   </trkpt>
   <trkpt lat="38.823060000000005" lon="-0.09535">
    <ele>124.61000000000001</ele>
   </trkpt>
   <trkpt lat="38.82338" lon="-0.09531">
    <ele>123.86000000000001</ele>
   </trkpt>
   <trkpt lat="38.82423000004374" lon="-0.09525500065460614">
    <ele>118.55000000000001</ele>
   </trkpt>
   <trkpt lat="38.82508" lon="-0.0952">
    <ele>116.09</ele>
   </trkpt>
   <trkpt lat="38.82522" lon="-0.09507">
    <ele>116.13000000000001</ele>
   </trkpt>
   <trkpt lat="38.825450000000004" lon="-0.09463">
    <ele>116.79</ele>
   </trkpt>
   <trkpt lat="38.82558" lon="-0.09445">
    <ele>118.42000000000002</ele>
   </trkpt>
   <trkpt lat="38.825810000000004" lon="-0.09430000000000001">
    <ele>118.83</ele>
   </trkpt>
   <trkpt lat="38.826260000000005" lon="-0.09424">
    <ele>119.8</ele>
   </trkpt>
   <trkpt lat="38.826370000000004" lon="-0.09427">
    <ele>120.33</ele>
   </trkpt>
   <trkpt lat="38.82647" lon="-0.09435">
    <ele>120.49000000000001</ele>
   </trkpt>
   <trkpt lat="38.82661" lon="-0.09482">
    <ele>119.33</ele>
   </trkpt>
   <trkpt lat="38.82672" lon="-0.09552000000000001">
    <ele>115.60000000000001</ele>
   </trkpt>
   <trkpt lat="38.82674" lon="-0.09599">
    <ele>112.53</ele>
   </trkpt>
   <trkpt lat="38.826710000000006" lon="-0.09645000000000001">
    <ele>111.09</ele>
   </trkpt>
   <trkpt lat="38.826730000000005" lon="-0.09679">
    <ele>109.97000000000001</ele>
   </trkpt>
   <trkpt lat="38.82681500255074" lon="-0.09756499898915327">
    <ele>104.54</ele>
   </trkpt>
   <trkpt lat="38.8269" lon="-0.09834000000000001">
    <ele>102.35000000000001</ele>
   </trkpt>
   <trkpt lat="38.82685" lon="-0.09892000000000001">
    <ele>100.79</ele>
   </trkpt>
   <trkpt lat="38.82686" lon="-0.09915">
    <ele>100.79</ele>
   </trkpt>
   <trkpt lat="38.82699" lon="-0.09975">
    <ele>99.53</ele>
   </trkpt>
   <trkpt lat="38.82715" lon="-0.1">
    <ele>99.16000000000001</ele>
   </trkpt>
   <trkpt lat="38.82741" lon="-0.10025">
    <ele>98.26</ele>
   </trkpt>
   <trkpt lat="38.82748" lon="-0.10028000000000001">
    <ele>97.84</ele>
   </trkpt>
   <trkpt lat="38.82764" lon="-0.10032">
    <ele>97.29</ele>
   </trkpt>
   <trkpt lat="38.828266666625325" lon="-0.10032">
    <ele>95.08000000000001</ele>
   </trkpt>
   <trkpt lat="38.82889333325063" lon="-0.10032">
    <ele>91.12</ele>
   </trkpt>
   <trkpt lat="38.82952" lon="-0.10032">
    <ele>87.47</ele>
   </trkpt>
   <trkpt lat="38.82959" lon="-0.10033">
    <ele>87.47</ele>
   </trkpt>
   <trkpt lat="38.829730000000005" lon="-0.10043">
    <ele>86.84</ele>
   </trkpt>
   <trkpt lat="38.82979" lon="-0.1005">
    <ele>86.69</ele>
   </trkpt>
   <trkpt lat="38.82985" lon="-0.10060000000000001">
    <ele>86.64</ele>
   </trkpt>
   <trkpt lat="38.829980000000006" lon="-0.10118">
    <ele>87.05</ele>
   </trkpt>
   <trkpt lat="38.830040000000004" lon="-0.10136">
    <ele>87.05</ele>
   </trkpt>
   <trkpt lat="38.83023" lon="-0.10176">
    <ele>87.04</ele>
   </trkpt>
   <trkpt lat="38.8307025098779" lon="-0.10263998242992514">
    <ele>87.21000000000001</ele>
   </trkpt>
   <trkpt lat="38.831175013154144" lon="-0.10351997654235076">
    <ele>86.92000000000002</ele>
   </trkpt>
   <trkpt lat="38.831647509828564" lon="-0.10439998233746593">
    <ele>86.82000000000001</ele>
   </trkpt>
   <trkpt lat="38.83212" lon="-0.10528000000000001">
    <ele>86.5</ele>
   </trkpt>
   <trkpt lat="38.832190000000004" lon="-0.10544">
    <ele>85.95000000000002</ele>
   </trkpt>
   <trkpt lat="38.832420000000006" lon="-0.10576">
    <ele>85.71000000000001</ele>
   </trkpt>
   <trkpt lat="38.83290000230325" lon="-0.10627999298442511">
    <ele>86.24000000000001</ele>
   </trkpt>
   <trkpt lat="38.83338000230131" lon="-0.10679999298223809">
    <ele>87.25</ele>
   </trkpt>
   <trkpt lat="38.83386" lon="-0.10732000000000001">
    <ele>88.7</ele>
   </trkpt>
   <trkpt lat="38.83406" lon="-0.10755">
    <ele>88.93</ele>
   </trkpt>
   <trkpt lat="38.83413" lon="-0.10768000000000001">
    <ele>88.83</ele>
   </trkpt>
   <trkpt lat="38.834160000000004" lon="-0.10781">
    <ele>89.36000000000001</ele>
   </trkpt>
   <trkpt lat="38.833510000000004" lon="-0.10798">
    <ele>94.27000000000001</ele>
   </trkpt>
   <trkpt lat="38.83315" lon="-0.10806">
    <ele>97.48</ele>
   </trkpt>
   <trkpt lat="38.83305" lon="-0.10814000000000001">
    <ele>98.13000000000001</ele>
   </trkpt>
   <trkpt lat="38.833020000000005" lon="-0.10826000000000001">
    <ele>98.13000000000001</ele>
   </trkpt>
   <trkpt lat="38.83299" lon="-0.10906">
    <ele>102.9</ele>
   </trkpt>
   <trkpt lat="38.83297" lon="-0.10916000000000001">
    <ele>103.13000000000001</ele>
   </trkpt>
   <trkpt lat="38.83292" lon="-0.10929000000000001">
    <ele>103.52000000000001</ele>
   </trkpt>
   <trkpt lat="38.83267" lon="-0.10973000000000001">
    <ele>105.09</ele>
   </trkpt>
   <trkpt lat="38.832620000000006" lon="-0.10991000000000001">
    <ele>105.52</ele>
   </trkpt>
   <trkpt lat="38.83261" lon="-0.11017">
    <ele>106.78000000000002</ele>
   </trkpt>
   <trkpt lat="38.832710000000006" lon="-0.11084000000000001">
    <ele>111.67</ele>
   </trkpt>
   <trkpt lat="38.83272" lon="-0.11102000000000001">
    <ele>111.67</ele>
   </trkpt>
   <trkpt lat="38.83269000000001" lon="-0.1111">
    <ele>112.27000000000001</ele>
   </trkpt>
   <trkpt lat="38.832620000000006" lon="-0.11116000000000001">
    <ele>112.80000000000001</ele>
   </trkpt>
   <trkpt lat="38.83254" lon="-0.11116000000000001">
    <ele>113.24000000000001</ele>
   </trkpt>
   <trkpt lat="38.83247" lon="-0.11106">
    <ele>113.60000000000001</ele>
   </trkpt>
   <trkpt lat="38.832370000000004" lon="-0.11053">
    <ele>114.54</ele>
   </trkpt>
   <trkpt lat="38.8322" lon="-0.10996">
    <ele>115.98000000000002</ele>
   </trkpt>
   <trkpt lat="38.83218" lon="-0.10956">
    <ele>117.34000000000002</ele>
   </trkpt>
   <trkpt lat="38.83211" lon="-0.10937000000000001">
    <ele>119.20000000000002</ele>
   </trkpt>
   <trkpt lat="38.832" lon="-0.10916000000000001">
    <ele>120.36</ele>
   </trkpt>
   <trkpt lat="38.831810000000004" lon="-0.10894000000000001">
    <ele>121.42000000000002</ele>
   </trkpt>
   <trkpt lat="38.831540000000004" lon="-0.10880000000000001">
    <ele>123.55000000000001</ele>
   </trkpt>
   <trkpt lat="38.83144" lon="-0.10873000000000001">
    <ele>123.55000000000001</ele>
   </trkpt>
   <trkpt lat="38.831250000000004" lon="-0.10849">
    <ele>125.01</ele>
   </trkpt>
   <trkpt lat="38.83108" lon="-0.10812000000000001">
    <ele>127.81</ele>
   </trkpt>
   <trkpt lat="38.830890000000004" lon="-0.10745">
    <ele>133.37</ele>
   </trkpt>
   <trkpt lat="38.83082" lon="-0.10733000000000001">
    <ele>133.37</ele>
   </trkpt>
   <trkpt lat="38.830740000000006" lon="-0.10723">
    <ele>134.41</ele>
   </trkpt>
   <trkpt lat="38.83037" lon="-0.10701000000000001">
    <ele>136.89000000000001</ele>
   </trkpt>
   <trkpt lat="38.83028" lon="-0.10694000000000001">
    <ele>139.08</ele>
   </trkpt>
   <trkpt lat="38.829890000000006" lon="-0.10647000000000001">
    <ele>142.19</ele>
   </trkpt>
   <trkpt lat="38.82967" lon="-0.10623">
    <ele>144.43</ele>
   </trkpt>
   <trkpt lat="38.82925" lon="-0.10587">
    <ele>149.56</ele>
   </trkpt>
   <trkpt lat="38.82898" lon="-0.10553000000000001">
    <ele>152.27</ele>
   </trkpt>
   <trkpt lat="38.82883" lon="-0.10538000000000002">
    <ele>152.27</ele>
   </trkpt>
   <trkpt lat="38.82851" lon="-0.10519">
    <ele>155.23</ele>
   </trkpt>
   <trkpt lat="38.828410000000005" lon="-0.1052">
    <ele>156.75</ele>
   </trkpt>
   <trkpt lat="38.828230000000005" lon="-0.10534">
    <ele>158.0</ele>
   </trkpt>
   <trkpt lat="38.82795" lon="-0.10569">
    <ele>162.33</ele>
   </trkpt>
   <trkpt lat="38.827830000000006" lon="-0.10615000000000001">
    <ele>163.96</ele>
   </trkpt>
   <trkpt lat="38.82775" lon="-0.10665000000000001">
    <ele>166.27</ele>
   </trkpt>
   <trkpt lat="38.827690000000004" lon="-0.10734">
    <ele>170.04000000000002</ele>
   </trkpt>
   <trkpt lat="38.82743" lon="-0.10806">
    <ele>178.37</ele>
   </trkpt>
   <trkpt lat="38.82734000000001" lon="-0.1087">
    <ele>182.54</ele>
   </trkpt>
   <trkpt lat="38.8273" lon="-0.10885">
    <ele>183.31000000000003</ele>
   </trkpt>
   <trkpt lat="38.827220000000004" lon="-0.10894000000000001">
    <ele>184.41000000000003</ele>
   </trkpt>
   <trkpt lat="38.827110000000005" lon="-0.10894000000000001">
    <ele>185.98</ele>
   </trkpt>
   <trkpt lat="38.82703" lon="-0.10887000000000001">
    <ele>185.98</ele>
   </trkpt>
   <trkpt lat="38.826890000000006" lon="-0.10859">
    <ele>188.13000000000002</ele>
   </trkpt>
   <trkpt lat="38.82683" lon="-0.10857000000000001">
    <ele>189.26000000000002</ele>
   </trkpt>
   <trkpt lat="38.826800000000006" lon="-0.10862000000000001">
    <ele>189.26000000000002</ele>
   </trkpt>
   <trkpt lat="38.82679" lon="-0.10869000000000001">
    <ele>189.26000000000002</ele>
   </trkpt>
   <trkpt lat="38.826980000000006" lon="-0.10909">
    <ele>193.84</ele>
   </trkpt>
   <trkpt lat="38.8271" lon="-0.10949">
    <ele>195.76000000000002</ele>
   </trkpt>
   <trkpt lat="38.827180000000006" lon="-0.10959">
    <ele>196.49</ele>
   </trkpt>
   <trkpt lat="38.82725000000001" lon="-0.10959">
    <ele>197.48000000000002</ele>
   </trkpt>
   <trkpt lat="38.8273" lon="-0.10952">
    <ele>197.48000000000002</ele>
   </trkpt>
   <trkpt lat="38.827560000000005" lon="-0.10887000000000001">
    <ele>202.01000000000002</ele>
   </trkpt>
   <trkpt lat="38.82759" lon="-0.10884">
    <ele>202.01000000000002</ele>
   </trkpt>
   <trkpt lat="38.82766" lon="-0.10885">
    <ele>202.01000000000002</ele>
   </trkpt>
   <trkpt lat="38.82771" lon="-0.10894000000000001">
    <ele>202.01000000000002</ele>
   </trkpt>
   <trkpt lat="38.82766" lon="-0.10912000000000001">
    <ele>205.01000000000002</ele>
   </trkpt>
   <trkpt lat="38.827420000000004" lon="-0.1096">
    <ele>206.55</ele>
   </trkpt>
   <trkpt lat="38.82733" lon="-0.11027">
    <ele>210.67000000000002</ele>
   </trkpt>
   <trkpt lat="38.8273" lon="-0.11034000000000001">
    <ele>211.93</ele>
   </trkpt>
   <trkpt lat="38.82724" lon="-0.11041000000000001">
    <ele>211.93</ele>
   </trkpt>
   <trkpt lat="38.827180000000006" lon="-0.11042">
    <ele>211.93</ele>
   </trkpt>
   <trkpt lat="38.827090000000005" lon="-0.11041000000000001">
    <ele>213.28000000000003</ele>
   </trkpt>
   <trkpt lat="38.82705" lon="-0.11038">
    <ele>213.28000000000003</ele>
   </trkpt>
   <trkpt lat="38.82694" lon="-0.1102">
    <ele>213.85</ele>
   </trkpt>
   <trkpt lat="38.82676" lon="-0.1096">
    <ele>218.41000000000003</ele>
   </trkpt>
   <trkpt lat="38.826420000000006" lon="-0.10913">
    <ele>222.01000000000002</ele>
   </trkpt>
   <trkpt lat="38.826370000000004" lon="-0.10899">
    <ele>222.24</ele>
   </trkpt>
   <trkpt lat="38.8263" lon="-0.10837000000000001">
    <ele>222.73000000000002</ele>
   </trkpt>
   <trkpt lat="38.826130000000006" lon="-0.10781">
    <ele>224.07000000000002</ele>
   </trkpt>
   <trkpt lat="38.82605" lon="-0.10769000000000001">
    <ele>224.75</ele>
   </trkpt>
   <trkpt lat="38.825950000000006" lon="-0.10763">
    <ele>225.55</ele>
   </trkpt>
   <trkpt lat="38.825900000000004" lon="-0.10763">
    <ele>227.25</ele>
   </trkpt>
   <trkpt lat="38.82584000000001" lon="-0.10769000000000001">
    <ele>227.25</ele>
   </trkpt>
   <trkpt lat="38.8258" lon="-0.10787000000000001">
    <ele>228.28</ele>
   </trkpt>
   <trkpt lat="38.82583" lon="-0.10798">
    <ele>228.83</ele>
   </trkpt>
   <trkpt lat="38.82611" lon="-0.10841">
    <ele>231.38000000000002</ele>
   </trkpt>
   <trkpt lat="38.82616" lon="-0.10852">
    <ele>232.29000000000002</ele>
   </trkpt>
   <trkpt lat="38.8262" lon="-0.10892">
    <ele>233.58</ele>
   </trkpt>
   <trkpt lat="38.826260000000005" lon="-0.10927">
    <ele>236.66</ele>
   </trkpt>
   <trkpt lat="38.82631000000001" lon="-0.10941000000000001">
    <ele>238.11</ele>
   </trkpt>
   <trkpt lat="38.82634" lon="-0.10963">
    <ele>239.14000000000001</ele>
   </trkpt>
   <trkpt lat="38.82631000000001" lon="-0.11034000000000001">
    <ele>241.72000000000003</ele>
   </trkpt>
   <trkpt lat="38.82634" lon="-0.11095000000000001">
    <ele>246.02</ele>
   </trkpt>
   <trkpt lat="38.826330000000006" lon="-0.11113">
    <ele>246.48000000000002</ele>
   </trkpt>
   <trkpt lat="38.82621" lon="-0.11199">
    <ele>249.79000000000002</ele>
   </trkpt>
   <trkpt lat="38.826150000000005" lon="-0.11220000000000001">
    <ele>251.48000000000002</ele>
   </trkpt>
   <trkpt lat="38.826060000000005" lon="-0.11239">
    <ele>253.39</ele>
   </trkpt>
   <trkpt lat="38.82576" lon="-0.11289">
    <ele>257.09999999999997</ele>
   </trkpt>
   <trkpt lat="38.825610000000005" lon="-0.11324000000000001">
    <ele>260.22</ele>
   </trkpt>
   <trkpt lat="38.825520000000004" lon="-0.11336">
    <ele>260.22</ele>
   </trkpt>
   <trkpt lat="38.825450000000004" lon="-0.11342">
    <ele>260.22</ele>
   </trkpt>
   <trkpt lat="38.82526" lon="-0.11353">
    <ele>262.6</ele>
   </trkpt>
   <trkpt lat="38.82509" lon="-0.11382">
    <ele>266.0</ele>
   </trkpt>
   <trkpt lat="38.825030000000005" lon="-0.11388000000000001">
    <ele>266.0</ele>
   </trkpt>
   <trkpt lat="38.824960000000004" lon="-0.11392000000000001">
    <ele>266.93</ele>
   </trkpt>
   <trkpt lat="38.82491" lon="-0.11392000000000001">
    <ele>267.36</ele>
   </trkpt>
   <trkpt lat="38.824870000000004" lon="-0.11388000000000001">
    <ele>268.12</ele>
   </trkpt>
   <trkpt lat="38.82481000000001" lon="-0.11378">
    <ele>268.76</ele>
   </trkpt>
   <trkpt lat="38.824830000000006" lon="-0.11363000000000001">
    <ele>269.26</ele>
   </trkpt>
   <trkpt lat="38.824960000000004" lon="-0.11346">
    <ele>270.09</ele>
   </trkpt>
   <trkpt lat="38.82529" lon="-0.11321">
    <ele>272.04</ele>
   </trkpt>
   <trkpt lat="38.825410000000005" lon="-0.11299000000000001">
    <ele>272.90000000000003</ele>
   </trkpt>
   <trkpt lat="38.825480000000006" lon="-0.11278">
    <ele>274.72</ele>
   </trkpt>
   <trkpt lat="38.825520000000004" lon="-0.11256000000000001">
    <ele>275.34000000000003</ele>
   </trkpt>
   <trkpt lat="38.825520000000004" lon="-0.11206">
    <ele>279.06</ele>
   </trkpt>
   <trkpt lat="38.825450000000004" lon="-0.1116">
    <ele>283.27000000000004</ele>
   </trkpt>
   <trkpt lat="38.825450000000004" lon="-0.11095000000000001">
    <ele>285.33000000000004</ele>
   </trkpt>
   <trkpt lat="38.825390000000006" lon="-0.11041000000000001">
    <ele>289.11</ele>
   </trkpt>
   <trkpt lat="38.82533" lon="-0.11016000000000001">
    <ele>289.11</ele>
   </trkpt>
   <trkpt lat="38.82508" lon="-0.10937000000000001">
    <ele>293.99</ele>
   </trkpt>
   <trkpt lat="38.82508" lon="-0.10887000000000001">
    <ele>296.4</ele>
   </trkpt>
   <trkpt lat="38.82499" lon="-0.10867">
    <ele>297.56000000000006</ele>
   </trkpt>
   <trkpt lat="38.8247" lon="-0.10826000000000001">
    <ele>300.17</ele>
   </trkpt>
   <trkpt lat="38.824540000000006" lon="-0.10816">
    <ele>300.86</ele>
   </trkpt>
   <trkpt lat="38.82433" lon="-0.10816">
    <ele>301.08</ele>
   </trkpt>
   <trkpt lat="38.823550000000004" lon="-0.10823">
    <ele>300.89000000000004</ele>
   </trkpt>
   <trkpt lat="38.823060000000005" lon="-0.10837000000000001">
    <ele>301.04</ele>
   </trkpt>
   <trkpt lat="38.82294" lon="-0.10842">
    <ele>301.04</ele>
   </trkpt>
   <trkpt lat="38.822860000000006" lon="-0.10848000000000001">
    <ele>301.28000000000003</ele>
   </trkpt>
   <trkpt lat="38.82264" lon="-0.10891">
    <ele>301.29</ele>
   </trkpt>
   <trkpt lat="38.82253" lon="-0.10892">
    <ele>301.09000000000003</ele>
   </trkpt>
   <trkpt lat="38.82247" lon="-0.10891">
    <ele>301.09000000000003</ele>
   </trkpt>
   <trkpt lat="38.82238" lon="-0.10884">
    <ele>301.05</ele>
   </trkpt>
   <trkpt lat="38.8222" lon="-0.10848000000000001">
    <ele>301.64</ele>
   </trkpt>
   <trkpt lat="38.822160000000004" lon="-0.10831">
    <ele>302.15000000000003</ele>
   </trkpt>
   <trkpt lat="38.82206" lon="-0.10755">
    <ele>305.77000000000004</ele>
   </trkpt>
   <trkpt lat="38.821960000000004" lon="-0.10745">
    <ele>306.69</ele>
   </trkpt>
   <trkpt lat="38.82186" lon="-0.10755">
    <ele>307.50000000000006</ele>
   </trkpt>
   <trkpt lat="38.82177" lon="-0.10766">
    <ele>308.09000000000003</ele>
   </trkpt>
   <trkpt lat="38.82159" lon="-0.1082">
    <ele>311.62</ele>
   </trkpt>
   <trkpt lat="38.821400000000004" lon="-0.10859">
    <ele>313.71999999999997</ele>
   </trkpt>
   <trkpt lat="38.82133" lon="-0.10877">
    <ele>316.13</ele>
   </trkpt>
   <trkpt lat="38.821250000000006" lon="-0.10942">
    <ele>317.70000000000005</ele>
   </trkpt>
   <trkpt lat="38.821310000000004" lon="-0.10979000000000001">
    <ele>320.46000000000004</ele>
   </trkpt>
   <trkpt lat="38.821310000000004" lon="-0.10988">
    <ele>320.46000000000004</ele>
   </trkpt>
   <trkpt lat="38.821250000000006" lon="-0.11002">
    <ele>321.47</ele>
   </trkpt>
   <trkpt lat="38.820930000000004" lon="-0.1102">
    <ele>324.08000000000004</ele>
   </trkpt>
   <trkpt lat="38.820600000000006" lon="-0.11048000000000001">
    <ele>326.91</ele>
   </trkpt>
   <trkpt lat="38.82049000000001" lon="-0.11063">
    <ele>326.91</ele>
   </trkpt>
   <trkpt lat="38.82036" lon="-0.11084000000000001">
    <ele>331.32</ele>
   </trkpt>
   <trkpt lat="38.820100000000004" lon="-0.11109000000000001">
    <ele>333.24</ele>
   </trkpt>
   <trkpt lat="38.82005" lon="-0.11116000000000001">
    <ele>333.24</ele>
   </trkpt>
   <trkpt lat="38.82002000000001" lon="-0.11127000000000001">
    <ele>334.99</ele>
   </trkpt>
   <trkpt lat="38.819990000000004" lon="-0.11159000000000001">
    <ele>337.52000000000004</ele>
   </trkpt>
   <trkpt lat="38.820040000000006" lon="-0.11202000000000001">
    <ele>339.4200000000001</ele>
   </trkpt>
   <trkpt lat="38.82001" lon="-0.11217">
    <ele>340.08000000000004</ele>
   </trkpt>
   <trkpt lat="38.819880000000005" lon="-0.11239">
    <ele>341.17</ele>
   </trkpt>
   <trkpt lat="38.81983" lon="-0.11256000000000001">
    <ele>343.45000000000005</ele>
   </trkpt>
   <trkpt lat="38.81983" lon="-0.11264">
    <ele>343.45000000000005</ele>
   </trkpt>
   <trkpt lat="38.81989" lon="-0.11292">
    <ele>344.47</ele>
   </trkpt>
   <trkpt lat="38.819880000000005" lon="-0.1131">
    <ele>346.32</ele>
   </trkpt>
   <trkpt lat="38.819790000000005" lon="-0.11346">
    <ele>347.99</ele>
   </trkpt>
   <trkpt lat="38.81971" lon="-0.1136">
    <ele>348.86</ele>
   </trkpt>
   <trkpt lat="38.81958" lon="-0.11375">
    <ele>349.81</ele>
   </trkpt>
   <trkpt lat="38.81951" lon="-0.11392000000000001">
    <ele>351.92</ele>
   </trkpt>
   <trkpt lat="38.81953" lon="-0.11424000000000001">
    <ele>353.17</ele>
   </trkpt>
   <trkpt lat="38.819520000000004" lon="-0.11436">
    <ele>353.17</ele>
   </trkpt>
   <trkpt lat="38.819370000000006" lon="-0.11471">
    <ele>355.24000000000007</ele>
   </trkpt>
   <trkpt lat="38.819340000000004" lon="-0.11486">
    <ele>356.83000000000004</ele>
   </trkpt>
   <trkpt lat="38.81938" lon="-0.11517000000000001">
    <ele>357.40000000000003</ele>
   </trkpt>
   <trkpt lat="38.819340000000004" lon="-0.11578000000000001">
    <ele>360.88000000000005</ele>
   </trkpt>
   <trkpt lat="38.819390000000006" lon="-0.11586">
    <ele>361.87</ele>
   </trkpt>
   <trkpt lat="38.81955000000001" lon="-0.11602000000000001">
    <ele>361.87</ele>
   </trkpt>
   <trkpt lat="38.819630000000004" lon="-0.11614000000000001">
    <ele>364.72</ele>
   </trkpt>
   <trkpt lat="38.819750000000006" lon="-0.11657000000000001">
    <ele>365.54</ele>
   </trkpt>
   <trkpt lat="38.819790000000005" lon="-0.11678000000000001">
    <ele>367.29</ele>
   </trkpt>
   <trkpt lat="38.81983" lon="-0.11729">
    <ele>368.82000000000005</ele>
   </trkpt>
   <trkpt lat="38.81987" lon="-0.11747">
    <ele>370.53000000000003</ele>
   </trkpt>
   <trkpt lat="38.820240000000005" lon="-0.1184">
    <ele>374.16</ele>
   </trkpt>
   <trkpt lat="38.820420000000006" lon="-0.11910000000000001">
    <ele>376.86</ele>
   </trkpt>
   <trkpt lat="38.820420000000006" lon="-0.11943000000000001">
    <ele>378.69</ele>
   </trkpt>
   <trkpt lat="38.82025" lon="-0.12004000000000001">
    <ele>381.74</ele>
   </trkpt>
   <trkpt lat="38.820260000000005" lon="-0.12018000000000001">
    <ele>383.67</ele>
   </trkpt>
   <trkpt lat="38.82034" lon="-0.12047000000000001">
    <ele>383.67</ele>
   </trkpt>
   <trkpt lat="38.820330000000006" lon="-0.12061000000000001">
    <ele>385.05000000000007</ele>
   </trkpt>
   <trkpt lat="38.82027" lon="-0.12073">
    <ele>385.05000000000007</ele>
   </trkpt>
   <trkpt lat="38.819970000000005" lon="-0.12097000000000001">
    <ele>388.05</ele>
   </trkpt>
   <trkpt lat="38.81991" lon="-0.12105">
    <ele>388.05</ele>
   </trkpt>
   <trkpt lat="38.8198" lon="-0.12133000000000001">
    <ele>390.68</ele>
   </trkpt>
   <trkpt lat="38.81974" lon="-0.12140000000000001">
    <ele>390.68</ele>
   </trkpt>
   <trkpt lat="38.81947" lon="-0.12162">
    <ele>393.31000000000006</ele>
   </trkpt>
   <trkpt lat="38.818810000000006" lon="-0.1218">
    <ele>397.44</ele>
   </trkpt>
   <trkpt lat="38.81852000000001" lon="-0.1218">
    <ele>399.89000000000004</ele>
   </trkpt>
   <trkpt lat="38.81844" lon="-0.12184">
    <ele>399.89000000000004</ele>
   </trkpt>
   <trkpt lat="38.81837" lon="-0.12194">
    <ele>400.41</ele>
   </trkpt>
   <trkpt lat="38.81803" lon="-0.12276000000000001">
    <ele>404.54</ele>
   </trkpt>
   <trkpt lat="38.81799" lon="-0.1228">
    <ele>404.54</ele>
   </trkpt>
   <trkpt lat="38.81792" lon="-0.12283000000000001">
    <ele>405.09</ele>
   </trkpt>
   <trkpt lat="38.81781" lon="-0.12276000000000001">
    <ele>405.09</ele>
   </trkpt>
   <trkpt lat="38.81776" lon="-0.12269000000000001">
    <ele>405.61</ele>
   </trkpt>
   <trkpt lat="38.817750000000004" lon="-0.12258000000000001">
    <ele>406.03000000000003</ele>
   </trkpt>
   <trkpt lat="38.8179" lon="-0.12212">
    <ele>408.4200000000001</ele>
   </trkpt>
   <trkpt lat="38.817910000000005" lon="-0.12197000000000001">
    <ele>409.42</ele>
   </trkpt>
   <trkpt lat="38.817870000000006" lon="-0.12187">
    <ele>409.42</ele>
   </trkpt>
   <trkpt lat="38.81754" lon="-0.12155">
    <ele>412.73</ele>
   </trkpt>
   <trkpt lat="38.81747" lon="-0.12144">
    <ele>413.13000000000005</ele>
   </trkpt>
   <trkpt lat="38.81745" lon="-0.1213">
    <ele>413.44</ele>
   </trkpt>
   <trkpt lat="38.817510000000006" lon="-0.12119">
    <ele>413.44</ele>
   </trkpt>
   <trkpt lat="38.81761" lon="-0.12115000000000001">
    <ele>413.44</ele>
   </trkpt>
   <trkpt lat="38.81805000000001" lon="-0.12119">
    <ele>413.98</ele>
   </trkpt>
   <trkpt lat="38.818160000000006" lon="-0.12119">
    <ele>414.43</ele>
   </trkpt>
   <trkpt lat="38.81828" lon="-0.12112">
    <ele>414.75</ele>
   </trkpt>
   <trkpt lat="38.818400000000004" lon="-0.12104000000000001">
    <ele>415.57000000000005</ele>
   </trkpt>
   <trkpt lat="38.818940000000005" lon="-0.12044">
    <ele>420.12000000000006</ele>
   </trkpt>
   <trkpt lat="38.818940000000005" lon="-0.12029000000000001">
    <ele>420.66</ele>
   </trkpt>
   <trkpt lat="38.818900000000006" lon="-0.12019">
    <ele>421.37</ele>
   </trkpt>
   <trkpt lat="38.818630000000006" lon="-0.1199">
    <ele>423.18000000000006</ele>
   </trkpt>
   <trkpt lat="38.81857" lon="-0.11976">
    <ele>423.18000000000006</ele>
   </trkpt>
   <trkpt lat="38.818490000000004" lon="-0.1194">
    <ele>424.68000000000006</ele>
   </trkpt>
   <trkpt lat="38.818470000000005" lon="-0.11904">
    <ele>426.45000000000005</ele>
   </trkpt>
   <trkpt lat="38.818430000000006" lon="-0.11886000000000001">
    <ele>427.74</ele>
   </trkpt>
   <trkpt lat="38.818310000000004" lon="-0.11851">
    <ele>430.44000000000005</ele>
   </trkpt>
   <trkpt lat="38.81817" lon="-0.11825000000000001">
    <ele>432.1700000000001</ele>
   </trkpt>
   <trkpt lat="38.81763" lon="-0.11743">
    <ele>438.38000000000005</ele>
   </trkpt>
   <trkpt lat="38.817460000000004" lon="-0.11725000000000001">
    <ele>440.54</ele>
   </trkpt>
   <trkpt lat="38.817350000000005" lon="-0.11718">
    <ele>440.54</ele>
   </trkpt>
   <trkpt lat="38.81716" lon="-0.11714000000000001">
    <ele>442.3</ele>
   </trkpt>
   <trkpt lat="38.816990000000004" lon="-0.11718">
    <ele>444.46000000000004</ele>
   </trkpt>
   <trkpt lat="38.816900000000004" lon="-0.11729">
    <ele>444.46000000000004</ele>
   </trkpt>
   <trkpt lat="38.81676" lon="-0.11750000000000001">
    <ele>446.88000000000005</ele>
   </trkpt>
   <trkpt lat="38.81642" lon="-0.11807000000000001">
    <ele>451.29</ele>
   </trkpt>
   <trkpt lat="38.816300000000005" lon="-0.11833">
    <ele>452.55000000000007</ele>
   </trkpt>
   <trkpt lat="38.816280000000006" lon="-0.11843000000000001">
    <ele>453.1</ele>
   </trkpt>
   <trkpt lat="38.81627" lon="-0.11879">
    <ele>454.1600000000001</ele>
   </trkpt>
   <trkpt lat="38.81624" lon="-0.11907000000000001">
    <ele>454.59000000000003</ele>
   </trkpt>
   <trkpt lat="38.81617000000001" lon="-0.1194">
    <ele>455.29</ele>
   </trkpt>
   <trkpt lat="38.81615" lon="-0.11976">
    <ele>456.68</ele>
   </trkpt>
   <trkpt lat="38.816190000000006" lon="-0.12008">
    <ele>457.23</ele>
   </trkpt>
   <trkpt lat="38.816390000000006" lon="-0.12108000000000001">
    <ele>461.25000000000006</ele>
   </trkpt>
   <trkpt lat="38.816390000000006" lon="-0.12119">
    <ele>461.97</ele>
   </trkpt>
   <trkpt lat="38.81635" lon="-0.12141">
    <ele>463.12</ele>
   </trkpt>
   <trkpt lat="38.816210000000005" lon="-0.12172000000000001">
    <ele>464.46000000000004</ele>
   </trkpt>
   <trkpt lat="38.81595" lon="-0.12212">
    <ele>466.43</ele>
   </trkpt>
   <trkpt lat="38.815690000000004" lon="-0.12233000000000001">
    <ele>468.47</ele>
   </trkpt>
   <trkpt lat="38.81524" lon="-0.12245">
    <ele>472.06</ele>
   </trkpt>
   <trkpt lat="38.81495" lon="-0.12265000000000001">
    <ele>473.36000000000007</ele>
   </trkpt>
   <trkpt lat="38.81463" lon="-0.12291">
    <ele>475.54</ele>
   </trkpt>
   <trkpt lat="38.81448" lon="-0.12305">
    <ele>476.01000000000005</ele>
   </trkpt>
   <trkpt lat="38.81443" lon="-0.12319000000000001">
    <ele>476.41</ele>
   </trkpt>
   <trkpt lat="38.81445" lon="-0.1233">
    <ele>476.41</ele>
   </trkpt>
   <trkpt lat="38.814510000000006" lon="-0.12338">
    <ele>476.51000000000005</ele>
   </trkpt>
   <trkpt lat="38.814600000000006" lon="-0.12344000000000001">
    <ele>476.94</ele>
   </trkpt>
   <trkpt lat="38.81505000000001" lon="-0.12348">
    <ele>479.63000000000005</ele>
   </trkpt>
   <trkpt lat="38.81535" lon="-0.12366">
    <ele>482.13000000000005</ele>
   </trkpt>
   <trkpt lat="38.815450000000006" lon="-0.12373">
    <ele>482.13000000000005</ele>
   </trkpt>
   <trkpt lat="38.815630000000006" lon="-0.12402">
    <ele>485.01000000000005</ele>
   </trkpt>
   <trkpt lat="38.81568" lon="-0.12419000000000001">
    <ele>486.49</ele>
   </trkpt>
   <trkpt lat="38.81574500158723" lon="-0.12480499920413617">
    <ele>489.74000000000007</ele>
   </trkpt>
   <trkpt lat="38.815810000000006" lon="-0.12542">
    <ele>492.13000000000005</ele>
   </trkpt>
   <trkpt lat="38.81595" lon="-0.12608">
    <ele>495.40000000000003</ele>
   </trkpt>
   <trkpt lat="38.81602" lon="-0.12619">
    <ele>497.55</ele>
   </trkpt>
   <trkpt lat="38.816460000000006" lon="-0.12661">
    <ele>502.02000000000004</ele>
   </trkpt>
   <trkpt lat="38.81673" lon="-0.12667">
    <ele>503.99000000000007</ele>
   </trkpt>
   <trkpt lat="38.816790000000005" lon="-0.12675">
    <ele>503.99000000000007</ele>
   </trkpt>
   <trkpt lat="38.816900000000004" lon="-0.127">
    <ele>505.21999999999997</ele>
   </trkpt>
   <trkpt lat="38.816990000000004" lon="-0.12703">
    <ele>505.21999999999997</ele>
   </trkpt>
   <trkpt lat="38.81709" lon="-0.12703">
    <ele>507.33000000000004</ele>
   </trkpt>
   <trkpt lat="38.81729" lon="-0.12689">
    <ele>508.26000000000005</ele>
   </trkpt>
   <trkpt lat="38.817440000000005" lon="-0.12685000000000002">
    <ele>510.0300000000001</ele>
   </trkpt>
   <trkpt lat="38.81767" lon="-0.12694">
    <ele>511.5200000000001</ele>
   </trkpt>
   <trkpt lat="38.8179" lon="-0.12717">
    <ele>512.23</ele>
   </trkpt>
   <trkpt lat="38.818000000000005" lon="-0.12728">
    <ele>515.2800000000001</ele>
   </trkpt>
   <trkpt lat="38.81808" lon="-0.12742">
    <ele>515.9100000000001</ele>
   </trkpt>
   <trkpt lat="38.81812" lon="-0.12753">
    <ele>516.4700000000001</ele>
   </trkpt>
   <trkpt lat="38.8181" lon="-0.12772">
    <ele>516.4700000000001</ele>
   </trkpt>
   <trkpt lat="38.81799" lon="-0.12786">
    <ele>518.05</ele>
   </trkpt>
   <trkpt lat="38.81754" lon="-0.12803">
    <ele>521.03</ele>
   </trkpt>
   <trkpt lat="38.8168" lon="-0.12836">
    <ele>526.22</ele>
   </trkpt>
   <trkpt lat="38.816680000000005" lon="-0.12847">
    <ele>526.85</ele>
   </trkpt>
   <trkpt lat="38.816590000000005" lon="-0.12864">
    <ele>528.93</ele>
   </trkpt>
   <trkpt lat="38.81649" lon="-0.12903">
    <ele>530.37</ele>
   </trkpt>
   <trkpt lat="38.816390000000006" lon="-0.12928">
    <ele>531.6500000000001</ele>
   </trkpt>
   <trkpt lat="38.81618" lon="-0.12992">
    <ele>536.8000000000001</ele>
   </trkpt>
   <trkpt lat="38.81602" lon="-0.13008">
    <ele>538.83</ele>
   </trkpt>
   <trkpt lat="38.815870000000004" lon="-0.13017">
    <ele>539.8900000000001</ele>
   </trkpt>
   <trkpt lat="38.81538000027397" lon="-0.13037500137069039">
    <ele>539.44</ele>
   </trkpt>
   <trkpt lat="38.814890000000005" lon="-0.13058">
    <ele>537.8900000000001</ele>
   </trkpt>
   <trkpt lat="38.81467000000001" lon="-0.13072">
    <ele>536.13</ele>
   </trkpt>
   <trkpt lat="38.8139450010627" lon="-0.13123500529019427">
    <ele>533.3</ele>
   </trkpt>
   <trkpt lat="38.81322" lon="-0.13175">
    <ele>529.82</ele>
   </trkpt>
   <trkpt lat="38.812990000000006" lon="-0.13194">
    <ele>526.82</ele>
   </trkpt>
   <trkpt lat="38.812870000000004" lon="-0.13208">
    <ele>526.27</ele>
   </trkpt>
   <trkpt lat="38.81282" lon="-0.13222">
    <ele>525.6800000000001</ele>
   </trkpt>
   <trkpt lat="38.81279" lon="-0.13261">
    <ele>522.42</ele>
   </trkpt>
   <trkpt lat="38.81277" lon="-0.13269">
    <ele>522.42</ele>
   </trkpt>
   <trkpt lat="38.81271" lon="-0.13275">
    <ele>522.42</ele>
   </trkpt>
   <trkpt lat="38.8126" lon="-0.1328">
    <ele>520.46</ele>
   </trkpt>
   <trkpt lat="38.81244" lon="-0.13283">
    <ele>520.46</ele>
   </trkpt>
   <trkpt lat="38.81226" lon="-0.13291">
    <ele>517.96</ele>
   </trkpt>
   <trkpt lat="38.81172" lon="-0.13344">
    <ele>512.1999999999999</ele>
   </trkpt>
   <trkpt lat="38.811640000000004" lon="-0.13347">
    <ele>512.1999999999999</ele>
   </trkpt>
   <trkpt lat="38.81138" lon="-0.1335">
    <ele>510.0300000000001</ele>
   </trkpt>
   <trkpt lat="38.81129" lon="-0.13358">
    <ele>510.0300000000001</ele>
   </trkpt>
   <trkpt lat="38.810860000000005" lon="-0.13416">
    <ele>503.24</ele>
   </trkpt>
   <trkpt lat="38.810810000000004" lon="-0.13435">
    <ele>503.24</ele>
   </trkpt>
   <trkpt lat="38.810790000000004" lon="-0.13455">
    <ele>500.86000000000007</ele>
   </trkpt>
   <trkpt lat="38.81086000152127" lon="-0.13514499952116749">
    <ele>497.53000000000003</ele>
   </trkpt>
   <trkpt lat="38.810930000000006" lon="-0.13574">
    <ele>494.62000000000006</ele>
   </trkpt>
   <trkpt lat="38.810930000000006" lon="-0.13583">
    <ele>494.26000000000005</ele>
   </trkpt>
   <trkpt lat="38.810900000000004" lon="-0.13594">
    <ele>494.11</ele>
   </trkpt>
   <trkpt lat="38.81087" lon="-0.13602">
    <ele>493.86</ele>
   </trkpt>
   <trkpt lat="38.81067" lon="-0.13622">
    <ele>493.05</ele>
   </trkpt>
   <trkpt lat="38.80998" lon="-0.13683">
    <ele>492.13000000000005</ele>
   </trkpt>
   <trkpt lat="38.80986" lon="-0.13702">
    <ele>491.64</ele>
   </trkpt>
   <trkpt lat="38.809760000000004" lon="-0.13755">
    <ele>489.9100000000001</ele>
   </trkpt>
   <trkpt lat="38.80969" lon="-0.13813">
    <ele>488.48</ele>
   </trkpt>
   <trkpt lat="38.80962" lon="-0.13835">
    <ele>487.76</ele>
   </trkpt>
   <trkpt lat="38.80951" lon="-0.1386">
    <ele>485.74000000000007</ele>
   </trkpt>
   <trkpt lat="38.8095" lon="-0.13871">
    <ele>485.28000000000003</ele>
   </trkpt>
   <trkpt lat="38.80959" lon="-0.1388">
    <ele>483.83000000000004</ele>
   </trkpt>
   <trkpt lat="38.80969" lon="-0.13877">
    <ele>482.90000000000003</ele>
   </trkpt>
   <trkpt lat="38.80973" lon="-0.13874">
    <ele>482.02000000000004</ele>
   </trkpt>
   <trkpt lat="38.80984" lon="-0.13846">
    <ele>479.15000000000003</ele>
   </trkpt>
   <trkpt lat="38.809920000000005" lon="-0.13841">
    <ele>479.15000000000003</ele>
   </trkpt>
   <trkpt lat="38.810190000000006" lon="-0.1383">
    <ele>476.63000000000005</ele>
   </trkpt>
   <trkpt lat="38.81053" lon="-0.13822">
    <ele>474.32</ele>
   </trkpt>
   <trkpt lat="38.81069" lon="-0.13824">
    <ele>473.55</ele>
   </trkpt>
   <trkpt lat="38.81076" lon="-0.13824">
    <ele>473.55</ele>
   </trkpt>
   <trkpt lat="38.81082" lon="-0.13819">
    <ele>472.47</ele>
   </trkpt>
   <trkpt lat="38.810880000000004" lon="-0.13813">
    <ele>472.47</ele>
   </trkpt>
   <trkpt lat="38.81094" lon="-0.13796">
    <ele>471.52000000000004</ele>
   </trkpt>
   <trkpt lat="38.81105" lon="-0.13755">
    <ele>470.02000000000004</ele>
   </trkpt>
   <trkpt lat="38.81118" lon="-0.13721">
    <ele>469.80000000000007</ele>
   </trkpt>
   <trkpt lat="38.8113" lon="-0.13702">
    <ele>469.35</ele>
   </trkpt>
   <trkpt lat="38.81136" lon="-0.13696">
    <ele>469.35</ele>
   </trkpt>
   <trkpt lat="38.81143" lon="-0.13697">
    <ele>468.51000000000005</ele>
   </trkpt>
   <trkpt lat="38.811460000000004" lon="-0.13699">
    <ele>467.6</ele>
   </trkpt>
   <trkpt lat="38.811510000000006" lon="-0.13705">
    <ele>467.6</ele>
   </trkpt>
   <trkpt lat="38.81141" lon="-0.13774">
    <ele>460.21000000000004</ele>
   </trkpt>
   <trkpt lat="38.811370000000004" lon="-0.13838">
    <ele>455.45</ele>
   </trkpt>
   <trkpt lat="38.81138" lon="-0.13855">
    <ele>455.45</ele>
   </trkpt>
   <trkpt lat="38.81148" lon="-0.13916">
    <ele>448.65000000000003</ele>
   </trkpt>
   <trkpt lat="38.811460000000004" lon="-0.13952">
    <ele>445.87000000000006</ele>
   </trkpt>
   <trkpt lat="38.8115" lon="-0.13963">
    <ele>445.87000000000006</ele>
   </trkpt>
   <trkpt lat="38.81179" lon="-0.14021">
    <ele>441.45</ele>
   </trkpt>
   <trkpt lat="38.811820000000004" lon="-0.14034000000000002">
    <ele>441.56000000000006</ele>
   </trkpt>
   <trkpt lat="38.811800000000005" lon="-0.14046">
    <ele>441.56000000000006</ele>
   </trkpt>
   <trkpt lat="38.81175" lon="-0.14056000000000002">
    <ele>441.01</ele>
   </trkpt>
   <trkpt lat="38.81148" lon="-0.14077">
    <ele>440.42</ele>
   </trkpt>
   <trkpt lat="38.811420000000005" lon="-0.14088">
    <ele>440.00000000000006</ele>
   </trkpt>
   <trkpt lat="38.811370000000004" lon="-0.14135">
    <ele>437.97</ele>
   </trkpt>
   <trkpt lat="38.81138" lon="-0.14185">
    <ele>434.45000000000005</ele>
   </trkpt>
   <trkpt lat="38.811420000000005" lon="-0.14196">
    <ele>434.45000000000005</ele>
   </trkpt>
   <trkpt lat="38.811620000000005" lon="-0.14229">
    <ele>431.98</ele>
   </trkpt>
   <trkpt lat="38.8117" lon="-0.14266">
    <ele>428.51000000000005</ele>
   </trkpt>
   <trkpt lat="38.81186" lon="-0.14293">
    <ele>427.40000000000003</ele>
   </trkpt>
   <trkpt lat="38.81188" lon="-0.14299">
    <ele>427.40000000000003</ele>
   </trkpt>
   <trkpt lat="38.81188" lon="-0.14313">
    <ele>426.61</ele>
   </trkpt>
   <trkpt lat="38.81185" lon="-0.14324">
    <ele>425.33000000000004</ele>
   </trkpt>
   <trkpt lat="38.81176000000001" lon="-0.14335">
    <ele>423.1</ele>
   </trkpt>
   <trkpt lat="38.81154" lon="-0.1434">
    <ele>421.87</ele>
   </trkpt>
   <trkpt lat="38.81143" lon="-0.14346">
    <ele>420.84000000000003</ele>
   </trkpt>
   <trkpt lat="38.811130000000006" lon="-0.14396">
    <ele>419.00000000000006</ele>
   </trkpt>
   <trkpt lat="38.811080000000004" lon="-0.1441">
    <ele>417.34000000000003</ele>
   </trkpt>
   <trkpt lat="38.81103" lon="-0.14429">
    <ele>417.34000000000003</ele>
   </trkpt>
   <trkpt lat="38.811020000000006" lon="-0.14474">
    <ele>415.36</ele>
   </trkpt>
   <trkpt lat="38.810990000000004" lon="-0.14499">
    <ele>415.0</ele>
   </trkpt>
   <trkpt lat="38.81073000000001" lon="-0.14574">
    <ele>414.0</ele>
   </trkpt>
   <trkpt lat="38.81072" lon="-0.14599">
    <ele>413.61</ele>
   </trkpt>
   <trkpt lat="38.810770000000005" lon="-0.14634000000000003">
    <ele>411.31</ele>
   </trkpt>
   <trkpt lat="38.81085" lon="-0.14665">
    <ele>411.31</ele>
   </trkpt>
   <trkpt lat="38.810860000000005" lon="-0.14679">
    <ele>409.6</ele>
   </trkpt>
   <trkpt lat="38.81078" lon="-0.14718">
    <ele>407.89000000000004</ele>
   </trkpt>
   <trkpt lat="38.810770000000005" lon="-0.14743">
    <ele>406.76</ele>
   </trkpt>
   <trkpt lat="38.810790000000004" lon="-0.14801">
    <ele>405.43</ele>
   </trkpt>
   <trkpt lat="38.81070500540474" lon="-0.149135001199602">
    <ele>401.73</ele>
   </trkpt>
   <trkpt lat="38.81062" lon="-0.15026">
    <ele>397.71</ele>
   </trkpt>
   <trkpt lat="38.81054" lon="-0.15056">
    <ele>397.71</ele>
   </trkpt>
   <trkpt lat="38.81022667082472" lon="-0.15125667274838697">
    <ele>395.32</ele>
   </trkpt>
   <trkpt lat="38.80991333751245" lon="-0.15195333936813685">
    <ele>394.17</ele>
   </trkpt>
   <trkpt lat="38.8096" lon="-0.15265">
    <ele>391.14000000000004</ele>
   </trkpt>
   <trkpt lat="38.809560000000005" lon="-0.15278">
    <ele>389.70000000000005</ele>
   </trkpt>
   <trkpt lat="38.809540000000005" lon="-0.1529">
    <ele>389.70000000000005</ele>
   </trkpt>
   <trkpt lat="38.80949500156547" lon="-0.15351000066134798">
    <ele>386.85</ele>
   </trkpt>
   <trkpt lat="38.809450000000005" lon="-0.15412">
    <ele>383.71999999999997</ele>
   </trkpt>
   <trkpt lat="38.809380000000004" lon="-0.15442">
    <ele>382.52000000000004</ele>
   </trkpt>
   <trkpt lat="38.80897667220622" lon="-0.15522667581467325">
    <ele>382.68</ele>
   </trkpt>
   <trkpt lat="38.808573338865926" lon="-0.1560333424951236">
    <ele>381.85</ele>
   </trkpt>
   <trkpt lat="38.808170000000004" lon="-0.15684">
    <ele>380.45</ele>
   </trkpt>
   <trkpt lat="38.80805" lon="-0.15695">
    <ele>380.54</ele>
   </trkpt>
   <trkpt lat="38.807900000000004" lon="-0.157">
    <ele>380.75</ele>
   </trkpt>
   <trkpt lat="38.80738999987656" lon="-0.1570250001851471">
    <ele>380.69</ele>
   </trkpt>
   <trkpt lat="38.80688000000001" lon="-0.15705000000000002">
    <ele>382.23</ele>
   </trkpt>
   <trkpt lat="38.806670000000004" lon="-0.15708000000000003">
    <ele>383.69</ele>
   </trkpt>
   <trkpt lat="38.806580000000004" lon="-0.15717">
    <ele>383.69</ele>
   </trkpt>
   <trkpt lat="38.8065" lon="-0.15725">
    <ele>384.82000000000005</ele>
   </trkpt>
   <trkpt lat="38.80624000269433" lon="-0.15804500289878387">
    <ele>388.42</ele>
   </trkpt>
   <trkpt lat="38.805980000000005" lon="-0.15884">
    <ele>391.44</ele>
   </trkpt>
   <trkpt lat="38.805930000000004" lon="-0.15908">
    <ele>391.44</ele>
   </trkpt>
   <trkpt lat="38.805980000000005" lon="-0.15884">
    <ele>390.66</ele>
   </trkpt>
   <trkpt lat="38.80624000269274" lon="-0.15804500290367332">
    <ele>387.06</ele>
   </trkpt>
   <trkpt lat="38.8065" lon="-0.15725">
    <ele>383.69</ele>
   </trkpt>
   <trkpt lat="38.806670000000004" lon="-0.15708000000000003">
    <ele>382.23</ele>
   </trkpt>
   <trkpt lat="38.80688000000001" lon="-0.15705000000000002">
    <ele>381.44000000000005</ele>
   </trkpt>
   <trkpt lat="38.80735000000001" lon="-0.15704">
    <ele>380.62</ele>
   </trkpt>
   <trkpt lat="38.8074800016385" lon="-0.1576599988699469">
    <ele>379.68</ele>
   </trkpt>
   <trkpt lat="38.807610000000004" lon="-0.15828">
    <ele>379.23</ele>
   </trkpt>
   <trkpt lat="38.807610000000004" lon="-0.15859">
    <ele>379.32000000000005</ele>
   </trkpt>
   <trkpt lat="38.807550000000006" lon="-0.15903">
    <ele>379.81</ele>
   </trkpt>
   <trkpt lat="38.807500000000005" lon="-0.1592">
    <ele>380.04</ele>
   </trkpt>
   <trkpt lat="38.80735000000001" lon="-0.15942">
    <ele>380.3</ele>
   </trkpt>
   <trkpt lat="38.80704" lon="-0.15978">
    <ele>380.5</ele>
   </trkpt>
   <trkpt lat="38.80678" lon="-0.16002000000000002">
    <ele>380.8</ele>
   </trkpt>
   <trkpt lat="38.806090000000005" lon="-0.16065000000000002">
    <ele>381.6</ele>
   </trkpt>
   <trkpt lat="38.805890000000005" lon="-0.16081">
    <ele>381.88000000000005</ele>
   </trkpt>
   <trkpt lat="38.80563" lon="-0.16094">
    <ele>382.57</ele>
   </trkpt>
   <trkpt lat="38.80548" lon="-0.16078">
    <ele>382.32000000000005</ele>
   </trkpt>
   <trkpt lat="38.80537" lon="-0.16078">
    <ele>382.27000000000004</ele>
   </trkpt>
   <trkpt lat="38.805080000000004" lon="-0.16097">
    <ele>382.77000000000004</ele>
   </trkpt>
   <trkpt lat="38.80498" lon="-0.161">
    <ele>383.03000000000003</ele>
   </trkpt>
   <trkpt lat="38.80469" lon="-0.16078">
    <ele>384.06</ele>
   </trkpt>
   <trkpt lat="38.80447" lon="-0.16056">
    <ele>385.73</ele>
   </trkpt>
   <trkpt lat="38.80435000000001" lon="-0.16032000000000002">
    <ele>386.48</ele>
   </trkpt>
   <trkpt lat="38.804010000000005" lon="-0.16032000000000002">
    <ele>386.98</ele>
   </trkpt>
   <trkpt lat="38.80366" lon="-0.16028">
    <ele>388.32000000000005</ele>
   </trkpt>
   <trkpt lat="38.80355" lon="-0.16031">
    <ele>389.93000000000006</ele>
   </trkpt>
   <trkpt lat="38.80344" lon="-0.16036">
    <ele>389.93000000000006</ele>
   </trkpt>
   <trkpt lat="38.80317" lon="-0.16072">
    <ele>393.59000000000003</ele>
   </trkpt>
   <trkpt lat="38.80315" lon="-0.16083">
    <ele>394.28000000000003</ele>
   </trkpt>
   <trkpt lat="38.80326" lon="-0.16136">
    <ele>396.70000000000005</ele>
   </trkpt>
   <trkpt lat="38.803250000000006" lon="-0.16158">
    <ele>397.17</ele>
   </trkpt>
   <trkpt lat="38.803200000000004" lon="-0.16172">
    <ele>398.89</ele>
   </trkpt>
   <trkpt lat="38.803090000000005" lon="-0.16192">
    <ele>399.4200000000001</ele>
   </trkpt>
   <trkpt lat="38.80292" lon="-0.16205">
    <ele>400.88</ele>
   </trkpt>
   <trkpt lat="38.80221" lon="-0.16236">
    <ele>407.90000000000003</ele>
   </trkpt>
   <trkpt lat="38.802130000000005" lon="-0.16242">
    <ele>407.90000000000003</ele>
   </trkpt>
   <trkpt lat="38.80189" lon="-0.16272">
    <ele>412.40000000000003</ele>
   </trkpt>
   <trkpt lat="38.80172" lon="-0.16289">
    <ele>415.14</ele>
   </trkpt>
   <trkpt lat="38.80162" lon="-0.16293000000000002">
    <ele>415.14</ele>
   </trkpt>
   <trkpt lat="38.801080000000006" lon="-0.16297">
    <ele>422.38000000000005</ele>
   </trkpt>
   <trkpt lat="38.801030000000004" lon="-0.163">
    <ele>422.38000000000005</ele>
   </trkpt>
   <trkpt lat="38.801" lon="-0.16305">
    <ele>424.59000000000003</ele>
   </trkpt>
   <trkpt lat="38.801" lon="-0.16311">
    <ele>424.59000000000003</ele>
   </trkpt>
   <trkpt lat="38.80113" lon="-0.16336">
    <ele>428.12000000000006</ele>
   </trkpt>
   <trkpt lat="38.80116" lon="-0.16344">
    <ele>430.76000000000005</ele>
   </trkpt>
   <trkpt lat="38.801050000000004" lon="-0.16375">
    <ele>432.84000000000003</ele>
   </trkpt>
   <trkpt lat="38.80078" lon="-0.16425">
    <ele>441.53000000000003</ele>
   </trkpt>
   <trkpt lat="38.800700000000006" lon="-0.16453">
    <ele>444.13</ele>
   </trkpt>
   <trkpt lat="38.80059" lon="-0.16466">
    <ele>445.74</ele>
   </trkpt>
   <trkpt lat="38.799870000000006" lon="-0.16491">
    <ele>453.68</ele>
   </trkpt>
   <trkpt lat="38.79979" lon="-0.16498000000000002">
    <ele>454.84000000000003</ele>
   </trkpt>
   <trkpt lat="38.79975" lon="-0.16514">
    <ele>455.85</ele>
   </trkpt>
   <trkpt lat="38.799800000000005" lon="-0.16536">
    <ele>457.72</ele>
   </trkpt>
   <trkpt lat="38.799780000000005" lon="-0.16545">
    <ele>457.72</ele>
   </trkpt>
   <trkpt lat="38.799730000000004" lon="-0.16552">
    <ele>458.29</ele>
   </trkpt>
   <trkpt lat="38.79937" lon="-0.16561">
    <ele>460.6000000000001</ele>
   </trkpt>
   <trkpt lat="38.79901" lon="-0.16581">
    <ele>464.59000000000003</ele>
   </trkpt>
   <trkpt lat="38.79883" lon="-0.16608">
    <ele>466.38</ele>
   </trkpt>
   <trkpt lat="38.79881" lon="-0.16623000000000002">
    <ele>466.82</ele>
   </trkpt>
   <trkpt lat="38.798770000000005" lon="-0.16633">
    <ele>466.9200000000001</ele>
   </trkpt>
   <trkpt lat="38.798700000000004" lon="-0.16641">
    <ele>467.0</ele>
   </trkpt>
   <trkpt lat="38.79851" lon="-0.16648000000000002">
    <ele>467.36000000000007</ele>
   </trkpt>
   <trkpt lat="38.79824" lon="-0.16672">
    <ele>469.17</ele>
   </trkpt>
   <trkpt lat="38.797760000000004" lon="-0.16694">
    <ele>472.49</ele>
   </trkpt>
   <trkpt lat="38.797650000000004" lon="-0.16702">
    <ele>473.57000000000005</ele>
   </trkpt>
   <trkpt lat="38.797320000000006" lon="-0.16733">
    <ele>476.27000000000004</ele>
   </trkpt>
   <trkpt lat="38.79674" lon="-0.16816">
    <ele>483.26</ele>
   </trkpt>
   <trkpt lat="38.79641" lon="-0.16855">
    <ele>484.1</ele>
   </trkpt>
   <trkpt lat="38.7963" lon="-0.16863">
    <ele>483.58000000000004</ele>
   </trkpt>
   <trkpt lat="38.795860000000005" lon="-0.16878">
    <ele>482.05</ele>
   </trkpt>
   <trkpt lat="38.79553000000001" lon="-0.16885">
    <ele>483.58000000000004</ele>
   </trkpt>
   <trkpt lat="38.794970000000006" lon="-0.16942000000000002">
    <ele>488.63000000000005</ele>
   </trkpt>
   <trkpt lat="38.79482" lon="-0.16953000000000001">
    <ele>489.3</ele>
   </trkpt>
   <trkpt lat="38.79451" lon="-0.16970000000000002">
    <ele>491.77000000000004</ele>
   </trkpt>
   <trkpt lat="38.794290000000004" lon="-0.16986">
    <ele>492.44000000000005</ele>
   </trkpt>
   <trkpt lat="38.79375" lon="-0.16999">
    <ele>494.61</ele>
   </trkpt>
   <trkpt lat="38.79368" lon="-0.17002">
    <ele>494.95000000000005</ele>
   </trkpt>
   <trkpt lat="38.79348" lon="-0.17033">
    <ele>499.31</ele>
   </trkpt>
   <trkpt lat="38.793290000000006" lon="-0.17049">
    <ele>503.75</ele>
   </trkpt>
   <trkpt lat="38.7931" lon="-0.17069">
    <ele>506.51</ele>
   </trkpt>
   <trkpt lat="38.7929" lon="-0.17085">
    <ele>509.46000000000004</ele>
   </trkpt>
   <trkpt lat="38.792590000000004" lon="-0.17102">
    <ele>513.5200000000001</ele>
   </trkpt>
   <trkpt lat="38.7922" lon="-0.17128000000000002">
    <ele>519.3100000000001</ele>
   </trkpt>
   <trkpt lat="38.791845000696966" lon="-0.1716900020642384">
    <ele>522.1600000000001</ele>
   </trkpt>
   <trkpt lat="38.79149" lon="-0.1721">
    <ele>528.82</ele>
   </trkpt>
   <trkpt lat="38.791320000000006" lon="-0.17245000000000002">
    <ele>532.34</ele>
   </trkpt>
   <trkpt lat="38.79117" lon="-0.17262000000000002">
    <ele>535.13</ele>
   </trkpt>
   <trkpt lat="38.790800000000004" lon="-0.17302">
    <ele>539.95</ele>
   </trkpt>
   <trkpt lat="38.790690000000005" lon="-0.1731">
    <ele>541.78</ele>
   </trkpt>
   <trkpt lat="38.79052" lon="-0.17336000000000001">
    <ele>544.1700000000001</ele>
   </trkpt>
   <trkpt lat="38.79037" lon="-0.17352">
    <ele>545.6</ele>
   </trkpt>
   <trkpt lat="38.79008" lon="-0.17371">
    <ele>547.08</ele>
   </trkpt>
   <trkpt lat="38.78961" lon="-0.17421">
    <ele>550.91</ele>
   </trkpt>
   <trkpt lat="38.789480000000005" lon="-0.17453000000000002">
    <ele>552.58</ele>
   </trkpt>
   <trkpt lat="38.7894" lon="-0.17466">
    <ele>553.1</ele>
   </trkpt>
   <trkpt lat="38.789300000000004" lon="-0.17477">
    <ele>553.1</ele>
   </trkpt>
   <trkpt lat="38.7888" lon="-0.17488">
    <ele>555.36</ele>
   </trkpt>
   <trkpt lat="38.788610000000006" lon="-0.17499">
    <ele>555.5</ele>
   </trkpt>
   <trkpt lat="38.78853" lon="-0.17497000000000001">
    <ele>555.28</ele>
   </trkpt>
   <trkpt lat="38.788250000000005" lon="-0.17479">
    <ele>553.8700000000001</ele>
   </trkpt>
   <trkpt lat="38.788160000000005" lon="-0.17479">
    <ele>553.58</ele>
   </trkpt>
   <trkpt lat="38.787890000000004" lon="-0.17497000000000001">
    <ele>553.42</ele>
   </trkpt>
   <trkpt lat="38.787850000000006" lon="-0.17504">
    <ele>553.42</ele>
   </trkpt>
   <trkpt lat="38.7879" lon="-0.17543">
    <ele>554.06</ele>
   </trkpt>
   <trkpt lat="38.78788" lon="-0.17557">
    <ele>554.4</ele>
   </trkpt>
   <trkpt lat="38.78766" lon="-0.17615">
    <ele>555.86</ele>
   </trkpt>
   <trkpt lat="38.78759" lon="-0.17621">
    <ele>555.86</ele>
   </trkpt>
   <trkpt lat="38.787420000000004" lon="-0.17629">
    <ele>556.2900000000001</ele>
   </trkpt>
   <trkpt lat="38.787220000000005" lon="-0.17635">
    <ele>556.48</ele>
   </trkpt>
   <trkpt lat="38.78719" lon="-0.1764">
    <ele>556.5500000000001</ele>
   </trkpt>
   <trkpt lat="38.78719" lon="-0.17649">
    <ele>556.79</ele>
   </trkpt>
   <trkpt lat="38.787240000000004" lon="-0.17657">
    <ele>557.13</ele>
   </trkpt>
   <trkpt lat="38.78727000000001" lon="-0.17666">
    <ele>557.5400000000001</ele>
   </trkpt>
   <trkpt lat="38.78725" lon="-0.17677">
    <ele>558.0</ele>
   </trkpt>
   <trkpt lat="38.786910000000006" lon="-0.17721">
    <ele>561.32</ele>
   </trkpt>
   <trkpt lat="38.786620000000006" lon="-0.17738">
    <ele>563.83</ele>
   </trkpt>
   <trkpt lat="38.786390000000004" lon="-0.17741">
    <ele>564.98</ele>
   </trkpt>
   <trkpt lat="38.78609" lon="-0.17735">
    <ele>565.33</ele>
   </trkpt>
   <trkpt lat="38.78598" lon="-0.17738">
    <ele>565.2600000000001</ele>
   </trkpt>
   <trkpt lat="38.78571" lon="-0.17752">
    <ele>564.83</ele>
   </trkpt>
   <trkpt lat="38.78567" lon="-0.1776">
    <ele>565.1400000000001</ele>
   </trkpt>
   <trkpt lat="38.78569" lon="-0.17794000000000001">
    <ele>565.9399999999999</ele>
   </trkpt>
   <trkpt lat="38.785590000000006" lon="-0.17874">
    <ele>571.4</ele>
   </trkpt>
   <trkpt lat="38.7856" lon="-0.17912">
    <ele>572.8000000000001</ele>
   </trkpt>
   <trkpt lat="38.78557" lon="-0.17929">
    <ele>574.01</ele>
   </trkpt>
   <trkpt lat="38.78542" lon="-0.17965">
    <ele>576.37</ele>
   </trkpt>
   <trkpt lat="38.78507000091979" lon="-0.1801100022342129">
    <ele>578.58</ele>
   </trkpt>
   <trkpt lat="38.78472" lon="-0.18057">
    <ele>580.1500000000001</ele>
   </trkpt>
   <trkpt lat="38.784470000000006" lon="-0.18073">
    <ele>580.2</ele>
   </trkpt>
   <trkpt lat="38.78421" lon="-0.18119000000000002">
    <ele>578.25</ele>
   </trkpt>
   <trkpt lat="38.78396" lon="-0.1814">
    <ele>575.08</ele>
   </trkpt>
   <trkpt lat="38.783750000000005" lon="-0.18163">
    <ele>573.59</ele>
   </trkpt>
   <trkpt lat="38.78345" lon="-0.1821">
    <ele>573.43</ele>
   </trkpt>
   <trkpt lat="38.783440000000006" lon="-0.18230000000000002">
    <ele>574.67</ele>
   </trkpt>
   <trkpt lat="38.78342000000001" lon="-0.18238000000000001">
    <ele>574.67</ele>
   </trkpt>
   <trkpt lat="38.78338" lon="-0.18245">
    <ele>576.6800000000001</ele>
   </trkpt>
   <trkpt lat="38.78332" lon="-0.18251">
    <ele>577.16</ele>
   </trkpt>
   <trkpt lat="38.78313" lon="-0.18259">
    <ele>578.71</ele>
   </trkpt>
   <trkpt lat="38.782990000000005" lon="-0.18268">
    <ele>579.3600000000001</ele>
   </trkpt>
   <trkpt lat="38.782700000000006" lon="-0.18280000000000002">
    <ele>582.11</ele>
   </trkpt>
   <trkpt lat="38.78258" lon="-0.1829">
    <ele>582.99</ele>
   </trkpt>
   <trkpt lat="38.78231" lon="-0.18329">
    <ele>585.01</ele>
   </trkpt>
   <trkpt lat="38.78215" lon="-0.18343">
    <ele>586.7900000000001</ele>
   </trkpt>
   <trkpt lat="38.78191" lon="-0.18377000000000002">
    <ele>587.96</ele>
   </trkpt>
   <trkpt lat="38.781580000000005" lon="-0.18412">
    <ele>588.99</ele>
   </trkpt>
   <trkpt lat="38.7815" lon="-0.18418">
    <ele>588.7800000000001</ele>
   </trkpt>
   <trkpt lat="38.781200000000005" lon="-0.18429">
    <ele>587.9000000000001</ele>
   </trkpt>
   <trkpt lat="38.781090000000006" lon="-0.18429">
    <ele>588.0000000000001</ele>
   </trkpt>
   <trkpt lat="38.780710000000006" lon="-0.18445">
    <ele>589.34</ele>
   </trkpt>
   <trkpt lat="38.780440000000006" lon="-0.18461000000000002">
    <ele>590.1800000000001</ele>
   </trkpt>
   <trkpt lat="38.77982" lon="-0.18502000000000002">
    <ele>588.64</ele>
   </trkpt>
   <trkpt lat="38.779430000000005" lon="-0.18538000000000002">
    <ele>586.1200000000001</ele>
   </trkpt>
   <trkpt lat="38.77928" lon="-0.18554">
    <ele>584.61</ele>
   </trkpt>
   <trkpt lat="38.77892000000001" lon="-0.18581">
    <ele>583.2400000000001</ele>
   </trkpt>
   <trkpt lat="38.77859" lon="-0.18585000000000002">
    <ele>580.4100000000001</ele>
   </trkpt>
   <trkpt lat="38.778400000000005" lon="-0.1859">
    <ele>579.61</ele>
   </trkpt>
   <trkpt lat="38.778240000000004" lon="-0.18598">
    <ele>577.3100000000001</ele>
   </trkpt>
   <trkpt lat="38.77807000000001" lon="-0.18612">
    <ele>577.3100000000001</ele>
   </trkpt>
   <trkpt lat="38.7779" lon="-0.18632">
    <ele>575.2400000000001</ele>
   </trkpt>
   <trkpt lat="38.77774" lon="-0.18654">
    <ele>574.1500000000001</ele>
   </trkpt>
   <trkpt lat="38.777460000000005" lon="-0.18706">
    <ele>571.47</ele>
   </trkpt>
   <trkpt lat="38.77738" lon="-0.18715">
    <ele>571.09</ele>
   </trkpt>
   <trkpt lat="38.776920000000004" lon="-0.1874">
    <ele>569.5600000000001</ele>
   </trkpt>
   <trkpt lat="38.77658" lon="-0.18781">
    <ele>567.9300000000001</ele>
   </trkpt>
   <trkpt lat="38.77635" lon="-0.18823">
    <ele>565.5</ele>
   </trkpt>
   <trkpt lat="38.77626" lon="-0.18848">
    <ele>564.46</ele>
   </trkpt>
   <trkpt lat="38.775905001673365" lon="-0.18911500324053931">
    <ele>561.6300000000001</ele>
   </trkpt>
   <trkpt lat="38.77555" lon="-0.18975">
    <ele>557.32</ele>
   </trkpt>
   <trkpt lat="38.77541" lon="-0.19003">
    <ele>555.7700000000001</ele>
   </trkpt>
   <trkpt lat="38.77523" lon="-0.19062">
    <ele>553.4100000000001</ele>
   </trkpt>
   <trkpt lat="38.77516" lon="-0.19079000000000002">
    <ele>553.4100000000001</ele>
   </trkpt>
   <trkpt lat="38.77497" lon="-0.19109">
    <ele>552.0</ele>
   </trkpt>
   <trkpt lat="38.774840000000005" lon="-0.1912">
    <ele>551.46</ele>
   </trkpt>
   <trkpt lat="38.77451000000001" lon="-0.19139">
    <ele>548.44</ele>
   </trkpt>
   <trkpt lat="38.77432" lon="-0.19156">
    <ele>547.0500000000001</ele>
   </trkpt>
   <trkpt lat="38.774170000000005" lon="-0.19162">
    <ele>546.48</ele>
   </trkpt>
   <trkpt lat="38.77404000000001" lon="-0.19175">
    <ele>546.4100000000001</ele>
   </trkpt>
   <trkpt lat="38.77373" lon="-0.19193000000000002">
    <ele>547.15</ele>
   </trkpt>
   <trkpt lat="38.77328" lon="-0.19259">
    <ele>545.95</ele>
   </trkpt>
   <trkpt lat="38.77318" lon="-0.19276000000000001">
    <ele>545.59</ele>
   </trkpt>
   <trkpt lat="38.773070000000004" lon="-0.19286">
    <ele>545.22</ele>
   </trkpt>
   <trkpt lat="38.77268" lon="-0.19340000000000002">
    <ele>543.64</ele>
   </trkpt>
   <trkpt lat="38.77255" lon="-0.19351000000000002">
    <ele>542.6899999999999</ele>
   </trkpt>
   <trkpt lat="38.77211500037551" lon="-0.19379500171869982">
    <ele>540.1100000000001</ele>
   </trkpt>
   <trkpt lat="38.77168" lon="-0.19408">
    <ele>535.5500000000001</ele>
   </trkpt>
   <trkpt lat="38.77149" lon="-0.19422">
    <ele>533.39</ele>
   </trkpt>
   <trkpt lat="38.77136" lon="-0.19428">
    <ele>532.72</ele>
   </trkpt>
   <trkpt lat="38.77123" lon="-0.1945">
    <ele>531.09</ele>
   </trkpt>
   <trkpt lat="38.77109" lon="-0.19487000000000002">
    <ele>528.0</ele>
   </trkpt>
   <trkpt lat="38.770970000000005" lon="-0.19542">
    <ele>520.3800000000001</ele>
   </trkpt>
   <trkpt lat="38.77091" lon="-0.19559">
    <ele>520.3800000000001</ele>
   </trkpt>
   <trkpt lat="38.77085" lon="-0.1957">
    <ele>520.3800000000001</ele>
   </trkpt>
   <trkpt lat="38.77076" lon="-0.19578">
    <ele>518.1800000000001</ele>
   </trkpt>
   <trkpt lat="38.77067" lon="-0.19581">
    <ele>516.6200000000001</ele>
   </trkpt>
   <trkpt lat="38.770570000000006" lon="-0.19581">
    <ele>516.6200000000001</ele>
   </trkpt>
   <trkpt lat="38.770010000000006" lon="-0.19559">
    <ele>512.95</ele>
   </trkpt>
   <trkpt lat="38.769920000000006" lon="-0.19553">
    <ele>512.95</ele>
   </trkpt>
   <trkpt lat="38.769870000000004" lon="-0.19544">
    <ele>512.9200000000001</ele>
   </trkpt>
   <trkpt lat="38.76982" lon="-0.19525">
    <ele>512.9200000000001</ele>
   </trkpt>
   <trkpt lat="38.76968" lon="-0.19492">
    <ele>512.8600000000001</ele>
   </trkpt>
   <trkpt lat="38.76961" lon="-0.19481">
    <ele>512.6400000000001</ele>
   </trkpt>
   <trkpt lat="38.76917" lon="-0.19447">
    <ele>510.65000000000003</ele>
   </trkpt>
   <trkpt lat="38.76894" lon="-0.19436">
    <ele>509.92</ele>
   </trkpt>
   <trkpt lat="38.76877" lon="-0.19431">
    <ele>509.28000000000003</ele>
   </trkpt>
   <trkpt lat="38.76867" lon="-0.19431">
    <ele>509.28000000000003</ele>
   </trkpt>
   <trkpt lat="38.768420000000006" lon="-0.19447">
    <ele>507.95</ele>
   </trkpt>
   <trkpt lat="38.768100000000004" lon="-0.19483">
    <ele>505.99000000000007</ele>
   </trkpt>
   <trkpt lat="38.76747" lon="-0.19534">
    <ele>503.53000000000003</ele>
   </trkpt>
   <trkpt lat="38.767340000000004" lon="-0.19542">
    <ele>503.2000000000001</ele>
   </trkpt>
   <trkpt lat="38.766780000000004" lon="-0.19564">
    <ele>501.61</ele>
   </trkpt>
   <trkpt lat="38.766650000000006" lon="-0.19564">
    <ele>501.13000000000005</ele>
   </trkpt>
   <trkpt lat="38.76653" lon="-0.19561">
    <ele>499.88000000000005</ele>
   </trkpt>
   <trkpt lat="38.76617" lon="-0.19545">
    <ele>498.32000000000005</ele>
   </trkpt>
   <trkpt lat="38.7661" lon="-0.19536">
    <ele>497.11</ele>
   </trkpt>
   <trkpt lat="38.765980000000006" lon="-0.19512000000000002">
    <ele>496.48</ele>
   </trkpt>
   <trkpt lat="38.76587000000001" lon="-0.19417">
    <ele>495.90000000000003</ele>
   </trkpt>
   <trkpt lat="38.765750000000004" lon="-0.1937">
    <ele>495.76000000000005</ele>
   </trkpt>
   <trkpt lat="38.765620000000006" lon="-0.19339">
    <ele>494.7900000000001</ele>
   </trkpt>
   <trkpt lat="38.765330000000006" lon="-0.19292">
    <ele>494.32000000000005</ele>
   </trkpt>
   <trkpt lat="38.76522000000001" lon="-0.19281">
    <ele>494.39000000000004</ele>
   </trkpt>
   <trkpt lat="38.765130000000006" lon="-0.19278">
    <ele>494.46000000000004</ele>
   </trkpt>
   <trkpt lat="38.76484000000001" lon="-0.19289">
    <ele>494.99</ele>
   </trkpt>
   <trkpt lat="38.764520000000005" lon="-0.19289">
    <ele>495.07000000000005</ele>
   </trkpt>
   <trkpt lat="38.764340000000004" lon="-0.19286">
    <ele>494.76000000000005</ele>
   </trkpt>
   <trkpt lat="38.7642" lon="-0.19288000000000002">
    <ele>494.48</ele>
   </trkpt>
   <trkpt lat="38.76388" lon="-0.19309">
    <ele>492.44000000000005</ele>
   </trkpt>
   <trkpt lat="38.763580000000005" lon="-0.19322">
    <ele>490.64</ele>
   </trkpt>
   <trkpt lat="38.763290000000005" lon="-0.19331">
    <ele>489.2</ele>
   </trkpt>
   <trkpt lat="38.763180000000006" lon="-0.19329000000000002">
    <ele>488.81</ele>
   </trkpt>
   <trkpt lat="38.763110000000005" lon="-0.19325">
    <ele>488.81</ele>
   </trkpt>
   <trkpt lat="38.76306" lon="-0.1932">
    <ele>488.37</ele>
   </trkpt>
   <trkpt lat="38.76297" lon="-0.19295">
    <ele>486.97</ele>
   </trkpt>
   <trkpt lat="38.76283" lon="-0.19217">
    <ele>483.09000000000003</ele>
   </trkpt>
   <trkpt lat="38.762820000000005" lon="-0.19203">
    <ele>482.86000000000007</ele>
   </trkpt>
   <trkpt lat="38.76299" lon="-0.1912">
    <ele>483.28000000000003</ele>
   </trkpt>
   <trkpt lat="38.763180000000006" lon="-0.19062">
    <ele>487.04</ele>
   </trkpt>
   <trkpt lat="38.76326" lon="-0.19028">
    <ele>488.49</ele>
   </trkpt>
   <trkpt lat="38.7633" lon="-0.18984">
    <ele>488.48</ele>
   </trkpt>
   <trkpt lat="38.76328" lon="-0.1894">
    <ele>488.04</ele>
   </trkpt>
   <trkpt lat="38.76323" lon="-0.18901">
    <ele>486.57000000000005</ele>
   </trkpt>
   <trkpt lat="38.76314" lon="-0.18837">
    <ele>484.16</ele>
   </trkpt>
   <trkpt lat="38.763090000000005" lon="-0.18817">
    <ele>483.81</ele>
   </trkpt>
   <trkpt lat="38.762890000000006" lon="-0.18774000000000002">
    <ele>482.9700000000001</ele>
   </trkpt>
   <trkpt lat="38.76277" lon="-0.18754">
    <ele>482.28000000000003</ele>
   </trkpt>
   <trkpt lat="38.76263" lon="-0.1874">
    <ele>481.93</ele>
   </trkpt>
   <trkpt lat="38.762480000000004" lon="-0.18728">
    <ele>481.86000000000007</ele>
   </trkpt>
   <trkpt lat="38.762330000000006" lon="-0.18718">
    <ele>482.09000000000003</ele>
   </trkpt>
   <trkpt lat="38.76223" lon="-0.18717">
    <ele>482.33000000000004</ele>
   </trkpt>
   <trkpt lat="38.76212" lon="-0.18721000000000002">
    <ele>483.06000000000006</ele>
   </trkpt>
   <trkpt lat="38.76207" lon="-0.18725000000000003">
    <ele>483.06000000000006</ele>
   </trkpt>
   <trkpt lat="38.76192" lon="-0.1874">
    <ele>482.95000000000005</ele>
   </trkpt>
   <trkpt lat="38.76144" lon="-0.18795">
    <ele>480.48</ele>
   </trkpt>
   <trkpt lat="38.76126" lon="-0.18812">
    <ele>479.48</ele>
   </trkpt>
   <trkpt lat="38.76098" lon="-0.18834">
    <ele>478.66</ele>
   </trkpt>
   <trkpt lat="38.760870000000004" lon="-0.18837">
    <ele>478.57000000000005</ele>
   </trkpt>
   <trkpt lat="38.76077" lon="-0.18837">
    <ele>478.28000000000003</ele>
   </trkpt>
   <trkpt lat="38.76066" lon="-0.18831">
    <ele>477.47</ele>
   </trkpt>
   <trkpt lat="38.760540000000006" lon="-0.1882">
    <ele>476.66</ele>
   </trkpt>
   <trkpt lat="38.760400000000004" lon="-0.18796000000000002">
    <ele>473.48</ele>
   </trkpt>
   <trkpt lat="38.76035" lon="-0.18784">
    <ele>472.69000000000005</ele>
   </trkpt>
   <trkpt lat="38.760310000000004" lon="-0.18757000000000001">
    <ele>470.09000000000003</ele>
   </trkpt>
   <trkpt lat="38.760200000000005" lon="-0.18718">
    <ele>468.40000000000003</ele>
   </trkpt>
   <trkpt lat="38.76012" lon="-0.18698">
    <ele>465.70000000000005</ele>
   </trkpt>
   <trkpt lat="38.760020000000004" lon="-0.18680000000000002">
    <ele>463.95000000000005</ele>
   </trkpt>
   <trkpt lat="38.75971500083768" lon="-0.1863649981858501">
    <ele>457.54</ele>
   </trkpt>
   <trkpt lat="38.75941" lon="-0.18593">
    <ele>455.53000000000003</ele>
   </trkpt>
   <trkpt lat="38.75929" lon="-0.18567">
    <ele>455.31000000000006</ele>
   </trkpt>
   <trkpt lat="38.75927" lon="-0.18551">
    <ele>454.99000000000007</ele>
   </trkpt>
   <trkpt lat="38.7593" lon="-0.1854">
    <ele>454.78000000000003</ele>
   </trkpt>
   <trkpt lat="38.759570000000004" lon="-0.18482">
    <ele>452.53000000000003</ele>
   </trkpt>
   <trkpt lat="38.75963" lon="-0.18462">
    <ele>452.05000000000007</ele>
   </trkpt>
   <trkpt lat="38.75965" lon="-0.18437">
    <ele>451.49000000000007</ele>
   </trkpt>
   <trkpt lat="38.759550000000004" lon="-0.1839">
    <ele>450.70000000000005</ele>
   </trkpt>
   <trkpt lat="38.75948" lon="-0.18374000000000001">
    <ele>450.33000000000004</ele>
   </trkpt>
   <trkpt lat="38.75936" lon="-0.18361000000000002">
    <ele>450.25000000000006</ele>
   </trkpt>
   <trkpt lat="38.75903" lon="-0.18348">
    <ele>449.96000000000004</ele>
   </trkpt>
   <trkpt lat="38.75894" lon="-0.18343">
    <ele>449.86</ele>
   </trkpt>
   <trkpt lat="38.75854" lon="-0.18309">
    <ele>448.73</ele>
   </trkpt>
   <trkpt lat="38.7584" lon="-0.18287">
    <ele>447.26000000000005</ele>
   </trkpt>
   <trkpt lat="38.75838" lon="-0.18273">
    <ele>446.44000000000005</ele>
   </trkpt>
   <trkpt lat="38.758410000000005" lon="-0.18249">
    <ele>444.31</ele>
   </trkpt>
   <trkpt lat="38.75854" lon="-0.18227000000000002">
    <ele>442.81</ele>
   </trkpt>
   <trkpt lat="38.759" lon="-0.18173">
    <ele>441.20000000000005</ele>
   </trkpt>
   <trkpt lat="38.75911" lon="-0.18157">
    <ele>441.31</ele>
   </trkpt>
   <trkpt lat="38.759260000000005" lon="-0.18128000000000002">
    <ele>441.62</ele>
   </trkpt>
   <trkpt lat="38.75943" lon="-0.18085">
    <ele>440.9</ele>
   </trkpt>
   <trkpt lat="38.75947" lon="-0.18062">
    <ele>440.52000000000004</ele>
   </trkpt>
   <trkpt lat="38.75949000000001" lon="-0.18032">
    <ele>439.51</ele>
   </trkpt>
   <trkpt lat="38.75948" lon="-0.18016000000000001">
    <ele>439.19</ele>
   </trkpt>
   <trkpt lat="38.759350002040435" lon="-0.17946499864116425">
    <ele>436.99</ele>
   </trkpt>
   <trkpt lat="38.759220000000006" lon="-0.17877">
    <ele>435.62000000000006</ele>
   </trkpt>
   <trkpt lat="38.759150000000005" lon="-0.17851">
    <ele>435.62000000000006</ele>
   </trkpt>
   <trkpt lat="38.759100000000004" lon="-0.17838">
    <ele>435.68</ele>
   </trkpt>
   <trkpt lat="38.75886500146059" lon="-0.17781999845287502">
    <ele>434.42</ele>
   </trkpt>
   <trkpt lat="38.758630000000004" lon="-0.17726">
    <ele>432.57</ele>
   </trkpt>
   <trkpt lat="38.758480000000006" lon="-0.17699">
    <ele>431.39000000000004</ele>
   </trkpt>
   <trkpt lat="38.757955002874624" lon="-0.17616999398371944">
    <ele>428.40000000000003</ele>
   </trkpt>
   <trkpt lat="38.75743000000001" lon="-0.17535">
    <ele>427.07000000000005</ele>
   </trkpt>
   <trkpt lat="38.75706000385982" lon="-0.1746733262416846">
    <ele>425.37</ele>
   </trkpt>
   <trkpt lat="38.756690003818356" lon="-0.17399665949928733">
    <ele>424.11</ele>
   </trkpt>
   <trkpt lat="38.75632" lon="-0.17332">
    <ele>424.91</ele>
   </trkpt>
   <trkpt lat="38.756190000000004" lon="-0.17300000000000001">
    <ele>425.24000000000007</ele>
   </trkpt>
   <trkpt lat="38.75611000000001" lon="-0.17265000000000003">
    <ele>425.07000000000005</ele>
   </trkpt>
   <trkpt lat="38.75605" lon="-0.17255">
    <ele>424.75</ele>
   </trkpt>
   <trkpt lat="38.75598" lon="-0.17250000000000001">
    <ele>424.75</ele>
   </trkpt>
   <trkpt lat="38.755810000000004" lon="-0.17244">
    <ele>424.67</ele>
   </trkpt>
   <trkpt lat="38.755720000000004" lon="-0.17244">
    <ele>424.62000000000006</ele>
   </trkpt>
   <trkpt lat="38.755160000000004" lon="-0.1726">
    <ele>424.79</ele>
   </trkpt>
   <trkpt lat="38.754580000000004" lon="-0.17288">
    <ele>424.04</ele>
   </trkpt>
   <trkpt lat="38.75446" lon="-0.17291">
    <ele>423.71000000000004</ele>
   </trkpt>
   <trkpt lat="38.75424" lon="-0.17288">
    <ele>423.71000000000004</ele>
   </trkpt>
   <trkpt lat="38.75383" lon="-0.17271">
    <ele>421.74000000000007</ele>
   </trkpt>
   <trkpt lat="38.753620000000005" lon="-0.17266">
    <ele>421.19</ele>
   </trkpt>
   <trkpt lat="38.753440000000005" lon="-0.17266">
    <ele>421.04</ele>
   </trkpt>
   <trkpt lat="38.75285" lon="-0.17275000000000001">
    <ele>419.96000000000004</ele>
   </trkpt>
   <trkpt lat="38.75273" lon="-0.17281000000000002">
    <ele>420.09000000000003</ele>
   </trkpt>
   <trkpt lat="38.752660000000006" lon="-0.1728">
    <ele>419.74000000000007</ele>
   </trkpt>
   <trkpt lat="38.75262" lon="-0.17275000000000001">
    <ele>419.37</ele>
   </trkpt>
   <trkpt lat="38.75258" lon="-0.17208">
    <ele>414.27000000000004</ele>
   </trkpt>
   <trkpt lat="38.752400002588075" lon="-0.17129999801714527">
    <ele>411.44</ele>
   </trkpt>
   <trkpt lat="38.75222" lon="-0.17052">
    <ele>410.48</ele>
   </trkpt>
   <trkpt lat="38.75207" lon="-0.17022">
    <ele>410.55</ele>
   </trkpt>
   <trkpt lat="38.751940000000005" lon="-0.17006000000000002">
    <ele>410.88</ele>
   </trkpt>
   <trkpt lat="38.75141" lon="-0.16963">
    <ele>410.99</ele>
   </trkpt>
   <trkpt lat="38.75133" lon="-0.1695">
    <ele>411.68000000000006</ele>
   </trkpt>
   <trkpt lat="38.751310000000004" lon="-0.16931000000000002">
    <ele>412.62000000000006</ele>
   </trkpt>
   <trkpt lat="38.75157" lon="-0.16883">
    <ele>413.89000000000004</ele>
   </trkpt>
   <trkpt lat="38.75186" lon="-0.16836">
    <ele>415.42</ele>
   </trkpt>
   <trkpt lat="38.752320000000005" lon="-0.16794">
    <ele>415.30000000000007</ele>
   </trkpt>
   <trkpt lat="38.752370000000006" lon="-0.1678">
    <ele>415.30000000000007</ele>
   </trkpt>
   <trkpt lat="38.752410000000005" lon="-0.16758">
    <ele>414.92</ele>
   </trkpt>
   <trkpt lat="38.7523700018181" lon="-0.16692499947692863">
    <ele>414.52000000000004</ele>
   </trkpt>
   <trkpt lat="38.75233" lon="-0.16627">
    <ele>413.78000000000003</ele>
   </trkpt>
   <trkpt lat="38.752315001666645" lon="-0.16564499997694956">
    <ele>413.15000000000003</ele>
   </trkpt>
   <trkpt lat="38.752300000000005" lon="-0.16502">
    <ele>412.75000000000006</ele>
   </trkpt>
   <trkpt lat="38.752390000000005" lon="-0.16425">
    <ele>411.39000000000004</ele>
   </trkpt>
   <trkpt lat="38.75233500392693" lon="-0.16328999927667207">
    <ele>408.24000000000007</ele>
   </trkpt>
   <trkpt lat="38.752280000000006" lon="-0.16233">
    <ele>403.31000000000006</ele>
   </trkpt>
   <trkpt lat="38.752210000000005" lon="-0.16172">
    <ele>401.76</ele>
   </trkpt>
   <trkpt lat="38.75216" lon="-0.16147">
    <ele>400.35</ele>
   </trkpt>
   <trkpt lat="38.75209" lon="-0.16122">
    <ele>399.69000000000005</ele>
   </trkpt>
   <trkpt lat="38.751920000000005" lon="-0.16083">
    <ele>397.5400000000001</ele>
   </trkpt>
   <trkpt lat="38.75166" lon="-0.16042">
    <ele>395.84000000000003</ele>
   </trkpt>
   <trkpt lat="38.75133500082288" lon="-0.15997499794569495">
    <ele>392.23</ele>
   </trkpt>
   <trkpt lat="38.75101" lon="-0.15953">
    <ele>390.37000000000006</ele>
   </trkpt>
   <trkpt lat="38.750910000000005" lon="-0.15936">
    <ele>389.81000000000006</ele>
   </trkpt>
   <trkpt lat="38.75081" lon="-0.15912">
    <ele>389.39</ele>
   </trkpt>
   <trkpt lat="38.75072" lon="-0.15872">
    <ele>389.26000000000005</ele>
   </trkpt>
   <trkpt lat="38.75072" lon="-0.15814">
    <ele>389.32000000000005</ele>
   </trkpt>
   <trkpt lat="38.750780000000006" lon="-0.15735000000000002">
    <ele>389.92</ele>
   </trkpt>
   <trkpt lat="38.75086" lon="-0.15684">
    <ele>390.08000000000004</ele>
   </trkpt>
   <trkpt lat="38.75088" lon="-0.15673">
    <ele>390.06</ele>
   </trkpt>
   <trkpt lat="38.75095" lon="-0.15661">
    <ele>390.06</ele>
   </trkpt>
   <trkpt lat="38.751090000000005" lon="-0.15648">
    <ele>390.12</ele>
   </trkpt>
   <trkpt lat="38.75157" lon="-0.1562">
    <ele>390.18</ele>
   </trkpt>
   <trkpt lat="38.751920000000005" lon="-0.15606">
    <ele>390.18</ele>
   </trkpt>
   <trkpt lat="38.752500000000005" lon="-0.15587">
    <ele>389.95</ele>
   </trkpt>
   <trkpt lat="38.752790000000005" lon="-0.15573">
    <ele>389.95</ele>
   </trkpt>
   <trkpt lat="38.75302000000001" lon="-0.15553">
    <ele>389.98</ele>
   </trkpt>
   <trkpt lat="38.75311000000001" lon="-0.15542">
    <ele>389.98</ele>
   </trkpt>
   <trkpt lat="38.75323" lon="-0.15525">
    <ele>390.1</ele>
   </trkpt>
   <trkpt lat="38.75334" lon="-0.15506">
    <ele>390.1</ele>
   </trkpt>
   <trkpt lat="38.753420000000006" lon="-0.15484">
    <ele>390.06</ele>
   </trkpt>
   <trkpt lat="38.7535" lon="-0.15453">
    <ele>390.06</ele>
   </trkpt>
   <trkpt lat="38.753620000000005" lon="-0.15392">
    <ele>390.05</ele>
   </trkpt>
   <trkpt lat="38.75368" lon="-0.15337">
    <ele>389.20000000000005</ele>
   </trkpt>
   <trkpt lat="38.753690000000006" lon="-0.15278">
    <ele>387.35</ele>
   </trkpt>
   <trkpt lat="38.75366" lon="-0.15206">
    <ele>384.62</ele>
   </trkpt>
   <trkpt lat="38.75367" lon="-0.15148">
    <ele>380.66</ele>
   </trkpt>
   <trkpt lat="38.753710000000005" lon="-0.1509">
    <ele>377.70000000000005</ele>
   </trkpt>
   <trkpt lat="38.75383502561781" lon="-0.14980334292991854">
    <ele>375.22</ele>
   </trkpt>
   <trkpt lat="38.7539600409889" lon="-0.14870668201824996">
    <ele>374.65000000000003</ele>
   </trkpt>
   <trkpt lat="38.75408504611319" lon="-0.14761001726527853">
    <ele>374.66</ele>
   </trkpt>
   <trkpt lat="38.75421004099059" lon="-0.1465133486712884">
    <ele>374.49</ele>
   </trkpt>
   <trkpt lat="38.75433502562102" lon="-0.14541667623656393">
    <ele>373.6</ele>
   </trkpt>
   <trkpt lat="38.75446" lon="-0.14432">
    <ele>372.25</ele>
   </trkpt>
   <trkpt lat="38.75455" lon="-0.14376">
    <ele>370.12</ele>
   </trkpt>
   <trkpt lat="38.7547" lon="-0.14332">
    <ele>367.58</ele>
   </trkpt>
   <trkpt lat="38.754850000000005" lon="-0.14304">
    <ele>365.46</ele>
   </trkpt>
   <trkpt lat="38.7552" lon="-0.14252">
    <ele>362.88000000000005</ele>
   </trkpt>
   <trkpt lat="38.75542" lon="-0.14207">
    <ele>361.16</ele>
   </trkpt>
   <trkpt lat="38.75553" lon="-0.14177">
    <ele>360.85</ele>
   </trkpt>
   <trkpt lat="38.755700000000004" lon="-0.1411">
    <ele>360.61</ele>
   </trkpt>
   <trkpt lat="38.75582" lon="-0.14046">
    <ele>360.78000000000003</ele>
   </trkpt>
   <trkpt lat="38.755930000000006" lon="-0.13966">
    <ele>359.24</ele>
   </trkpt>
   <trkpt lat="38.75596" lon="-0.1393">
    <ele>358.38000000000005</ele>
   </trkpt>
   <trkpt lat="38.755950000000006" lon="-0.13905">
    <ele>357.73</ele>
   </trkpt>
   <trkpt lat="38.75583" lon="-0.13857">
    <ele>355.57000000000005</ele>
   </trkpt>
   <trkpt lat="38.75573" lon="-0.13835">
    <ele>354.53000000000003</ele>
   </trkpt>
   <trkpt lat="38.7556" lon="-0.13815000000000002">
    <ele>353.15000000000003</ele>
   </trkpt>
   <trkpt lat="38.75546000000001" lon="-0.13796">
    <ele>352.40000000000003</ele>
   </trkpt>
   <trkpt lat="38.755050000000004" lon="-0.13752">
    <ele>349.95000000000005</ele>
   </trkpt>
   <trkpt lat="38.75486" lon="-0.13721">
    <ele>349.27000000000004</ele>
   </trkpt>
   <trkpt lat="38.75475" lon="-0.13694">
    <ele>349.07000000000005</ele>
   </trkpt>
   <trkpt lat="38.75471" lon="-0.13677">
    <ele>348.99</ele>
   </trkpt>
   <trkpt lat="38.75468" lon="-0.1366">
    <ele>348.99</ele>
   </trkpt>
   <trkpt lat="38.754670000000004" lon="-0.13624">
    <ele>348.88</ele>
   </trkpt>
   <trkpt lat="38.754690000000004" lon="-0.13594">
    <ele>348.88</ele>
   </trkpt>
   <trkpt lat="38.754740000000005" lon="-0.13569">
    <ele>348.90000000000003</ele>
   </trkpt>
   <trkpt lat="38.754870000000004" lon="-0.13533">
    <ele>348.90000000000003</ele>
   </trkpt>
   <trkpt lat="38.755230000000005" lon="-0.13452">
    <ele>348.21000000000004</ele>
   </trkpt>
   <trkpt lat="38.755370000000006" lon="-0.13408">
    <ele>347.41</ele>
   </trkpt>
   <trkpt lat="38.75542" lon="-0.13383">
    <ele>346.44</ele>
   </trkpt>
   <trkpt lat="38.75549500152298" lon="-0.13323000071563765">
    <ele>344.28000000000003</ele>
   </trkpt>
   <trkpt lat="38.755570000000006" lon="-0.13263">
    <ele>343.44</ele>
   </trkpt>
   <trkpt lat="38.755720002554824" lon="-0.13186000146926674">
    <ele>341.08000000000004</ele>
   </trkpt>
   <trkpt lat="38.75587" lon="-0.13109">
    <ele>339.91</ele>
   </trkpt>
   <trkpt lat="38.75601" lon="-0.13022">
    <ele>339.11</ele>
   </trkpt>
   <trkpt lat="38.75605" lon="-0.1295">
    <ele>338.97</ele>
   </trkpt>
   <trkpt lat="38.75603" lon="-0.12892">
    <ele>338.88</ele>
   </trkpt>
   <trkpt lat="38.755955005022884" lon="-0.12783499897266679">
    <ele>338.51000000000005</ele>
   </trkpt>
   <trkpt lat="38.755880000000005" lon="-0.12675">
    <ele>337.36</ele>
   </trkpt>
   <trkpt lat="38.755870001883274" lon="-0.12608499986346253">
    <ele>336.82</ele>
   </trkpt>
   <trkpt lat="38.755860000000006" lon="-0.12542">
    <ele>335.9200000000001</ele>
   </trkpt>
   <trkpt lat="38.75589" lon="-0.12441">
    <ele>335.06</ele>
   </trkpt>
   <trkpt lat="38.75594000508877" lon="-0.12363666785354946">
    <ele>334.27</ele>
   </trkpt>
   <trkpt lat="38.75599000508208" lon="-0.12286333462354881">
    <ele>333.40000000000003</ele>
   </trkpt>
   <trkpt lat="38.756040000000006" lon="-0.12209">
    <ele>332.32</ele>
   </trkpt>
   <trkpt lat="38.756040000000006" lon="-0.12172000000000001">
    <ele>332.20000000000005</ele>
   </trkpt>
   <trkpt lat="38.755990000000004" lon="-0.12104000000000001">
    <ele>331.74</ele>
   </trkpt>
   <trkpt lat="38.75594" lon="-0.12066">
    <ele>331.54</ele>
   </trkpt>
   <trkpt lat="38.7558" lon="-0.12003000000000001">
    <ele>331.5</ele>
   </trkpt>
   <trkpt lat="38.75567" lon="-0.11955">
    <ele>330.93</ele>
   </trkpt>
   <trkpt lat="38.755480000000006" lon="-0.11901">
    <ele>330.48</ele>
   </trkpt>
   <trkpt lat="38.7552" lon="-0.11843000000000001">
    <ele>329.55</ele>
   </trkpt>
   <trkpt lat="38.75490500107893" lon="-0.11789499753421365">
    <ele>328.43</ele>
   </trkpt>
   <trkpt lat="38.75461000000001" lon="-0.11736">
    <ele>325.57</ele>
   </trkpt>
   <trkpt lat="38.754470000000005" lon="-0.11703000000000001">
    <ele>324.83</ele>
   </trkpt>
   <trkpt lat="38.75423500219648" lon="-0.11631499770269783">
    <ele>322.13</ele>
   </trkpt>
   <trkpt lat="38.754000000000005" lon="-0.11560000000000001">
    <ele>320.34000000000003</ele>
   </trkpt>
   <trkpt lat="38.753910000000005" lon="-0.11521">
    <ele>319.88000000000005</ele>
   </trkpt>
   <trkpt lat="38.75379500369708" lon="-0.11427999860343499">
    <ele>318.03000000000003</ele>
   </trkpt>
   <trkpt lat="38.75368" lon="-0.11335">
    <ele>316.61</ele>
   </trkpt>
   <trkpt lat="38.75368" lon="-0.11320000000000001">
    <ele>315.62</ele>
   </trkpt>
   <trkpt lat="38.75372" lon="-0.11295000000000001">
    <ele>315.43000000000006</ele>
   </trkpt>
   <trkpt lat="38.75386" lon="-0.11235">
    <ele>315.1</ele>
   </trkpt>
   <trkpt lat="38.753910000000005" lon="-0.11203">
    <ele>315.1</ele>
   </trkpt>
   <trkpt lat="38.7539" lon="-0.11170000000000001">
    <ele>314.97</ele>
   </trkpt>
   <trkpt lat="38.75386" lon="-0.11102000000000001">
    <ele>314.62</ele>
   </trkpt>
   <trkpt lat="38.753750000000004" lon="-0.11034000000000001">
    <ele>314.18</ele>
   </trkpt>
   <trkpt lat="38.75358000000001" lon="-0.10974">
    <ele>312.39</ele>
   </trkpt>
   <trkpt lat="38.753260000000004" lon="-0.10895">
    <ele>311.14000000000004</ele>
   </trkpt>
   <trkpt lat="38.75312" lon="-0.10881">
    <ele>311.20000000000005</ele>
   </trkpt>
   <trkpt lat="38.753060000000005" lon="-0.10880000000000001">
    <ele>311.22</ele>
   </trkpt>
   <trkpt lat="38.75302000000001" lon="-0.10867">
    <ele>311.20000000000005</ele>
   </trkpt>
   <trkpt lat="38.75302000000001" lon="-0.10862000000000001">
    <ele>311.20000000000005</ele>
   </trkpt>
   <trkpt lat="38.752950000000006" lon="-0.10836000000000001">
    <ele>311.27000000000004</ele>
   </trkpt>
   <trkpt lat="38.75267" lon="-0.1078">
    <ele>314.36</ele>
   </trkpt>
   <trkpt lat="38.75245" lon="-0.10726000000000001">
    <ele>315.67</ele>
   </trkpt>
   <trkpt lat="38.75233" lon="-0.10698">
    <ele>317.3</ele>
   </trkpt>
   <trkpt lat="38.752120000000005" lon="-0.10665000000000001">
    <ele>318.77000000000004</ele>
   </trkpt>
   <trkpt lat="38.75162" lon="-0.10616">
    <ele>319.74</ele>
   </trkpt>
   <trkpt lat="38.750960000000006" lon="-0.10551">
    <ele>320.05</ele>
   </trkpt>
   <trkpt lat="38.750890000000005" lon="-0.10537">
    <ele>320.11</ele>
   </trkpt>
   <trkpt lat="38.750910000000005" lon="-0.10521000000000001">
    <ele>320.11</ele>
   </trkpt>
   <trkpt lat="38.750960000000006" lon="-0.10511000000000001">
    <ele>320.27</ele>
   </trkpt>
   <trkpt lat="38.75106" lon="-0.10498">
    <ele>320.5</ele>
   </trkpt>
   <trkpt lat="38.75114000000001" lon="-0.10494">
    <ele>320.65999999999997</ele>
   </trkpt>
   <trkpt lat="38.751360000000005" lon="-0.10501">
    <ele>321.40000000000003</ele>
   </trkpt>
   <trkpt lat="38.751430000000006" lon="-0.10501">
    <ele>321.40000000000003</ele>
   </trkpt>
   <trkpt lat="38.75153" lon="-0.10494">
    <ele>321.56</ele>
   </trkpt>
   <trkpt lat="38.75159" lon="-0.10483">
    <ele>321.65000000000003</ele>
   </trkpt>
   <trkpt lat="38.75171" lon="-0.10414000000000001">
    <ele>321.98</ele>
   </trkpt>
   <trkpt lat="38.751870000000004" lon="-0.10307000000000001">
    <ele>321.84000000000003</ele>
   </trkpt>
   <trkpt lat="38.75193" lon="-0.10283">
    <ele>321.65999999999997</ele>
   </trkpt>
   <trkpt lat="38.752010000000006" lon="-0.10268000000000001">
    <ele>321.21000000000004</ele>
   </trkpt>
   <trkpt lat="38.75226" lon="-0.10229">
    <ele>319.52000000000004</ele>
   </trkpt>
   <trkpt lat="38.752520000000004" lon="-0.10182000000000001">
    <ele>317.12</ele>
   </trkpt>
   <trkpt lat="38.75255000000001" lon="-0.10169">
    <ele>316.61</ele>
   </trkpt>
   <trkpt lat="38.75254" lon="-0.10151">
    <ele>316.61</ele>
   </trkpt>
   <trkpt lat="38.752430000000004" lon="-0.10087">
    <ele>314.5</ele>
   </trkpt>
   <trkpt lat="38.75233" lon="-0.10047">
    <ele>313.64000000000004</ele>
   </trkpt>
   <trkpt lat="38.75224" lon="-0.10022">
    <ele>312.82000000000005</ele>
   </trkpt>
   <trkpt lat="38.752100000000006" lon="-0.09993">
    <ele>311.39</ele>
   </trkpt>
   <trkpt lat="38.75193" lon="-0.09932">
    <ele>310.25</ele>
   </trkpt>
   <trkpt lat="38.75186" lon="-0.09899000000000001">
    <ele>309.36</ele>
   </trkpt>
   <trkpt lat="38.75179" lon="-0.09842000000000001">
    <ele>307.85</ele>
   </trkpt>
   <trkpt lat="38.75179" lon="-0.09822">
    <ele>307.71000000000004</ele>
   </trkpt>
   <trkpt lat="38.75188000254254" lon="-0.09744500111559166">
    <ele>305.53000000000003</ele>
   </trkpt>
   <trkpt lat="38.75197" lon="-0.09667">
    <ele>301.19</ele>
   </trkpt>
   <trkpt lat="38.751960000000004" lon="-0.09649">
    <ele>300.28000000000003</ele>
   </trkpt>
   <trkpt lat="38.75191" lon="-0.09628">
    <ele>299.95000000000005</ele>
   </trkpt>
   <trkpt lat="38.751540000000006" lon="-0.09543">
    <ele>297.65000000000003</ele>
   </trkpt>
   <trkpt lat="38.75133" lon="-0.09473000000000001">
    <ele>296.91</ele>
   </trkpt>
   <trkpt lat="38.75112" lon="-0.09432">
    <ele>296.93</ele>
   </trkpt>
   <trkpt lat="38.751000000000005" lon="-0.09405000000000001">
    <ele>297.28000000000003</ele>
   </trkpt>
   <trkpt lat="38.7509" lon="-0.09376000000000001">
    <ele>297.46</ele>
   </trkpt>
   <trkpt lat="38.75061333840613" lon="-0.09298999387335471">
    <ele>299.62</ele>
   </trkpt>
   <trkpt lat="38.75032667176081" lon="-0.09221999393076835">
    <ele>302.41</ele>
   </trkpt>
   <trkpt lat="38.750040000000006" lon="-0.09145">
    <ele>302.56000000000006</ele>
   </trkpt>
   <trkpt lat="38.74994" lon="-0.09123">
    <ele>302.65000000000003</ele>
   </trkpt>
   <trkpt lat="38.749880000000005" lon="-0.09098">
    <ele>302.91</ele>
   </trkpt>
   <trkpt lat="38.74987" lon="-0.09062">
    <ele>303.77000000000004</ele>
   </trkpt>
   <trkpt lat="38.74991" lon="-0.09002">
    <ele>305.64000000000004</ele>
   </trkpt>
   <trkpt lat="38.74967" lon="-0.08901">
    <ele>307.69</ele>
   </trkpt>
   <trkpt lat="38.749520000000004" lon="-0.08856000000000001">
    <ele>308.24</ele>
   </trkpt>
   <trkpt lat="38.749265001203305" lon="-0.08801999798885482">
    <ele>309.38000000000005</ele>
   </trkpt>
   <trkpt lat="38.749010000000006" lon="-0.08748">
    <ele>310.15000000000003</ele>
   </trkpt>
   <trkpt lat="38.74873" lon="-0.0869">
    <ele>310.45</ele>
   </trkpt>
   <trkpt lat="38.748610000000006" lon="-0.08675000000000001">
    <ele>310.34</ele>
   </trkpt>
   <trkpt lat="38.74833" lon="-0.08646000000000001">
    <ele>309.85</ele>
   </trkpt>
   <trkpt lat="38.747840000000004" lon="-0.08578000000000001">
    <ele>307.26000000000005</ele>
   </trkpt>
   <trkpt lat="38.74767000000001" lon="-0.0855">
    <ele>306.8</ele>
   </trkpt>
   <trkpt lat="38.74757" lon="-0.08525">
    <ele>305.92</ele>
   </trkpt>
   <trkpt lat="38.74748" lon="-0.08512">
    <ele>305.11</ele>
   </trkpt>
   <trkpt lat="38.74708000081714" lon="-0.08468499757495257">
    <ele>303.35</ele>
   </trkpt>
   <trkpt lat="38.746680000000005" lon="-0.08425">
    <ele>300.89000000000004</ele>
   </trkpt>
   <trkpt lat="38.746430000000004" lon="-0.08379">
    <ele>299.2</ele>
   </trkpt>
   <trkpt lat="38.74629" lon="-0.08354">
    <ele>299.06000000000006</ele>
   </trkpt>
   <trkpt lat="38.74625" lon="-0.0834">
    <ele>299.02</ele>
   </trkpt>
   <trkpt lat="38.746230000000004" lon="-0.08310000000000001">
    <ele>298.91</ele>
   </trkpt>
   <trkpt lat="38.74624" lon="-0.08281000000000001">
    <ele>298.13</ele>
   </trkpt>
   <trkpt lat="38.74622" lon="-0.08265">
    <ele>298.13</ele>
   </trkpt>
   <trkpt lat="38.74616" lon="-0.08249000000000001">
    <ele>298.13</ele>
   </trkpt>
   <trkpt lat="38.745935001239836" lon="-0.08193999814762486">
    <ele>297.2</ele>
   </trkpt>
   <trkpt lat="38.74571" lon="-0.08139">
    <ele>295.75</ele>
   </trkpt>
   <trkpt lat="38.74522" lon="-0.08054">
    <ele>292.72</ele>
   </trkpt>
   <trkpt lat="38.74497500124823" lon="-0.07999999816054928">
    <ele>290.16</ele>
   </trkpt>
   <trkpt lat="38.744730000000004" lon="-0.07946">
    <ele>290.08</ele>
   </trkpt>
   <trkpt lat="38.744710000000005" lon="-0.07931">
    <ele>290.16</ele>
   </trkpt>
   <trkpt lat="38.74475" lon="-0.07903">
    <ele>290.54</ele>
   </trkpt>
   <trkpt lat="38.74492" lon="-0.07871">
    <ele>290.64</ele>
   </trkpt>
   <trkpt lat="38.744960000000006" lon="-0.07849">
    <ele>290.42</ele>
   </trkpt>
   <trkpt lat="38.74495" lon="-0.07837000000000001">
    <ele>290.37</ele>
   </trkpt>
   <trkpt lat="38.74477" lon="-0.0775">
    <ele>286.42</ele>
   </trkpt>
   <trkpt lat="38.74443" lon="-0.07678">
    <ele>285.32</ele>
   </trkpt>
   <trkpt lat="38.74438000000001" lon="-0.07638">
    <ele>285.3</ele>
   </trkpt>
   <trkpt lat="38.74434" lon="-0.07627">
    <ele>285.3</ele>
   </trkpt>
   <trkpt lat="38.74394" lon="-0.07538">
    <ele>285.49</ele>
   </trkpt>
   <trkpt lat="38.7438" lon="-0.07488">
    <ele>284.73</ele>
   </trkpt>
   <trkpt lat="38.743700000000004" lon="-0.07427">
    <ele>283.42</ele>
   </trkpt>
   <trkpt lat="38.74367" lon="-0.07385000000000001">
    <ele>282.49</ele>
   </trkpt>
   <trkpt lat="38.743760001384196" lon="-0.07327500087911022">
    <ele>280.64</ele>
   </trkpt>
   <trkpt lat="38.74385" lon="-0.0727">
    <ele>280.04</ele>
   </trkpt>
   <trkpt lat="38.74385" lon="-0.07251">
    <ele>280.04</ele>
   </trkpt>
   <trkpt lat="38.74385" lon="-0.07250000000000001">
    <ele>280.04</ele>
   </trkpt>
   <trkpt lat="38.743770000000005" lon="-0.07148">
    <ele>279.19000000000005</ele>
   </trkpt>
   <trkpt lat="38.743840000000006" lon="-0.07063000000000001">
    <ele>277.36</ele>
   </trkpt>
   <trkpt lat="38.74389000230739" lon="-0.06989500042369072">
    <ele>275.14</ele>
   </trkpt>
   <trkpt lat="38.74394" lon="-0.06916">
    <ele>274.47</ele>
   </trkpt>
   <trkpt lat="38.74391" lon="-0.06887">
    <ele>274.93</ele>
   </trkpt>
   <trkpt lat="38.74426000075077" lon="-0.06849500167554291">
    <ele>274.77</ele>
   </trkpt>
   <trkpt lat="38.74461" lon="-0.06812">
    <ele>275.09</ele>
   </trkpt>
   <trkpt lat="38.74416" lon="-0.06761">
    <ele>275.15</ele>
   </trkpt>
   <trkpt lat="38.744020000000006" lon="-0.06736">
    <ele>275.25000000000006</ele>
   </trkpt>
   <trkpt lat="38.743930000000006" lon="-0.06717000000000001">
    <ele>275.26</ele>
   </trkpt>
   <trkpt lat="38.74370000198961" lon="-0.06647999766216932">
    <ele>273.44</ele>
   </trkpt>
   <trkpt lat="38.74347" lon="-0.06579">
    <ele>269.27</ele>
   </trkpt>
   <trkpt lat="38.743430000000004" lon="-0.06561">
    <ele>267.90000000000003</ele>
   </trkpt>
   <trkpt lat="38.74336" lon="-0.06456">
    <ele>263.53999999999996</ele>
   </trkpt>
   <trkpt lat="38.74336" lon="-0.06428">
    <ele>263.11</ele>
   </trkpt>
   <trkpt lat="38.74353500397506" lon="-0.06331500231904269">
    <ele>261.53999999999996</ele>
   </trkpt>
   <trkpt lat="38.74371" lon="-0.06235">
    <ele>255.51000000000002</ele>
   </trkpt>
   <trkpt lat="38.74378" lon="-0.06207000000000001">
    <ele>254.53000000000003</ele>
   </trkpt>
   <trkpt lat="38.74397000136023" lon="-0.06152000125600814">
    <ele>252.01000000000002</ele>
   </trkpt>
   <trkpt lat="38.74416" lon="-0.06097">
    <ele>249.82000000000002</ele>
   </trkpt>
   <trkpt lat="38.74427" lon="-0.06058">
    <ele>248.74</ele>
   </trkpt>
   <trkpt lat="38.74425" lon="-0.06028000000000001">
    <ele>248.01</ele>
   </trkpt>
   <trkpt lat="38.74414" lon="-0.05979">
    <ele>247.67000000000002</ele>
   </trkpt>
   <trkpt lat="38.74418" lon="-0.059500000000000004">
    <ele>247.71</ele>
   </trkpt>
   <trkpt lat="38.744426670888345" lon="-0.05879667150520965">
    <ele>247.55</ele>
   </trkpt>
   <trkpt lat="38.74467333756236" lon="-0.058093338150985385">
    <ele>246.43</ele>
   </trkpt>
   <trkpt lat="38.74492" lon="-0.057390000000000004">
    <ele>245.24</ele>
   </trkpt>
   <trkpt lat="38.74497" lon="-0.05693">
    <ele>243.90000000000003</ele>
   </trkpt>
   <trkpt lat="38.744986674518465" lon="-0.05597000043273356">
    <ele>243.35</ele>
   </trkpt>
   <trkpt lat="38.74500334118541" lon="-0.05501000041719405">
    <ele>244.6</ele>
   </trkpt>
   <trkpt lat="38.745020000000004" lon="-0.05405000000000001">
    <ele>244.96</ele>
   </trkpt>
   <trkpt lat="38.74506" lon="-0.05331">
    <ele>243.70000000000002</ele>
   </trkpt>
   <trkpt lat="38.745090000000005" lon="-0.05308">
    <ele>242.97000000000003</ele>
   </trkpt>
   <trkpt lat="38.74513" lon="-0.05294">
    <ele>241.94</ele>
   </trkpt>
   <trkpt lat="38.74524" lon="-0.052730000000000006">
    <ele>241.37000000000003</ele>
   </trkpt>
   <trkpt lat="38.74566000072441" lon="-0.05231000249759367">
    <ele>239.43000000000004</ele>
   </trkpt>
   <trkpt lat="38.746080000000006" lon="-0.051890000000000006">
    <ele>239.70000000000002</ele>
   </trkpt>
   <trkpt lat="38.74626000000001" lon="-0.051680000000000004">
    <ele>239.16</ele>
   </trkpt>
   <trkpt lat="38.746630003890374" lon="-0.050720005066913834">
    <ele>234.40000000000003</ele>
   </trkpt>
   <trkpt lat="38.747" lon="-0.049760000000000006">
    <ele>229.44</ele>
   </trkpt>
   <trkpt lat="38.7472866719631" lon="-0.04897000640086913">
    <ele>226.28</ele>
   </trkpt>
   <trkpt lat="38.74757333860917" lon="-0.04818000645774521">
    <ele>224.34</ele>
   </trkpt>
   <trkpt lat="38.74786" lon="-0.04739">
    <ele>221.48000000000002</ele>
   </trkpt>
   <trkpt lat="38.74797" lon="-0.04696">
    <ele>218.72000000000003</ele>
   </trkpt>
   <trkpt lat="38.748000000000005" lon="-0.046770000000000006">
    <ele>218.72000000000003</ele>
   </trkpt>
   <trkpt lat="38.74803333856222" lon="-0.04598666737160964">
    <ele>217.31000000000003</ele>
   </trkpt>
   <trkpt lat="38.74806667189669" lon="-0.0452033340116979">
    <ele>215.94000000000003</ele>
   </trkpt>
   <trkpt lat="38.7481" lon="-0.04442">
    <ele>215.62</ele>
   </trkpt>
   <trkpt lat="38.74814000000001" lon="-0.04426">
    <ele>215.84</ele>
   </trkpt>
   <trkpt lat="38.74819" lon="-0.04411">
    <ele>216.24</ele>
   </trkpt>
   <trkpt lat="38.748310000000004" lon="-0.04395">
    <ele>216.37</ele>
   </trkpt>
   <trkpt lat="38.748430000000006" lon="-0.043840000000000004">
    <ele>217.26</ele>
   </trkpt>
   <trkpt lat="38.74899500049812" lon="-0.04346000308604714">
    <ele>221.19000000000003</ele>
   </trkpt>
   <trkpt lat="38.74956" lon="-0.04308">
    <ele>221.65</ele>
   </trkpt>
   <trkpt lat="38.7496" lon="-0.043050000000000005">
    <ele>221.55</ele>
   </trkpt>
   <trkpt lat="38.74996" lon="-0.04279">
    <ele>220.84</ele>
   </trkpt>
   <trkpt lat="38.750220000000006" lon="-0.04268">
    <ele>220.85000000000002</ele>
   </trkpt>
   <trkpt lat="38.75085" lon="-0.04259">
    <ele>222.86</ele>
   </trkpt>
   <trkpt lat="38.7513" lon="-0.042280000000000005">
    <ele>225.71</ele>
   </trkpt>
   <trkpt lat="38.75193" lon="-0.041830000000000006">
    <ele>228.51000000000002</ele>
   </trkpt>
   <trkpt lat="38.751830000000005" lon="-0.041350000000000005">
    <ele>229.49</ele>
   </trkpt>
   <trkpt lat="38.751520000000006" lon="-0.04079">
    <ele>231.89000000000001</ele>
   </trkpt>
   <trkpt lat="38.751250000000006" lon="-0.04034">
    <ele>232.13000000000002</ele>
   </trkpt>
   <trkpt lat="38.751160000000006" lon="-0.04007">
    <ele>231.39000000000001</ele>
   </trkpt>
   <trkpt lat="38.751090000000005" lon="-0.03946">
    <ele>226.81</ele>
   </trkpt>
   <trkpt lat="38.75101" lon="-0.03917">
    <ele>224.63000000000002</ele>
   </trkpt>
   <trkpt lat="38.75092" lon="-0.039">
    <ele>223.81</ele>
   </trkpt>
   <trkpt lat="38.75081" lon="-0.03883">
    <ele>223.13000000000002</ele>
   </trkpt>
   <trkpt lat="38.750530000000005" lon="-0.03853">
    <ele>222.47000000000003</ele>
   </trkpt>
   <trkpt lat="38.750040000000006" lon="-0.03819">
    <ele>221.91000000000003</ele>
   </trkpt>
   <trkpt lat="38.74987" lon="-0.038000000000000006">
    <ele>222.01000000000002</ele>
   </trkpt>
   <trkpt lat="38.74973000000001" lon="-0.03774">
    <ele>221.9</ele>
   </trkpt>
   <trkpt lat="38.749680000000005" lon="-0.037520000000000005">
    <ele>221.66000000000003</ele>
   </trkpt>
   <trkpt lat="38.749590000000005" lon="-0.0369">
    <ele>220.2</ele>
   </trkpt>
   <trkpt lat="38.749520000000004" lon="-0.03656">
    <ele>218.89000000000001</ele>
   </trkpt>
   <trkpt lat="38.749430000000004" lon="-0.03633">
    <ele>217.81000000000003</ele>
   </trkpt>
   <trkpt lat="38.74915500115198" lon="-0.035789997742801526">
    <ele>213.74</ele>
   </trkpt>
   <trkpt lat="38.74888" lon="-0.035250000000000004">
    <ele>211.76</ele>
   </trkpt>
   <trkpt lat="38.74842" lon="-0.03438">
    <ele>208.54000000000002</ele>
   </trkpt>
   <trkpt lat="38.748020000000004" lon="-0.03377">
    <ele>207.04000000000002</ele>
   </trkpt>
   <trkpt lat="38.747980000000005" lon="-0.03363">
    <ele>206.93000000000004</ele>
   </trkpt>
   <trkpt lat="38.74795" lon="-0.03343">
    <ele>206.90000000000003</ele>
   </trkpt>
   <trkpt lat="38.74794" lon="-0.03304">
    <ele>207.04000000000002</ele>
   </trkpt>
   <trkpt lat="38.747980000000005" lon="-0.032440000000000004">
    <ele>207.82</ele>
   </trkpt>
   <trkpt lat="38.74797" lon="-0.032">
    <ele>208.21</ele>
   </trkpt>
   <trkpt lat="38.74788" lon="-0.03161">
    <ele>208.8</ele>
   </trkpt>
   <trkpt lat="38.74771000147664" lon="-0.03101999857358141">
    <ele>210.05</ele>
   </trkpt>
   <trkpt lat="38.74754" lon="-0.030430000000000002">
    <ele>209.1</ele>
   </trkpt>
   <trkpt lat="38.74743" lon="-0.029920000000000002">
    <ele>208.68</ele>
   </trkpt>
   <trkpt lat="38.74739" lon="-0.029580000000000002">
    <ele>208.40000000000003</ele>
   </trkpt>
   <trkpt lat="38.74734" lon="-0.028940000000000004">
    <ele>207.72</ele>
   </trkpt>
   <trkpt lat="38.74719" lon="-0.0285">
    <ele>206.59000000000003</ele>
   </trkpt>
   <trkpt lat="38.74689" lon="-0.027770000000000003">
    <ele>204.16</ele>
   </trkpt>
   <trkpt lat="38.74681" lon="-0.027450000000000002">
    <ele>202.31</ele>
   </trkpt>
   <trkpt lat="38.74665500418202" lon="-0.026459997895461978">
    <ele>200.4</ele>
   </trkpt>
   <trkpt lat="38.746500000000005" lon="-0.025470000000000003">
    <ele>199.72</ele>
   </trkpt>
   <trkpt lat="38.746410000000004" lon="-0.02494">
    <ele>198.76000000000002</ele>
   </trkpt>
   <trkpt lat="38.74633" lon="-0.024640000000000002">
    <ele>198.45000000000002</ele>
   </trkpt>
   <trkpt lat="38.745990000000006" lon="-0.023770000000000003">
    <ele>196.92000000000002</ele>
   </trkpt>
   <trkpt lat="38.745645002667764" lon="-0.022969995998853396">
    <ele>196.37</ele>
   </trkpt>
   <trkpt lat="38.7453" lon="-0.022170000000000002">
    <ele>195.54000000000002</ele>
   </trkpt>
   <trkpt lat="38.74512" lon="-0.02161">
    <ele>194.35000000000002</ele>
   </trkpt>
   <trkpt lat="38.745090000000005" lon="-0.021460000000000003">
    <ele>194.24</ele>
   </trkpt>
   <trkpt lat="38.74508" lon="-0.020720000000000002">
    <ele>193.77</ele>
   </trkpt>
   <trkpt lat="38.74497" lon="-0.020630000000000003">
    <ele>193.61</ele>
   </trkpt>
   <trkpt lat="38.744530000000005" lon="-0.02043">
    <ele>192.89000000000001</ele>
   </trkpt>
   <trkpt lat="38.74447" lon="-0.02034">
    <ele>192.71</ele>
   </trkpt>
   <trkpt lat="38.74445" lon="-0.020210000000000002">
    <ele>192.17000000000002</ele>
   </trkpt>
   <trkpt lat="38.74448" lon="-0.01974">
    <ele>190.74</ele>
   </trkpt>
   <trkpt lat="38.74447" lon="-0.01956">
    <ele>190.41000000000003</ele>
   </trkpt>
   <trkpt lat="38.744350000000004" lon="-0.01916">
    <ele>189.91000000000003</ele>
   </trkpt>
   <trkpt lat="38.74412" lon="-0.018510000000000002">
    <ele>189.20000000000002</ele>
   </trkpt>
   <trkpt lat="38.74389500261193" lon="-0.01772999761263735">
    <ele>188.52</ele>
   </trkpt>
   <trkpt lat="38.74367" lon="-0.01695">
    <ele>187.94000000000003</ele>
   </trkpt>
   <trkpt lat="38.74355000161116" lon="-0.016339999107702587">
    <ele>187.4</ele>
   </trkpt>
   <trkpt lat="38.743430000000004" lon="-0.01573">
    <ele>187.37</ele>
   </trkpt>
   <trkpt lat="38.743370000000006" lon="-0.015550000000000001">
    <ele>187.03</ele>
   </trkpt>
   <trkpt lat="38.74326000000001" lon="-0.015300000000000001">
    <ele>186.9</ele>
   </trkpt>
   <trkpt lat="38.74288000000001" lon="-0.014740000000000001">
    <ele>186.66000000000003</ele>
   </trkpt>
   <trkpt lat="38.74277" lon="-0.01451">
    <ele>186.42</ele>
   </trkpt>
   <trkpt lat="38.742630000000005" lon="-0.014140000000000002">
    <ele>187.08</ele>
   </trkpt>
   <trkpt lat="38.742580000000004" lon="-0.014060000000000001">
    <ele>187.04000000000002</ele>
   </trkpt>
   <trkpt lat="38.74224" lon="-0.013300000000000001">
    <ele>187.06</ele>
   </trkpt>
   <trkpt lat="38.74221" lon="-0.013110000000000002">
    <ele>187.26000000000002</ele>
   </trkpt>
   <trkpt lat="38.74148500007437" lon="-0.013285001790228016">
    <ele>188.89</ele>
   </trkpt>
   <trkpt lat="38.74076" lon="-0.013460000000000001">
    <ele>191.65</ele>
   </trkpt>
   <trkpt lat="38.740660000000005" lon="-0.013470000000000001">
    <ele>192.04000000000002</ele>
   </trkpt>
   <trkpt lat="38.74051" lon="-0.01332">
    <ele>192.63000000000002</ele>
   </trkpt>
   <trkpt lat="38.74011250895767" lon="-0.012482486003836533">
    <ele>193.03</ele>
   </trkpt>
   <trkpt lat="38.739715011939836" lon="-0.01164498133087415">
    <ele>192.92000000000002</ele>
   </trkpt>
   <trkpt lat="38.73931750894665" lon="-0.010807485981016706">
    <ele>193.08</ele>
   </trkpt>
   <trkpt lat="38.73892" lon="-0.009970000000000001">
    <ele>193.39000000000001</ele>
   </trkpt>
   <trkpt lat="38.73865" lon="-0.00941">
    <ele>193.97</ele>
   </trkpt>
   <trkpt lat="38.73861" lon="-0.009290000000000001">
    <ele>193.93</ele>
   </trkpt>
   <trkpt lat="38.738600000000005" lon="-0.00918">
    <ele>193.82000000000002</ele>
   </trkpt>
   <trkpt lat="38.738530000000004" lon="-0.00914">
    <ele>193.89000000000001</ele>
   </trkpt>
   <trkpt lat="38.73848" lon="-0.00907">
    <ele>193.89000000000001</ele>
   </trkpt>
   <trkpt lat="38.738140004689654" lon="-0.008329993007929326">
    <ele>194.53</ele>
   </trkpt>
   <trkpt lat="38.73780000471425" lon="-0.007589993061553268">
    <ele>194.67000000000002</ele>
   </trkpt>
   <trkpt lat="38.737460000000006" lon="-0.00685">
    <ele>194.18</ele>
   </trkpt>
   <trkpt lat="38.73733" lon="-0.006690000000000001">
    <ele>194.61</ele>
   </trkpt>
   <trkpt lat="38.73729" lon="-0.00668">
    <ele>194.71</ele>
   </trkpt>
   <trkpt lat="38.73725" lon="-0.006600000000000001">
    <ele>194.61</ele>
   </trkpt>
   <trkpt lat="38.73725" lon="-0.00651">
    <ele>194.61</ele>
   </trkpt>
   <trkpt lat="38.737210000000005" lon="-0.00632">
    <ele>193.72</ele>
   </trkpt>
   <trkpt lat="38.73682" lon="-0.005540000000000001">
    <ele>193.99</ele>
   </trkpt>
   <trkpt lat="38.73668" lon="-0.0053">
    <ele>194.34</ele>
   </trkpt>
   <trkpt lat="38.736360000000005" lon="-0.00485">
    <ele>195.68</ele>
   </trkpt>
   <trkpt lat="38.73593" lon="-0.00438">
    <ele>196.3</ele>
   </trkpt>
   <trkpt lat="38.735255001712545" lon="-0.0037299937735143533">
    <ele>196.55</ele>
   </trkpt>
   <trkpt lat="38.73458" lon="-0.0030800000000000003">
    <ele>196.44</ele>
   </trkpt>
   <trkpt lat="38.73451" lon="-0.0029600000000000004">
    <ele>196.44</ele>
   </trkpt>
   <trkpt lat="38.734320000000004" lon="-0.00233">
    <ele>196.25</ele>
   </trkpt>
   <trkpt lat="38.73408667263239" lon="-0.0014933278761698908">
    <ele>196.03</ele>
   </trkpt>
   <trkpt lat="38.733853339301525" lon="-0.0006566612184240048">
    <ele>196.69</ele>
   </trkpt>
   <trkpt lat="38.73362" lon="0.00018">
    <ele>197.18</ele>
   </trkpt>
   <trkpt lat="38.733505001925614" lon="0.0008550011750674027">
    <ele>197.12</ele>
   </trkpt>
   <trkpt lat="38.73339" lon="0.0015300000000000001">
    <ele>197.46</ele>
   </trkpt>
   <trkpt lat="38.733180000000004" lon="0.0024200000000000003">
    <ele>197.31</ele>
   </trkpt>
   <trkpt lat="38.73291500292719" lon="0.0032500031012415178">
    <ele>196.81</ele>
   </trkpt>
   <trkpt lat="38.73265000000001" lon="0.00408">
    <ele>195.75</ele>
   </trkpt>
   <trkpt lat="38.732400000000005" lon="0.00459">
    <ele>195.23000000000002</ele>
   </trkpt>
   <trkpt lat="38.73211000089604" lon="0.005065002034730232">
    <ele>194.38000000000002</ele>
   </trkpt>
   <trkpt lat="38.731820000000006" lon="0.005540000000000001">
    <ele>193.81</ele>
   </trkpt>
   <trkpt lat="38.73150000136204" lon="0.00613000286530832">
    <ele>193.05</ele>
   </trkpt>
   <trkpt lat="38.73118" lon="0.00672">
    <ele>192.46</ele>
   </trkpt>
   <trkpt lat="38.730970000000006" lon="0.007240000000000001">
    <ele>192.29000000000002</ele>
   </trkpt>
   <trkpt lat="38.730610000000006" lon="0.00822">
    <ele>191.84</ele>
   </trkpt>
   <trkpt lat="38.73042500187404" lon="0.008885001756305704">
    <ele>192.07000000000002</ele>
   </trkpt>
   <trkpt lat="38.73024" lon="0.009550000000000001">
    <ele>192.38000000000002</ele>
   </trkpt>
   <trkpt lat="38.7302" lon="0.009770000000000001">
    <ele>192.47</ele>
   </trkpt>
   <trkpt lat="38.73015" lon="0.010390000000000002">
    <ele>192.96</ele>
   </trkpt>
   <trkpt lat="38.73012000000001" lon="0.010620000000000001">
    <ele>193.20000000000002</ele>
   </trkpt>
   <trkpt lat="38.730030000000006" lon="0.01115">
    <ele>193.57000000000002</ele>
   </trkpt>
   <trkpt lat="38.72980333769544" lon="0.011863337773224259">
    <ele>194.68</ele>
   </trkpt>
   <trkpt lat="38.72957667105627" lon="0.012576671019954156">
    <ele>196.65</ele>
   </trkpt>
   <trkpt lat="38.729350000000004" lon="0.013290000000000001">
    <ele>199.46</ele>
   </trkpt>
   <trkpt lat="38.729200000000006" lon="0.013900000000000001">
    <ele>201.31</ele>
   </trkpt>
   <trkpt lat="38.7289700026451" lon="0.014690002588221973">
    <ele>203.07000000000002</ele>
   </trkpt>
   <trkpt lat="38.72874" lon="0.01548">
    <ele>207.14000000000001</ele>
   </trkpt>
   <trkpt lat="38.72865" lon="0.01576">
    <ele>208.45000000000002</ele>
   </trkpt>
   <trkpt lat="38.72854" lon="0.01606">
    <ele>209.6</ele>
   </trkpt>
   <trkpt lat="38.728270001948665" lon="0.016735002530746373">
    <ele>213.86</ele>
   </trkpt>
   <trkpt lat="38.728" lon="0.017410000000000002">
    <ele>218.75000000000003</ele>
   </trkpt>
   <trkpt lat="38.72771" lon="0.0181">
    <ele>222.8</ele>
   </trkpt>
   <trkpt lat="38.727450000000005" lon="0.01904">
    <ele>227.01000000000002</ele>
   </trkpt>
   <trkpt lat="38.7274" lon="0.01933">
    <ele>229.69</ele>
   </trkpt>
   <trkpt lat="38.727380000000004" lon="0.01965">
    <ele>231.62</ele>
   </trkpt>
   <trkpt lat="38.72739" lon="0.01997">
    <ele>232.94</ele>
   </trkpt>
   <trkpt lat="38.72742" lon="0.020270000000000003">
    <ele>234.22</ele>
   </trkpt>
   <trkpt lat="38.72748" lon="0.020630000000000003">
    <ele>234.22</ele>
   </trkpt>
   <trkpt lat="38.727655001756055" lon="0.02126999847447289">
    <ele>240.56000000000003</ele>
   </trkpt>
   <trkpt lat="38.727830000000004" lon="0.021910000000000002">
    <ele>245.16000000000003</ele>
   </trkpt>
   <trkpt lat="38.727940000000004" lon="0.022410000000000003">
    <ele>248.18</ele>
   </trkpt>
   <trkpt lat="38.728" lon="0.022910000000000003">
    <ele>250.51000000000002</ele>
   </trkpt>
   <trkpt lat="38.727990000000005" lon="0.023610000000000003">
    <ele>252.8</ele>
   </trkpt>
   <trkpt lat="38.72793" lon="0.024">
    <ele>256.78000000000003</ele>
   </trkpt>
   <trkpt lat="38.72777000000001" lon="0.024620000000000003">
    <ele>259.99</ele>
   </trkpt>
   <trkpt lat="38.727590000000006" lon="0.025050000000000003">
    <ele>264.48</ele>
   </trkpt>
   <trkpt lat="38.727450000000005" lon="0.02534">
    <ele>264.48</ele>
   </trkpt>
   <trkpt lat="38.727250000000005" lon="0.025650000000000003">
    <ele>264.48</ele>
   </trkpt>
   <trkpt lat="38.727050000000006" lon="0.025910000000000002">
    <ele>267.94</ele>
   </trkpt>
   <trkpt lat="38.726820000000004" lon="0.026140000000000004">
    <ele>268.99</ele>
   </trkpt>
   <trkpt lat="38.726670000000006" lon="0.026260000000000002">
    <ele>268.84000000000003</ele>
   </trkpt>
   <trkpt lat="38.72592666888257" lon="0.026773344034013668">
    <ele>263.09000000000003</ele>
   </trkpt>
   <trkpt lat="38.72518333552046" lon="0.027286677387038744">
    <ele>259.52000000000004</ele>
   </trkpt>
   <trkpt lat="38.72444" lon="0.027800000000000002">
    <ele>258.23</ele>
   </trkpt>
   <trkpt lat="38.72406" lon="0.02799">
    <ele>257.51</ele>
   </trkpt>
   <trkpt lat="38.72374000000001" lon="0.028100000000000003">
    <ele>256.48</ele>
   </trkpt>
   <trkpt lat="38.72321" lon="0.028180000000000004">
    <ele>255.48999999999998</ele>
   </trkpt>
   <trkpt lat="38.722840000000005" lon="0.028260000000000004">
    <ele>255.46</ele>
   </trkpt>
   <trkpt lat="38.722660000000005" lon="0.02832">
    <ele>255.70000000000005</ele>
   </trkpt>
   <trkpt lat="38.72241" lon="0.028440000000000003">
    <ele>256.17</ele>
   </trkpt>
   <trkpt lat="38.722120000000004" lon="0.028630000000000003">
    <ele>256.58000000000004</ele>
   </trkpt>
   <trkpt lat="38.721494004001194" lon="0.02911401695090359">
    <ele>258.01</ele>
   </trkpt>
   <trkpt lat="38.72086800600691" lon="0.02959802542202584">
    <ele>256.85</ele>
   </trkpt>
   <trkpt lat="38.72024200601722" lon="0.030082025413678118">
    <ele>252.82000000000005</ele>
   </trkpt>
   <trkpt lat="38.71961600403222" lon="0.030566016926171755">
    <ele>246.17000000000002</ele>
   </trkpt>
   <trkpt lat="38.718990000000005" lon="0.03105">
    <ele>243.50000000000003</ele>
   </trkpt>
   <trkpt lat="38.718340000000005" lon="0.03152">
    <ele>236.38</ele>
   </trkpt>
   <trkpt lat="38.718" lon="0.03173">
    <ele>234.71000000000004</ele>
   </trkpt>
   <trkpt lat="38.7173" lon="0.03214">
    <ele>232.45000000000002</ele>
   </trkpt>
   <trkpt lat="38.71716" lon="0.032240000000000005">
    <ele>232.45000000000002</ele>
   </trkpt>
   <trkpt lat="38.716820000000006" lon="0.03253">
    <ele>231.28</ele>
   </trkpt>
   <trkpt lat="38.71629000150384" lon="0.03313500454892744">
    <ele>229.09</ele>
   </trkpt>
   <trkpt lat="38.71576" lon="0.033740000000000006">
    <ele>230.04000000000002</ele>
   </trkpt>
   <trkpt lat="38.715180000000004" lon="0.03427">
    <ele>231.35000000000002</ele>
   </trkpt>
   <trkpt lat="38.714586668239875" lon="0.0347033405463959">
    <ele>237.10000000000002</ele>
   </trkpt>
   <trkpt lat="38.713993334880364" lon="0.03513667389876158">
    <ele>240.21</ele>
   </trkpt>
   <trkpt lat="38.7134" lon="0.035570000000000004">
    <ele>242.07</ele>
   </trkpt>
   <trkpt lat="38.71322" lon="0.03567">
    <ele>242.37000000000003</ele>
   </trkpt>
   <trkpt lat="38.71261500078314" lon="0.036090003532466164">
    <ele>245.68</ele>
   </trkpt>
   <trkpt lat="38.71201000000001" lon="0.03651">
    <ele>251.51000000000002</ele>
   </trkpt>
   <trkpt lat="38.71179" lon="0.03656">
    <ele>253.53000000000003</ele>
   </trkpt>
   <trkpt lat="38.71157" lon="0.03656">
    <ele>254.36</ele>
   </trkpt>
   <trkpt lat="38.71148" lon="0.03653">
    <ele>254.36</ele>
   </trkpt>
   <trkpt lat="38.71126" lon="0.0364">
    <ele>258.25000000000006</ele>
   </trkpt>
   <trkpt lat="38.711110000000005" lon="0.036250000000000004">
    <ele>260.06</ele>
   </trkpt>
   <trkpt lat="38.710950000000004" lon="0.03613">
    <ele>260.8</ele>
   </trkpt>
   <trkpt lat="38.71092" lon="0.03601">
    <ele>260.97</ele>
   </trkpt>
   <trkpt lat="38.71087" lon="0.035910000000000004">
    <ele>260.97</ele>
   </trkpt>
   <trkpt lat="38.710800000000006" lon="0.03585">
    <ele>261.28000000000003</ele>
   </trkpt>
   <trkpt lat="38.71072" lon="0.03581">
    <ele>261.62</ele>
   </trkpt>
   <trkpt lat="38.71056" lon="0.03585">
    <ele>262.27</ele>
   </trkpt>
   <trkpt lat="38.710460000000005" lon="0.035960000000000006">
    <ele>262.27</ele>
   </trkpt>
   <trkpt lat="38.71041" lon="0.03617">
    <ele>263.11</ele>
   </trkpt>
   <trkpt lat="38.71043" lon="0.03629">
    <ele>263.11</ele>
   </trkpt>
   <trkpt lat="38.710510000000006" lon="0.03642">
    <ele>263.28000000000003</ele>
   </trkpt>
   <trkpt lat="38.71058" lon="0.036480000000000005">
    <ele>262.98</ele>
   </trkpt>
   <trkpt lat="38.71067" lon="0.036500000000000005">
    <ele>262.98</ele>
   </trkpt>
   <trkpt lat="38.710770000000004" lon="0.03678">
    <ele>261.5</ele>
   </trkpt>
   <trkpt lat="38.71076" lon="0.036910000000000005">
    <ele>260.79</ele>
   </trkpt>
   <trkpt lat="38.71061" lon="0.03724">
    <ele>258.18</ele>
   </trkpt>
   <trkpt lat="38.710480000000004" lon="0.03735">
    <ele>257.15000000000003</ele>
   </trkpt>
   <trkpt lat="38.710210000000004" lon="0.03746">
    <ele>256.34000000000003</ele>
   </trkpt>
   <trkpt lat="38.70977500015681" lon="0.03760500085984725">
    <ele>256.89</ele>
   </trkpt>
   <trkpt lat="38.709340000000005" lon="0.037750000000000006">
    <ele>259.15000000000003</ele>
   </trkpt>
   <trkpt lat="38.70915" lon="0.037790000000000004">
    <ele>259.89</ele>
   </trkpt>
   <trkpt lat="38.70846" lon="0.03783">
    <ele>261.62</ele>
   </trkpt>
   <trkpt lat="38.70797000010133" lon="0.03766999890093428">
    <ele>261.64000000000004</ele>
   </trkpt>
   <trkpt lat="38.707480000000004" lon="0.03751">
    <ele>261.56</ele>
   </trkpt>
   <trkpt lat="38.70722000000001" lon="0.03744">
    <ele>261.26000000000005</ele>
   </trkpt>
   <trkpt lat="38.70689" lon="0.0374">
    <ele>260.59999999999997</ele>
   </trkpt>
   <trkpt lat="38.70649" lon="0.03742">
    <ele>259.31000000000006</ele>
   </trkpt>
   <trkpt lat="38.706250000000004" lon="0.03747">
    <ele>258.81000000000006</ele>
   </trkpt>
   <trkpt lat="38.70584" lon="0.037590000000000005">
    <ele>256.21999999999997</ele>
   </trkpt>
   <trkpt lat="38.70543000017854" lon="0.03784500152335959">
    <ele>255.31000000000003</ele>
   </trkpt>
   <trkpt lat="38.705020000000005" lon="0.0381">
    <ele>250.65000000000003</ele>
   </trkpt>
   <trkpt lat="38.70456" lon="0.038340000000000006">
    <ele>247.54</ele>
   </trkpt>
   <trkpt lat="38.704170000000005" lon="0.038450000000000005">
    <ele>244.82</ele>
   </trkpt>
   <trkpt lat="38.70365" lon="0.03848">
    <ele>241.07</ele>
   </trkpt>
   <trkpt lat="38.70306" lon="0.038450000000000005">
    <ele>236.95000000000002</ele>
   </trkpt>
   <trkpt lat="38.70248" lon="0.038400000000000004">
    <ele>234.06</ele>
   </trkpt>
   <trkpt lat="38.701900000065386" lon="0.03839499996001009">
    <ele>230.16000000000003</ele>
   </trkpt>
   <trkpt lat="38.70132" lon="0.03839">
    <ele>226.77</ele>
   </trkpt>
   <trkpt lat="38.70084000000001" lon="0.03849">
    <ele>225.02</ele>
   </trkpt>
   <trkpt lat="38.70067" lon="0.03855">
    <ele>224.8</ele>
   </trkpt>
   <trkpt lat="38.7002" lon="0.0388">
    <ele>225.04000000000002</ele>
   </trkpt>
   <trkpt lat="38.69958500082217" lon="0.039220003563183344">
    <ele>225.22000000000003</ele>
   </trkpt>
   <trkpt lat="38.69897" lon="0.03964">
    <ele>225.20000000000002</ele>
   </trkpt>
   <trkpt lat="38.69852" lon="0.039920000000000004">
    <ele>223.86</ele>
   </trkpt>
   <trkpt lat="38.697827501498935" lon="0.04026250994824463">
    <ele>217.02</ele>
   </trkpt>
   <trkpt lat="38.69713500199882" lon="0.04060501326400589">
    <ele>213.54</ele>
   </trkpt>
   <trkpt lat="38.69644250149969" lon="0.04094750994756693">
    <ele>209.41</ele>
   </trkpt>
   <trkpt lat="38.695750000000004" lon="0.04129">
    <ele>206.12000000000003</ele>
   </trkpt>
   <trkpt lat="38.69561" lon="0.04134">
    <ele>204.04000000000002</ele>
   </trkpt>
   <trkpt lat="38.69540000000001" lon="0.041370000000000004">
    <ele>204.04000000000002</ele>
   </trkpt>
   <trkpt lat="38.69503" lon="0.041350000000000005">
    <ele>201.63</ele>
   </trkpt>
   <trkpt lat="38.69437666682196" lon="0.04121666423186017">
    <ele>198.91</ele>
   </trkpt>
   <trkpt lat="38.69372333349251" lon="0.041083330899353565">
    <ele>197.38000000000002</ele>
   </trkpt>
   <trkpt lat="38.693070000000006" lon="0.04095">
    <ele>195.91000000000003</ele>
   </trkpt>
   <trkpt lat="38.692840000000004" lon="0.04093">
    <ele>195.91000000000003</ele>
   </trkpt>
   <trkpt lat="38.692600000000006" lon="0.04095">
    <ele>194.55</ele>
   </trkpt>
   <trkpt lat="38.69189" lon="0.041100000000000005">
    <ele>192.5</ele>
   </trkpt>
   <trkpt lat="38.69121500033023" lon="0.04128000164709582">
    <ele>187.04000000000002</ele>
   </trkpt>
   <trkpt lat="38.690540000000006" lon="0.041460000000000004">
    <ele>184.05</ele>
   </trkpt>
   <trkpt lat="38.690045000154214" lon="0.04157500077293714">
    <ele>181.69000000000003</ele>
   </trkpt>
   <trkpt lat="38.689550000000004" lon="0.041690000000000005">
    <ele>179.26</ele>
   </trkpt>
   <trkpt lat="38.68925" lon="0.04173">
    <ele>177.51</ele>
   </trkpt>
   <trkpt lat="38.689" lon="0.041740000000000006">
    <ele>175.92000000000002</ele>
   </trkpt>
   <trkpt lat="38.688680000000005" lon="0.041710000000000004">
    <ele>174.96</ele>
   </trkpt>
   <trkpt lat="38.68854" lon="0.04168">
    <ele>174.22</ele>
   </trkpt>
   <trkpt lat="38.68827" lon="0.04157">
    <ele>173.6</ele>
   </trkpt>
   <trkpt lat="38.68809" lon="0.04145">
    <ele>173.37000000000003</ele>
   </trkpt>
   <trkpt lat="38.68789" lon="0.04125">
    <ele>171.77</ele>
   </trkpt>
   <trkpt lat="38.687560000000005" lon="0.040810000000000006">
    <ele>171.94</ele>
   </trkpt>
   <trkpt lat="38.68717500152677" lon="0.040224996957989895">
    <ele>168.51000000000002</ele>
   </trkpt>
   <trkpt lat="38.68679" lon="0.03964">
    <ele>167.15</ele>
   </trkpt>
   <trkpt lat="38.686550000000004" lon="0.039360000000000006">
    <ele>166.47</ele>
   </trkpt>
   <trkpt lat="38.68632" lon="0.03917">
    <ele>165.68</ele>
   </trkpt>
   <trkpt lat="38.685680000499445" lon="0.03880499669664606">
    <ele>162.85000000000002</ele>
   </trkpt>
   <trkpt lat="38.68504" lon="0.03844">
    <ele>160.98000000000002</ele>
   </trkpt>
   <trkpt lat="38.68482" lon="0.03833">
    <ele>160.71</ele>
   </trkpt>
   <trkpt lat="38.68435500018661" lon="0.03807499829343915">
    <ele>159.02</ele>
   </trkpt>
   <trkpt lat="38.683890000000005" lon="0.037820000000000006">
    <ele>157.60999999999999</ele>
   </trkpt>
   <trkpt lat="38.68309" lon="0.03751">
    <ele>154.79000000000002</ele>
   </trkpt>
   <trkpt lat="38.68281" lon="0.037430000000000005">
    <ele>154.24</ele>
   </trkpt>
   <trkpt lat="38.68269" lon="0.037340000000000005">
    <ele>153.89</ele>
   </trkpt>
   <trkpt lat="38.68233" lon="0.03719">
    <ele>153.44000000000003</ele>
   </trkpt>
   <trkpt lat="38.6818" lon="0.037020000000000004">
    <ele>152.94000000000003</ele>
   </trkpt>
   <trkpt lat="38.68157" lon="0.03699">
    <ele>153.28</ele>
   </trkpt>
   <trkpt lat="38.681290000000004" lon="0.037020000000000004">
    <ele>151.03000000000003</ele>
   </trkpt>
   <trkpt lat="38.6806750001463" lon="0.03722500177253046">
    <ele>148.39000000000001</ele>
   </trkpt>
   <trkpt lat="38.680060000000005" lon="0.037430000000000005">
    <ele>145.98</ele>
   </trkpt>
   <trkpt lat="38.67978" lon="0.03758">
    <ele>143.57</ele>
   </trkpt>
   <trkpt lat="38.679370000000006" lon="0.03796">
    <ele>141.56</ele>
   </trkpt>
   <trkpt lat="38.67908000088943" lon="0.038415001831077905">
    <ele>139.3</ele>
   </trkpt>
   <trkpt lat="38.678790000000006" lon="0.03887">
    <ele>134.32000000000002</ele>
   </trkpt>
   <trkpt lat="38.678700000000006" lon="0.03896">
    <ele>134.32000000000002</ele>
   </trkpt>
   <trkpt lat="38.678520000000006" lon="0.039080000000000004">
    <ele>134.32000000000002</ele>
   </trkpt>
   <trkpt lat="38.67837" lon="0.03912">
    <ele>131.98000000000002</ele>
   </trkpt>
   <trkpt lat="38.678200000000004" lon="0.0391">
    <ele>131.98000000000002</ele>
   </trkpt>
   <trkpt lat="38.678020000000004" lon="0.03905">
    <ele>130.54999999999998</ele>
   </trkpt>
   <trkpt lat="38.6779" lon="0.03898">
    <ele>130.04000000000002</ele>
   </trkpt>
   <trkpt lat="38.67723" lon="0.038380000000000004">
    <ele>126.15</ele>
   </trkpt>
   <trkpt lat="38.677020000000006" lon="0.03828">
    <ele>124.92000000000002</ele>
   </trkpt>
   <trkpt lat="38.67683" lon="0.038270000000000005">
    <ele>124.65</ele>
   </trkpt>
   <trkpt lat="38.676520000000004" lon="0.03828">
    <ele>124.94000000000001</ele>
   </trkpt>
   <trkpt lat="38.6758100000016" lon="0.03834000059630961">
    <ele>121.17000000000002</ele>
   </trkpt>
   <trkpt lat="38.6751" lon="0.038400000000000004">
    <ele>120.64000000000001</ele>
   </trkpt>
   <trkpt lat="38.67441000000689" lon="0.038446667567113395">
    <ele>118.77000000000001</ele>
   </trkpt>
   <trkpt lat="38.67371999999525" lon="0.03849333423455461">
    <ele>116.37000000000002</ele>
   </trkpt>
   <trkpt lat="38.673030000000004" lon="0.038540000000000005">
    <ele>113.25</ele>
   </trkpt>
   <trkpt lat="38.67250000000001" lon="0.03855">
    <ele>111.78</ele>
   </trkpt>
   <trkpt lat="38.67233" lon="0.038540000000000005">
    <ele>110.75000000000001</ele>
   </trkpt>
   <trkpt lat="38.672070000000005" lon="0.03844">
    <ele>109.56</ele>
   </trkpt>
   <trkpt lat="38.6719" lon="0.038340000000000006">
    <ele>109.56</ele>
   </trkpt>
   <trkpt lat="38.671760000000006" lon="0.03823">
    <ele>107.82000000000001</ele>
   </trkpt>
   <trkpt lat="38.67134" lon="0.037820000000000006">
    <ele>106.62</ele>
   </trkpt>
   <trkpt lat="38.671130000000005" lon="0.03771">
    <ele>104.54</ele>
   </trkpt>
   <trkpt lat="38.67103" lon="0.037700000000000004">
    <ele>104.18</ele>
   </trkpt>
   <trkpt lat="38.670840000000005" lon="0.03771">
    <ele>103.17000000000002</ele>
   </trkpt>
   <trkpt lat="38.67062000000001" lon="0.0378">
    <ele>102.68</ele>
   </trkpt>
   <trkpt lat="38.67045" lon="0.037930000000000005">
    <ele>101.42</ele>
   </trkpt>
   <trkpt lat="38.670280000000005" lon="0.03819">
    <ele>101.42</ele>
   </trkpt>
   <trkpt lat="38.67014" lon="0.038400000000000004">
    <ele>99.45</ele>
   </trkpt>
   <trkpt lat="38.66998" lon="0.03853">
    <ele>99.45</ele>
   </trkpt>
   <trkpt lat="38.66977" lon="0.03858">
    <ele>98.29</ele>
   </trkpt>
   <trkpt lat="38.66968000000001" lon="0.03858">
    <ele>98.29</ele>
   </trkpt>
   <trkpt lat="38.66937" lon="0.03851">
    <ele>96.78</ele>
   </trkpt>
   <trkpt lat="38.668940000000006" lon="0.038360000000000005">
    <ele>95.41000000000001</ele>
   </trkpt>
   <trkpt lat="38.66874" lon="0.03824">
    <ele>93.73</ele>
   </trkpt>
   <trkpt lat="38.668620000000004" lon="0.038130000000000004">
    <ele>93.73</ele>
   </trkpt>
   <trkpt lat="38.668220000000005" lon="0.03749">
    <ele>91.88</ele>
   </trkpt>
   <trkpt lat="38.667930000000005" lon="0.03713">
    <ele>89.74000000000001</ele>
   </trkpt>
   <trkpt lat="38.667820000000006" lon="0.03705">
    <ele>89.09</ele>
   </trkpt>
   <trkpt lat="38.66772" lon="0.037000000000000005">
    <ele>87.93</ele>
   </trkpt>
   <trkpt lat="38.66761" lon="0.03699">
    <ele>87.93</ele>
   </trkpt>
   <trkpt lat="38.66743" lon="0.037020000000000004">
    <ele>86.76</ele>
   </trkpt>
   <trkpt lat="38.66723" lon="0.037110000000000004">
    <ele>85.39</ele>
   </trkpt>
   <trkpt lat="38.666940000000004" lon="0.037340000000000005">
    <ele>84.06</ele>
   </trkpt>
   <trkpt lat="38.66667" lon="0.03747">
    <ele>81.69000000000001</ele>
   </trkpt>
   <trkpt lat="38.666560000000004" lon="0.037480000000000006">
    <ele>81.69000000000001</ele>
   </trkpt>
   <trkpt lat="38.66639" lon="0.037450000000000004">
    <ele>78.73</ele>
   </trkpt>
   <trkpt lat="38.66621000000001" lon="0.037360000000000004">
    <ele>78.73</ele>
   </trkpt>
   <trkpt lat="38.66612000000001" lon="0.037270000000000005">
    <ele>77.76</ele>
   </trkpt>
   <trkpt lat="38.66599" lon="0.03708">
    <ele>76.85</ele>
   </trkpt>
   <trkpt lat="38.665780001629194" lon="0.03646499825212751">
    <ele>75.86000000000001</ele>
   </trkpt>
   <trkpt lat="38.66557" lon="0.03585">
    <ele>72.66</ele>
   </trkpt>
   <trkpt lat="38.665400000000005" lon="0.035620000000000006">
    <ele>71.14</ele>
   </trkpt>
   <trkpt lat="38.66500500040667" lon="0.035284998091769285">
    <ele>68.82000000000001</ele>
   </trkpt>
   <trkpt lat="38.66461" lon="0.03495">
    <ele>66.79</ele>
   </trkpt>
   <trkpt lat="38.66447" lon="0.034850000000000006">
    <ele>64.23</ele>
   </trkpt>
   <trkpt lat="38.664350000000006" lon="0.03479">
    <ele>64.23</ele>
   </trkpt>
   <trkpt lat="38.664100000000005" lon="0.034710000000000005">
    <ele>62.18000000000001</ele>
   </trkpt>
   <trkpt lat="38.66384" lon="0.03467">
    <ele>60.57000000000001</ele>
   </trkpt>
   <trkpt lat="38.663560000000004" lon="0.03467">
    <ele>59.65</ele>
   </trkpt>
   <trkpt lat="38.66315" lon="0.034760000000000006">
    <ele>56.81</ele>
   </trkpt>
   <trkpt lat="38.66271000001857" lon="0.03498000144545809">
    <ele>55.50000000000001</ele>
   </trkpt>
   <trkpt lat="38.66227000000001" lon="0.0352">
    <ele>52.620000000000005</ele>
   </trkpt>
   <trkpt lat="38.662020000000005" lon="0.035230000000000004">
    <ele>52.230000000000004</ele>
   </trkpt>
   <trkpt lat="38.661880000000004" lon="0.03518">
    <ele>52.18</ele>
   </trkpt>
   <trkpt lat="38.66161" lon="0.03497">
    <ele>52.190000000000005</ele>
   </trkpt>
   <trkpt lat="38.66151" lon="0.034940000000000006">
    <ele>52.26</ele>
   </trkpt>
   <trkpt lat="38.66143" lon="0.034940000000000006">
    <ele>52.26</ele>
   </trkpt>
   <trkpt lat="38.66129" lon="0.034980000000000004">
    <ele>52.36</ele>
   </trkpt>
   <trkpt lat="38.660900000000005" lon="0.035">
    <ele>53.01</ele>
   </trkpt>
   <trkpt lat="38.66073" lon="0.035">
    <ele>53.57000000000001</ele>
   </trkpt>
   <trkpt lat="38.660610000000005" lon="0.03497">
    <ele>53.57000000000001</ele>
   </trkpt>
   <trkpt lat="38.66053" lon="0.035">
    <ele>53.82000000000001</ele>
   </trkpt>
   <trkpt lat="38.66044" lon="0.03508">
    <ele>53.95</ele>
   </trkpt>
   <trkpt lat="38.660410000000006" lon="0.03515">
    <ele>53.980000000000004</ele>
   </trkpt>
   <trkpt lat="38.65983000000001" lon="0.03556">
    <ele>53.77</ele>
   </trkpt>
   <trkpt lat="38.659315000069256" lon="0.035760001477356494">
    <ele>53.63</ele>
   </trkpt>
   <trkpt lat="38.65880000000001" lon="0.035960000000000006">
    <ele>54.34</ele>
   </trkpt>
   <trkpt lat="38.65814250095608" lon="0.03624000773025199">
    <ele>55.84</ele>
   </trkpt>
   <trkpt lat="38.65748500124466" lon="0.03652001031967865">
    <ele>57.900000000000006</ele>
   </trkpt>
   <trkpt lat="38.65682750086576" lon="0.036800007768490094">
    <ele>59.38</ele>
   </trkpt>
   <trkpt lat="38.65617" lon="0.03708">
    <ele>61.160000000000004</ele>
   </trkpt>
   <trkpt lat="38.655930000000005" lon="0.03719">
    <ele>62.32000000000001</ele>
   </trkpt>
   <trkpt lat="38.655590000000004" lon="0.037290000000000004">
    <ele>62.77</ele>
   </trkpt>
   <trkpt lat="38.6555" lon="0.037290000000000004">
    <ele>63.410000000000004</ele>
   </trkpt>
   <trkpt lat="38.65467" lon="0.037360000000000004">
    <ele>64.48</ele>
   </trkpt>
   <trkpt lat="38.65437" lon="0.03731">
    <ele>64.74000000000001</ele>
   </trkpt>
   <trkpt lat="38.65424" lon="0.03717">
    <ele>65.43</ele>
   </trkpt>
   <trkpt lat="38.654160000000005" lon="0.037140000000000006">
    <ele>65.58</ele>
   </trkpt>
   <trkpt lat="38.654050000000005" lon="0.03715">
    <ele>65.68</ele>
   </trkpt>
   <trkpt lat="38.65397" lon="0.03719">
    <ele>65.68</ele>
   </trkpt>
   <trkpt lat="38.65392000000001" lon="0.03724">
    <ele>65.73</ele>
   </trkpt>
   <trkpt lat="38.653830000000006" lon="0.0374">
    <ele>65.65</ele>
   </trkpt>
   <trkpt lat="38.653400000000005" lon="0.037500000000000006">
    <ele>65.82000000000001</ele>
   </trkpt>
   <trkpt lat="38.65254499996777" lon="0.03758500102073187">
    <ele>66.60000000000001</ele>
   </trkpt>
   <trkpt lat="38.65169" lon="0.03767">
    <ele>68.02000000000001</ele>
   </trkpt>
   <trkpt lat="38.65147" lon="0.03771">
    <ele>68.69</ele>
   </trkpt>
   <trkpt lat="38.65094000018614" lon="0.037755000317830495">
    <ele>70.17</ele>
   </trkpt>
   <trkpt lat="38.65041" lon="0.0378">
    <ele>70.63000000000001</ele>
   </trkpt>
   <trkpt lat="38.65017" lon="0.03781">
    <ele>71.14</ele>
   </trkpt>
   <trkpt lat="38.649950000000004" lon="0.037790000000000004">
    <ele>71.34</ele>
   </trkpt>
   <trkpt lat="38.649420000000006" lon="0.03771">
    <ele>71.93</ele>
   </trkpt>
   <trkpt lat="38.64898" lon="0.03755">
    <ele>72.14000000000001</ele>
   </trkpt>
   <trkpt lat="38.648540000000004" lon="0.03722">
    <ele>72.33</ele>
   </trkpt>
   <trkpt lat="38.64790000124048" lon="0.03667499511162896">
    <ele>72.86000000000001</ele>
   </trkpt>
   <trkpt lat="38.64726" lon="0.03613">
    <ele>74.3</ele>
   </trkpt>
   <trkpt lat="38.646840000000005" lon="0.035750000000000004">
    <ele>75.63</ele>
   </trkpt>
   <trkpt lat="38.646300000000004" lon="0.035140000000000005">
    <ele>76.84</ele>
   </trkpt>
   <trkpt lat="38.645735001936984" lon="0.03446499467486055">
    <ele>78.44000000000001</ele>
   </trkpt>
   <trkpt lat="38.64517" lon="0.03379">
    <ele>79.64</ele>
   </trkpt>
   <trkpt lat="38.645070000000004" lon="0.03364">
    <ele>79.42999999999999</ele>
   </trkpt>
   <trkpt lat="38.644960000000005" lon="0.033400000000000006">
    <ele>79.33000000000001</ele>
   </trkpt>
   <trkpt lat="38.6449" lon="0.03314">
    <ele>79.32</ele>
   </trkpt>
   <trkpt lat="38.644890000000004" lon="0.03293">
    <ele>79.32</ele>
   </trkpt>
   <trkpt lat="38.64493" lon="0.03266">
    <ele>79.42</ele>
   </trkpt>
   <trkpt lat="38.64526" lon="0.03162">
    <ele>80.78</ele>
   </trkpt>
   <trkpt lat="38.64529" lon="0.03139">
    <ele>80.78</ele>
   </trkpt>
   <trkpt lat="38.645270000000004" lon="0.03104">
    <ele>81.09</ele>
   </trkpt>
   <trkpt lat="38.645160000000004" lon="0.030660000000000003">
    <ele>81.75</ele>
   </trkpt>
   <trkpt lat="38.64499" lon="0.030390000000000004">
    <ele>82.13000000000001</ele>
   </trkpt>
   <trkpt lat="38.64479" lon="0.03019">
    <ele>82.2</ele>
   </trkpt>
   <trkpt lat="38.64426000191792" lon="0.029713326267789254">
    <ele>82.80000000000001</ele>
   </trkpt>
   <trkpt lat="38.64373000190161" lon="0.02923665958654798">
    <ele>84.72</ele>
   </trkpt>
   <trkpt lat="38.6432" lon="0.02876">
    <ele>85.4</ele>
   </trkpt>
   <trkpt lat="38.64298" lon="0.028460000000000003">
    <ele>86.39</ele>
   </trkpt>
   <trkpt lat="38.642860000000006" lon="0.028100000000000003">
    <ele>87.27</ele>
   </trkpt>
   <trkpt lat="38.642830000000004" lon="0.027850000000000003">
    <ele>87.71000000000001</ele>
   </trkpt>
   <trkpt lat="38.64287500166866" lon="0.027225000308719934">
    <ele>88.9</ele>
   </trkpt>
   <trkpt lat="38.642920000000004" lon="0.026600000000000002">
    <ele>89.92000000000002</ele>
   </trkpt>
   <trkpt lat="38.642900000000004" lon="0.026350000000000002">
    <ele>90.89000000000001</ele>
   </trkpt>
   <trkpt lat="38.64287" lon="0.02619">
    <ele>90.89000000000001</ele>
   </trkpt>
   <trkpt lat="38.64276" lon="0.02595">
    <ele>92.37</ele>
   </trkpt>
   <trkpt lat="38.642540000000004" lon="0.025660000000000002">
    <ele>93.00000000000001</ele>
   </trkpt>
   <trkpt lat="38.64196600843142" lon="0.02495597743763639">
    <ele>94.76</ele>
   </trkpt>
   <trkpt lat="38.64139201264365" lon="0.024251966152706753">
    <ele>97.11</ele>
   </trkpt>
   <trkpt lat="38.640818012636856" lon="0.023547966144881704">
    <ele>98.88000000000001</ele>
   </trkpt>
   <trkpt lat="38.640244008411166" lon="0.022843977413831866">
    <ele>99.39</ele>
   </trkpt>
   <trkpt lat="38.63967" lon="0.022140000000000003">
    <ele>99.51</ele>
   </trkpt>
   <trkpt lat="38.639570000000006" lon="0.021920000000000002">
    <ele>99.65</ele>
   </trkpt>
   <trkpt lat="38.63953" lon="0.021670000000000002">
    <ele>99.97</ele>
   </trkpt>
   <trkpt lat="38.63956" lon="0.02142">
    <ele>100.03</ele>
   </trkpt>
   <trkpt lat="38.63972500257593" lon="0.020650001528124014">
    <ele>100.48000000000002</ele>
   </trkpt>
   <trkpt lat="38.63989" lon="0.019880000000000002">
    <ele>101.76</ele>
   </trkpt>
   <trkpt lat="38.639900000000004" lon="0.019690000000000003">
    <ele>102.03</ele>
   </trkpt>
   <trkpt lat="38.63987" lon="0.019510000000000003">
    <ele>102.03</ele>
   </trkpt>
   <trkpt lat="38.63984000000001" lon="0.01938">
    <ele>102.35000000000001</ele>
   </trkpt>
   <trkpt lat="38.63964" lon="0.018940000000000002">
    <ele>103.02000000000001</ele>
   </trkpt>
   <trkpt lat="38.639590000000005" lon="0.01872">
    <ele>103.54</ele>
   </trkpt>
   <trkpt lat="38.63958" lon="0.018600000000000002">
    <ele>104.22</ele>
   </trkpt>
   <trkpt lat="38.63959667262608" lon="0.017763333692260415">
    <ele>109.09</ele>
   </trkpt>
   <trkpt lat="38.63961333929335" lon="0.016926666995330502">
    <ele>113.07000000000001</ele>
   </trkpt>
   <trkpt lat="38.639630000000004" lon="0.01609">
    <ele>116.83</ele>
   </trkpt>
   <trkpt lat="38.63960000522101" lon="0.015306665950109256">
    <ele>122.13000000000001</ele>
   </trkpt>
   <trkpt lat="38.63957000521868" lon="0.014523332555931244">
    <ele>124.45</ele>
   </trkpt>
   <trkpt lat="38.639540000000004" lon="0.01374">
    <ele>125.96000000000001</ele>
   </trkpt>
   <trkpt lat="38.63956" lon="0.01357">
    <ele>125.27000000000002</ele>
   </trkpt>
   <trkpt lat="38.639680000000006" lon="0.013210000000000001">
    <ele>124.2</ele>
   </trkpt>
   <trkpt lat="38.63996" lon="0.01247">
    <ele>118.94</ele>
   </trkpt>
   <trkpt lat="38.640040000000006" lon="0.012180000000000002">
    <ele>117.46000000000001</ele>
   </trkpt>
   <trkpt lat="38.64007" lon="0.01196">
    <ele>117.46000000000001</ele>
   </trkpt>
   <trkpt lat="38.64003000629688" lon="0.01109999906256249">
    <ele>113.32000000000001</ele>
   </trkpt>
   <trkpt lat="38.63999000629792" lon="0.010239999084999542">
    <ele>109.29</ele>
   </trkpt>
   <trkpt lat="38.639950000000006" lon="0.009380000000000001">
    <ele>106.12</ele>
   </trkpt>
   <trkpt lat="38.639880000000005" lon="0.009130000000000001">
    <ele>105.47000000000001</ele>
   </trkpt>
   <trkpt lat="38.63942" lon="0.00822">
    <ele>100.43</ele>
   </trkpt>
   <trkpt lat="38.63927" lon="0.00805">
    <ele>99.72</ele>
   </trkpt>
   <trkpt lat="38.638960000000004" lon="0.00782">
    <ele>98.75</ele>
   </trkpt>
   <trkpt lat="38.638850000000005" lon="0.007680000000000001">
    <ele>96.96000000000001</ele>
   </trkpt>
   <trkpt lat="38.63868" lon="0.007320000000000001">
    <ele>96.60000000000001</ele>
   </trkpt>
   <trkpt lat="38.638540000000006" lon="0.0071">
    <ele>95.71000000000001</ele>
   </trkpt>
   <trkpt lat="38.63835" lon="0.006880000000000001">
    <ele>95.35000000000001</ele>
   </trkpt>
   <trkpt lat="38.6381" lon="0.00668">
    <ele>94.74000000000001</ele>
   </trkpt>
   <trkpt lat="38.637840000000004" lon="0.006500000000000001">
    <ele>92.7</ele>
   </trkpt>
   <trkpt lat="38.637370000000004" lon="0.0061">
    <ele>89.66</ele>
   </trkpt>
   <trkpt lat="38.63702" lon="0.00583">
    <ele>88.37</ele>
   </trkpt>
   <trkpt lat="38.636770000000006" lon="0.00568">
    <ele>87.42000000000002</ele>
   </trkpt>
   <trkpt lat="38.636143333512315" lon="0.00551999719247037">
    <ele>86.62</ele>
   </trkpt>
   <trkpt lat="38.63551666680673" lon="0.0053599971825686096">
    <ele>85.98</ele>
   </trkpt>
   <trkpt lat="38.634890000000006" lon="0.005200000000000001">
    <ele>85.37</ele>
   </trkpt>
   <trkpt lat="38.63472" lon="0.00513">
    <ele>85.24000000000001</ele>
   </trkpt>
   <trkpt lat="38.63448" lon="0.00496">
    <ele>85.09000000000002</ele>
   </trkpt>
   <trkpt lat="38.63438" lon="0.0048400000000000006">
    <ele>84.82000000000001</ele>
   </trkpt>
   <trkpt lat="38.63425" lon="0.00459">
    <ele>84.77000000000001</ele>
   </trkpt>
   <trkpt lat="38.6342" lon="0.004430000000000001">
    <ele>84.77000000000001</ele>
   </trkpt>
   <trkpt lat="38.634150000000005" lon="0.00413">
    <ele>84.64</ele>
   </trkpt>
   <trkpt lat="38.63411" lon="0.0033100000000000004">
    <ele>84.13000000000001</ele>
   </trkpt>
   <trkpt lat="38.634185001546236" lon="0.0027050007263837504">
    <ele>83.35000000000001</ele>
   </trkpt>
   <trkpt lat="38.634260000000005" lon="0.0021000000000000003">
    <ele>82.19000000000001</ele>
   </trkpt>
   <trkpt lat="38.63425" lon="0.0018800000000000002">
    <ele>81.79</ele>
   </trkpt>
   <trkpt lat="38.63418" lon="0.00169">
    <ele>80.86</ele>
   </trkpt>
   <trkpt lat="38.63405" lon="0.0015300000000000001">
    <ele>79.75</ele>
   </trkpt>
   <trkpt lat="38.63370000073925" lon="0.0011599983590809303">
    <ele>77.47000000000001</ele>
   </trkpt>
   <trkpt lat="38.63335" lon="0.00079">
    <ele>74.67</ele>
   </trkpt>
   <trkpt lat="38.63262500171933" lon="0.00014999350652757678">
    <ele>71.54</ele>
   </trkpt>
   <trkpt lat="38.6319" lon="-0.0004900000000000001">
    <ele>70.10000000000001</ele>
   </trkpt>
   <trkpt lat="38.63179" lon="-0.00071">
    <ele>69.60000000000001</ele>
   </trkpt>
   <trkpt lat="38.63174" lon="-0.00099">
    <ele>69.21000000000001</ele>
   </trkpt>
   <trkpt lat="38.631710000000005" lon="-0.00141">
    <ele>68.9</ele>
   </trkpt>
   <trkpt lat="38.63179" lon="-0.00167">
    <ele>68.81</ele>
   </trkpt>
   <trkpt lat="38.631980000000006" lon="-0.00216">
    <ele>69.11</ele>
   </trkpt>
   <trkpt lat="38.63199" lon="-0.0022600000000000003">
    <ele>69.11</ele>
   </trkpt>
   <trkpt lat="38.631840000000004" lon="-0.00284">
    <ele>70.89</ele>
   </trkpt>
   <trkpt lat="38.63177" lon="-0.0036200000000000004">
    <ele>73.15</ele>
   </trkpt>
   <trkpt lat="38.63165" lon="-0.00411">
    <ele>73.52</ele>
   </trkpt>
   <trkpt lat="38.631640000000004" lon="-0.00428">
    <ele>73.52</ele>
   </trkpt>
   <trkpt lat="38.63167" lon="-0.0047">
    <ele>73.12</ele>
   </trkpt>
   <trkpt lat="38.63165" lon="-0.005090000000000001">
    <ele>72.16</ele>
   </trkpt>
   <trkpt lat="38.63157" lon="-0.00553">
    <ele>70.54</ele>
   </trkpt>
   <trkpt lat="38.63141" lon="-0.0061600000000000005">
    <ele>66.27000000000001</ele>
   </trkpt>
   <trkpt lat="38.631350000000005" lon="-0.00693">
    <ele>63.09</ele>
   </trkpt>
   <trkpt lat="38.63134" lon="-0.00734">
    <ele>62.230000000000004</ele>
   </trkpt>
   <trkpt lat="38.631350000000005" lon="-0.0074600000000000005">
    <ele>61.95</ele>
   </trkpt>
   <trkpt lat="38.63148" lon="-0.00803">
    <ele>61.480000000000004</ele>
   </trkpt>
   <trkpt lat="38.6315" lon="-0.00817">
    <ele>61.440000000000005</ele>
   </trkpt>
   <trkpt lat="38.63141" lon="-0.0091">
    <ele>60.95</ele>
   </trkpt>
   <trkpt lat="38.63143" lon="-0.0094">
    <ele>60.95</ele>
   </trkpt>
   <trkpt lat="38.63152" lon="-0.009710000000000002">
    <ele>60.54</ele>
   </trkpt>
   <trkpt lat="38.63185000585142" lon="-0.010539992327594094">
    <ele>60.32000000000001</ele>
   </trkpt>
   <trkpt lat="38.632180005839025" lon="-0.011369992296303012">
    <ele>60.49</ele>
   </trkpt>
   <trkpt lat="38.63251" lon="-0.0122">
    <ele>61.59</ele>
   </trkpt>
   <trkpt lat="38.632560000000005" lon="-0.01237">
    <ele>61.69</ele>
   </trkpt>
   <trkpt lat="38.632580000000004" lon="-0.012580000000000001">
    <ele>61.68000000000001</ele>
   </trkpt>
   <trkpt lat="38.63257" lon="-0.0128">
    <ele>61.53000000000001</ele>
   </trkpt>
   <trkpt lat="38.63251" lon="-0.01297">
    <ele>61.36000000000001</ele>
   </trkpt>
   <trkpt lat="38.632400000000004" lon="-0.0131">
    <ele>61.300000000000004</ele>
   </trkpt>
   <trkpt lat="38.63232" lon="-0.01318">
    <ele>61.28000000000001</ele>
   </trkpt>
   <trkpt lat="38.63214" lon="-0.013200000000000002">
    <ele>61.230000000000004</ele>
   </trkpt>
   <trkpt lat="38.63203" lon="-0.01319">
    <ele>61.34</ele>
   </trkpt>
   <trkpt lat="38.63138" lon="-0.01305">
    <ele>63.53</ele>
   </trkpt>
   <trkpt lat="38.630930000000006" lon="-0.01288">
    <ele>65.21000000000001</ele>
   </trkpt>
   <trkpt lat="38.63074" lon="-0.012830000000000001">
    <ele>65.88000000000001</ele>
   </trkpt>
   <trkpt lat="38.63046000000001" lon="-0.012830000000000001">
    <ele>67.62</ele>
   </trkpt>
   <trkpt lat="38.63031" lon="-0.012860000000000002">
    <ele>68.29</ele>
   </trkpt>
   <trkpt lat="38.63017" lon="-0.01297">
    <ele>68.72</ele>
   </trkpt>
   <trkpt lat="38.63002" lon="-0.01314">
    <ele>68.79</ele>
   </trkpt>
   <trkpt lat="38.62991" lon="-0.01336">
    <ele>68.82000000000001</ele>
   </trkpt>
   <trkpt lat="38.62988" lon="-0.013500000000000002">
    <ele>68.58</ele>
   </trkpt>
   <trkpt lat="38.629870000000004" lon="-0.013790000000000002">
    <ele>68.24000000000001</ele>
   </trkpt>
   <trkpt lat="38.62995" lon="-0.014450000000000001">
    <ele>66.15</ele>
   </trkpt>
   <trkpt lat="38.630010000000006" lon="-0.014580000000000001">
    <ele>63.660000000000004</ele>
   </trkpt>
   <trkpt lat="38.63011" lon="-0.01471">
    <ele>63.660000000000004</ele>
   </trkpt>
   <trkpt lat="38.630230000000005" lon="-0.014750000000000001">
    <ele>63.660000000000004</ele>
   </trkpt>
   <trkpt lat="38.6304" lon="-0.014780000000000001">
    <ele>61.09</ele>
   </trkpt>
   <trkpt lat="38.630590000000005" lon="-0.01484">
    <ele>61.09</ele>
   </trkpt>
   <trkpt lat="38.63071" lon="-0.014960000000000001">
    <ele>58.34</ele>
   </trkpt>
   <trkpt lat="38.630770000000005" lon="-0.015130000000000001">
    <ele>58.34</ele>
   </trkpt>
   <trkpt lat="38.630750000000006" lon="-0.015330000000000002">
    <ele>57.34</ele>
   </trkpt>
   <trkpt lat="38.63051" lon="-0.01599">
    <ele>52.71000000000001</ele>
   </trkpt>
   <trkpt lat="38.63047" lon="-0.016130000000000002">
    <ele>52.71000000000001</ele>
   </trkpt>
   <trkpt lat="38.63047" lon="-0.01623">
    <ele>51.300000000000004</ele>
   </trkpt>
   <trkpt lat="38.63049" lon="-0.01641">
    <ele>51.300000000000004</ele>
   </trkpt>
   <trkpt lat="38.630590000000005" lon="-0.01659">
    <ele>49.5</ele>
   </trkpt>
   <trkpt lat="38.630880000000005" lon="-0.01691">
    <ele>48.040000000000006</ele>
   </trkpt>
   <trkpt lat="38.63096" lon="-0.01709">
    <ele>47.690000000000005</ele>
   </trkpt>
   <trkpt lat="38.630990000000004" lon="-0.01726">
    <ele>47.470000000000006</ele>
   </trkpt>
   <trkpt lat="38.630950000000006" lon="-0.01752">
    <ele>47.470000000000006</ele>
   </trkpt>
   <trkpt lat="38.63087" lon="-0.01776">
    <ele>47.41</ele>
   </trkpt>
   <trkpt lat="38.63076" lon="-0.017910000000000002">
    <ele>47.46</ele>
   </trkpt>
   <trkpt lat="38.630590000000005" lon="-0.01796">
    <ele>47.09</ele>
   </trkpt>
   <trkpt lat="38.630430000000004" lon="-0.01797">
    <ele>47.09</ele>
   </trkpt>
   <trkpt lat="38.63004" lon="-0.017920000000000002">
    <ele>46.06</ele>
   </trkpt>
   <trkpt lat="38.629830000000005" lon="-0.01793">
    <ele>45.4</ele>
   </trkpt>
   <trkpt lat="38.62964" lon="-0.01802">
    <ele>44.9</ele>
   </trkpt>
   <trkpt lat="38.62898666872347" lon="-0.01851334233514332">
    <ele>43.79</ele>
   </trkpt>
   <trkpt lat="38.62833333537533" lon="-0.019006675679515774">
    <ele>42.190000000000005</ele>
   </trkpt>
   <trkpt lat="38.627680000000005" lon="-0.0195">
    <ele>40.480000000000004</ele>
   </trkpt>
   <trkpt lat="38.627190000000006" lon="-0.0199">
    <ele>39.16</ele>
   </trkpt>
   <trkpt lat="38.62677500016376" lon="-0.02016000158243186">
    <ele>38.540000000000006</ele>
   </trkpt>
   <trkpt lat="38.626360000000005" lon="-0.02042">
    <ele>38.63</ele>
   </trkpt>
   <trkpt lat="38.625780000000006" lon="-0.020980000000000002">
    <ele>39.150000000000006</ele>
   </trkpt>
   <trkpt lat="38.625690000000006" lon="-0.021070000000000002">
    <ele>39.03</ele>
   </trkpt>
   <trkpt lat="38.625620000000005" lon="-0.021230000000000002">
    <ele>38.82</ele>
   </trkpt>
   <trkpt lat="38.62558000000001" lon="-0.02135">
    <ele>38.82</ele>
   </trkpt>
   <trkpt lat="38.625486675405504" lon="-0.02236333598366008">
    <ele>37.71</ele>
   </trkpt>
   <trkpt lat="38.625393342071014" lon="-0.02337666932957209">
    <ele>39.52</ele>
   </trkpt>
   <trkpt lat="38.6253" lon="-0.024390000000000002">
    <ele>40.260000000000005</ele>
   </trkpt>
   <trkpt lat="38.62521" lon="-0.024640000000000002">
    <ele>39.85</ele>
   </trkpt>
   <trkpt lat="38.62514" lon="-0.02475">
    <ele>39.300000000000004</ele>
   </trkpt>
   <trkpt lat="38.624990000000004" lon="-0.02492">
    <ele>38.790000000000006</ele>
   </trkpt>
   <trkpt lat="38.624770000000005" lon="-0.02508">
    <ele>38.19</ele>
   </trkpt>
   <trkpt lat="38.62400600412081" lon="-0.025572020966203014">
    <ele>33.870000000000005</ele>
   </trkpt>
   <trkpt lat="38.62324200618117" lon="-0.026064031448779647">
    <ele>31.71</ele>
   </trkpt>
   <trkpt lat="38.62247800618121" lon="-0.026556031448211656">
    <ele>27.53</ele>
   </trkpt>
   <trkpt lat="38.621714004121" lon="-0.02704802096498076">
    <ele>23.87</ele>
   </trkpt>
   <trkpt lat="38.62095" lon="-0.027540000000000002">
    <ele>19.48</ele>
   </trkpt>
   <trkpt lat="38.62046" lon="-0.027920000000000004">
    <ele>17.75</ele>
   </trkpt>
   <trkpt lat="38.620110000000004" lon="-0.02823">
    <ele>15.22</ele>
   </trkpt>
   <trkpt lat="38.61972000071491" lon="-0.028625002096270787">
    <ele>13.600000000000001</ele>
   </trkpt>
   <trkpt lat="38.619330000000005" lon="-0.02902">
    <ele>13.19</ele>
   </trkpt>
   <trkpt lat="38.61863500581379" lon="-0.029695019624439843">
    <ele>12.450000000000001</ele>
   </trkpt>
   <trkpt lat="38.61794000774958" lon="-0.030370026167545493">
    <ele>12.120000000000001</ele>
   </trkpt>
   <trkpt lat="38.617245005807554" lon="-0.031045019629822868">
    <ele>12.92</ele>
   </trkpt>
   <trkpt lat="38.616550000000004" lon="-0.031720000000000005">
    <ele>13.590000000000002</ele>
   </trkpt>
   <trkpt lat="38.61587288150062" lon="-0.03238365285762739">
    <ele>14.08</ele>
   </trkpt>
   <trkpt lat="38.61519575925283" lon="-0.03304729318622957">
    <ele>14.72</ele>
   </trkpt>
   <trkpt lat="38.61451863325679" lon="-0.03371092098627737">
    <ele>16.099999999999998</ele>
   </trkpt>
   <trkpt lat="38.61384150351268" lon="-0.03437453625824158">
    <ele>16.71</ele>
   </trkpt>
   <trkpt lat="38.61316437002064" lon="-0.035038139002592984">
    <ele>13.690000000000001</ele>
   </trkpt>
   <trkpt lat="38.612487232780836" lon="-0.035701729219802344">
    <ele>11.520000000000001</ele>
   </trkpt>
   <trkpt lat="38.61181009179342" lon="-0.036365306910340435">
    <ele>10.610000000000001</ele>
   </trkpt>
   <trkpt lat="38.61113294705859" lon="-0.03702887207467796">
    <ele>10.530000000000001</ele>
   </trkpt>
   <trkpt lat="38.61045579857647" lon="-0.03769242471328568">
    <ele>10.55</ele>
   </trkpt>
   <trkpt lat="38.60977864634725" lon="-0.03835596482663427">
    <ele>11.200000000000001</ele>
   </trkpt>
   <trkpt lat="38.60910149037105" lon="-0.03901949241519443">
    <ele>11.290000000000001</ele>
   </trkpt>
   <trkpt lat="38.60842433064808" lon="-0.039683007479436844">
    <ele>10.650000000000002</ele>
   </trkpt>
   <trkpt lat="38.60774716717846" lon="-0.04034651001983216">
    <ele>11.160000000000002</ele>
   </trkpt>
   <trkpt lat="38.60707" lon="-0.041010000000000005">
    <ele>12.540000000000001</ele>
   </trkpt>
   <trkpt lat="38.606422006710815" lon="-0.04163802268607549">
    <ele>12.41</ele>
   </trkpt>
   <trkpt lat="38.60577401006517" lon="-0.04226603402960196">
    <ele>12.4</ele>
   </trkpt>
   <trkpt lat="38.60512601006318" lon="-0.04289403403098862">
    <ele>12.25</ele>
   </trkpt>
   <trkpt lat="38.60447800670499" lon="-0.04352202269064461">
    <ele>11.070000000000002</ele>
   </trkpt>
   <trkpt lat="38.60383" lon="-0.04415">
    <ele>10.17</ele>
   </trkpt>
   <trkpt lat="38.60338" lon="-0.0446">
    <ele>9.950000000000001</ele>
   </trkpt>
   <trkpt lat="38.60325" lon="-0.04469">
    <ele>9.75</ele>
   </trkpt>
   <trkpt lat="38.602900000000005" lon="-0.04508">
    <ele>9.64</ele>
   </trkpt>
   <trkpt lat="38.60226500137757" lon="-0.04567500538526155">
    <ele>8.98</ele>
   </trkpt>
   <trkpt lat="38.60163" lon="-0.046270000000000006">
    <ele>8.63</ele>
   </trkpt>
   <trkpt lat="38.601240000000004" lon="-0.046700000000000005">
    <ele>8.66</ele>
   </trkpt>
   <trkpt lat="38.60072" lon="-0.04718000000000001">
    <ele>8.81</ele>
   </trkpt>
   <trkpt lat="38.60030500067804" lon="-0.0475900024074507">
    <ele>9.11</ele>
   </trkpt>
   <trkpt lat="38.59989" lon="-0.048">
    <ele>8.780000000000001</ele>
   </trkpt>
   <trkpt lat="38.599395000487654" lon="-0.04830500204686768">
    <ele>8.450000000000001</ele>
   </trkpt>
   <trkpt lat="38.5989" lon="-0.04861000000000001">
    <ele>8.83</ele>
   </trkpt>
   <trkpt lat="38.598469999927055" lon="-0.048860001694708485">
    <ele>9.07</ele>
   </trkpt>
   <trkpt lat="38.598040000000005" lon="-0.04911">
    <ele>9.690000000000001</ele>
   </trkpt>
   <trkpt lat="38.59794" lon="-0.0492">
    <ele>9.690000000000001</ele>
   </trkpt>
   <trkpt lat="38.59759000090152" lon="-0.04967500239548695">
    <ele>11.05</ele>
   </trkpt>
   <trkpt lat="38.597240000000006" lon="-0.05015000000000001">
    <ele>12.030000000000001</ele>
   </trkpt>
   <trkpt lat="38.596742505252685" lon="-0.050792513380270174">
    <ele>12.990000000000002</ele>
   </trkpt>
   <trkpt lat="38.59624500699247" lon="-0.05143501785446543">
    <ele>12.84</ele>
   </trkpt>
   <trkpt lat="38.595747505219464" lon="-0.05207751342280493">
    <ele>12.42</ele>
   </trkpt>
   <trkpt lat="38.59525" lon="-0.05272">
    <ele>12.05</ele>
   </trkpt>
   <trkpt lat="38.594750000000005" lon="-0.05339000000000001">
    <ele>11.88</ele>
   </trkpt>
   <trkpt lat="38.59415667174075" lon="-0.054160012690676496">
    <ele>12.090000000000002</ele>
   </trkpt>
   <trkpt lat="38.5935633384362" lon="-0.05493001265311996">
    <ele>12.25</ele>
   </trkpt>
   <trkpt lat="38.59297" lon="-0.055700000000000006">
    <ele>9.97</ele>
   </trkpt>
   <trkpt lat="38.592330000000004" lon="-0.054950000000000006">
    <ele>6.73</ele>
   </trkpt>
   <trkpt lat="38.59168750388876" lon="-0.05550251483951929">
    <ele>6.68</ele>
   </trkpt>
   <trkpt lat="38.591045005179915" lon="-0.056055019790092746">
    <ele>6.61</ele>
   </trkpt>
   <trkpt lat="38.59040250387362" lon="-0.05660751485208485">
    <ele>6.55</ele>
   </trkpt>
   <trkpt lat="38.589760000000005" lon="-0.05716">
    <ele>6.53</ele>
   </trkpt>
   <trkpt lat="38.58946" lon="-0.05738000000000001">
    <ele>6.3100000000000005</ele>
   </trkpt>
   <trkpt lat="38.588875000229294" lon="-0.05771500287150296">
    <ele>6.24</ele>
   </trkpt>
   <trkpt lat="38.58829" lon="-0.058050000000000004">
    <ele>6.180000000000001</ele>
   </trkpt>
   <trkpt lat="38.58766666797103" lon="-0.05845000698134001">
    <ele>6.95</ele>
   </trkpt>
   <trkpt lat="38.5870433345806" lon="-0.058850007017879735">
    <ele>7.25</ele>
   </trkpt>
   <trkpt lat="38.586420000000004" lon="-0.059250000000000004">
    <ele>7.53</ele>
   </trkpt>
   <trkpt lat="38.5856466686372" lon="-0.05972667691024796">
    <ele>7.8100000000000005</ele>
   </trkpt>
   <trkpt lat="38.584873335341065" lon="-0.06020334355381081">
    <ele>7.99</ele>
   </trkpt>
   <trkpt lat="38.58410000000001" lon="-0.060680000000000005">
    <ele>8.020000000000001</ele>
   </trkpt>
   <trkpt lat="38.58342500110455" lon="-0.06120000492280938">
    <ele>8.049999999999999</ele>
   </trkpt>
   <trkpt lat="38.582750000000004" lon="-0.061720000000000004">
    <ele>8.100000000000001</ele>
   </trkpt>
   <trkpt lat="38.58229" lon="-0.062000000000000006">
    <ele>8.350000000000001</ele>
   </trkpt>
   <trkpt lat="38.58218" lon="-0.062110000000000005">
    <ele>8.370000000000001</ele>
   </trkpt>
   <trkpt lat="38.5822" lon="-0.06219">
    <ele>8.31</ele>
   </trkpt>
   <trkpt lat="38.58216" lon="-0.062270000000000006">
    <ele>8.25</ele>
   </trkpt>
   <trkpt lat="38.582100000000004" lon="-0.06228">
    <ele>8.25</ele>
   </trkpt>
   <trkpt lat="38.582060000000006" lon="-0.06226">
    <ele>8.24</ele>
   </trkpt>
   <trkpt lat="38.58205" lon="-0.062220000000000004">
    <ele>8.24</ele>
   </trkpt>
   <trkpt lat="38.581440000359706" lon="-0.06245000394100782">
    <ele>8.180000000000001</ele>
   </trkpt>
   <trkpt lat="38.58083000026931" lon="-0.06268000397504131">
    <ele>8.17</ele>
   </trkpt>
   <trkpt lat="38.580220000000004" lon="-0.06291000000000001">
    <ele>8.3</ele>
   </trkpt>
   <trkpt lat="38.579724999968995" lon="-0.06312000154000884">
    <ele>8.43</ele>
   </trkpt>
   <trkpt lat="38.57923" lon="-0.06333000000000001">
    <ele>8.350000000000001</ele>
   </trkpt>
   <trkpt lat="38.57864" lon="-0.06368">
    <ele>8.26</ele>
   </trkpt>
   <trkpt lat="38.578125000510944" lon="-0.06401000233547756">
    <ele>8.34</ele>
   </trkpt>
   <trkpt lat="38.57761" lon="-0.06434000000000001">
    <ele>8.41</ele>
   </trkpt>
   <trkpt lat="38.57715" lon="-0.0645">
    <ele>8.26</ele>
   </trkpt>
   <trkpt lat="38.57705" lon="-0.06455000000000001">
    <ele>8.26</ele>
   </trkpt>
   <trkpt lat="38.577070000000006" lon="-0.06468">
    <ele>8.110000000000001</ele>
   </trkpt>
   <trkpt lat="38.577020000000005" lon="-0.06475">
    <ele>7.670000000000001</ele>
   </trkpt>
   <trkpt lat="38.57692" lon="-0.06471">
    <ele>7.51</ele>
   </trkpt>
   <trkpt lat="38.5769" lon="-0.06462000000000001">
    <ele>7.38</ele>
   </trkpt>
   <trkpt lat="38.57686" lon="-0.06458">
    <ele>7.38</ele>
   </trkpt>
   <trkpt lat="38.57681" lon="-0.06461">
    <ele>7.38</ele>
   </trkpt>
   <trkpt lat="38.57661" lon="-0.06463">
    <ele>7.21</ele>
   </trkpt>
   <trkpt lat="38.57608000003796" lon="-0.06470500055136927">
    <ele>7.17</ele>
   </trkpt>
   <trkpt lat="38.57555" lon="-0.06478">
    <ele>7.11</ele>
   </trkpt>
   <trkpt lat="38.574864999733485" lon="-0.06478">
    <ele>7.25</ele>
   </trkpt>
   <trkpt lat="38.574180000000005" lon="-0.06478">
    <ele>7.5200000000000005</ele>
   </trkpt>
   <trkpt lat="38.5741" lon="-0.06479">
    <ele>7.5200000000000005</ele>
   </trkpt>
  </trkseg>
 </trk>
</gpx>
