<?xml version="1.0" encoding="UTF-8"?>
<gpx creator="StravaGPX" version="1.1" xmlns="http://www.topografix.com/GPX/1/1" xmlns:xsi="http://www.w3.org/2001/XMLSchema-instance" xsi:schemaLocation="http://www.topografix.com/GPX/1/1 http://www.topografix.com/GPX/1/1/gpx.xsd">
 <metadata>
  <name>🔴 Rit 5: Vuelta-Finale op de Cumbre del Sol</name>
  <author>
   <name>Roel Terro ⚡️Forza Fortuna 🧡</name>
   <link href="https://www.strava.com/athletes/3097444"/>
  </author>
  <copyright author="OpenStreetMap contributors">
   <year>2020</year>
   <license>https://www.openstreetmap.org/copyright</license>
  </copyright>
  <link href="https://www.strava.com/routes/3538184762381203672"/>
 </metadata>
 <trk>
  <name>🔴 Rit 5: Vuelta-Finale op de Cumbre del Sol</name>
  <link href="https://www.strava.com/routes/3538184762381203672"/>
  <type>cycling</type>
  <trkseg>
   <trkpt lat="38.57363" lon="-0.06479">
    <ele>7.72</ele>
   </trkpt>
   <trkpt lat="38.57424666676675" lon="-0.06479999982992901">
    <ele>7.73</ele>
   </trkpt>
   <trkpt lat="38.57486333353265" lon="-0.06480999983153589">
    <ele>7.6000000000000005</ele>
   </trkpt>
   <trkpt lat="38.575480000000006" lon="-0.06482">
    <ele>7.630000000000001</ele>
   </trkpt>
   <trkpt lat="38.576080000000005" lon="-0.06473000000000001">
    <ele>7.73</ele>
   </trkpt>
   <trkpt lat="38.576840000000004" lon="-0.06464">
    <ele>8.100000000000001</ele>
   </trkpt>
   <trkpt lat="38.5769" lon="-0.06462000000000001">
    <ele>8.110000000000001</ele>
   </trkpt>
   <trkpt lat="38.57696" lon="-0.06453">
    <ele>8.360000000000001</ele>
   </trkpt>
   <trkpt lat="38.57705" lon="-0.06455000000000001">
    <ele>8.360000000000001</ele>
   </trkpt>
   <trkpt lat="38.577070000000006" lon="-0.06468">
    <ele>8.360000000000001</ele>
   </trkpt>
   <trkpt lat="38.577020000000005" lon="-0.06475">
    <ele>8.26</ele>
   </trkpt>
   <trkpt lat="38.57699" lon="-0.06474">
    <ele>8.26</ele>
   </trkpt>
   <trkpt lat="38.57705" lon="-0.06489">
    <ele>8.17</ele>
   </trkpt>
   <trkpt lat="38.577505001225326" lon="-0.06541999667814756">
    <ele>8.15</ele>
   </trkpt>
   <trkpt lat="38.577960000000004" lon="-0.06595000000000001">
    <ele>8.63</ele>
   </trkpt>
   <trkpt lat="38.57836000089201" lon="-0.0663899976249726">
    <ele>8.48</ele>
   </trkpt>
   <trkpt lat="38.57876" lon="-0.06683">
    <ele>8.56</ele>
   </trkpt>
   <trkpt lat="38.57883" lon="-0.06693">
    <ele>8.56</ele>
   </trkpt>
   <trkpt lat="38.57896" lon="-0.06695000000000001">
    <ele>8.48</ele>
   </trkpt>
   <trkpt lat="38.579130000000006" lon="-0.06676">
    <ele>8.3</ele>
   </trkpt>
   <trkpt lat="38.579716672254236" lon="-0.06595001322498006">
    <ele>8.51</ele>
   </trkpt>
   <trkpt lat="38.580303338926186" lon="-0.06514001321790219">
    <ele>8.76</ele>
   </trkpt>
   <trkpt lat="38.580890000000004" lon="-0.06433000000000001">
    <ele>8.84</ele>
   </trkpt>
   <trkpt lat="38.581160000000004" lon="-0.06403">
    <ele>8.63</ele>
   </trkpt>
   <trkpt lat="38.581900000000005" lon="-0.06347">
    <ele>8.57</ele>
   </trkpt>
   <trkpt lat="38.58205" lon="-0.06326000000000001">
    <ele>8.450000000000001</ele>
   </trkpt>
   <trkpt lat="38.58213000000001" lon="-0.0631">
    <ele>8.31</ele>
   </trkpt>
   <trkpt lat="38.582170000000005" lon="-0.06292">
    <ele>8.31</ele>
   </trkpt>
   <trkpt lat="38.58218" lon="-0.06275">
    <ele>8.25</ele>
   </trkpt>
   <trkpt lat="38.582150000000006" lon="-0.06237">
    <ele>8.350000000000001</ele>
   </trkpt>
   <trkpt lat="38.58216" lon="-0.062270000000000006">
    <ele>8.350000000000001</ele>
   </trkpt>
   <trkpt lat="38.5822" lon="-0.06219">
    <ele>8.350000000000001</ele>
   </trkpt>
   <trkpt lat="38.58218" lon="-0.062110000000000005">
    <ele>8.180000000000001</ele>
   </trkpt>
   <trkpt lat="38.58229" lon="-0.062000000000000006">
    <ele>8.180000000000001</ele>
   </trkpt>
   <trkpt lat="38.582750000000004" lon="-0.061720000000000004">
    <ele>8.040000000000001</ele>
   </trkpt>
   <trkpt lat="38.5834250011962" lon="-0.0612000048522014">
    <ele>8.0</ele>
   </trkpt>
   <trkpt lat="38.58410000000001" lon="-0.060680000000000005">
    <ele>8.13</ele>
   </trkpt>
   <trkpt lat="38.58487333522939" lon="-0.06020334362264442">
    <ele>7.840000000000002</ele>
   </trkpt>
   <trkpt lat="38.585646668525534" lon="-0.05972667697908342">
    <ele>7.790000000000001</ele>
   </trkpt>
   <trkpt lat="38.586420000000004" lon="-0.059250000000000004">
    <ele>7.53</ele>
   </trkpt>
   <trkpt lat="38.58704333475184" lon="-0.0588500069079988">
    <ele>7.25</ele>
   </trkpt>
   <trkpt lat="38.587666668142255" lon="-0.05845000687145768">
    <ele>6.78</ele>
   </trkpt>
   <trkpt lat="38.58829" lon="-0.058050000000000004">
    <ele>5.9799999999999995</ele>
   </trkpt>
   <trkpt lat="38.58887500072562" lon="-0.05771500258727636">
    <ele>6.23</ele>
   </trkpt>
   <trkpt lat="38.58946" lon="-0.05738000000000001">
    <ele>6.3100000000000005</ele>
   </trkpt>
   <trkpt lat="38.589760000000005" lon="-0.05716">
    <ele>6.53</ele>
   </trkpt>
   <trkpt lat="38.590250000000005" lon="-0.056720000000000007">
    <ele>6.55</ele>
   </trkpt>
   <trkpt lat="38.59084500323527" lon="-0.056215012572154145">
    <ele>6.61</ele>
   </trkpt>
   <trkpt lat="38.591440004300566" lon="-0.055710016774256244">
    <ele>6.68</ele>
   </trkpt>
   <trkpt lat="38.59203500319578" lon="-0.05520501260601981">
    <ele>6.73</ele>
   </trkpt>
   <trkpt lat="38.59263" lon="-0.054700000000000006">
    <ele>6.7700000000000005</ele>
   </trkpt>
   <trkpt lat="38.5927" lon="-0.054560000000000004">
    <ele>6.53</ele>
   </trkpt>
   <trkpt lat="38.5927" lon="-0.05446">
    <ele>6.49</ele>
   </trkpt>
   <trkpt lat="38.59275" lon="-0.054400000000000004">
    <ele>6.57</ele>
   </trkpt>
   <trkpt lat="38.59311" lon="-0.05428">
    <ele>7.12</ele>
   </trkpt>
   <trkpt lat="38.59353" lon="-0.05385">
    <ele>7.78</ele>
   </trkpt>
   <trkpt lat="38.59393" lon="-0.053340000000000005">
    <ele>8.31</ele>
   </trkpt>
   <trkpt lat="38.594010000000004" lon="-0.053380000000000004">
    <ele>8.67</ele>
   </trkpt>
   <trkpt lat="38.59432" lon="-0.0534">
    <ele>9.97</ele>
   </trkpt>
   <trkpt lat="38.594620000000006" lon="-0.053380000000000004">
    <ele>11.290000000000001</ele>
   </trkpt>
   <trkpt lat="38.594750000000005" lon="-0.05339000000000001">
    <ele>11.83</ele>
   </trkpt>
   <trkpt lat="38.59525" lon="-0.05272">
    <ele>12.190000000000001</ele>
   </trkpt>
   <trkpt lat="38.59574750528567" lon="-0.052077513337296204">
    <ele>12.450000000000001</ele>
   </trkpt>
   <trkpt lat="38.59624500705868" lon="-0.051435017768955815">
    <ele>12.84</ele>
   </trkpt>
   <trkpt lat="38.59674250531889" lon="-0.05079251329475967">
    <ele>12.860000000000001</ele>
   </trkpt>
   <trkpt lat="38.597240000000006" lon="-0.05015000000000001">
    <ele>11.05</ele>
   </trkpt>
   <trkpt lat="38.59759000101848" lon="-0.04967500223676286">
    <ele>10.51</ele>
   </trkpt>
   <trkpt lat="38.59794" lon="-0.0492">
    <ele>9.47</ele>
   </trkpt>
   <trkpt lat="38.598040000000005" lon="-0.04911">
    <ele>9.36</ele>
   </trkpt>
   <trkpt lat="38.598530000000004" lon="-0.04882">
    <ele>8.910000000000002</ele>
   </trkpt>
   <trkpt lat="38.59854" lon="-0.04882">
    <ele>8.910000000000002</ele>
   </trkpt>
   <trkpt lat="38.599215000690286" lon="-0.048410003870948064">
    <ele>8.450000000000001</ele>
   </trkpt>
   <trkpt lat="38.59989" lon="-0.048">
    <ele>9.07</ele>
   </trkpt>
   <trkpt lat="38.60030500075246" lon="-0.04759000233392641">
    <ele>9.07</ele>
   </trkpt>
   <trkpt lat="38.60072" lon="-0.04718000000000001">
    <ele>8.860000000000001</ele>
   </trkpt>
   <trkpt lat="38.601240000000004" lon="-0.046700000000000005">
    <ele>8.66</ele>
   </trkpt>
   <trkpt lat="38.60163" lon="-0.046270000000000006">
    <ele>8.67</ele>
   </trkpt>
   <trkpt lat="38.60226500163516" lon="-0.045675005143896774">
    <ele>9.120000000000001</ele>
   </trkpt>
   <trkpt lat="38.602900000000005" lon="-0.04508">
    <ele>9.7</ele>
   </trkpt>
   <trkpt lat="38.60325" lon="-0.04469">
    <ele>9.950000000000001</ele>
   </trkpt>
   <trkpt lat="38.60338" lon="-0.0446">
    <ele>9.99</ele>
   </trkpt>
   <trkpt lat="38.60383" lon="-0.04415">
    <ele>10.3</ele>
   </trkpt>
   <trkpt lat="38.604478006714245" lon="-0.04352202268166547">
    <ele>11.410000000000002</ele>
   </trkpt>
   <trkpt lat="38.60512601007244" lon="-0.042894034022009433">
    <ele>12.360000000000001</ele>
   </trkpt>
   <trkpt lat="38.60577401007443" lon="-0.042266034020622754">
    <ele>12.4</ele>
   </trkpt>
   <trkpt lat="38.60642200672009" lon="-0.04163802267709624">
    <ele>12.48</ele>
   </trkpt>
   <trkpt lat="38.60707" lon="-0.041010000000000005">
    <ele>12.39</ele>
   </trkpt>
   <trkpt lat="38.60774716721607" lon="-0.040346509982980415">
    <ele>11.01</ele>
   </trkpt>
   <trkpt lat="38.608424330685686" lon="-0.03968300744258437">
    <ele>10.88</ele>
   </trkpt>
   <trkpt lat="38.60910149040867" lon="-0.03901949237834124">
    <ele>11.420000000000002</ele>
   </trkpt>
   <trkpt lat="38.60977864638485" lon="-0.03835596478978036">
    <ele>11.070000000000002</ele>
   </trkpt>
   <trkpt lat="38.610455798614076" lon="-0.037692424676431045">
    <ele>10.57</ele>
   </trkpt>
   <trkpt lat="38.6111329470962" lon="-0.03702887203782261">
    <ele>10.530000000000001</ele>
   </trkpt>
   <trkpt lat="38.611810091831046" lon="-0.036365306873484354">
    <ele>10.97</ele>
   </trkpt>
   <trkpt lat="38.612487232818445" lon="-0.03570172918294555">
    <ele>12.31</ele>
   </trkpt>
   <trkpt lat="38.61316437005824" lon="-0.03503813896573546">
    <ele>15.040000000000001</ele>
   </trkpt>
   <trkpt lat="38.61384150355029" lon="-0.03437453622138333">
    <ele>16.57</ele>
   </trkpt>
   <trkpt lat="38.614518633294416" lon="-0.0337109209494184">
    <ele>15.67</ele>
   </trkpt>
   <trkpt lat="38.615195759290444" lon="-0.03304729314936988">
    <ele>14.430000000000001</ele>
   </trkpt>
   <trkpt lat="38.61587288153823" lon="-0.03238365282076699">
    <ele>13.760000000000002</ele>
   </trkpt>
   <trkpt lat="38.616550000000004" lon="-0.031720000000000005">
    <ele>13.370000000000001</ele>
   </trkpt>
   <trkpt lat="38.617245005819676" lon="-0.031045019618044713">
    <ele>12.42</ele>
   </trkpt>
   <trkpt lat="38.6179400077617" lon="-0.030370026155767012">
    <ele>12.120000000000001</ele>
   </trkpt>
   <trkpt lat="38.61863500582592" lon="-0.02969501961266103">
    <ele>12.63</ele>
   </trkpt>
   <trkpt lat="38.619330000000005" lon="-0.02902">
    <ele>13.340000000000002</ele>
   </trkpt>
   <trkpt lat="38.61972000061304" lon="-0.02862500219944949">
    <ele>14.08</ele>
   </trkpt>
   <trkpt lat="38.620110000000004" lon="-0.02823">
    <ele>15.76</ele>
   </trkpt>
   <trkpt lat="38.62046" lon="-0.027920000000000004">
    <ele>17.75</ele>
   </trkpt>
   <trkpt lat="38.62095" lon="-0.027540000000000002">
    <ele>20.86</ele>
   </trkpt>
   <trkpt lat="38.621714004120335" lon="-0.02704802096541227">
    <ele>23.87</ele>
   </trkpt>
   <trkpt lat="38.62247800618054" lon="-0.02655603144864334">
    <ele>28.830000000000002</ele>
   </trkpt>
   <trkpt lat="38.623242006180504" lon="-0.026064031449211506">
    <ele>32.330000000000005</ele>
   </trkpt>
   <trkpt lat="38.62400600412014" lon="-0.025572020966635044">
    <ele>36.13</ele>
   </trkpt>
   <trkpt lat="38.624770000000005" lon="-0.02508">
    <ele>38.790000000000006</ele>
   </trkpt>
   <trkpt lat="38.624990000000004" lon="-0.02492">
    <ele>39.300000000000004</ele>
   </trkpt>
   <trkpt lat="38.62514" lon="-0.02475">
    <ele>40.13</ele>
   </trkpt>
   <trkpt lat="38.62521" lon="-0.024640000000000002">
    <ele>40.260000000000005</ele>
   </trkpt>
   <trkpt lat="38.6253" lon="-0.024390000000000002">
    <ele>40.38</ele>
   </trkpt>
   <trkpt lat="38.62539334207446" lon="-0.02337666929206725">
    <ele>38.44</ele>
   </trkpt>
   <trkpt lat="38.625486675408965" lon="-0.0223633359461551">
    <ele>38.25000000000001</ele>
   </trkpt>
   <trkpt lat="38.62558000000001" lon="-0.02135">
    <ele>38.82</ele>
   </trkpt>
   <trkpt lat="38.625620000000005" lon="-0.021230000000000002">
    <ele>39.03</ele>
   </trkpt>
   <trkpt lat="38.625690000000006" lon="-0.021070000000000002">
    <ele>39.23</ele>
   </trkpt>
   <trkpt lat="38.625780000000006" lon="-0.020980000000000002">
    <ele>39.23</ele>
   </trkpt>
   <trkpt lat="38.626360000000005" lon="-0.02042">
    <ele>38.540000000000006</ele>
   </trkpt>
   <trkpt lat="38.62677500041163" lon="-0.020160001427145514">
    <ele>38.63</ele>
   </trkpt>
   <trkpt lat="38.627190000000006" lon="-0.0199">
    <ele>39.339999999999996</ele>
   </trkpt>
   <trkpt lat="38.627680000000005" lon="-0.0195">
    <ele>40.480000000000004</ele>
   </trkpt>
   <trkpt lat="38.62833333541966" lon="-0.019006675646052525">
    <ele>42.61</ele>
   </trkpt>
   <trkpt lat="38.628986668767794" lon="-0.018513342301679735">
    <ele>43.79</ele>
   </trkpt>
   <trkpt lat="38.62964" lon="-0.01802">
    <ele>45.4</ele>
   </trkpt>
   <trkpt lat="38.629830000000005" lon="-0.01793">
    <ele>46.06</ele>
   </trkpt>
   <trkpt lat="38.63004" lon="-0.017920000000000002">
    <ele>46.75000000000001</ele>
   </trkpt>
   <trkpt lat="38.630430000000004" lon="-0.01797">
    <ele>47.09</ele>
   </trkpt>
   <trkpt lat="38.630590000000005" lon="-0.01796">
    <ele>47.46</ele>
   </trkpt>
   <trkpt lat="38.63076" lon="-0.017910000000000002">
    <ele>47.41</ele>
   </trkpt>
   <trkpt lat="38.63087" lon="-0.01776">
    <ele>47.470000000000006</ele>
   </trkpt>
   <trkpt lat="38.630950000000006" lon="-0.01752">
    <ele>47.470000000000006</ele>
   </trkpt>
   <trkpt lat="38.63092" lon="-0.01711">
    <ele>47.82</ele>
   </trkpt>
   <trkpt lat="38.63073" lon="-0.016810000000000002">
    <ele>49.61</ele>
   </trkpt>
   <trkpt lat="38.63051" lon="-0.016560000000000002">
    <ele>51.980000000000004</ele>
   </trkpt>
   <trkpt lat="38.63046000000001" lon="-0.01644">
    <ele>52.620000000000005</ele>
   </trkpt>
   <trkpt lat="38.630430000000004" lon="-0.01626">
    <ele>53.52</ele>
   </trkpt>
   <trkpt lat="38.630430000000004" lon="-0.01616">
    <ele>54.080000000000005</ele>
   </trkpt>
   <trkpt lat="38.63046000000001" lon="-0.01601">
    <ele>54.080000000000005</ele>
   </trkpt>
   <trkpt lat="38.630720000000004" lon="-0.01535">
    <ele>58.34</ele>
   </trkpt>
   <trkpt lat="38.630750000000006" lon="-0.015330000000000002">
    <ele>58.34</ele>
   </trkpt>
   <trkpt lat="38.63074" lon="-0.01531">
    <ele>59.13</ele>
   </trkpt>
   <trkpt lat="38.63074" lon="-0.01518">
    <ele>59.13</ele>
   </trkpt>
   <trkpt lat="38.630720000000004" lon="-0.015090000000000001">
    <ele>59.97</ele>
   </trkpt>
   <trkpt lat="38.63064" lon="-0.014920000000000001">
    <ele>60.86000000000001</ele>
   </trkpt>
   <trkpt lat="38.63056" lon="-0.01488">
    <ele>60.86000000000001</ele>
   </trkpt>
   <trkpt lat="38.63022" lon="-0.014790000000000001">
    <ele>64.17</ele>
   </trkpt>
   <trkpt lat="38.630100000000006" lon="-0.014750000000000001">
    <ele>64.17</ele>
   </trkpt>
   <trkpt lat="38.62998" lon="-0.01459">
    <ele>65.78</ele>
   </trkpt>
   <trkpt lat="38.62986" lon="-0.014320000000000001">
    <ele>67.2</ele>
   </trkpt>
   <trkpt lat="38.62984" lon="-0.013980000000000001">
    <ele>67.94</ele>
   </trkpt>
   <trkpt lat="38.629870000000004" lon="-0.013790000000000002">
    <ele>68.58</ele>
   </trkpt>
   <trkpt lat="38.62988" lon="-0.013500000000000002">
    <ele>68.82000000000001</ele>
   </trkpt>
   <trkpt lat="38.62991" lon="-0.01336">
    <ele>68.79</ele>
   </trkpt>
   <trkpt lat="38.63002" lon="-0.01314">
    <ele>68.72</ele>
   </trkpt>
   <trkpt lat="38.63017" lon="-0.01297">
    <ele>67.97</ele>
   </trkpt>
   <trkpt lat="38.63031" lon="-0.012860000000000002">
    <ele>67.62</ele>
   </trkpt>
   <trkpt lat="38.63046000000001" lon="-0.012830000000000001">
    <ele>65.88000000000001</ele>
   </trkpt>
   <trkpt lat="38.63074" lon="-0.012830000000000001">
    <ele>65.21000000000001</ele>
   </trkpt>
   <trkpt lat="38.630930000000006" lon="-0.01288">
    <ele>64.63000000000001</ele>
   </trkpt>
   <trkpt lat="38.63138" lon="-0.01305">
    <ele>62.67</ele>
   </trkpt>
   <trkpt lat="38.63203" lon="-0.01319">
    <ele>61.230000000000004</ele>
   </trkpt>
   <trkpt lat="38.63214" lon="-0.013200000000000002">
    <ele>61.28000000000001</ele>
   </trkpt>
   <trkpt lat="38.63232" lon="-0.01318">
    <ele>61.36000000000001</ele>
   </trkpt>
   <trkpt lat="38.632400000000004" lon="-0.0131">
    <ele>61.36000000000001</ele>
   </trkpt>
   <trkpt lat="38.63251" lon="-0.01297">
    <ele>61.53000000000001</ele>
   </trkpt>
   <trkpt lat="38.63257" lon="-0.0128">
    <ele>61.68000000000001</ele>
   </trkpt>
   <trkpt lat="38.632580000000004" lon="-0.012580000000000001">
    <ele>61.67</ele>
   </trkpt>
   <trkpt lat="38.632560000000005" lon="-0.01237">
    <ele>61.59</ele>
   </trkpt>
   <trkpt lat="38.63251" lon="-0.0122">
    <ele>61.370000000000005</ele>
   </trkpt>
   <trkpt lat="38.63218000587634" lon="-0.011369992390150192">
    <ele>60.440000000000005</ele>
   </trkpt>
   <trkpt lat="38.63185000588874" lon="-0.010539992421440011">
    <ele>60.25000000000001</ele>
   </trkpt>
   <trkpt lat="38.63152" lon="-0.009710000000000002">
    <ele>60.82000000000001</ele>
   </trkpt>
   <trkpt lat="38.63143" lon="-0.0094">
    <ele>60.95</ele>
   </trkpt>
   <trkpt lat="38.63141" lon="-0.0091">
    <ele>61.190000000000005</ele>
   </trkpt>
   <trkpt lat="38.6315" lon="-0.00817">
    <ele>61.480000000000004</ele>
   </trkpt>
   <trkpt lat="38.63148" lon="-0.00803">
    <ele>61.540000000000006</ele>
   </trkpt>
   <trkpt lat="38.631350000000005" lon="-0.0074600000000000005">
    <ele>62.550000000000004</ele>
   </trkpt>
   <trkpt lat="38.63134" lon="-0.00734">
    <ele>63.09</ele>
   </trkpt>
   <trkpt lat="38.631350000000005" lon="-0.00693">
    <ele>64.41000000000001</ele>
   </trkpt>
   <trkpt lat="38.63141" lon="-0.0061600000000000005">
    <ele>67.09</ele>
   </trkpt>
   <trkpt lat="38.63157" lon="-0.00553">
    <ele>71.06000000000002</ele>
   </trkpt>
   <trkpt lat="38.63165" lon="-0.005090000000000001">
    <ele>72.69</ele>
   </trkpt>
   <trkpt lat="38.63167" lon="-0.0047">
    <ele>73.48</ele>
   </trkpt>
   <trkpt lat="38.631640000000004" lon="-0.00428">
    <ele>73.45</ele>
   </trkpt>
   <trkpt lat="38.63165" lon="-0.00411">
    <ele>73.38</ele>
   </trkpt>
   <trkpt lat="38.63177" lon="-0.0036200000000000004">
    <ele>72.64000000000001</ele>
   </trkpt>
   <trkpt lat="38.631840000000004" lon="-0.00284">
    <ele>69.78</ele>
   </trkpt>
   <trkpt lat="38.63199" lon="-0.0022600000000000003">
    <ele>68.86</ele>
   </trkpt>
   <trkpt lat="38.631980000000006" lon="-0.00216">
    <ele>68.86</ele>
   </trkpt>
   <trkpt lat="38.63179" lon="-0.00167">
    <ele>68.9</ele>
   </trkpt>
   <trkpt lat="38.631710000000005" lon="-0.00141">
    <ele>69.21000000000001</ele>
   </trkpt>
   <trkpt lat="38.63174" lon="-0.00099">
    <ele>69.60000000000001</ele>
   </trkpt>
   <trkpt lat="38.63179" lon="-0.00071">
    <ele>70.10000000000001</ele>
   </trkpt>
   <trkpt lat="38.6319" lon="-0.0004900000000000001">
    <ele>70.38000000000001</ele>
   </trkpt>
   <trkpt lat="38.632625001767174" lon="0.00014999354874593846">
    <ele>71.83</ele>
   </trkpt>
   <trkpt lat="38.63335" lon="0.00079">
    <ele>75.22000000000001</ele>
   </trkpt>
   <trkpt lat="38.633700000426046" lon="0.0011599980279731734">
    <ele>78.0</ele>
   </trkpt>
   <trkpt lat="38.63405" lon="0.0015300000000000001">
    <ele>80.86</ele>
   </trkpt>
   <trkpt lat="38.63418" lon="0.00169">
    <ele>81.79</ele>
   </trkpt>
   <trkpt lat="38.63425" lon="0.0018800000000000002">
    <ele>82.51</ele>
   </trkpt>
   <trkpt lat="38.634260000000005" lon="0.0021000000000000003">
    <ele>82.88000000000001</ele>
   </trkpt>
   <trkpt lat="38.634185001569406" lon="0.0027050005395639885">
    <ele>83.67</ele>
   </trkpt>
   <trkpt lat="38.63411" lon="0.0033100000000000004">
    <ele>84.43</ele>
   </trkpt>
   <trkpt lat="38.634150000000005" lon="0.00413">
    <ele>84.74000000000001</ele>
   </trkpt>
   <trkpt lat="38.6342" lon="0.004430000000000001">
    <ele>84.82000000000001</ele>
   </trkpt>
   <trkpt lat="38.63425" lon="0.00459">
    <ele>84.82000000000001</ele>
   </trkpt>
   <trkpt lat="38.63438" lon="0.0048400000000000006">
    <ele>85.09000000000002</ele>
   </trkpt>
   <trkpt lat="38.63448" lon="0.00496">
    <ele>85.24000000000001</ele>
   </trkpt>
   <trkpt lat="38.63472" lon="0.00513">
    <ele>85.37</ele>
   </trkpt>
   <trkpt lat="38.634890000000006" lon="0.005200000000000001">
    <ele>85.63000000000001</ele>
   </trkpt>
   <trkpt lat="38.635516666923515" lon="0.005359997212385109">
    <ele>86.19</ele>
   </trkpt>
   <trkpt lat="38.63614333362911" lon="0.005519997222287405">
    <ele>86.79</ele>
   </trkpt>
   <trkpt lat="38.636770000000006" lon="0.00568">
    <ele>88.14000000000001</ele>
   </trkpt>
   <trkpt lat="38.63702" lon="0.00583">
    <ele>88.82000000000001</ele>
   </trkpt>
   <trkpt lat="38.637370000000004" lon="0.0061">
    <ele>89.85000000000001</ele>
   </trkpt>
   <trkpt lat="38.637840000000004" lon="0.006500000000000001">
    <ele>93.22000000000001</ele>
   </trkpt>
   <trkpt lat="38.6381" lon="0.00668">
    <ele>94.93</ele>
   </trkpt>
   <trkpt lat="38.63835" lon="0.006880000000000001">
    <ele>95.71000000000001</ele>
   </trkpt>
   <trkpt lat="38.638540000000006" lon="0.0071">
    <ele>96.03</ele>
   </trkpt>
   <trkpt lat="38.63868" lon="0.007320000000000001">
    <ele>96.96000000000001</ele>
   </trkpt>
   <trkpt lat="38.638850000000005" lon="0.007680000000000001">
    <ele>98.75</ele>
   </trkpt>
   <trkpt lat="38.638960000000004" lon="0.00782">
    <ele>98.75</ele>
   </trkpt>
   <trkpt lat="38.63927" lon="0.00805">
    <ele>100.43</ele>
   </trkpt>
   <trkpt lat="38.63942" lon="0.00822">
    <ele>101.66000000000001</ele>
   </trkpt>
   <trkpt lat="38.639880000000005" lon="0.009130000000000001">
    <ele>106.12</ele>
   </trkpt>
   <trkpt lat="38.639950000000006" lon="0.009380000000000001">
    <ele>107.11000000000001</ele>
   </trkpt>
   <trkpt lat="38.63999000629479" lon="0.010239999017539685">
    <ele>111.13000000000001</ele>
   </trkpt>
   <trkpt lat="38.64003000629374" lon="0.01109999899510257">
    <ele>113.32000000000001</ele>
   </trkpt>
   <trkpt lat="38.64007" lon="0.01196">
    <ele>117.46000000000001</ele>
   </trkpt>
   <trkpt lat="38.640040000000006" lon="0.012180000000000002">
    <ele>118.94</ele>
   </trkpt>
   <trkpt lat="38.63996" lon="0.01247">
    <ele>120.23</ele>
   </trkpt>
   <trkpt lat="38.639680000000006" lon="0.013210000000000001">
    <ele>124.76</ele>
   </trkpt>
   <trkpt lat="38.63956" lon="0.01357">
    <ele>125.96000000000001</ele>
   </trkpt>
   <trkpt lat="38.639540000000004" lon="0.01374">
    <ele>125.84</ele>
   </trkpt>
   <trkpt lat="38.639570005225664" lon="0.014523332738352565">
    <ele>123.96000000000001</ele>
   </trkpt>
   <trkpt lat="38.63960000522799" lon="0.015306666132530783">
    <ele>119.62</ele>
   </trkpt>
   <trkpt lat="38.639630000000004" lon="0.01609">
    <ele>115.92</ele>
   </trkpt>
   <trkpt lat="38.63961333929154" lon="0.016926667085981503">
    <ele>110.78</ele>
   </trkpt>
   <trkpt lat="38.63959667262427" lon="0.017763333782911388">
    <ele>106.15</ele>
   </trkpt>
   <trkpt lat="38.63958" lon="0.018600000000000002">
    <ele>103.35000000000001</ele>
   </trkpt>
   <trkpt lat="38.639590000000005" lon="0.01872">
    <ele>102.88000000000001</ele>
   </trkpt>
   <trkpt lat="38.63964" lon="0.018940000000000002">
    <ele>102.65</ele>
   </trkpt>
   <trkpt lat="38.63984000000001" lon="0.01938">
    <ele>102.03</ele>
   </trkpt>
   <trkpt lat="38.63987" lon="0.019510000000000003">
    <ele>101.76</ele>
   </trkpt>
   <trkpt lat="38.639900000000004" lon="0.019690000000000003">
    <ele>101.76</ele>
   </trkpt>
   <trkpt lat="38.63989" lon="0.019880000000000002">
    <ele>101.28</ele>
   </trkpt>
   <trkpt lat="38.63972500247112" lon="0.020650002017233177">
    <ele>100.48000000000002</ele>
   </trkpt>
   <trkpt lat="38.63956" lon="0.02142">
    <ele>99.97</ele>
   </trkpt>
   <trkpt lat="38.63953" lon="0.021670000000000002">
    <ele>99.65</ele>
   </trkpt>
   <trkpt lat="38.639570000000006" lon="0.021920000000000002">
    <ele>99.51</ele>
   </trkpt>
   <trkpt lat="38.63967" lon="0.022140000000000003">
    <ele>99.51</ele>
   </trkpt>
   <trkpt lat="38.64024400844441" lon="0.022843977454604168">
    <ele>99.28</ele>
   </trkpt>
   <trkpt lat="38.640818012670096" lon="0.023547966185654152">
    <ele>98.5</ele>
   </trkpt>
   <trkpt lat="38.6413920126769" lon="0.02425196619347935">
    <ele>97.11</ele>
   </trkpt>
   <trkpt lat="38.64196600846466" lon="0.02495597747840914">
    <ele>94.76</ele>
   </trkpt>
   <trkpt lat="38.642540000000004" lon="0.025660000000000002">
    <ele>92.37</ele>
   </trkpt>
   <trkpt lat="38.64276" lon="0.02595">
    <ele>90.89000000000001</ele>
   </trkpt>
   <trkpt lat="38.64287" lon="0.02619">
    <ele>90.89000000000001</ele>
   </trkpt>
   <trkpt lat="38.642900000000004" lon="0.026350000000000002">
    <ele>89.92000000000002</ele>
   </trkpt>
   <trkpt lat="38.642920000000004" lon="0.026600000000000002">
    <ele>89.61000000000001</ele>
   </trkpt>
   <trkpt lat="38.64287500165661" lon="0.027225000476202608">
    <ele>88.48</ele>
   </trkpt>
   <trkpt lat="38.642830000000004" lon="0.027850000000000003">
    <ele>87.27</ele>
   </trkpt>
   <trkpt lat="38.642860000000006" lon="0.028100000000000003">
    <ele>86.39</ele>
   </trkpt>
   <trkpt lat="38.64298" lon="0.028460000000000003">
    <ele>86.39</ele>
   </trkpt>
   <trkpt lat="38.6432" lon="0.02876">
    <ele>85.31</ele>
   </trkpt>
   <trkpt lat="38.64373000195045" lon="0.029236659630484815">
    <ele>83.51</ele>
   </trkpt>
   <trkpt lat="38.644260001966764" lon="0.0297133263117268">
    <ele>82.68</ele>
   </trkpt>
   <trkpt lat="38.64479" lon="0.03019">
    <ele>82.13000000000001</ele>
   </trkpt>
   <trkpt lat="38.64499" lon="0.030390000000000004">
    <ele>81.75</ele>
   </trkpt>
   <trkpt lat="38.645160000000004" lon="0.030660000000000003">
    <ele>81.57000000000001</ele>
   </trkpt>
   <trkpt lat="38.645270000000004" lon="0.03104">
    <ele>81.09</ele>
   </trkpt>
   <trkpt lat="38.64529" lon="0.03139">
    <ele>80.78</ele>
   </trkpt>
   <trkpt lat="38.64526" lon="0.03162">
    <ele>79.98</ele>
   </trkpt>
   <trkpt lat="38.64493" lon="0.03266">
    <ele>79.42</ele>
   </trkpt>
   <trkpt lat="38.644890000000004" lon="0.03293">
    <ele>79.32</ele>
   </trkpt>
   <trkpt lat="38.6449" lon="0.03314">
    <ele>79.33000000000001</ele>
   </trkpt>
   <trkpt lat="38.644960000000005" lon="0.033400000000000006">
    <ele>79.42999999999999</ele>
   </trkpt>
   <trkpt lat="38.645070000000004" lon="0.03364">
    <ele>79.55000000000001</ele>
   </trkpt>
   <trkpt lat="38.64517" lon="0.03379">
    <ele>79.55000000000001</ele>
   </trkpt>
   <trkpt lat="38.64524" lon="0.03395">
    <ele>79.55000000000001</ele>
   </trkpt>
   <trkpt lat="38.64538" lon="0.03411">
    <ele>79.51</ele>
   </trkpt>
   <trkpt lat="38.64547" lon="0.03425">
    <ele>79.36</ele>
   </trkpt>
   <trkpt lat="38.64553" lon="0.034390000000000004">
    <ele>79.16000000000001</ele>
   </trkpt>
   <trkpt lat="38.64556" lon="0.03452">
    <ele>78.61000000000001</ele>
   </trkpt>
   <trkpt lat="38.64558" lon="0.03492">
    <ele>76.72000000000001</ele>
   </trkpt>
   <trkpt lat="38.645570000000006" lon="0.03522">
    <ele>73.55</ele>
   </trkpt>
   <trkpt lat="38.645410000000005" lon="0.03583">
    <ele>69.54</ele>
   </trkpt>
   <trkpt lat="38.6454" lon="0.035930000000000004">
    <ele>71.29</ele>
   </trkpt>
   <trkpt lat="38.64528" lon="0.03626">
    <ele>68.04</ele>
   </trkpt>
   <trkpt lat="38.64524" lon="0.036480000000000005">
    <ele>64.64</ele>
   </trkpt>
   <trkpt lat="38.64517" lon="0.036800000000000006">
    <ele>63.38</ele>
   </trkpt>
   <trkpt lat="38.64509" lon="0.037020000000000004">
    <ele>62.5</ele>
   </trkpt>
   <trkpt lat="38.645030000000006" lon="0.03706">
    <ele>62.34</ele>
   </trkpt>
   <trkpt lat="38.644960000000005" lon="0.03717">
    <ele>62.11000000000001</ele>
   </trkpt>
   <trkpt lat="38.64495" lon="0.037250000000000005">
    <ele>62.11000000000001</ele>
   </trkpt>
   <trkpt lat="38.645" lon="0.0374">
    <ele>62.220000000000006</ele>
   </trkpt>
   <trkpt lat="38.64506" lon="0.037450000000000004">
    <ele>61.190000000000005</ele>
   </trkpt>
   <trkpt lat="38.64508" lon="0.03758">
    <ele>59.080000000000005</ele>
   </trkpt>
   <trkpt lat="38.64508" lon="0.03835">
    <ele>56.150000000000006</ele>
   </trkpt>
   <trkpt lat="38.645100000000006" lon="0.039020000000000006">
    <ele>53.77</ele>
   </trkpt>
   <trkpt lat="38.64513" lon="0.03914">
    <ele>54.93000000000001</ele>
   </trkpt>
   <trkpt lat="38.645590000000006" lon="0.04012">
    <ele>48.220000000000006</ele>
   </trkpt>
   <trkpt lat="38.645630000000004" lon="0.040240000000000005">
    <ele>47.21</ele>
   </trkpt>
   <trkpt lat="38.645710001555216" lon="0.04083999950190711">
    <ele>44.07000000000001</ele>
   </trkpt>
   <trkpt lat="38.645790000000005" lon="0.041440000000000005">
    <ele>42.25</ele>
   </trkpt>
   <trkpt lat="38.645920000000004" lon="0.042">
    <ele>41.870000000000005</ele>
   </trkpt>
   <trkpt lat="38.64591" lon="0.04209">
    <ele>41.59</ele>
   </trkpt>
   <trkpt lat="38.64596" lon="0.04218">
    <ele>40.35</ele>
   </trkpt>
   <trkpt lat="38.64611500188779" lon="0.042844998585027994">
    <ele>37.8</ele>
   </trkpt>
   <trkpt lat="38.64627" lon="0.04351000000000001">
    <ele>36.57000000000001</ele>
   </trkpt>
   <trkpt lat="38.64633000276986" lon="0.04431999901398117">
    <ele>35.620000000000005</ele>
   </trkpt>
   <trkpt lat="38.646390000000004" lon="0.04513">
    <ele>34.660000000000004</ele>
   </trkpt>
   <trkpt lat="38.646420000000006" lon="0.045720000000000004">
    <ele>30.92</ele>
   </trkpt>
   <trkpt lat="38.64643" lon="0.04624">
    <ele>29.300000000000004</ele>
   </trkpt>
   <trkpt lat="38.64625" lon="0.047170000000000004">
    <ele>25.200000000000003</ele>
   </trkpt>
   <trkpt lat="38.646170000000005" lon="0.047450000000000006">
    <ele>24.66</ele>
   </trkpt>
   <trkpt lat="38.64616" lon="0.047470000000000005">
    <ele>24.64</ele>
   </trkpt>
   <trkpt lat="38.646150000000006" lon="0.04755">
    <ele>24.64</ele>
   </trkpt>
   <trkpt lat="38.64607" lon="0.04771">
    <ele>24.14</ele>
   </trkpt>
   <trkpt lat="38.645900000000005" lon="0.04796">
    <ele>22.85</ele>
   </trkpt>
   <trkpt lat="38.64585" lon="0.04798">
    <ele>23.05</ele>
   </trkpt>
   <trkpt lat="38.6458" lon="0.048040000000000006">
    <ele>22.76</ele>
   </trkpt>
   <trkpt lat="38.645790000000005" lon="0.04812">
    <ele>22.78</ele>
   </trkpt>
   <trkpt lat="38.645590000000006" lon="0.048380000000000006">
    <ele>19.69</ele>
   </trkpt>
   <trkpt lat="38.6454" lon="0.04871">
    <ele>17.650000000000002</ele>
   </trkpt>
   <trkpt lat="38.645320000000005" lon="0.048920000000000005">
    <ele>17.1</ele>
   </trkpt>
   <trkpt lat="38.64517" lon="0.049690000000000005">
    <ele>13.72</ele>
   </trkpt>
   <trkpt lat="38.64513" lon="0.049710000000000004">
    <ele>13.72</ele>
   </trkpt>
   <trkpt lat="38.64508" lon="0.04977">
    <ele>13.7</ele>
   </trkpt>
   <trkpt lat="38.645070000000004" lon="0.049870000000000005">
    <ele>13.56</ele>
   </trkpt>
   <trkpt lat="38.64511" lon="0.049960000000000004">
    <ele>13.27</ele>
   </trkpt>
   <trkpt lat="38.64509" lon="0.050120000000000005">
    <ele>12.39</ele>
   </trkpt>
   <trkpt lat="38.644870010306086" lon="0.05122000672631522">
    <ele>10.100000000000001</ele>
   </trkpt>
   <trkpt lat="38.64465001031162" lon="0.05232000669846449">
    <ele>8.76</ele>
   </trkpt>
   <trkpt lat="38.64443" lon="0.05342">
    <ele>8.57</ele>
   </trkpt>
   <trkpt lat="38.64439" lon="0.053430000000000005">
    <ele>8.59</ele>
   </trkpt>
   <trkpt lat="38.64434" lon="0.05349">
    <ele>8.56</ele>
   </trkpt>
   <trkpt lat="38.64432" lon="0.05355000000000001">
    <ele>8.56</ele>
   </trkpt>
   <trkpt lat="38.644330000000004" lon="0.05364000000000001">
    <ele>8.56</ele>
   </trkpt>
   <trkpt lat="38.644380000000005" lon="0.05371000000000001">
    <ele>8.39</ele>
   </trkpt>
   <trkpt lat="38.64426500137025" lon="0.05427500085015527">
    <ele>8.030000000000001</ele>
   </trkpt>
   <trkpt lat="38.64415" lon="0.05484000000000001">
    <ele>8.219999999999999</ele>
   </trkpt>
   <trkpt lat="38.64397251116702" lon="0.05577500692712275">
    <ele>8.200000000000001</ele>
   </trkpt>
   <trkpt lat="38.64379501489192" lon="0.05671000922249497">
    <ele>7.9300000000000015</ele>
   </trkpt>
   <trkpt lat="38.643617511174774" lon="0.05764500688597486">
    <ele>7.36</ele>
   </trkpt>
   <trkpt lat="38.643440000000005" lon="0.05858000000000001">
    <ele>7.5</ele>
   </trkpt>
   <trkpt lat="38.64336" lon="0.05879">
    <ele>7.410000000000001</ele>
   </trkpt>
   <trkpt lat="38.64331000000001" lon="0.05881000000000001">
    <ele>7.410000000000001</ele>
   </trkpt>
   <trkpt lat="38.64325" lon="0.058870000000000006">
    <ele>7.410000000000001</ele>
   </trkpt>
   <trkpt lat="38.64323" lon="0.05902">
    <ele>7.38</ele>
   </trkpt>
   <trkpt lat="38.643240000000006" lon="0.059090000000000004">
    <ele>7.38</ele>
   </trkpt>
   <trkpt lat="38.64329" lon="0.05915000000000001">
    <ele>7.38</ele>
   </trkpt>
   <trkpt lat="38.64327" lon="0.05933000000000001">
    <ele>7.150000000000001</ele>
   </trkpt>
   <trkpt lat="38.64302751283115" lon="0.06033251018454305">
    <ele>6.580000000000001</ele>
   </trkpt>
   <trkpt lat="38.642785017106874" lon="0.06133501358454732">
    <ele>6.140000000000001</ele>
   </trkpt>
   <trkpt lat="38.64254251282733" lon="0.062337510199878224">
    <ele>5.5600000000000005</ele>
   </trkpt>
   <trkpt lat="38.642300000000006" lon="0.06334000000000001">
    <ele>5.53</ele>
   </trkpt>
   <trkpt lat="38.64212000269493" lon="0.06413500197542008">
    <ele>5.410000000000001</ele>
   </trkpt>
   <trkpt lat="38.641940000000005" lon="0.06493">
    <ele>5.24</ele>
   </trkpt>
   <trkpt lat="38.641920000000006" lon="0.06545000000000001">
    <ele>5.37</ele>
   </trkpt>
   <trkpt lat="38.641960000000005" lon="0.06579">
    <ele>5.51</ele>
   </trkpt>
   <trkpt lat="38.64197" lon="0.06611">
    <ele>5.59</ele>
   </trkpt>
   <trkpt lat="38.641940000000005" lon="0.06621">
    <ele>5.69</ele>
   </trkpt>
   <trkpt lat="38.64195" lon="0.06632">
    <ele>5.85</ele>
   </trkpt>
   <trkpt lat="38.64199" lon="0.06641000000000001">
    <ele>5.85</ele>
   </trkpt>
   <trkpt lat="38.64208" lon="0.06646">
    <ele>5.840000000000001</ele>
   </trkpt>
   <trkpt lat="38.64219000000001" lon="0.06662">
    <ele>5.73</ele>
   </trkpt>
   <trkpt lat="38.642435003014555" lon="0.06745999716697709">
    <ele>5.53</ele>
   </trkpt>
   <trkpt lat="38.642680000000006" lon="0.0683">
    <ele>5.51</ele>
   </trkpt>
   <trkpt lat="38.64273" lon="0.06857">
    <ele>5.51</ele>
   </trkpt>
   <trkpt lat="38.64284" lon="0.06968">
    <ele>5.57</ele>
   </trkpt>
   <trkpt lat="38.64284" lon="0.06989000000000001">
    <ele>5.580000000000001</ele>
   </trkpt>
   <trkpt lat="38.642790000000005" lon="0.07002">
    <ele>5.68</ele>
   </trkpt>
   <trkpt lat="38.642810000000004" lon="0.07016">
    <ele>5.68</ele>
   </trkpt>
   <trkpt lat="38.64284" lon="0.07022">
    <ele>5.68</ele>
   </trkpt>
   <trkpt lat="38.64294" lon="0.07028000000000001">
    <ele>5.78</ele>
   </trkpt>
   <trkpt lat="38.64302" lon="0.07027">
    <ele>5.78</ele>
   </trkpt>
   <trkpt lat="38.643190000000004" lon="0.07038000000000001">
    <ele>5.65</ele>
   </trkpt>
   <trkpt lat="38.643480000000004" lon="0.07063000000000001">
    <ele>5.670000000000001</ele>
   </trkpt>
   <trkpt lat="38.64361" lon="0.07072">
    <ele>5.670000000000001</ele>
   </trkpt>
   <trkpt lat="38.6439" lon="0.07084">
    <ele>5.72</ele>
   </trkpt>
   <trkpt lat="38.64447500020707" lon="0.07100499870218775">
    <ele>5.7700000000000005</ele>
   </trkpt>
   <trkpt lat="38.645050000000005" lon="0.07117000000000001">
    <ele>5.7</ele>
   </trkpt>
   <trkpt lat="38.64585400079231" lon="0.07138399039856208">
    <ele>5.57</ele>
   </trkpt>
   <trkpt lat="38.64665800119478" lon="0.07159798559927766">
    <ele>5.44</ele>
   </trkpt>
   <trkpt lat="38.647462001207415" lon="0.07181198560239034">
    <ele>5.49</ele>
   </trkpt>
   <trkpt lat="38.648266000830176" lon="0.07202599040814374">
    <ele>5.620000000000001</ele>
   </trkpt>
   <trkpt lat="38.64907" lon="0.07224000000000001">
    <ele>5.91</ele>
   </trkpt>
   <trkpt lat="38.649170000000005" lon="0.07228000000000001">
    <ele>5.91</ele>
   </trkpt>
   <trkpt lat="38.64925" lon="0.07234">
    <ele>5.91</ele>
   </trkpt>
   <trkpt lat="38.649280000000005" lon="0.07242000000000001">
    <ele>5.930000000000001</ele>
   </trkpt>
   <trkpt lat="38.649370000000005" lon="0.07253000000000001">
    <ele>5.99</ele>
   </trkpt>
   <trkpt lat="38.6495" lon="0.07255">
    <ele>5.99</ele>
   </trkpt>
   <trkpt lat="38.649710000000006" lon="0.07241">
    <ele>6.32</ele>
   </trkpt>
   <trkpt lat="38.65054000029916" lon="0.07262499753571733">
    <ele>7.04</ele>
   </trkpt>
   <trkpt lat="38.65137" lon="0.07284">
    <ele>8.32</ele>
   </trkpt>
   <trkpt lat="38.65162" lon="0.07293000000000001">
    <ele>9.09</ele>
   </trkpt>
   <trkpt lat="38.65167" lon="0.07297000000000001">
    <ele>9.44</ele>
   </trkpt>
   <trkpt lat="38.651830000000004" lon="0.07296000000000001">
    <ele>10.34</ele>
   </trkpt>
   <trkpt lat="38.651970000000006" lon="0.07303000000000001">
    <ele>11.600000000000001</ele>
   </trkpt>
   <trkpt lat="38.65236" lon="0.07342">
    <ele>14.280000000000001</ele>
   </trkpt>
   <trkpt lat="38.65278" lon="0.07394">
    <ele>17.330000000000002</ele>
   </trkpt>
   <trkpt lat="38.65294" lon="0.07419">
    <ele>19.32</ele>
   </trkpt>
   <trkpt lat="38.65341" lon="0.07503">
    <ele>24.43</ele>
   </trkpt>
   <trkpt lat="38.653835002568535" lon="0.075814995241937">
    <ele>28.78</ele>
   </trkpt>
   <trkpt lat="38.65426" lon="0.0766">
    <ele>30.54</ele>
   </trkpt>
   <trkpt lat="38.65449" lon="0.07699">
    <ele>30.770000000000003</ele>
   </trkpt>
   <trkpt lat="38.654700000000005" lon="0.07723000000000001">
    <ele>31.160000000000004</ele>
   </trkpt>
   <trkpt lat="38.65493" lon="0.07734">
    <ele>32.040000000000006</ele>
   </trkpt>
   <trkpt lat="38.655120000000004" lon="0.07741">
    <ele>32.900000000000006</ele>
   </trkpt>
   <trkpt lat="38.65587" lon="0.07764">
    <ele>37.160000000000004</ele>
   </trkpt>
   <trkpt lat="38.65605" lon="0.07765000000000001">
    <ele>37.99</ele>
   </trkpt>
   <trkpt lat="38.656200000000005" lon="0.07761000000000001">
    <ele>38.56</ele>
   </trkpt>
   <trkpt lat="38.656780000000005" lon="0.07727">
    <ele>39.940000000000005</ele>
   </trkpt>
   <trkpt lat="38.6569" lon="0.07725000000000001">
    <ele>39.940000000000005</ele>
   </trkpt>
   <trkpt lat="38.65704" lon="0.07728">
    <ele>39.95</ele>
   </trkpt>
   <trkpt lat="38.657520000000005" lon="0.07758000000000001">
    <ele>39.68</ele>
   </trkpt>
   <trkpt lat="38.657650000000004" lon="0.07769000000000001">
    <ele>39.690000000000005</ele>
   </trkpt>
   <trkpt lat="38.657740000000004" lon="0.07781">
    <ele>39.7</ele>
   </trkpt>
   <trkpt lat="38.658" lon="0.07829000000000001">
    <ele>41.010000000000005</ele>
   </trkpt>
   <trkpt lat="38.658120000000004" lon="0.07842">
    <ele>41.010000000000005</ele>
   </trkpt>
   <trkpt lat="38.65845" lon="0.07867">
    <ele>41.120000000000005</ele>
   </trkpt>
   <trkpt lat="38.658640000000005" lon="0.07894000000000001">
    <ele>39.96</ele>
   </trkpt>
   <trkpt lat="38.6587" lon="0.07913">
    <ele>39.56</ele>
   </trkpt>
   <trkpt lat="38.658820000000006" lon="0.07979">
    <ele>37.33</ele>
   </trkpt>
   <trkpt lat="38.6589" lon="0.08007">
    <ele>36.95</ele>
   </trkpt>
   <trkpt lat="38.659000000000006" lon="0.08028">
    <ele>36.89000000000001</ele>
   </trkpt>
   <trkpt lat="38.65938500101072" lon="0.08073499770710253">
    <ele>36.910000000000004</ele>
   </trkpt>
   <trkpt lat="38.65977" lon="0.08119000000000001">
    <ele>37.11000000000001</ele>
   </trkpt>
   <trkpt lat="38.65991" lon="0.08147">
    <ele>36.82000000000001</ele>
   </trkpt>
   <trkpt lat="38.66020000189679" lon="0.08214999707860814">
    <ele>35.56</ele>
   </trkpt>
   <trkpt lat="38.66049" lon="0.08283">
    <ele>32.57</ele>
   </trkpt>
   <trkpt lat="38.660560000000004" lon="0.08307">
    <ele>31.73</ele>
   </trkpt>
   <trkpt lat="38.660590000000006" lon="0.08344">
    <ele>29.640000000000004</ele>
   </trkpt>
   <trkpt lat="38.66055" lon="0.08372">
    <ele>29.34</ele>
   </trkpt>
   <trkpt lat="38.66042" lon="0.08417000000000001">
    <ele>29.290000000000003</ele>
   </trkpt>
   <trkpt lat="38.6604" lon="0.08431000000000001">
    <ele>29.51</ele>
   </trkpt>
   <trkpt lat="38.6604" lon="0.08447">
    <ele>29.620000000000005</ele>
   </trkpt>
   <trkpt lat="38.660430000000005" lon="0.08458">
    <ele>29.61</ele>
   </trkpt>
   <trkpt lat="38.66075" lon="0.08509000000000001">
    <ele>29.76</ele>
   </trkpt>
   <trkpt lat="38.66109" lon="0.08570000000000001">
    <ele>31.35</ele>
   </trkpt>
   <trkpt lat="38.661640000000006" lon="0.08633">
    <ele>31.740000000000002</ele>
   </trkpt>
   <trkpt lat="38.66181" lon="0.08659">
    <ele>31.37</ele>
   </trkpt>
   <trkpt lat="38.661970000000004" lon="0.08677000000000001">
    <ele>30.900000000000002</ele>
   </trkpt>
   <trkpt lat="38.66261" lon="0.08732000000000001">
    <ele>28.92</ele>
   </trkpt>
   <trkpt lat="38.66311" lon="0.08772">
    <ele>27.410000000000004</ele>
   </trkpt>
   <trkpt lat="38.66321000000001" lon="0.08776">
    <ele>27.410000000000004</ele>
   </trkpt>
   <trkpt lat="38.66330000000001" lon="0.08775000000000001">
    <ele>27.410000000000004</ele>
   </trkpt>
   <trkpt lat="38.663410000000006" lon="0.08769">
    <ele>26.19</ele>
   </trkpt>
   <trkpt lat="38.663540000000005" lon="0.08753000000000001">
    <ele>26.19</ele>
   </trkpt>
   <trkpt lat="38.663630000000005" lon="0.08728000000000001">
    <ele>25.540000000000003</ele>
   </trkpt>
   <trkpt lat="38.66377000000001" lon="0.08654">
    <ele>23.560000000000002</ele>
   </trkpt>
   <trkpt lat="38.66394000179996" lon="0.08589000153794246">
    <ele>23.6</ele>
   </trkpt>
   <trkpt lat="38.66411" lon="0.08524000000000001">
    <ele>24.78</ele>
   </trkpt>
   <trkpt lat="38.664190000000005" lon="0.08439">
    <ele>24.92</ele>
   </trkpt>
   <trkpt lat="38.66424000000001" lon="0.08425">
    <ele>24.92</ele>
   </trkpt>
   <trkpt lat="38.66434" lon="0.08411">
    <ele>24.73</ele>
   </trkpt>
   <trkpt lat="38.66442" lon="0.08407">
    <ele>24.580000000000002</ele>
   </trkpt>
   <trkpt lat="38.664530000000006" lon="0.08406000000000001">
    <ele>24.110000000000003</ele>
   </trkpt>
   <trkpt lat="38.664590000000004" lon="0.08409000000000001">
    <ele>24.110000000000003</ele>
   </trkpt>
   <trkpt lat="38.664660000000005" lon="0.08418">
    <ele>23.73</ele>
   </trkpt>
   <trkpt lat="38.66481" lon="0.08449000000000001">
    <ele>21.54</ele>
   </trkpt>
   <trkpt lat="38.6649" lon="0.08465">
    <ele>21.54</ele>
   </trkpt>
   <trkpt lat="38.665000000000006" lon="0.08473000000000001">
    <ele>20.86</ele>
   </trkpt>
   <trkpt lat="38.665130000000005" lon="0.08475">
    <ele>19.680000000000003</ele>
   </trkpt>
   <trkpt lat="38.665350000000004" lon="0.08470000000000001">
    <ele>19.07</ele>
   </trkpt>
   <trkpt lat="38.66545" lon="0.08471000000000001">
    <ele>19.07</ele>
   </trkpt>
   <trkpt lat="38.665510000000005" lon="0.08474000000000001">
    <ele>19.07</ele>
   </trkpt>
   <trkpt lat="38.665580000000006" lon="0.08482">
    <ele>17.97</ele>
   </trkpt>
   <trkpt lat="38.665620000000004" lon="0.08491000000000001">
    <ele>17.97</ele>
   </trkpt>
   <trkpt lat="38.66563" lon="0.085">
    <ele>17.57</ele>
   </trkpt>
   <trkpt lat="38.66559" lon="0.08518">
    <ele>16.48</ele>
   </trkpt>
   <trkpt lat="38.66525" lon="0.08601">
    <ele>14.640000000000002</ele>
   </trkpt>
   <trkpt lat="38.665220000000005" lon="0.08623">
    <ele>14.71</ele>
   </trkpt>
   <trkpt lat="38.6653" lon="0.08663000000000001">
    <ele>15.09</ele>
   </trkpt>
   <trkpt lat="38.665310000000005" lon="0.08710000000000001">
    <ele>16.290000000000003</ele>
   </trkpt>
   <trkpt lat="38.66534" lon="0.08726">
    <ele>16.290000000000003</ele>
   </trkpt>
   <trkpt lat="38.665400000000005" lon="0.08747">
    <ele>17.46</ele>
   </trkpt>
   <trkpt lat="38.66548" lon="0.08801">
    <ele>19.84</ele>
   </trkpt>
   <trkpt lat="38.66561" lon="0.08865">
    <ele>22.27</ele>
   </trkpt>
   <trkpt lat="38.665710000000004" lon="0.08897000000000001">
    <ele>23.49</ele>
   </trkpt>
   <trkpt lat="38.665820000000004" lon="0.08913">
    <ele>24.16</ele>
   </trkpt>
   <trkpt lat="38.6659" lon="0.08922000000000001">
    <ele>24.580000000000002</ele>
   </trkpt>
   <trkpt lat="38.666050000000006" lon="0.08934">
    <ele>25.18</ele>
   </trkpt>
   <trkpt lat="38.66659000000001" lon="0.08962">
    <ele>27.12</ele>
   </trkpt>
   <trkpt lat="38.66686" lon="0.0897">
    <ele>28.740000000000002</ele>
   </trkpt>
   <trkpt lat="38.66696" lon="0.08969">
    <ele>28.740000000000002</ele>
   </trkpt>
   <trkpt lat="38.667060000000006" lon="0.08966">
    <ele>29.23</ele>
   </trkpt>
   <trkpt lat="38.66733" lon="0.08946000000000001">
    <ele>30.38</ele>
   </trkpt>
   <trkpt lat="38.66743" lon="0.08943000000000001">
    <ele>30.38</ele>
   </trkpt>
   <trkpt lat="38.66752" lon="0.08944">
    <ele>30.770000000000003</ele>
   </trkpt>
   <trkpt lat="38.667680000000004" lon="0.08949000000000001">
    <ele>31.230000000000004</ele>
   </trkpt>
   <trkpt lat="38.667860000000005" lon="0.08961000000000001">
    <ele>31.89</ele>
   </trkpt>
   <trkpt lat="38.66798" lon="0.08962">
    <ele>32.32</ele>
   </trkpt>
   <trkpt lat="38.66805" lon="0.08960000000000001">
    <ele>32.32</ele>
   </trkpt>
   <trkpt lat="38.668150000000004" lon="0.08952">
    <ele>33.230000000000004</ele>
   </trkpt>
   <trkpt lat="38.66854" lon="0.08909">
    <ele>34.160000000000004</ele>
   </trkpt>
   <trkpt lat="38.66866" lon="0.08900000000000001">
    <ele>34.45</ele>
   </trkpt>
   <trkpt lat="38.668820000000004" lon="0.08900000000000001">
    <ele>34.97</ele>
   </trkpt>
   <trkpt lat="38.6689" lon="0.08902">
    <ele>34.97</ele>
   </trkpt>
   <trkpt lat="38.66903000000001" lon="0.08914000000000001">
    <ele>35.52</ele>
   </trkpt>
   <trkpt lat="38.669340000000005" lon="0.08950000000000001">
    <ele>36.47</ele>
   </trkpt>
   <trkpt lat="38.66942" lon="0.08971000000000001">
    <ele>36.95</ele>
   </trkpt>
   <trkpt lat="38.669430000000006" lon="0.08995">
    <ele>37.480000000000004</ele>
   </trkpt>
   <trkpt lat="38.66902" lon="0.09083000000000001">
    <ele>39.650000000000006</ele>
   </trkpt>
   <trkpt lat="38.66884" lon="0.09114000000000001">
    <ele>40.53</ele>
   </trkpt>
   <trkpt lat="38.66877" lon="0.09149">
    <ele>42.07</ele>
   </trkpt>
   <trkpt lat="38.668780000000005" lon="0.09164000000000001">
    <ele>42.580000000000005</ele>
   </trkpt>
   <trkpt lat="38.66886" lon="0.09183000000000001">
    <ele>42.940000000000005</ele>
   </trkpt>
   <trkpt lat="38.66895" lon="0.09193000000000001">
    <ele>43.29</ele>
   </trkpt>
   <trkpt lat="38.6691" lon="0.09204000000000001">
    <ele>43.67</ele>
   </trkpt>
   <trkpt lat="38.669270000000004" lon="0.09209">
    <ele>43.67</ele>
   </trkpt>
   <trkpt lat="38.669410000000006" lon="0.0921">
    <ele>43.67</ele>
   </trkpt>
   <trkpt lat="38.67021500004203" lon="0.09204500061643459">
    <ele>46.940000000000005</ele>
   </trkpt>
   <trkpt lat="38.671020000000006" lon="0.09199">
    <ele>47.61000000000001</ele>
   </trkpt>
   <trkpt lat="38.67112" lon="0.09193000000000001">
    <ele>47.61000000000001</ele>
   </trkpt>
   <trkpt lat="38.67118" lon="0.09187000000000001">
    <ele>47.690000000000005</ele>
   </trkpt>
   <trkpt lat="38.671260000000004" lon="0.09172000000000001">
    <ele>47.74</ele>
   </trkpt>
   <trkpt lat="38.671310000000005" lon="0.09158000000000001">
    <ele>47.77</ele>
   </trkpt>
   <trkpt lat="38.67145" lon="0.09138">
    <ele>47.970000000000006</ele>
   </trkpt>
   <trkpt lat="38.67179" lon="0.09123">
    <ele>47.92</ele>
   </trkpt>
   <trkpt lat="38.671910000000004" lon="0.09112">
    <ele>47.93000000000001</ele>
   </trkpt>
   <trkpt lat="38.67202" lon="0.09099">
    <ele>48.0</ele>
   </trkpt>
   <trkpt lat="38.67249" lon="0.09023">
    <ele>47.940000000000005</ele>
   </trkpt>
   <trkpt lat="38.6726" lon="0.08998">
    <ele>47.85</ele>
   </trkpt>
   <trkpt lat="38.67289" lon="0.08915000000000001">
    <ele>47.05</ele>
   </trkpt>
   <trkpt lat="38.67307500121168" lon="0.08861000148240136">
    <ele>46.75000000000001</ele>
   </trkpt>
   <trkpt lat="38.673260000000006" lon="0.08807000000000001">
    <ele>45.85</ele>
   </trkpt>
   <trkpt lat="38.67338" lon="0.08800000000000001">
    <ele>45.75000000000001</ele>
   </trkpt>
   <trkpt lat="38.673570000000005" lon="0.08800000000000001">
    <ele>45.74</ele>
   </trkpt>
   <trkpt lat="38.67374" lon="0.08810000000000001">
    <ele>46.11000000000001</ele>
   </trkpt>
   <trkpt lat="38.67381" lon="0.0883">
    <ele>46.89</ele>
   </trkpt>
   <trkpt lat="38.673880000000004" lon="0.08865">
    <ele>48.400000000000006</ele>
   </trkpt>
   <trkpt lat="38.67394" lon="0.08874000000000001">
    <ele>48.400000000000006</ele>
   </trkpt>
   <trkpt lat="38.67403" lon="0.08881000000000001">
    <ele>50.080000000000005</ele>
   </trkpt>
   <trkpt lat="38.674110000000006" lon="0.08882000000000001">
    <ele>50.080000000000005</ele>
   </trkpt>
   <trkpt lat="38.67446" lon="0.08876">
    <ele>51.57</ele>
   </trkpt>
   <trkpt lat="38.674800000000005" lon="0.08847000000000001">
    <ele>53.78</ele>
   </trkpt>
   <trkpt lat="38.6749" lon="0.08848">
    <ele>54.410000000000004</ele>
   </trkpt>
   <trkpt lat="38.67494000000001" lon="0.08852">
    <ele>54.410000000000004</ele>
   </trkpt>
   <trkpt lat="38.675000000000004" lon="0.08867000000000001">
    <ele>54.410000000000004</ele>
   </trkpt>
   <trkpt lat="38.67494000000001" lon="0.08899000000000001">
    <ele>55.7</ele>
   </trkpt>
   <trkpt lat="38.6749" lon="0.08945">
    <ele>57.07</ele>
   </trkpt>
   <trkpt lat="38.67484" lon="0.08978000000000001">
    <ele>58.07</ele>
   </trkpt>
   <trkpt lat="38.674760000000006" lon="0.09003000000000001">
    <ele>58.81000000000001</ele>
   </trkpt>
   <trkpt lat="38.674510000000005" lon="0.09041">
    <ele>62.09</ele>
   </trkpt>
   <trkpt lat="38.67443" lon="0.09059">
    <ele>62.09</ele>
   </trkpt>
   <trkpt lat="38.67439" lon="0.09075000000000001">
    <ele>63.07</ele>
   </trkpt>
   <trkpt lat="38.67441" lon="0.09088">
    <ele>63.42</ele>
   </trkpt>
   <trkpt lat="38.67447000000001" lon="0.09097000000000001">
    <ele>63.75</ele>
   </trkpt>
   <trkpt lat="38.67472" lon="0.09119000000000001">
    <ele>64.67</ele>
   </trkpt>
   <trkpt lat="38.67479" lon="0.09133000000000001">
    <ele>65.79</ele>
   </trkpt>
   <trkpt lat="38.67483" lon="0.09147000000000001">
    <ele>65.79</ele>
   </trkpt>
   <trkpt lat="38.67484" lon="0.09173">
    <ele>67.04</ele>
   </trkpt>
   <trkpt lat="38.67483" lon="0.09187000000000001">
    <ele>67.04</ele>
   </trkpt>
   <trkpt lat="38.674670000000006" lon="0.09256">
    <ele>69.38000000000001</ele>
   </trkpt>
   <trkpt lat="38.674640000000004" lon="0.09293000000000001">
    <ele>69.31</ele>
   </trkpt>
   <trkpt lat="38.67441" lon="0.09342">
    <ele>65.60000000000001</ele>
   </trkpt>
   <trkpt lat="38.67432" lon="0.09387000000000001">
    <ele>63.17</ele>
   </trkpt>
   <trkpt lat="38.674240000000005" lon="0.09413">
    <ele>61.56</ele>
   </trkpt>
   <trkpt lat="38.674200000000006" lon="0.09421">
    <ele>60.68000000000001</ele>
   </trkpt>
   <trkpt lat="38.6741" lon="0.09430000000000001">
    <ele>60.07000000000001</ele>
   </trkpt>
   <trkpt lat="38.673370000000006" lon="0.09458000000000001">
    <ele>53.46000000000001</ele>
   </trkpt>
   <trkpt lat="38.67258" lon="0.09497000000000001">
    <ele>48.59</ele>
   </trkpt>
   <trkpt lat="38.672450000000005" lon="0.09505000000000001">
    <ele>47.43000000000001</ele>
   </trkpt>
   <trkpt lat="38.672360000000005" lon="0.09517">
    <ele>47.43000000000001</ele>
   </trkpt>
   <trkpt lat="38.6723" lon="0.09528">
    <ele>45.21000000000001</ele>
   </trkpt>
   <trkpt lat="38.67228" lon="0.09548000000000001">
    <ele>45.21000000000001</ele>
   </trkpt>
   <trkpt lat="38.6723" lon="0.09561000000000001">
    <ele>44.31</ele>
   </trkpt>
   <trkpt lat="38.672470000000004" lon="0.09590000000000001">
    <ele>42.71</ele>
   </trkpt>
   <trkpt lat="38.672520000000006" lon="0.09595000000000001">
    <ele>42.28</ele>
   </trkpt>
   <trkpt lat="38.67264" lon="0.096">
    <ele>41.870000000000005</ele>
   </trkpt>
   <trkpt lat="38.67287" lon="0.09599">
    <ele>40.690000000000005</ele>
   </trkpt>
   <trkpt lat="38.672990000000006" lon="0.09601000000000001">
    <ele>40.690000000000005</ele>
   </trkpt>
   <trkpt lat="38.67309" lon="0.09608000000000001">
    <ele>39.800000000000004</ele>
   </trkpt>
   <trkpt lat="38.673300000000005" lon="0.09641000000000001">
    <ele>37.790000000000006</ele>
   </trkpt>
   <trkpt lat="38.67342" lon="0.09655000000000001">
    <ele>37.790000000000006</ele>
   </trkpt>
   <trkpt lat="38.673570000000005" lon="0.0966">
    <ele>37.42</ele>
   </trkpt>
   <trkpt lat="38.673770000000005" lon="0.0966">
    <ele>37.02</ele>
   </trkpt>
   <trkpt lat="38.67414" lon="0.09648000000000001">
    <ele>34.32</ele>
   </trkpt>
   <trkpt lat="38.674240000000005" lon="0.09649">
    <ele>33.04</ele>
   </trkpt>
   <trkpt lat="38.67436" lon="0.09655000000000001">
    <ele>32.440000000000005</ele>
   </trkpt>
   <trkpt lat="38.674510000000005" lon="0.09656">
    <ele>31.61</ele>
   </trkpt>
   <trkpt lat="38.674670000000006" lon="0.09653">
    <ele>30.860000000000003</ele>
   </trkpt>
   <trkpt lat="38.67486" lon="0.09647000000000001">
    <ele>30.44</ele>
   </trkpt>
   <trkpt lat="38.67497" lon="0.09641000000000001">
    <ele>28.770000000000003</ele>
   </trkpt>
   <trkpt lat="38.67502" lon="0.09636">
    <ele>28.770000000000003</ele>
   </trkpt>
   <trkpt lat="38.675250000000005" lon="0.09599">
    <ele>27.750000000000004</ele>
   </trkpt>
   <trkpt lat="38.67537" lon="0.09591000000000001">
    <ele>27.330000000000002</ele>
   </trkpt>
   <trkpt lat="38.675470000000004" lon="0.09589">
    <ele>27.13</ele>
   </trkpt>
   <trkpt lat="38.675650000000005" lon="0.09590000000000001">
    <ele>26.930000000000003</ele>
   </trkpt>
   <trkpt lat="38.67577" lon="0.09594000000000001">
    <ele>26.950000000000003</ele>
   </trkpt>
   <trkpt lat="38.675830000000005" lon="0.09599">
    <ele>27.06</ele>
   </trkpt>
   <trkpt lat="38.675900000000006" lon="0.0961">
    <ele>27.23</ele>
   </trkpt>
   <trkpt lat="38.675940000000004" lon="0.09621">
    <ele>27.680000000000003</ele>
   </trkpt>
   <trkpt lat="38.67596" lon="0.09640000000000001">
    <ele>27.78</ele>
   </trkpt>
   <trkpt lat="38.675830000000005" lon="0.09702000000000001">
    <ele>29.300000000000004</ele>
   </trkpt>
   <trkpt lat="38.67566" lon="0.09815">
    <ele>32.550000000000004</ele>
   </trkpt>
   <trkpt lat="38.67559" lon="0.09833000000000001">
    <ele>33.480000000000004</ele>
   </trkpt>
   <trkpt lat="38.67549" lon="0.09849000000000001">
    <ele>33.480000000000004</ele>
   </trkpt>
   <trkpt lat="38.675340000000006" lon="0.09866000000000001">
    <ele>34.800000000000004</ele>
   </trkpt>
   <trkpt lat="38.675230000000006" lon="0.09873000000000001">
    <ele>35.61</ele>
   </trkpt>
   <trkpt lat="38.675160000000005" lon="0.09875">
    <ele>35.61</ele>
   </trkpt>
   <trkpt lat="38.674710000000005" lon="0.09876000000000001">
    <ele>38.21</ele>
   </trkpt>
   <trkpt lat="38.67456000000001" lon="0.09883">
    <ele>38.95</ele>
   </trkpt>
   <trkpt lat="38.67445" lon="0.0989">
    <ele>39.38</ele>
   </trkpt>
   <trkpt lat="38.67423" lon="0.09909000000000001">
    <ele>39.870000000000005</ele>
   </trkpt>
   <trkpt lat="38.673660000000005" lon="0.09984000000000001">
    <ele>39.89</ele>
   </trkpt>
   <trkpt lat="38.67356" lon="0.10009000000000001">
    <ele>39.0</ele>
   </trkpt>
   <trkpt lat="38.67356" lon="0.10017000000000001">
    <ele>39.0</ele>
   </trkpt>
   <trkpt lat="38.673590000000004" lon="0.10029">
    <ele>39.0</ele>
   </trkpt>
   <trkpt lat="38.673660000000005" lon="0.10043">
    <ele>37.22</ele>
   </trkpt>
   <trkpt lat="38.67376" lon="0.10058">
    <ele>36.18</ele>
   </trkpt>
   <trkpt lat="38.67399" lon="0.10079">
    <ele>35.09</ele>
   </trkpt>
   <trkpt lat="38.67416" lon="0.1009">
    <ele>33.1</ele>
   </trkpt>
   <trkpt lat="38.6747" lon="0.10113000000000001">
    <ele>30.150000000000002</ele>
   </trkpt>
   <trkpt lat="38.674800000000005" lon="0.10119">
    <ele>29.650000000000002</ele>
   </trkpt>
   <trkpt lat="38.67492" lon="0.10132000000000001">
    <ele>27.85</ele>
   </trkpt>
   <trkpt lat="38.67497" lon="0.10141000000000001">
    <ele>27.85</ele>
   </trkpt>
   <trkpt lat="38.6751" lon="0.10187">
    <ele>25.68</ele>
   </trkpt>
   <trkpt lat="38.675180000000005" lon="0.10201">
    <ele>24.57</ele>
   </trkpt>
   <trkpt lat="38.6754" lon="0.10221000000000001">
    <ele>24.57</ele>
   </trkpt>
   <trkpt lat="38.67568" lon="0.10234000000000001">
    <ele>21.86</ele>
   </trkpt>
   <trkpt lat="38.67589" lon="0.10241000000000001">
    <ele>21.05</ele>
   </trkpt>
   <trkpt lat="38.67606" lon="0.10242000000000001">
    <ele>20.52</ele>
   </trkpt>
   <trkpt lat="38.67625" lon="0.10238000000000001">
    <ele>20.19</ele>
   </trkpt>
   <trkpt lat="38.676350000000006" lon="0.10233">
    <ele>20.080000000000002</ele>
   </trkpt>
   <trkpt lat="38.676460000000006" lon="0.10225000000000001">
    <ele>20.009999999999998</ele>
   </trkpt>
   <trkpt lat="38.67667" lon="0.10203000000000001">
    <ele>20.16</ele>
   </trkpt>
   <trkpt lat="38.676790000000004" lon="0.10197">
    <ele>20.220000000000002</ele>
   </trkpt>
   <trkpt lat="38.676860000000005" lon="0.10198000000000002">
    <ele>20.220000000000002</ele>
   </trkpt>
   <trkpt lat="38.67692" lon="0.10203000000000001">
    <ele>20.330000000000002</ele>
   </trkpt>
   <trkpt lat="38.67698" lon="0.10212">
    <ele>20.330000000000002</ele>
   </trkpt>
   <trkpt lat="38.67700000000001" lon="0.10227000000000001">
    <ele>20.12</ele>
   </trkpt>
   <trkpt lat="38.676840000000006" lon="0.10258">
    <ele>19.930000000000003</ele>
   </trkpt>
   <trkpt lat="38.676770000000005" lon="0.10274000000000001">
    <ele>19.89</ele>
   </trkpt>
   <trkpt lat="38.67665" lon="0.10334000000000002">
    <ele>18.950000000000003</ele>
   </trkpt>
   <trkpt lat="38.6766" lon="0.10347">
    <ele>18.950000000000003</ele>
   </trkpt>
   <trkpt lat="38.67654" lon="0.10355">
    <ele>18.590000000000003</ele>
   </trkpt>
   <trkpt lat="38.676480000000005" lon="0.10361000000000001">
    <ele>18.44</ele>
   </trkpt>
   <trkpt lat="38.676280000000006" lon="0.10372">
    <ele>18.21</ele>
   </trkpt>
   <trkpt lat="38.67572000013558" lon="0.10398500215056114">
    <ele>19.1</ele>
   </trkpt>
   <trkpt lat="38.675160000000005" lon="0.10425000000000001">
    <ele>23.270000000000003</ele>
   </trkpt>
   <trkpt lat="38.67506" lon="0.10436000000000001">
    <ele>23.270000000000003</ele>
   </trkpt>
   <trkpt lat="38.67503000000001" lon="0.10443000000000001">
    <ele>25.290000000000003</ele>
   </trkpt>
   <trkpt lat="38.67504" lon="0.10457000000000001">
    <ele>25.290000000000003</ele>
   </trkpt>
   <trkpt lat="38.675070000000005" lon="0.10467000000000001">
    <ele>26.050000000000004</ele>
   </trkpt>
   <trkpt lat="38.67519" lon="0.10481000000000001">
    <ele>27.520000000000003</ele>
   </trkpt>
   <trkpt lat="38.67535" lon="0.10485000000000001">
    <ele>28.360000000000003</ele>
   </trkpt>
   <trkpt lat="38.67559" lon="0.10481000000000001">
    <ele>29.09</ele>
   </trkpt>
   <trkpt lat="38.675810000000006" lon="0.10473">
    <ele>30.28</ele>
   </trkpt>
   <trkpt lat="38.67631" lon="0.10450000000000001">
    <ele>32.74</ele>
   </trkpt>
   <trkpt lat="38.67653" lon="0.10439000000000001">
    <ele>36.14000000000001</ele>
   </trkpt>
   <trkpt lat="38.67663" lon="0.10436000000000001">
    <ele>36.14000000000001</ele>
   </trkpt>
   <trkpt lat="38.67678" lon="0.10437">
    <ele>36.14000000000001</ele>
   </trkpt>
   <trkpt lat="38.6769" lon="0.10446000000000001">
    <ele>38.470000000000006</ele>
   </trkpt>
   <trkpt lat="38.67712" lon="0.10483">
    <ele>39.580000000000005</ele>
   </trkpt>
   <trkpt lat="38.677240000000005" lon="0.10509">
    <ele>41.78</ele>
   </trkpt>
   <trkpt lat="38.67755500378885" lon="0.10603499580142267">
    <ele>46.93000000000001</ele>
   </trkpt>
   <trkpt lat="38.677870000000006" lon="0.10698">
    <ele>52.230000000000004</ele>
   </trkpt>
   <trkpt lat="38.677910000000004" lon="0.10721000000000001">
    <ele>52.75000000000001</ele>
   </trkpt>
   <trkpt lat="38.6779" lon="0.10731">
    <ele>52.94</ele>
   </trkpt>
   <trkpt lat="38.67793" lon="0.10738">
    <ele>52.94</ele>
   </trkpt>
   <trkpt lat="38.67799" lon="0.10743000000000001">
    <ele>52.94</ele>
   </trkpt>
   <trkpt lat="38.678050000000006" lon="0.10743000000000001">
    <ele>52.56</ele>
   </trkpt>
   <trkpt lat="38.678200000000004" lon="0.10754000000000001">
    <ele>52.010000000000005</ele>
   </trkpt>
   <trkpt lat="38.67837" lon="0.10790000000000001">
    <ele>51.17000000000001</ele>
   </trkpt>
   <trkpt lat="38.678560000000004" lon="0.10842">
    <ele>48.620000000000005</ele>
   </trkpt>
   <trkpt lat="38.67886" lon="0.10911000000000001">
    <ele>45.34</ele>
   </trkpt>
   <trkpt lat="38.67891" lon="0.10919000000000001">
    <ele>44.51</ele>
   </trkpt>
   <trkpt lat="38.67904" lon="0.10933000000000001">
    <ele>43.95</ele>
   </trkpt>
   <trkpt lat="38.67916" lon="0.10957000000000001">
    <ele>43.35000000000001</ele>
   </trkpt>
   <trkpt lat="38.679230000000004" lon="0.10980000000000001">
    <ele>42.97</ele>
   </trkpt>
   <trkpt lat="38.67929" lon="0.1106">
    <ele>41.830000000000005</ele>
   </trkpt>
   <trkpt lat="38.679320000000004" lon="0.11072000000000001">
    <ele>41.150000000000006</ele>
   </trkpt>
   <trkpt lat="38.67949" lon="0.1111">
    <ele>39.550000000000004</ele>
   </trkpt>
   <trkpt lat="38.67951" lon="0.11122000000000001">
    <ele>39.550000000000004</ele>
   </trkpt>
   <trkpt lat="38.679520000000004" lon="0.11143000000000002">
    <ele>37.35</ele>
   </trkpt>
   <trkpt lat="38.679500000000004" lon="0.11157">
    <ele>36.77</ele>
   </trkpt>
   <trkpt lat="38.67943" lon="0.11183000000000001">
    <ele>35.26</ele>
   </trkpt>
   <trkpt lat="38.67942" lon="0.11207">
    <ele>34.35</ele>
   </trkpt>
   <trkpt lat="38.67958000314941" lon="0.11292999808013024">
    <ele>31.32</ele>
   </trkpt>
   <trkpt lat="38.67974" lon="0.11379000000000002">
    <ele>28.93</ele>
   </trkpt>
   <trkpt lat="38.67991000000001" lon="0.11442000000000001">
    <ele>27.700000000000003</ele>
   </trkpt>
   <trkpt lat="38.680105001649885" lon="0.11503499844907727">
    <ele>26.930000000000003</ele>
   </trkpt>
   <trkpt lat="38.6803" lon="0.11565">
    <ele>26.42</ele>
   </trkpt>
   <trkpt lat="38.68072" lon="0.11665">
    <ele>23.66</ele>
   </trkpt>
   <trkpt lat="38.680960000000006" lon="0.11739000000000001">
    <ele>21.490000000000002</ele>
   </trkpt>
   <trkpt lat="38.681020000000004" lon="0.11771000000000001">
    <ele>21.26</ele>
   </trkpt>
   <trkpt lat="38.681070000000005" lon="0.11834000000000001">
    <ele>19.62</ele>
   </trkpt>
   <trkpt lat="38.681230000000006" lon="0.11883">
    <ele>18.09</ele>
   </trkpt>
   <trkpt lat="38.68128" lon="0.11895000000000001">
    <ele>18.02</ele>
   </trkpt>
   <trkpt lat="38.68126" lon="0.11905">
    <ele>17.48</ele>
   </trkpt>
   <trkpt lat="38.681290000000004" lon="0.11912">
    <ele>17.48</ele>
   </trkpt>
   <trkpt lat="38.68133" lon="0.11915">
    <ele>17.05</ele>
   </trkpt>
   <trkpt lat="38.681400000000004" lon="0.11913000000000001">
    <ele>17.05</ele>
   </trkpt>
   <trkpt lat="38.681490000000004" lon="0.11928000000000001">
    <ele>16.12</ele>
   </trkpt>
   <trkpt lat="38.682" lon="0.11995000000000001">
    <ele>15.200000000000001</ele>
   </trkpt>
   <trkpt lat="38.6822" lon="0.12024000000000001">
    <ele>15.01</ele>
   </trkpt>
   <trkpt lat="38.68224" lon="0.12034000000000002">
    <ele>15.070000000000002</ele>
   </trkpt>
   <trkpt lat="38.68227" lon="0.12104000000000001">
    <ele>15.790000000000001</ele>
   </trkpt>
   <trkpt lat="38.682300000000005" lon="0.12115000000000001">
    <ele>15.9</ele>
   </trkpt>
   <trkpt lat="38.682370000000006" lon="0.12131000000000002">
    <ele>16.17</ele>
   </trkpt>
   <trkpt lat="38.682705000927726" lon="0.12178999767666929">
    <ele>15.92</ele>
   </trkpt>
   <trkpt lat="38.683040000000005" lon="0.12227">
    <ele>15.91</ele>
   </trkpt>
   <trkpt lat="38.68316" lon="0.12257000000000001">
    <ele>16.26</ele>
   </trkpt>
   <trkpt lat="38.68327" lon="0.12274000000000002">
    <ele>16.34</ele>
   </trkpt>
   <trkpt lat="38.683370000000004" lon="0.12286000000000001">
    <ele>16.220000000000002</ele>
   </trkpt>
   <trkpt lat="38.683490000000006" lon="0.12293000000000001">
    <ele>16.040000000000003</ele>
   </trkpt>
   <trkpt lat="38.68399" lon="0.12310000000000001">
    <ele>14.940000000000001</ele>
   </trkpt>
   <trkpt lat="38.68412" lon="0.1232">
    <ele>14.990000000000002</ele>
   </trkpt>
   <trkpt lat="38.68432000000001" lon="0.12346000000000001">
    <ele>15.450000000000001</ele>
   </trkpt>
   <trkpt lat="38.68470000000001" lon="0.12400000000000001">
    <ele>15.92</ele>
   </trkpt>
   <trkpt lat="38.684810000000006" lon="0.12413">
    <ele>15.92</ele>
   </trkpt>
   <trkpt lat="38.68493" lon="0.12424000000000002">
    <ele>15.74</ele>
   </trkpt>
   <trkpt lat="38.68509" lon="0.12434">
    <ele>15.4</ele>
   </trkpt>
   <trkpt lat="38.685230000000004" lon="0.12438">
    <ele>14.360000000000001</ele>
   </trkpt>
   <trkpt lat="38.685610000000004" lon="0.12441">
    <ele>12.55</ele>
   </trkpt>
   <trkpt lat="38.685770000000005" lon="0.12445">
    <ele>11.32</ele>
   </trkpt>
   <trkpt lat="38.68591" lon="0.12456">
    <ele>10.910000000000002</ele>
   </trkpt>
   <trkpt lat="38.685970000000005" lon="0.12464000000000001">
    <ele>10.910000000000002</ele>
   </trkpt>
   <trkpt lat="38.68612" lon="0.12492000000000002">
    <ele>10.350000000000001</ele>
   </trkpt>
   <trkpt lat="38.686130000000006" lon="0.12507000000000001">
    <ele>10.05</ele>
   </trkpt>
   <trkpt lat="38.6861" lon="0.12521000000000002">
    <ele>10.010000000000002</ele>
   </trkpt>
   <trkpt lat="38.685810000000004" lon="0.12597">
    <ele>7.9300000000000015</ele>
   </trkpt>
   <trkpt lat="38.68578" lon="0.12635000000000002">
    <ele>7.57</ele>
   </trkpt>
   <trkpt lat="38.6857750031141" lon="0.12720499979218358">
    <ele>7.050000000000001</ele>
   </trkpt>
   <trkpt lat="38.685770000000005" lon="0.12806">
    <ele>7.21</ele>
   </trkpt>
   <trkpt lat="38.685790000000004" lon="0.12821000000000002">
    <ele>7.24</ele>
   </trkpt>
   <trkpt lat="38.68585" lon="0.12839">
    <ele>7.220000000000001</ele>
   </trkpt>
   <trkpt lat="38.685950000000005" lon="0.12851">
    <ele>7.220000000000001</ele>
   </trkpt>
   <trkpt lat="38.68605" lon="0.12859">
    <ele>7.03</ele>
   </trkpt>
   <trkpt lat="38.68648" lon="0.12882000000000002">
    <ele>7.090000000000001</ele>
   </trkpt>
   <trkpt lat="38.68661" lon="0.12886">
    <ele>7.050000000000001</ele>
   </trkpt>
   <trkpt lat="38.68722" lon="0.12898">
    <ele>7.280000000000001</ele>
   </trkpt>
   <trkpt lat="38.68768000023072" lon="0.12904499961216023">
    <ele>7.750000000000001</ele>
   </trkpt>
   <trkpt lat="38.688140000000004" lon="0.12911">
    <ele>9.340000000000002</ele>
   </trkpt>
   <trkpt lat="38.688840000000006" lon="0.12925">
    <ele>9.27</ele>
   </trkpt>
   <trkpt lat="38.68896" lon="0.12931">
    <ele>9.27</ele>
   </trkpt>
   <trkpt lat="38.689060000000005" lon="0.12942">
    <ele>9.14</ele>
   </trkpt>
   <trkpt lat="38.6891" lon="0.1295">
    <ele>9.14</ele>
   </trkpt>
   <trkpt lat="38.68914" lon="0.12972">
    <ele>8.94</ele>
   </trkpt>
   <trkpt lat="38.68914" lon="0.13009">
    <ele>8.860000000000001</ele>
   </trkpt>
   <trkpt lat="38.68911000747121" lon="0.13102666745354224">
    <ele>8.790000000000001</ele>
   </trkpt>
   <trkpt lat="38.68908000747116" lon="0.13196333412165892">
    <ele>8.83</ele>
   </trkpt>
   <trkpt lat="38.68905" lon="0.13290000000000002">
    <ele>9.040000000000001</ele>
   </trkpt>
   <trkpt lat="38.68903" lon="0.133">
    <ele>9.040000000000001</ele>
   </trkpt>
   <trkpt lat="38.689020000000006" lon="0.13328">
    <ele>9.05</ele>
   </trkpt>
   <trkpt lat="38.688990000000004" lon="0.13342">
    <ele>8.990000000000002</ele>
   </trkpt>
   <trkpt lat="38.688950000000006" lon="0.13348000000000002">
    <ele>8.990000000000002</ele>
   </trkpt>
   <trkpt lat="38.68894" lon="0.13358">
    <ele>8.990000000000002</ele>
   </trkpt>
   <trkpt lat="38.688990000000004" lon="0.13367">
    <ele>9.290000000000001</ele>
   </trkpt>
   <trkpt lat="38.68907" lon="0.1337">
    <ele>9.290000000000001</ele>
   </trkpt>
   <trkpt lat="38.68914" lon="0.13366">
    <ele>9.290000000000001</ele>
   </trkpt>
   <trkpt lat="38.68918" lon="0.13356">
    <ele>9.23</ele>
   </trkpt>
   <trkpt lat="38.68932" lon="0.1335">
    <ele>9.250000000000002</ele>
   </trkpt>
   <trkpt lat="38.69007500029521" lon="0.133340005072335">
    <ele>10.46</ele>
   </trkpt>
   <trkpt lat="38.690830000372415" lon="0.13318000676771355">
    <ele>10.64</ele>
   </trkpt>
   <trkpt lat="38.691585000231626" lon="0.1330200050859742">
    <ele>12.120000000000001</ele>
   </trkpt>
   <trkpt lat="38.69234" lon="0.13286">
    <ele>14.49</ele>
   </trkpt>
   <trkpt lat="38.69258000000001" lon="0.13284">
    <ele>15.72</ele>
   </trkpt>
   <trkpt lat="38.692780000000006" lon="0.13286">
    <ele>15.950000000000003</ele>
   </trkpt>
   <trkpt lat="38.69286" lon="0.13294">
    <ele>16.8</ele>
   </trkpt>
   <trkpt lat="38.693000000000005" lon="0.13296000000000002">
    <ele>16.8</ele>
   </trkpt>
   <trkpt lat="38.69306" lon="0.13293000000000002">
    <ele>17.02</ele>
   </trkpt>
   <trkpt lat="38.69315" lon="0.13281">
    <ele>17.32</ele>
   </trkpt>
   <trkpt lat="38.69352000000001" lon="0.13266">
    <ele>17.78</ele>
   </trkpt>
   <trkpt lat="38.693850000000005" lon="0.13260000000000002">
    <ele>17.990000000000002</ele>
   </trkpt>
   <trkpt lat="38.69426" lon="0.13247">
    <ele>18.53</ele>
   </trkpt>
   <trkpt lat="38.69451" lon="0.13249000000000002">
    <ele>18.81</ele>
   </trkpt>
   <trkpt lat="38.694900000000004" lon="0.13273000000000001">
    <ele>19.020000000000003</ele>
   </trkpt>
   <trkpt lat="38.69543" lon="0.13287000000000002">
    <ele>19.91</ele>
   </trkpt>
   <trkpt lat="38.69577" lon="0.13309">
    <ele>19.8</ele>
   </trkpt>
   <trkpt lat="38.69606" lon="0.1332">
    <ele>20.080000000000002</ele>
   </trkpt>
   <trkpt lat="38.696270000000005" lon="0.13325">
    <ele>20.080000000000002</ele>
   </trkpt>
   <trkpt lat="38.6967" lon="0.1333">
    <ele>21.060000000000002</ele>
   </trkpt>
   <trkpt lat="38.69718" lon="0.13343000000000002">
    <ele>21.32</ele>
   </trkpt>
   <trkpt lat="38.697520000000004" lon="0.13349">
    <ele>21.37</ele>
   </trkpt>
   <trkpt lat="38.697590000000005" lon="0.13353">
    <ele>21.37</ele>
   </trkpt>
   <trkpt lat="38.69765" lon="0.13351000000000002">
    <ele>21.37</ele>
   </trkpt>
   <trkpt lat="38.69807" lon="0.13355">
    <ele>21.27</ele>
   </trkpt>
   <trkpt lat="38.69829" lon="0.13360000000000002">
    <ele>21.27</ele>
   </trkpt>
   <trkpt lat="38.698640000000005" lon="0.13378">
    <ele>21.720000000000002</ele>
   </trkpt>
   <trkpt lat="38.69895" lon="0.13390000000000002">
    <ele>22.04</ele>
   </trkpt>
   <trkpt lat="38.69946000037124" lon="0.1340199992171967">
    <ele>22.480000000000004</ele>
   </trkpt>
   <trkpt lat="38.69997" lon="0.13414">
    <ele>23.06</ele>
   </trkpt>
   <trkpt lat="38.70027" lon="0.13426000000000002">
    <ele>23.46</ele>
   </trkpt>
   <trkpt lat="38.700860000000006" lon="0.13467">
    <ele>25.080000000000002</ele>
   </trkpt>
   <trkpt lat="38.70105" lon="0.13486">
    <ele>25.26</ele>
   </trkpt>
   <trkpt lat="38.701330000000006" lon="0.13520000000000001">
    <ele>25.44</ele>
   </trkpt>
   <trkpt lat="38.70147" lon="0.13534000000000002">
    <ele>25.540000000000003</ele>
   </trkpt>
   <trkpt lat="38.70163" lon="0.13545000000000001">
    <ele>25.540000000000003</ele>
   </trkpt>
   <trkpt lat="38.70214" lon="0.13565000000000002">
    <ele>25.85</ele>
   </trkpt>
   <trkpt lat="38.702830000000006" lon="0.13578">
    <ele>26.17</ele>
   </trkpt>
   <trkpt lat="38.70338" lon="0.13575">
    <ele>26.730000000000004</ele>
   </trkpt>
   <trkpt lat="38.70367" lon="0.13572">
    <ele>27.160000000000004</ele>
   </trkpt>
   <trkpt lat="38.70427000003308" lon="0.13582499911652485">
    <ele>28.240000000000002</ele>
   </trkpt>
   <trkpt lat="38.70487" lon="0.13593000000000002">
    <ele>28.76</ele>
   </trkpt>
   <trkpt lat="38.70541" lon="0.13633">
    <ele>29.0</ele>
   </trkpt>
   <trkpt lat="38.7060100001928" lon="0.13649999859320966">
    <ele>29.790000000000003</ele>
   </trkpt>
   <trkpt lat="38.706610000000005" lon="0.13667">
    <ele>31.230000000000004</ele>
   </trkpt>
   <trkpt lat="38.70719000058772" lon="0.1369166626942543">
    <ele>32.68</ele>
   </trkpt>
   <trkpt lat="38.70777000065722" lon="0.13716332939043127">
    <ele>34.47</ele>
   </trkpt>
   <trkpt lat="38.70835" lon="0.13741">
    <ele>35.370000000000005</ele>
   </trkpt>
   <trkpt lat="38.70901000028411" lon="0.13757999687102535">
    <ele>36.910000000000004</ele>
   </trkpt>
   <trkpt lat="38.70967000032204" lon="0.13774999688075726">
    <ele>38.27</ele>
   </trkpt>
   <trkpt lat="38.710330000000006" lon="0.13792000000000001">
    <ele>39.95</ele>
   </trkpt>
   <trkpt lat="38.710620000000006" lon="0.13797">
    <ele>40.120000000000005</ele>
   </trkpt>
   <trkpt lat="38.711470000000006" lon="0.13806000000000002">
    <ele>41.92</ele>
   </trkpt>
   <trkpt lat="38.71164" lon="0.13809000000000002">
    <ele>41.96</ele>
   </trkpt>
   <trkpt lat="38.711960000000005" lon="0.13821">
    <ele>42.910000000000004</ele>
   </trkpt>
   <trkpt lat="38.71249500028004" lon="0.13845499817757762">
    <ele>43.870000000000005</ele>
   </trkpt>
   <trkpt lat="38.71303" lon="0.13870000000000002">
    <ele>45.32000000000001</ele>
   </trkpt>
   <trkpt lat="38.71365500036292" lon="0.13894999785283688">
    <ele>45.99</ele>
   </trkpt>
   <trkpt lat="38.71428" lon="0.13920000000000002">
    <ele>47.470000000000006</ele>
   </trkpt>
   <trkpt lat="38.71496666693834" lon="0.13937333000700397">
    <ele>48.6</ele>
   </trkpt>
   <trkpt lat="38.71565333362077" lon="0.13954666334426868">
    <ele>49.510000000000005</ele>
   </trkpt>
   <trkpt lat="38.71634" lon="0.13972">
    <ele>51.07</ele>
   </trkpt>
   <trkpt lat="38.71658" lon="0.13986">
    <ele>51.32</ele>
   </trkpt>
   <trkpt lat="38.716620000000006" lon="0.13986">
    <ele>51.32</ele>
   </trkpt>
   <trkpt lat="38.716660000000005" lon="0.14001000000000002">
    <ele>51.86</ele>
   </trkpt>
   <trkpt lat="38.7167" lon="0.14006000000000002">
    <ele>51.86</ele>
   </trkpt>
   <trkpt lat="38.7167" lon="0.14017000000000002">
    <ele>52.32000000000001</ele>
   </trkpt>
   <trkpt lat="38.716590000000004" lon="0.14063">
    <ele>54.790000000000006</ele>
   </trkpt>
   <trkpt lat="38.71654" lon="0.14065000000000003">
    <ele>54.790000000000006</ele>
   </trkpt>
   <trkpt lat="38.71652" lon="0.14071">
    <ele>55.440000000000005</ele>
   </trkpt>
   <trkpt lat="38.71651000000001" lon="0.14077">
    <ele>55.440000000000005</ele>
   </trkpt>
   <trkpt lat="38.716570000000004" lon="0.14085">
    <ele>56.03</ele>
   </trkpt>
   <trkpt lat="38.716620000000006" lon="0.14086">
    <ele>56.03</ele>
   </trkpt>
   <trkpt lat="38.71665" lon="0.14084000000000002">
    <ele>56.03</ele>
   </trkpt>
   <trkpt lat="38.716770000000004" lon="0.14088">
    <ele>55.96</ele>
   </trkpt>
   <trkpt lat="38.71757" lon="0.14126000000000002">
    <ele>58.25</ele>
   </trkpt>
   <trkpt lat="38.717560000000006" lon="0.14129">
    <ele>58.25</ele>
   </trkpt>
   <trkpt lat="38.717580000000005" lon="0.14137000000000002">
    <ele>58.25</ele>
   </trkpt>
   <trkpt lat="38.717310000000005" lon="0.14173000000000002">
    <ele>60.49</ele>
   </trkpt>
   <trkpt lat="38.71725" lon="0.14214000000000002">
    <ele>63.13</ele>
   </trkpt>
   <trkpt lat="38.71723" lon="0.14306000000000002">
    <ele>71.57000000000001</ele>
   </trkpt>
   <trkpt lat="38.71714" lon="0.14352">
    <ele>76.57000000000001</ele>
   </trkpt>
   <trkpt lat="38.717020002232815" lon="0.14424500125181336">
    <ele>85.27000000000001</ele>
   </trkpt>
   <trkpt lat="38.7169" lon="0.14497000000000002">
    <ele>98.42</ele>
   </trkpt>
   <trkpt lat="38.716750000000005" lon="0.14569000000000001">
    <ele>109.23</ele>
   </trkpt>
   <trkpt lat="38.7166" lon="0.14601">
    <ele>118.32000000000001</ele>
   </trkpt>
   <trkpt lat="38.716260000000005" lon="0.14661000000000002">
    <ele>126.2</ele>
   </trkpt>
   <trkpt lat="38.7162" lon="0.14666">
    <ele>126.2</ele>
   </trkpt>
   <trkpt lat="38.71607" lon="0.14662">
    <ele>130.87</ele>
   </trkpt>
   <trkpt lat="38.715770000000006" lon="0.14632">
    <ele>135.51000000000002</ele>
   </trkpt>
   <trkpt lat="38.71567" lon="0.14626">
    <ele>136.64000000000001</ele>
   </trkpt>
   <trkpt lat="38.71558" lon="0.14624">
    <ele>137.68000000000004</ele>
   </trkpt>
   <trkpt lat="38.71548000000001" lon="0.14627">
    <ele>137.68000000000004</ele>
   </trkpt>
   <trkpt lat="38.71519" lon="0.14644000000000001">
    <ele>142.85</ele>
   </trkpt>
   <trkpt lat="38.714800000000004" lon="0.14662">
    <ele>147.02</ele>
   </trkpt>
   <trkpt lat="38.714360000000006" lon="0.14715">
    <ele>155.23</ele>
   </trkpt>
   <trkpt lat="38.714270000000006" lon="0.14738">
    <ele>157.60000000000002</ele>
   </trkpt>
   <trkpt lat="38.714200000000005" lon="0.14750000000000002">
    <ele>158.35999999999999</ele>
   </trkpt>
   <trkpt lat="38.71401" lon="0.14765">
    <ele>164.01000000000002</ele>
   </trkpt>
   <trkpt lat="38.714000000000006" lon="0.14779">
    <ele>165.19</ele>
   </trkpt>
   <trkpt lat="38.71414" lon="0.14812">
    <ele>168.11</ele>
   </trkpt>
   <trkpt lat="38.714270000000006" lon="0.14838">
    <ele>169.68000000000004</ele>
   </trkpt>
   <trkpt lat="38.714400000000005" lon="0.14856000000000003">
    <ele>170.39000000000001</ele>
   </trkpt>
   <trkpt lat="38.71500500064776" lon="0.1489699964835414">
    <ele>170.48000000000002</ele>
   </trkpt>
   <trkpt lat="38.715610000000005" lon="0.14938">
    <ele>171.93000000000004</ele>
   </trkpt>
   <trkpt lat="38.7158" lon="0.14943">
    <ele>174.91</ele>
   </trkpt>
   <trkpt lat="38.71654" lon="0.14956">
    <ele>185.74</ele>
   </trkpt>
   <trkpt lat="38.71688" lon="0.14966000000000002">
    <ele>188.10000000000002</ele>
   </trkpt>
   <trkpt lat="38.717020000000005" lon="0.14978000000000002">
    <ele>188.76000000000002</ele>
   </trkpt>
   <trkpt lat="38.71743" lon="0.15022000000000002">
    <ele>191.75</ele>
   </trkpt>
   <trkpt lat="38.717890000000004" lon="0.15062">
    <ele>197.89000000000001</ele>
   </trkpt>
   <trkpt lat="38.718070000000004" lon="0.15073">
    <ele>199.11</ele>
   </trkpt>
   <trkpt lat="38.718140000000005" lon="0.15082">
    <ele>199.17000000000002</ele>
   </trkpt>
   <trkpt lat="38.718160000000005" lon="0.15095">
    <ele>199.21</ele>
   </trkpt>
   <trkpt lat="38.718160000000005" lon="0.15105000000000002">
    <ele>199.21</ele>
   </trkpt>
   <trkpt lat="38.718120000000006" lon="0.15119000000000002">
    <ele>199.25</ele>
   </trkpt>
   <trkpt lat="38.71802" lon="0.15145">
    <ele>200.24000000000004</ele>
   </trkpt>
   <trkpt lat="38.71782" lon="0.15173">
    <ele>203.43000000000004</ele>
   </trkpt>
   <trkpt lat="38.7177" lon="0.15185">
    <ele>203.43000000000004</ele>
   </trkpt>
   <trkpt lat="38.7175" lon="0.15200000000000002">
    <ele>205.78</ele>
   </trkpt>
   <trkpt lat="38.717400000000005" lon="0.15204">
    <ele>207.53000000000003</ele>
   </trkpt>
   <trkpt lat="38.716820000000006" lon="0.15212">
    <ele>212.91000000000003</ele>
   </trkpt>
   <trkpt lat="38.716390000000004" lon="0.15228">
    <ele>217.81000000000003</ele>
   </trkpt>
   <trkpt lat="38.71632" lon="0.15229">
    <ele>219.73000000000002</ele>
   </trkpt>
   <trkpt lat="38.715990000000005" lon="0.15222000000000002">
    <ele>224.38000000000002</ele>
   </trkpt>
   <trkpt lat="38.715500000000006" lon="0.15221">
    <ele>230.29000000000002</ele>
   </trkpt>
   <trkpt lat="38.71511" lon="0.15216000000000002">
    <ele>235.99000000000004</ele>
   </trkpt>
   <trkpt lat="38.714890000000004" lon="0.15216000000000002">
    <ele>238.90000000000003</ele>
   </trkpt>
   <trkpt lat="38.71417" lon="0.15222000000000002">
    <ele>248.41000000000003</ele>
   </trkpt>
   <trkpt lat="38.7137" lon="0.15229">
    <ele>256.61</ele>
   </trkpt>
   <trkpt lat="38.71349" lon="0.15234">
    <ele>259.51</ele>
   </trkpt>
   <trkpt lat="38.7132" lon="0.15244000000000002">
    <ele>262.99</ele>
   </trkpt>
   <trkpt lat="38.71302" lon="0.15256">
    <ele>264.90000000000003</ele>
   </trkpt>
   <trkpt lat="38.71244" lon="0.15306">
    <ele>272.96000000000004</ele>
   </trkpt>
   <trkpt lat="38.712360000000004" lon="0.15321">
    <ele>273.37</ele>
   </trkpt>
   <trkpt lat="38.712340000000005" lon="0.15332">
    <ele>274.05</ele>
   </trkpt>
   <trkpt lat="38.71233" lon="0.15388000000000002">
    <ele>274.29</ele>
   </trkpt>
   <trkpt lat="38.71219" lon="0.15424000000000002">
    <ele>272.02000000000004</ele>
   </trkpt>
   <trkpt lat="38.71191" lon="0.15483000000000002">
    <ele>271.02000000000004</ele>
   </trkpt>
   <trkpt lat="38.71175" lon="0.15491000000000002">
    <ele>270.47</ele>
   </trkpt>
   <trkpt lat="38.71168" lon="0.15491000000000002">
    <ele>270.25000000000006</ele>
   </trkpt>
   <trkpt lat="38.71163000000001" lon="0.15496000000000001">
    <ele>270.53000000000003</ele>
   </trkpt>
   <trkpt lat="38.71161" lon="0.15504">
    <ele>270.53000000000003</ele>
   </trkpt>
   <trkpt lat="38.71163000000001" lon="0.15511000000000003">
    <ele>271.24</ele>
   </trkpt>
   <trkpt lat="38.71168" lon="0.15516000000000002">
    <ele>271.24</ele>
   </trkpt>
   <trkpt lat="38.711760000000005" lon="0.15529">
    <ele>272.6</ele>
   </trkpt>
   <trkpt lat="38.712030000000006" lon="0.15586000000000003">
    <ele>274.77</ele>
   </trkpt>
   <trkpt lat="38.71226" lon="0.15626">
    <ele>277.57000000000005</ele>
   </trkpt>
   <trkpt lat="38.71253" lon="0.15662">
    <ele>281.98</ele>
   </trkpt>
   <trkpt lat="38.712900000000005" lon="0.15701">
    <ele>288.03000000000003</ele>
   </trkpt>
   <trkpt lat="38.71343000239273" lon="0.15753332563213449">
    <ele>295.23</ele>
   </trkpt>
   <trkpt lat="38.71396000245275" lon="0.1580566590246401">
    <ele>304.76000000000005</ele>
   </trkpt>
   <trkpt lat="38.714490000000005" lon="0.15858000000000003">
    <ele>316.67</ele>
   </trkpt>
   <trkpt lat="38.714600000000004" lon="0.15867">
    <ele>316.67</ele>
   </trkpt>
   <trkpt lat="38.71509000052094" lon="0.1588799987031701">
    <ele>325.98</ele>
   </trkpt>
   <trkpt lat="38.71558" lon="0.15909">
    <ele>331.24</ele>
   </trkpt>
   <trkpt lat="38.716100000000004" lon="0.15940000000000001">
    <ele>340.82</ele>
   </trkpt>
   <trkpt lat="38.71651000000001" lon="0.1597">
    <ele>345.82</ele>
   </trkpt>
   <trkpt lat="38.716770000000004" lon="0.15981">
    <ele>348.59000000000003</ele>
   </trkpt>
   <trkpt lat="38.716350000000006" lon="0.15910000000000002">
    <ele>358.97</ele>
   </trkpt>
   <trkpt lat="38.71604000066663" lon="0.1586699979674464">
    <ele>366.88000000000005</ele>
   </trkpt>
   <trkpt lat="38.71573" lon="0.15824000000000002">
    <ele>372.19</ele>
   </trkpt>
   <trkpt lat="38.71564" lon="0.15803">
    <ele>372.79</ele>
   </trkpt>
   <trkpt lat="38.71564" lon="0.15794000000000002">
    <ele>373.32000000000005</ele>
   </trkpt>
   <trkpt lat="38.71566" lon="0.15787">
    <ele>374.1</ele>
   </trkpt>
   <trkpt lat="38.715740000000004" lon="0.15775">
    <ele>374.97</ele>
   </trkpt>
   <trkpt lat="38.715900000000005" lon="0.15766000000000002">
    <ele>375.93</ele>
   </trkpt>
   <trkpt lat="38.71613" lon="0.15763000000000002">
    <ele>378.90000000000003</ele>
   </trkpt>
   <trkpt lat="38.7166" lon="0.15769000000000002">
    <ele>386.41</ele>
   </trkpt>
   <trkpt lat="38.71712" lon="0.15785000000000002">
    <ele>391.28000000000003</ele>
   </trkpt>
   <trkpt lat="38.71768" lon="0.15811">
    <ele>394.71</ele>
   </trkpt>
   <trkpt lat="38.717850000000006" lon="0.15817">
    <ele>397.85</ele>
   </trkpt>
   <trkpt lat="38.718070000000004" lon="0.15822">
    <ele>399.52000000000004</ele>
   </trkpt>
   <trkpt lat="38.718270000000004" lon="0.15824000000000002">
    <ele>400.71</ele>
   </trkpt>
   <trkpt lat="38.718540000000004" lon="0.15819000000000003">
    <ele>403.38</ele>
   </trkpt>
   <trkpt lat="38.718790000000006" lon="0.1582">
    <ele>407.38</ele>
   </trkpt>
   <trkpt lat="38.718970000000006" lon="0.15829000000000001">
    <ele>409.51000000000005</ele>
   </trkpt>
   <trkpt lat="38.719120000000004" lon="0.15844000000000003">
    <ele>413.13000000000005</ele>
   </trkpt>
   <trkpt lat="38.719490001146035" lon="0.1589399975212898">
    <ele>417.06000000000006</ele>
   </trkpt>
   <trkpt lat="38.719860000000004" lon="0.15944000000000003">
    <ele>425.28000000000003</ele>
   </trkpt>
   <trkpt lat="38.720200000000006" lon="0.15993000000000002">
    <ele>428.67</ele>
   </trkpt>
   <trkpt lat="38.719860000000004" lon="0.15944000000000003">
    <ele>423.61</ele>
   </trkpt>
   <trkpt lat="38.71949000098339" lon="0.15893999730149477">
    <ele>417.06000000000006</ele>
   </trkpt>
   <trkpt lat="38.719120000000004" lon="0.15844000000000003">
    <ele>409.51000000000005</ele>
   </trkpt>
   <trkpt lat="38.718970000000006" lon="0.15829000000000001">
    <ele>407.38</ele>
   </trkpt>
   <trkpt lat="38.718790000000006" lon="0.1582">
    <ele>405.02000000000004</ele>
   </trkpt>
   <trkpt lat="38.718540000000004" lon="0.15819000000000003">
    <ele>401.96000000000004</ele>
   </trkpt>
   <trkpt lat="38.718270000000004" lon="0.15824000000000002">
    <ele>399.52000000000004</ele>
   </trkpt>
   <trkpt lat="38.718070000000004" lon="0.15822">
    <ele>397.85</ele>
   </trkpt>
   <trkpt lat="38.717850000000006" lon="0.15817">
    <ele>394.71</ele>
   </trkpt>
   <trkpt lat="38.71768" lon="0.15811">
    <ele>394.71</ele>
   </trkpt>
   <trkpt lat="38.71699" lon="0.15780000000000002">
    <ele>386.41</ele>
   </trkpt>
   <trkpt lat="38.7166" lon="0.15769000000000002">
    <ele>380.3</ele>
   </trkpt>
   <trkpt lat="38.71613" lon="0.15763000000000002">
    <ele>378.90000000000003</ele>
   </trkpt>
   <trkpt lat="38.715900000000005" lon="0.15766000000000002">
    <ele>374.97</ele>
   </trkpt>
   <trkpt lat="38.715740000000004" lon="0.15775">
    <ele>373.32000000000005</ele>
   </trkpt>
   <trkpt lat="38.71566" lon="0.15787">
    <ele>372.79</ele>
   </trkpt>
   <trkpt lat="38.71564" lon="0.15794000000000002">
    <ele>372.79</ele>
   </trkpt>
   <trkpt lat="38.71564" lon="0.15803">
    <ele>372.19</ele>
   </trkpt>
   <trkpt lat="38.71573" lon="0.15824000000000002">
    <ele>370.01</ele>
   </trkpt>
   <trkpt lat="38.71604000090828" lon="0.15866999830261955">
    <ele>362.12000000000006</ele>
   </trkpt>
   <trkpt lat="38.716350000000006" lon="0.15910000000000002">
    <ele>355.75</ele>
   </trkpt>
   <trkpt lat="38.716770000000004" lon="0.15981">
    <ele>346.7</ele>
   </trkpt>
   <trkpt lat="38.71749000078986" lon="0.16026499535836036">
    <ele>344.08000000000004</ele>
   </trkpt>
   <trkpt lat="38.718210000000006" lon="0.16072">
    <ele>343.36000000000007</ele>
   </trkpt>
   <trkpt lat="38.71865000049684" lon="0.16102499819204164">
    <ele>343.29</ele>
   </trkpt>
   <trkpt lat="38.71909" lon="0.16133">
    <ele>343.5</ele>
   </trkpt>
   <trkpt lat="38.719480000476864" lon="0.16161999850570877">
    <ele>343.37</ele>
   </trkpt>
   <trkpt lat="38.71987" lon="0.16191000000000003">
    <ele>342.64000000000004</ele>
   </trkpt>
   <trkpt lat="38.72028" lon="0.16217">
    <ele>341.24</ele>
   </trkpt>
   <trkpt lat="38.72084500044958" lon="0.16246499770890963">
    <ele>339.89000000000004</ele>
   </trkpt>
   <trkpt lat="38.721410000000006" lon="0.16276000000000002">
    <ele>338.63000000000005</ele>
   </trkpt>
   <trkpt lat="38.72184500025036" lon="0.16301999839488024">
    <ele>338.40000000000003</ele>
   </trkpt>
   <trkpt lat="38.722280000000005" lon="0.16328">
    <ele>338.03000000000003</ele>
   </trkpt>
   <trkpt lat="38.722720000189966" lon="0.1635099985653265">
    <ele>336.45000000000005</ele>
   </trkpt>
   <trkpt lat="38.72316" lon="0.16374000000000002">
    <ele>334.20000000000005</ele>
   </trkpt>
   <trkpt lat="38.72348" lon="0.16387000000000002">
    <ele>329.24</ele>
   </trkpt>
   <trkpt lat="38.72374000000001" lon="0.16389">
    <ele>325.52000000000004</ele>
   </trkpt>
   <trkpt lat="38.72404" lon="0.16387000000000002">
    <ele>322.53000000000003</ele>
   </trkpt>
   <trkpt lat="38.724720000000005" lon="0.16359">
    <ele>312.85</ele>
   </trkpt>
   <trkpt lat="38.724970000000006" lon="0.16345">
    <ele>309.72</ele>
   </trkpt>
   <trkpt lat="38.725640000000006" lon="0.16292">
    <ele>300.67</ele>
   </trkpt>
   <trkpt lat="38.725970000000004" lon="0.16271000000000002">
    <ele>289.19</ele>
   </trkpt>
   <trkpt lat="38.726240000000004" lon="0.16260000000000002">
    <ele>285.99</ele>
   </trkpt>
   <trkpt lat="38.72645" lon="0.16258">
    <ele>281.94</ele>
   </trkpt>
   <trkpt lat="38.7265" lon="0.16263000000000002">
    <ele>282.46000000000004</ele>
   </trkpt>
   <trkpt lat="38.72668" lon="0.16263000000000002">
    <ele>278.12</ele>
   </trkpt>
   <trkpt lat="38.72717999991656" lon="0.16277999889649264">
    <ele>270.27</ele>
   </trkpt>
   <trkpt lat="38.72768000000001" lon="0.16293000000000002">
    <ele>264.36</ele>
   </trkpt>
   <trkpt lat="38.72777000000001" lon="0.16299000000000002">
    <ele>263.46000000000004</ele>
   </trkpt>
   <trkpt lat="38.727790000000006" lon="0.16302000000000003">
    <ele>263.46000000000004</ele>
   </trkpt>
   <trkpt lat="38.72784" lon="0.16297">
    <ele>263.17</ele>
   </trkpt>
   <trkpt lat="38.727880000000006" lon="0.16302000000000003">
    <ele>263.17</ele>
   </trkpt>
   <trkpt lat="38.72816" lon="0.16288000000000002">
    <ele>261.8</ele>
   </trkpt>
   <trkpt lat="38.728370000000005" lon="0.16284">
    <ele>260.95</ele>
   </trkpt>
   <trkpt lat="38.728590000000004" lon="0.16273">
    <ele>259.38</ele>
   </trkpt>
   <trkpt lat="38.72872" lon="0.16273">
    <ele>257.99</ele>
   </trkpt>
   <trkpt lat="38.728820000000006" lon="0.16271000000000002">
    <ele>257.36</ele>
   </trkpt>
   <trkpt lat="38.729330000000004" lon="0.16249000000000002">
    <ele>256.04</ele>
   </trkpt>
   <trkpt lat="38.73019333417184" lon="0.16218000748548472">
    <ele>259.5</ele>
   </trkpt>
   <trkpt lat="38.73105666752505" lon="0.16187000747848365">
    <ele>263.90000000000003</ele>
   </trkpt>
   <trkpt lat="38.73192" lon="0.16156">
    <ele>268.69000000000005</ele>
   </trkpt>
   <trkpt lat="38.73203" lon="0.1615">
    <ele>269.59</ele>
   </trkpt>
   <trkpt lat="38.73219" lon="0.16134">
    <ele>270.92</ele>
   </trkpt>
   <trkpt lat="38.732240000000004" lon="0.16125">
    <ele>271.26</ele>
   </trkpt>
   <trkpt lat="38.73225" lon="0.16105000000000003">
    <ele>271.41</ele>
   </trkpt>
   <trkpt lat="38.73217" lon="0.16085000000000002">
    <ele>270.97</ele>
   </trkpt>
   <trkpt lat="38.731950000000005" lon="0.16059">
    <ele>268.88</ele>
   </trkpt>
   <trkpt lat="38.731590000000004" lon="0.16024000000000002">
    <ele>264.48</ele>
   </trkpt>
   <trkpt lat="38.73143" lon="0.16012">
    <ele>262.34000000000003</ele>
   </trkpt>
   <trkpt lat="38.730965000280435" lon="0.15984999822506293">
    <ele>255.63000000000002</ele>
   </trkpt>
   <trkpt lat="38.730500000000006" lon="0.15958">
    <ele>247.09000000000003</ele>
   </trkpt>
   <trkpt lat="38.73002500061467" lon="0.15925999799259957">
    <ele>239.8</ele>
   </trkpt>
   <trkpt lat="38.72955" lon="0.15894000000000003">
    <ele>236.75</ele>
   </trkpt>
   <trkpt lat="38.72921" lon="0.15877000000000002">
    <ele>224.85000000000002</ele>
   </trkpt>
   <trkpt lat="38.728730000000006" lon="0.15842">
    <ele>220.23000000000002</ele>
   </trkpt>
   <trkpt lat="38.728260000000006" lon="0.15803">
    <ele>214.37</ele>
   </trkpt>
   <trkpt lat="38.72809" lon="0.15795">
    <ele>209.83</ele>
   </trkpt>
   <trkpt lat="38.72778" lon="0.15785000000000002">
    <ele>209.83</ele>
   </trkpt>
   <trkpt lat="38.727610000000006" lon="0.15776">
    <ele>206.74</ele>
   </trkpt>
   <trkpt lat="38.727520000000005" lon="0.15769000000000002">
    <ele>206.74</ele>
   </trkpt>
   <trkpt lat="38.72744" lon="0.15760000000000002">
    <ele>201.42000000000002</ele>
   </trkpt>
   <trkpt lat="38.72729" lon="0.15737">
    <ele>201.42000000000002</ele>
   </trkpt>
   <trkpt lat="38.72722" lon="0.15722000000000003">
    <ele>199.86</ele>
   </trkpt>
   <trkpt lat="38.727160000000005" lon="0.15691000000000002">
    <ele>196.95000000000002</ele>
   </trkpt>
   <trkpt lat="38.727140000000006" lon="0.15643">
    <ele>196.15</ele>
   </trkpt>
   <trkpt lat="38.72706" lon="0.15626">
    <ele>194.72</ele>
   </trkpt>
   <trkpt lat="38.72661" lon="0.15596000000000002">
    <ele>192.98000000000002</ele>
   </trkpt>
   <trkpt lat="38.726580000000006" lon="0.15592">
    <ele>192.33</ele>
   </trkpt>
   <trkpt lat="38.726600000000005" lon="0.15581">
    <ele>192.33</ele>
   </trkpt>
   <trkpt lat="38.727070000000005" lon="0.15573">
    <ele>184.12</ele>
   </trkpt>
   <trkpt lat="38.7274" lon="0.15563000000000002">
    <ele>180.13</ele>
   </trkpt>
   <trkpt lat="38.72762" lon="0.15553">
    <ele>177.02</ele>
   </trkpt>
   <trkpt lat="38.72767" lon="0.15546000000000001">
    <ele>177.02</ele>
   </trkpt>
   <trkpt lat="38.72767" lon="0.15531">
    <ele>175.82</ele>
   </trkpt>
   <trkpt lat="38.72758" lon="0.15517">
    <ele>173.24</ele>
   </trkpt>
   <trkpt lat="38.727320000000006" lon="0.15491000000000002">
    <ele>167.69</ele>
   </trkpt>
   <trkpt lat="38.72699" lon="0.15462">
    <ele>164.36</ele>
   </trkpt>
   <trkpt lat="38.726940000000006" lon="0.15452000000000002">
    <ele>162.76000000000002</ele>
   </trkpt>
   <trkpt lat="38.7269" lon="0.15436000000000002">
    <ele>161.47</ele>
   </trkpt>
   <trkpt lat="38.726910000000004" lon="0.15425000000000003">
    <ele>160.53</ele>
   </trkpt>
   <trkpt lat="38.72719" lon="0.15378">
    <ele>156.73000000000002</ele>
   </trkpt>
   <trkpt lat="38.72745000120977" lon="0.15322000230907565">
    <ele>152.35000000000002</ele>
   </trkpt>
   <trkpt lat="38.72771" lon="0.15266000000000002">
    <ele>148.92000000000002</ele>
   </trkpt>
   <trkpt lat="38.72814" lon="0.15185">
    <ele>139.3</ele>
   </trkpt>
   <trkpt lat="38.72852" lon="0.15108000000000002">
    <ele>132.69</ele>
   </trkpt>
   <trkpt lat="38.72894500262989" lon="0.15029500466010873">
    <ele>126.91000000000003</ele>
   </trkpt>
   <trkpt lat="38.72937" lon="0.14951">
    <ele>125.60000000000001</ele>
   </trkpt>
   <trkpt lat="38.729890000000005" lon="0.14892000000000002">
    <ele>125.98</ele>
   </trkpt>
   <trkpt lat="38.73012000000001" lon="0.14872000000000002">
    <ele>126.35000000000001</ele>
   </trkpt>
   <trkpt lat="38.730320000000006" lon="0.14843">
    <ele>126.79</ele>
   </trkpt>
   <trkpt lat="38.73042" lon="0.14818">
    <ele>126.86</ele>
   </trkpt>
   <trkpt lat="38.73048" lon="0.14793">
    <ele>126.87</ele>
   </trkpt>
   <trkpt lat="38.730500000000006" lon="0.14771">
    <ele>126.83</ele>
   </trkpt>
   <trkpt lat="38.730520000000006" lon="0.14675000000000002">
    <ele>126.79</ele>
   </trkpt>
   <trkpt lat="38.73055" lon="0.14667000000000002">
    <ele>126.62</ele>
   </trkpt>
   <trkpt lat="38.730630000000005" lon="0.14661000000000002">
    <ele>126.62</ele>
   </trkpt>
   <trkpt lat="38.73051" lon="0.14629">
    <ele>127.99000000000002</ele>
   </trkpt>
   <trkpt lat="38.73035" lon="0.14566">
    <ele>131.57000000000002</ele>
   </trkpt>
   <trkpt lat="38.730035003006805" lon="0.1448199963001663">
    <ele>137.6</ele>
   </trkpt>
   <trkpt lat="38.72972" lon="0.14398000000000002">
    <ele>140.63</ele>
   </trkpt>
   <trkpt lat="38.72946" lon="0.14308">
    <ele>145.03000000000003</ele>
   </trkpt>
   <trkpt lat="38.729470000000006" lon="0.14291">
    <ele>145.62</ele>
   </trkpt>
   <trkpt lat="38.72955" lon="0.14242000000000002">
    <ele>148.45</ele>
   </trkpt>
   <trkpt lat="38.729620000000004" lon="0.14216">
    <ele>150.15</ele>
   </trkpt>
   <trkpt lat="38.729845002293025" lon="0.14144000199548185">
    <ele>152.78</ele>
   </trkpt>
   <trkpt lat="38.730070000000005" lon="0.14072">
    <ele>156.16000000000003</ele>
   </trkpt>
   <trkpt lat="38.73037" lon="0.13976000000000002">
    <ele>159.16000000000003</ele>
   </trkpt>
   <trkpt lat="38.7304" lon="0.13970000000000002">
    <ele>159.16000000000003</ele>
   </trkpt>
   <trkpt lat="38.73049" lon="0.13963">
    <ele>159.38000000000002</ele>
   </trkpt>
   <trkpt lat="38.73049" lon="0.13962000000000002">
    <ele>159.37</ele>
   </trkpt>
   <trkpt lat="38.73015500378441" lon="0.13868499578542492">
    <ele>159.29000000000002</ele>
   </trkpt>
   <trkpt lat="38.729820000000004" lon="0.13775">
    <ele>159.13000000000002</ele>
   </trkpt>
   <trkpt lat="38.729380000000006" lon="0.13707">
    <ele>159.07000000000002</ele>
   </trkpt>
   <trkpt lat="38.72932" lon="0.13688">
    <ele>159.04000000000002</ele>
   </trkpt>
   <trkpt lat="38.72939" lon="0.13652">
    <ele>158.54000000000002</ele>
   </trkpt>
   <trkpt lat="38.72946" lon="0.13627">
    <ele>158.28</ele>
   </trkpt>
   <trkpt lat="38.729510000000005" lon="0.13593000000000002">
    <ele>157.43</ele>
   </trkpt>
   <trkpt lat="38.729470000000006" lon="0.13556">
    <ele>155.66000000000003</ele>
   </trkpt>
   <trkpt lat="38.729470000000006" lon="0.13553">
    <ele>155.57000000000002</ele>
   </trkpt>
   <trkpt lat="38.72945" lon="0.13538">
    <ele>155.57000000000002</ele>
   </trkpt>
   <trkpt lat="38.72939" lon="0.13516">
    <ele>152.68</ele>
   </trkpt>
   <trkpt lat="38.729310000000005" lon="0.13496000000000002">
    <ele>152.68</ele>
   </trkpt>
   <trkpt lat="38.72918000000001" lon="0.13471000000000002">
    <ele>150.83</ele>
   </trkpt>
   <trkpt lat="38.72903" lon="0.13447">
    <ele>149.78000000000003</ele>
   </trkpt>
   <trkpt lat="38.728860000000005" lon="0.1343">
    <ele>147.6</ele>
   </trkpt>
   <trkpt lat="38.7287" lon="0.13424">
    <ele>146.29</ele>
   </trkpt>
   <trkpt lat="38.72854" lon="0.13421000000000002">
    <ele>145.99</ele>
   </trkpt>
   <trkpt lat="38.72825" lon="0.13421000000000002">
    <ele>145.31000000000003</ele>
   </trkpt>
   <trkpt lat="38.72816" lon="0.13418000000000002">
    <ele>143.67000000000002</ele>
   </trkpt>
   <trkpt lat="38.728030000000004" lon="0.13407000000000002">
    <ele>143.67000000000002</ele>
   </trkpt>
   <trkpt lat="38.72796" lon="0.13388">
    <ele>142.15</ele>
   </trkpt>
   <trkpt lat="38.72786" lon="0.13309">
    <ele>138.75</ele>
   </trkpt>
   <trkpt lat="38.72786" lon="0.13278">
    <ele>137.8</ele>
   </trkpt>
   <trkpt lat="38.727920000000005" lon="0.13257000000000002">
    <ele>137.37</ele>
   </trkpt>
   <trkpt lat="38.728210000000004" lon="0.132">
    <ele>136.92000000000002</ele>
   </trkpt>
   <trkpt lat="38.728260000000006" lon="0.13186">
    <ele>136.88</ele>
   </trkpt>
   <trkpt lat="38.72829" lon="0.1317">
    <ele>136.87</ele>
   </trkpt>
   <trkpt lat="38.728300000000004" lon="0.1315">
    <ele>136.92000000000002</ele>
   </trkpt>
   <trkpt lat="38.728280000000005" lon="0.13129000000000002">
    <ele>136.93000000000004</ele>
   </trkpt>
   <trkpt lat="38.728170000000006" lon="0.13099000000000002">
    <ele>136.66</ele>
   </trkpt>
   <trkpt lat="38.72793" lon="0.13045">
    <ele>135.27</ele>
   </trkpt>
   <trkpt lat="38.72784" lon="0.13017">
    <ele>135.03</ele>
   </trkpt>
   <trkpt lat="38.727720000000005" lon="0.12965000000000002">
    <ele>134.06</ele>
   </trkpt>
   <trkpt lat="38.727520000000005" lon="0.12895">
    <ele>133.9</ele>
   </trkpt>
   <trkpt lat="38.72751" lon="0.12881">
    <ele>134.04000000000002</ele>
   </trkpt>
   <trkpt lat="38.72753" lon="0.12869">
    <ele>134.04000000000002</ele>
   </trkpt>
   <trkpt lat="38.72757" lon="0.12858">
    <ele>134.36</ele>
   </trkpt>
   <trkpt lat="38.72775" lon="0.12825">
    <ele>135.32000000000002</ele>
   </trkpt>
   <trkpt lat="38.72786" lon="0.12794">
    <ele>136.85</ele>
   </trkpt>
   <trkpt lat="38.727920000000005" lon="0.12755">
    <ele>137.9</ele>
   </trkpt>
   <trkpt lat="38.72793" lon="0.1269">
    <ele>141.67000000000002</ele>
   </trkpt>
   <trkpt lat="38.72813500407329" lon="0.12592500268149898">
    <ele>147.69000000000003</ele>
   </trkpt>
   <trkpt lat="38.72834" lon="0.12495">
    <ele>154.45</ele>
   </trkpt>
   <trkpt lat="38.728440000000006" lon="0.12472000000000001">
    <ele>155.63000000000002</ele>
   </trkpt>
   <trkpt lat="38.72872" lon="0.12424000000000002">
    <ele>157.0</ele>
   </trkpt>
   <trkpt lat="38.72887" lon="0.12376000000000001">
    <ele>155.83</ele>
   </trkpt>
   <trkpt lat="38.72894" lon="0.12361000000000001">
    <ele>155.83</ele>
   </trkpt>
   <trkpt lat="38.72912" lon="0.12334">
    <ele>153.09</ele>
   </trkpt>
   <trkpt lat="38.72945" lon="0.12298">
    <ele>150.33</ele>
   </trkpt>
   <trkpt lat="38.72952" lon="0.12287000000000001">
    <ele>150.33</ele>
   </trkpt>
   <trkpt lat="38.729580000000006" lon="0.12273">
    <ele>148.94000000000003</ele>
   </trkpt>
   <trkpt lat="38.729580000000006" lon="0.12259">
    <ele>148.94000000000003</ele>
   </trkpt>
   <trkpt lat="38.72939" lon="0.12207000000000001">
    <ele>144.66</ele>
   </trkpt>
   <trkpt lat="38.72932" lon="0.12175000000000001">
    <ele>143.77</ele>
   </trkpt>
   <trkpt lat="38.729290000000006" lon="0.12135000000000001">
    <ele>141.67000000000002</ele>
   </trkpt>
   <trkpt lat="38.729310000000005" lon="0.12096000000000001">
    <ele>139.96</ele>
   </trkpt>
   <trkpt lat="38.72936" lon="0.12076">
    <ele>139.52</ele>
   </trkpt>
   <trkpt lat="38.72943" lon="0.12059000000000002">
    <ele>138.74</ele>
   </trkpt>
   <trkpt lat="38.7297" lon="0.12019">
    <ele>137.88</ele>
   </trkpt>
   <trkpt lat="38.730160000000005" lon="0.11968000000000001">
    <ele>136.84</ele>
   </trkpt>
   <trkpt lat="38.730320000000006" lon="0.11948">
    <ele>136.96</ele>
   </trkpt>
   <trkpt lat="38.73039" lon="0.11936000000000001">
    <ele>137.07</ele>
   </trkpt>
   <trkpt lat="38.730450000000005" lon="0.11909000000000002">
    <ele>137.22</ele>
   </trkpt>
   <trkpt lat="38.730430000000005" lon="0.11895000000000001">
    <ele>137.41</ele>
   </trkpt>
   <trkpt lat="38.73037" lon="0.11883">
    <ele>137.6</ele>
   </trkpt>
   <trkpt lat="38.730030000000006" lon="0.11859000000000001">
    <ele>138.75</ele>
   </trkpt>
   <trkpt lat="38.72992" lon="0.11847">
    <ele>138.95000000000002</ele>
   </trkpt>
   <trkpt lat="38.729890000000005" lon="0.11837">
    <ele>139.19</ele>
   </trkpt>
   <trkpt lat="38.72988" lon="0.11824000000000001">
    <ele>139.19</ele>
   </trkpt>
   <trkpt lat="38.7299" lon="0.11813000000000001">
    <ele>139.22</ele>
   </trkpt>
   <trkpt lat="38.73028" lon="0.11721000000000001">
    <ele>141.07</ele>
   </trkpt>
   <trkpt lat="38.730290000000004" lon="0.11708">
    <ele>141.33</ele>
   </trkpt>
   <trkpt lat="38.730270000000004" lon="0.11696000000000001">
    <ele>141.79</ele>
   </trkpt>
   <trkpt lat="38.7302" lon="0.11681000000000001">
    <ele>142.19</ele>
   </trkpt>
   <trkpt lat="38.73008" lon="0.11665">
    <ele>142.67000000000002</ele>
   </trkpt>
   <trkpt lat="38.729960000000005" lon="0.11659000000000001">
    <ele>143.34000000000003</ele>
   </trkpt>
   <trkpt lat="38.72957" lon="0.11659000000000001">
    <ele>144.89000000000001</ele>
   </trkpt>
   <trkpt lat="38.72909000000001" lon="0.11636">
    <ele>146.86</ele>
   </trkpt>
   <trkpt lat="38.72896" lon="0.11634000000000001">
    <ele>146.86</ele>
   </trkpt>
   <trkpt lat="38.72883" lon="0.11636">
    <ele>147.65</ele>
   </trkpt>
   <trkpt lat="38.72833" lon="0.1165">
    <ele>149.81</ele>
   </trkpt>
   <trkpt lat="38.72823" lon="0.11649000000000001">
    <ele>149.81</ele>
   </trkpt>
   <trkpt lat="38.72811" lon="0.11644000000000002">
    <ele>150.59</ele>
   </trkpt>
   <trkpt lat="38.728030000000004" lon="0.11636">
    <ele>150.59</ele>
   </trkpt>
   <trkpt lat="38.72795" lon="0.11620000000000001">
    <ele>152.31</ele>
   </trkpt>
   <trkpt lat="38.727920000000005" lon="0.11603000000000001">
    <ele>152.31</ele>
   </trkpt>
   <trkpt lat="38.727900000000005" lon="0.11517000000000001">
    <ele>155.69000000000003</ele>
   </trkpt>
   <trkpt lat="38.727940000000004" lon="0.11499000000000001">
    <ele>156.35999999999999</ele>
   </trkpt>
   <trkpt lat="38.72809" lon="0.11478000000000001">
    <ele>157.91000000000003</ele>
   </trkpt>
   <trkpt lat="38.728170000000006" lon="0.11461">
    <ele>157.91000000000003</ele>
   </trkpt>
   <trkpt lat="38.72824000000001" lon="0.11426000000000001">
    <ele>160.10000000000002</ele>
   </trkpt>
   <trkpt lat="38.72824000000001" lon="0.11397000000000002">
    <ele>161.19</ele>
   </trkpt>
   <trkpt lat="38.7282" lon="0.11381000000000001">
    <ele>161.48000000000002</ele>
   </trkpt>
   <trkpt lat="38.72811" lon="0.11364">
    <ele>161.52</ele>
   </trkpt>
   <trkpt lat="38.727970000000006" lon="0.11353">
    <ele>161.45000000000002</ele>
   </trkpt>
   <trkpt lat="38.727650000000004" lon="0.11338000000000001">
    <ele>161.75</ele>
   </trkpt>
   <trkpt lat="38.727540000000005" lon="0.11327000000000001">
    <ele>162.15</ele>
   </trkpt>
   <trkpt lat="38.72746" lon="0.11316000000000001">
    <ele>162.79000000000002</ele>
   </trkpt>
   <trkpt lat="38.7272" lon="0.11270000000000001">
    <ele>165.37</ele>
   </trkpt>
   <trkpt lat="38.727090000000004" lon="0.11233000000000001">
    <ele>168.19</ele>
   </trkpt>
   <trkpt lat="38.727030000000006" lon="0.11197000000000001">
    <ele>169.18000000000004</ele>
   </trkpt>
   <trkpt lat="38.727030000000006" lon="0.11179000000000001">
    <ele>169.73000000000002</ele>
   </trkpt>
   <trkpt lat="38.72706" lon="0.11163000000000001">
    <ele>169.95000000000002</ele>
   </trkpt>
   <trkpt lat="38.72717" lon="0.11143000000000002">
    <ele>170.26000000000002</ele>
   </trkpt>
   <trkpt lat="38.7274" lon="0.11122000000000001">
    <ele>169.97</ele>
   </trkpt>
   <trkpt lat="38.72762" lon="0.11108000000000001">
    <ele>169.34</ele>
   </trkpt>
   <trkpt lat="38.727740000000004" lon="0.11097000000000001">
    <ele>169.11</ele>
   </trkpt>
   <trkpt lat="38.72778" lon="0.11077000000000001">
    <ele>169.31</ele>
   </trkpt>
   <trkpt lat="38.72775" lon="0.11055000000000001">
    <ele>170.02</ele>
   </trkpt>
   <trkpt lat="38.72768000000001" lon="0.11035">
    <ele>170.87</ele>
   </trkpt>
   <trkpt lat="38.727380000000004" lon="0.10990000000000001">
    <ele>175.54</ele>
   </trkpt>
   <trkpt lat="38.72699" lon="0.10912000000000001">
    <ele>179.87</ele>
   </trkpt>
   <trkpt lat="38.72693" lon="0.10887000000000001">
    <ele>180.00000000000003</ele>
   </trkpt>
   <trkpt lat="38.7269" lon="0.10869000000000001">
    <ele>180.00000000000003</ele>
   </trkpt>
   <trkpt lat="38.7269" lon="0.10856">
    <ele>180.04</ele>
   </trkpt>
   <trkpt lat="38.72686" lon="0.10848000000000001">
    <ele>180.53000000000003</ele>
   </trkpt>
   <trkpt lat="38.72683" lon="0.10845">
    <ele>180.53000000000003</ele>
   </trkpt>
   <trkpt lat="38.72677" lon="0.10827">
    <ele>180.73</ele>
   </trkpt>
   <trkpt lat="38.72687145659241" lon="0.10722286606241284">
    <ele>180.58</ele>
   </trkpt>
   <trkpt lat="38.726972903844604" lon="0.10617572915109053">
    <ele>178.1</ele>
   </trkpt>
   <trkpt lat="38.727074341756506" lon="0.10512858926628761">
    <ele>175.24</ele>
   </trkpt>
   <trkpt lat="38.7271757703281" lon="0.10408144640825863">
    <ele>171.73000000000002</ele>
   </trkpt>
   <trkpt lat="38.727277189559295" lon="0.10303430057725818">
    <ele>170.03</ele>
   </trkpt>
   <trkpt lat="38.727378599450034" lon="0.10198715177354083">
    <ele>166.98000000000002</ele>
   </trkpt>
   <trkpt lat="38.72748" lon="0.10094">
    <ele>164.75</ele>
   </trkpt>
   <trkpt lat="38.72754250956441" lon="0.10007500221463923">
    <ele>161.85000000000002</ele>
   </trkpt>
   <trkpt lat="38.727605012755234" lon="0.09921000291575457">
    <ele>159.93</ele>
   </trkpt>
   <trkpt lat="38.72766750957247" lon="0.09834500210349431">
    <ele>157.10000000000002</ele>
   </trkpt>
   <trkpt lat="38.72773" lon="0.09748000000000001">
    <ele>155.52</ele>
   </trkpt>
   <trkpt lat="38.72776" lon="0.09737000000000001">
    <ele>155.52</ele>
   </trkpt>
   <trkpt lat="38.727810000000005" lon="0.09736">
    <ele>155.66000000000003</ele>
   </trkpt>
   <trkpt lat="38.72789" lon="0.09729">
    <ele>155.56</ele>
   </trkpt>
   <trkpt lat="38.72793" lon="0.09716000000000001">
    <ele>155.32000000000002</ele>
   </trkpt>
   <trkpt lat="38.727900000000005" lon="0.09703">
    <ele>154.99</ele>
   </trkpt>
   <trkpt lat="38.72787" lon="0.09698000000000001">
    <ele>154.99</ele>
   </trkpt>
   <trkpt lat="38.72782" lon="0.09694000000000001">
    <ele>154.51000000000002</ele>
   </trkpt>
   <trkpt lat="38.72776" lon="0.09693">
    <ele>154.51000000000002</ele>
   </trkpt>
   <trkpt lat="38.72771" lon="0.09694000000000001">
    <ele>154.51000000000002</ele>
   </trkpt>
   <trkpt lat="38.7276" lon="0.09688000000000001">
    <ele>154.2</ele>
   </trkpt>
   <trkpt lat="38.72746" lon="0.09672000000000001">
    <ele>153.67</ele>
   </trkpt>
   <trkpt lat="38.72742" lon="0.0965">
    <ele>153.57000000000002</ele>
   </trkpt>
   <trkpt lat="38.72746" lon="0.09633000000000001">
    <ele>152.89000000000001</ele>
   </trkpt>
   <trkpt lat="38.727843336539976" lon="0.09571334000323231">
    <ele>149.6</ele>
   </trkpt>
   <trkpt lat="38.728226669840666" lon="0.09509667338916594">
    <ele>148.9</ele>
   </trkpt>
   <trkpt lat="38.72861" lon="0.09448000000000001">
    <ele>149.28000000000003</ele>
   </trkpt>
   <trkpt lat="38.72867" lon="0.09449">
    <ele>149.28000000000003</ele>
   </trkpt>
   <trkpt lat="38.728730000000006" lon="0.09447000000000001">
    <ele>149.28000000000003</ele>
   </trkpt>
   <trkpt lat="38.728790000000004" lon="0.09442">
    <ele>149.28000000000003</ele>
   </trkpt>
   <trkpt lat="38.728820000000006" lon="0.09434000000000001">
    <ele>149.28000000000003</ele>
   </trkpt>
   <trkpt lat="38.72883" lon="0.09426000000000001">
    <ele>149.24</ele>
   </trkpt>
   <trkpt lat="38.72881" lon="0.09418000000000001">
    <ele>149.24</ele>
   </trkpt>
   <trkpt lat="38.729290003478845" lon="0.09354334185414048">
    <ele>148.4</ele>
   </trkpt>
   <trkpt lat="38.72977000350484" lon="0.09290667515310873">
    <ele>148.36</ele>
   </trkpt>
   <trkpt lat="38.730250000000005" lon="0.09227">
    <ele>148.99</ele>
   </trkpt>
   <trkpt lat="38.73037" lon="0.09214000000000001">
    <ele>149.78000000000003</ele>
   </trkpt>
   <trkpt lat="38.730500000000006" lon="0.09208000000000001">
    <ele>149.78000000000003</ele>
   </trkpt>
   <trkpt lat="38.730610000000006" lon="0.09209">
    <ele>149.8</ele>
   </trkpt>
   <trkpt lat="38.73077" lon="0.09223">
    <ele>149.32</ele>
   </trkpt>
   <trkpt lat="38.730880000000006" lon="0.09239000000000001">
    <ele>149.32</ele>
   </trkpt>
   <trkpt lat="38.73128000200087" lon="0.09305999639731212">
    <ele>148.27</ele>
   </trkpt>
   <trkpt lat="38.731680000000004" lon="0.09373000000000001">
    <ele>147.64000000000001</ele>
   </trkpt>
   <trkpt lat="38.731880000000004" lon="0.09404000000000001">
    <ele>147.6</ele>
   </trkpt>
   <trkpt lat="38.73194" lon="0.0941">
    <ele>147.6</ele>
   </trkpt>
   <trkpt lat="38.732040000000005" lon="0.09428">
    <ele>147.34</ele>
   </trkpt>
   <trkpt lat="38.732150000000004" lon="0.09443000000000001">
    <ele>146.93</ele>
   </trkpt>
   <trkpt lat="38.732400000000005" lon="0.09462000000000001">
    <ele>146.93</ele>
   </trkpt>
   <trkpt lat="38.73252" lon="0.09468000000000001">
    <ele>146.19</ele>
   </trkpt>
   <trkpt lat="38.73266" lon="0.09471">
    <ele>146.19</ele>
   </trkpt>
   <trkpt lat="38.73346000010846" lon="0.09481333102100128">
    <ele>144.56000000000003</ele>
   </trkpt>
   <trkpt lat="38.73426000012596" lon="0.09491666435655534">
    <ele>143.8</ele>
   </trkpt>
   <trkpt lat="38.735060000000004" lon="0.09502000000000001">
    <ele>143.79</ele>
   </trkpt>
   <trkpt lat="38.73518" lon="0.09508000000000001">
    <ele>143.63</ele>
   </trkpt>
   <trkpt lat="38.73589000024857" lon="0.09517499908376924">
    <ele>143.4</ele>
   </trkpt>
   <trkpt lat="38.7366" lon="0.09527000000000001">
    <ele>142.96</ele>
   </trkpt>
   <trkpt lat="38.73724" lon="0.09527000000000001">
    <ele>141.1</ele>
   </trkpt>
   <trkpt lat="38.73812" lon="0.09522000000000001">
    <ele>138.27</ele>
   </trkpt>
   <trkpt lat="38.73865500009617" lon="0.09521000007312123">
    <ele>137.59</ele>
   </trkpt>
   <trkpt lat="38.73919" lon="0.0952">
    <ele>136.75</ele>
   </trkpt>
   <trkpt lat="38.73989499995646" lon="0.09519000009934248">
    <ele>135.96</ele>
   </trkpt>
   <trkpt lat="38.7406" lon="0.09518000000000001">
    <ele>135.34</ele>
   </trkpt>
   <trkpt lat="38.74082000000001" lon="0.09521">
    <ele>135.12</ele>
   </trkpt>
   <trkpt lat="38.741310000000006" lon="0.09544000000000001">
    <ele>134.01000000000002</ele>
   </trkpt>
   <trkpt lat="38.7418450001219" lon="0.09563999848348088">
    <ele>133.3</ele>
   </trkpt>
   <trkpt lat="38.742380000000004" lon="0.09584000000000001">
    <ele>132.71</ele>
   </trkpt>
   <trkpt lat="38.74253" lon="0.09591000000000001">
    <ele>132.5</ele>
   </trkpt>
   <trkpt lat="38.742700000000006" lon="0.09605000000000001">
    <ele>132.18</ele>
   </trkpt>
   <trkpt lat="38.7428" lon="0.09618">
    <ele>131.94</ele>
   </trkpt>
   <trkpt lat="38.743010000000005" lon="0.09665000000000001">
    <ele>131.68</ele>
   </trkpt>
   <trkpt lat="38.743190000000006" lon="0.09726000000000001">
    <ele>131.23000000000002</ele>
   </trkpt>
   <trkpt lat="38.7432" lon="0.09751000000000001">
    <ele>131.23000000000002</ele>
   </trkpt>
   <trkpt lat="38.74316" lon="0.09776000000000001">
    <ele>131.06</ele>
   </trkpt>
   <trkpt lat="38.743080000000006" lon="0.09814">
    <ele>130.5</ele>
   </trkpt>
   <trkpt lat="38.743100000000005" lon="0.09845000000000001">
    <ele>130.31</ele>
   </trkpt>
   <trkpt lat="38.743230000000004" lon="0.09913000000000001">
    <ele>129.57000000000002</ele>
   </trkpt>
   <trkpt lat="38.74333" lon="0.09948000000000001">
    <ele>129.09</ele>
   </trkpt>
   <trkpt lat="38.74345" lon="0.09974000000000001">
    <ele>129.09</ele>
   </trkpt>
   <trkpt lat="38.74362" lon="0.09993">
    <ele>128.69</ele>
   </trkpt>
   <trkpt lat="38.74376" lon="0.10002000000000001">
    <ele>128.10999999999999</ele>
   </trkpt>
   <trkpt lat="38.74392" lon="0.10007">
    <ele>127.4</ele>
   </trkpt>
   <trkpt lat="38.74421" lon="0.10008">
    <ele>126.80000000000003</ele>
   </trkpt>
   <trkpt lat="38.744740000171554" lon="0.10001500046364561">
    <ele>124.13</ele>
   </trkpt>
   <trkpt lat="38.745270000000005" lon="0.09995000000000001">
    <ele>123.63</ele>
   </trkpt>
   <trkpt lat="38.745450000000005" lon="0.1">
    <ele>123.63</ele>
   </trkpt>
   <trkpt lat="38.74564" lon="0.10016000000000001">
    <ele>122.89000000000001</ele>
   </trkpt>
   <trkpt lat="38.745810000000006" lon="0.10047">
    <ele>122.3</ele>
   </trkpt>
   <trkpt lat="38.74595" lon="0.10085000000000001">
    <ele>121.61000000000001</ele>
   </trkpt>
   <trkpt lat="38.74606" lon="0.10141000000000001">
    <ele>119.81000000000002</ele>
   </trkpt>
   <trkpt lat="38.74611" lon="0.10181000000000001">
    <ele>119.81000000000002</ele>
   </trkpt>
   <trkpt lat="38.74611" lon="0.10212">
    <ele>116.68</ele>
   </trkpt>
   <trkpt lat="38.74609" lon="0.10231000000000001">
    <ele>116.68</ele>
   </trkpt>
   <trkpt lat="38.74596000157033" lon="0.10291500104966524">
    <ele>115.87000000000002</ele>
   </trkpt>
   <trkpt lat="38.745830000000005" lon="0.10352000000000001">
    <ele>115.48</ele>
   </trkpt>
   <trkpt lat="38.7458" lon="0.10386000000000001">
    <ele>115.56</ele>
   </trkpt>
   <trkpt lat="38.74589" lon="0.10435000000000001">
    <ele>115.38000000000001</ele>
   </trkpt>
   <trkpt lat="38.746140000000004" lon="0.10536000000000001">
    <ele>113.43</ele>
   </trkpt>
   <trkpt lat="38.746210000000005" lon="0.10557000000000001">
    <ele>113.43</ele>
   </trkpt>
   <trkpt lat="38.74633" lon="0.10582000000000001">
    <ele>112.46000000000001</ele>
   </trkpt>
   <trkpt lat="38.74651" lon="0.10609">
    <ele>111.9</ele>
   </trkpt>
   <trkpt lat="38.74662" lon="0.10621000000000001">
    <ele>111.52000000000001</ele>
   </trkpt>
   <trkpt lat="38.747245001705956" lon="0.10684999435766562">
    <ele>108.74</ele>
   </trkpt>
   <trkpt lat="38.747870000000006" lon="0.10749">
    <ele>104.85000000000001</ele>
   </trkpt>
   <trkpt lat="38.747980000000005" lon="0.10758000000000001">
    <ele>104.85000000000001</ele>
   </trkpt>
   <trkpt lat="38.748160000000006" lon="0.10767000000000002">
    <ele>104.4</ele>
   </trkpt>
   <trkpt lat="38.748340000000006" lon="0.10771000000000001">
    <ele>103.99000000000001</ele>
   </trkpt>
   <trkpt lat="38.748520000000006" lon="0.10772000000000001">
    <ele>103.57000000000001</ele>
   </trkpt>
   <trkpt lat="38.74886" lon="0.10766">
    <ele>103.15</ele>
   </trkpt>
   <trkpt lat="38.749570000000006" lon="0.10740000000000001">
    <ele>101.08</ele>
   </trkpt>
   <trkpt lat="38.750040000000006" lon="0.10727">
    <ele>100.27000000000001</ele>
   </trkpt>
   <trkpt lat="38.75063000009954" lon="0.10714500102610838">
    <ele>99.23</ele>
   </trkpt>
   <trkpt lat="38.75122" lon="0.10702">
    <ele>98.56</ele>
   </trkpt>
   <trkpt lat="38.75139" lon="0.10700000000000001">
    <ele>98.36</ele>
   </trkpt>
   <trkpt lat="38.751450000000006" lon="0.10697000000000001">
    <ele>98.36</ele>
   </trkpt>
   <trkpt lat="38.75157" lon="0.10698">
    <ele>97.98</ele>
   </trkpt>
   <trkpt lat="38.751810000000006" lon="0.10708000000000001">
    <ele>97.74000000000001</ele>
   </trkpt>
   <trkpt lat="38.752100000000006" lon="0.1073">
    <ele>97.28</ele>
   </trkpt>
   <trkpt lat="38.75224" lon="0.10744000000000001">
    <ele>96.78</ele>
   </trkpt>
   <trkpt lat="38.752370000000006" lon="0.10764000000000001">
    <ele>96.78</ele>
   </trkpt>
   <trkpt lat="38.75242" lon="0.10776000000000001">
    <ele>96.43</ele>
   </trkpt>
   <trkpt lat="38.752520000000004" lon="0.10833000000000001">
    <ele>96.10000000000001</ele>
   </trkpt>
   <trkpt lat="38.75255000000001" lon="0.10841">
    <ele>95.55000000000001</ele>
   </trkpt>
   <trkpt lat="38.7526" lon="0.10852">
    <ele>95.55000000000001</ele>
   </trkpt>
   <trkpt lat="38.75274" lon="0.10868000000000001">
    <ele>95.55000000000001</ele>
   </trkpt>
   <trkpt lat="38.752930000000006" lon="0.10879000000000001">
    <ele>94.98</ele>
   </trkpt>
   <trkpt lat="38.75318" lon="0.10879000000000001">
    <ele>94.38000000000001</ele>
   </trkpt>
   <trkpt lat="38.753350000000005" lon="0.10869000000000001">
    <ele>94.38000000000001</ele>
   </trkpt>
   <trkpt lat="38.753490000000006" lon="0.10855000000000001">
    <ele>93.83000000000001</ele>
   </trkpt>
   <trkpt lat="38.75358000000001" lon="0.10843000000000001">
    <ele>93.63000000000001</ele>
   </trkpt>
   <trkpt lat="38.75366" lon="0.10827">
    <ele>93.11000000000001</ele>
   </trkpt>
   <trkpt lat="38.75372" lon="0.10807000000000001">
    <ele>92.62</ele>
   </trkpt>
   <trkpt lat="38.75374" lon="0.10792">
    <ele>92.25000000000001</ele>
   </trkpt>
   <trkpt lat="38.753750000000004" lon="0.10759">
    <ele>90.57000000000001</ele>
   </trkpt>
   <trkpt lat="38.75366000300626" lon="0.10674999894457465">
    <ele>87.95</ele>
   </trkpt>
   <trkpt lat="38.75357" lon="0.10591">
    <ele>86.25</ele>
   </trkpt>
   <trkpt lat="38.753550000000004" lon="0.10547000000000001">
    <ele>85.13000000000001</ele>
   </trkpt>
   <trkpt lat="38.75359" lon="0.10519">
    <ele>84.30000000000001</ele>
   </trkpt>
   <trkpt lat="38.753785002314615" lon="0.10445000209056125">
    <ele>82.25</ele>
   </trkpt>
   <trkpt lat="38.753980000000006" lon="0.10371000000000001">
    <ele>80.51</ele>
   </trkpt>
   <trkpt lat="38.75417" lon="0.10336000000000001">
    <ele>80.28999999999999</ele>
   </trkpt>
   <trkpt lat="38.754310000000004" lon="0.10323">
    <ele>79.4</ele>
   </trkpt>
   <trkpt lat="38.75453" lon="0.10315">
    <ele>79.09</ele>
   </trkpt>
   <trkpt lat="38.75471" lon="0.10315">
    <ele>78.47000000000001</ele>
   </trkpt>
   <trkpt lat="38.754830000000005" lon="0.10318000000000001">
    <ele>78.27000000000001</ele>
   </trkpt>
   <trkpt lat="38.755120000000005" lon="0.10338000000000001">
    <ele>77.89</ele>
   </trkpt>
   <trkpt lat="38.755810000000004" lon="0.10401">
    <ele>77.17</ele>
   </trkpt>
   <trkpt lat="38.755900000000004" lon="0.10407000000000001">
    <ele>77.17</ele>
   </trkpt>
   <trkpt lat="38.75655000038643" lon="0.1043399975725796">
    <ele>76.17</ele>
   </trkpt>
   <trkpt lat="38.757200000000005" lon="0.10461000000000001">
    <ele>75.72000000000001</ele>
   </trkpt>
   <trkpt lat="38.75735" lon="0.10477">
    <ele>75.42</ele>
   </trkpt>
   <trkpt lat="38.75743000000001" lon="0.10493000000000001">
    <ele>75.08000000000001</ele>
   </trkpt>
   <trkpt lat="38.75748" lon="0.10508">
    <ele>75.08000000000001</ele>
   </trkpt>
   <trkpt lat="38.75753" lon="0.10579000000000001">
    <ele>73.09</ele>
   </trkpt>
   <trkpt lat="38.757580000000004" lon="0.10612">
    <ele>72.36</ele>
   </trkpt>
   <trkpt lat="38.75766" lon="0.10629000000000001">
    <ele>72.16</ele>
   </trkpt>
   <trkpt lat="38.75775" lon="0.10643000000000001">
    <ele>71.88</ele>
   </trkpt>
   <trkpt lat="38.75793" lon="0.10659">
    <ele>71.69</ele>
   </trkpt>
   <trkpt lat="38.758030000000005" lon="0.10664000000000001">
    <ele>71.56000000000002</ele>
   </trkpt>
   <trkpt lat="38.75824" lon="0.10668000000000001">
    <ele>70.97</ele>
   </trkpt>
   <trkpt lat="38.75903" lon="0.10660000000000001">
    <ele>68.14</ele>
   </trkpt>
   <trkpt lat="38.759280000000004" lon="0.10653000000000001">
    <ele>67.68</ele>
   </trkpt>
   <trkpt lat="38.75965" lon="0.10635000000000001">
    <ele>65.54</ele>
   </trkpt>
   <trkpt lat="38.760340000652775" lon="0.105940004001914">
    <ele>64.28</ele>
   </trkpt>
   <trkpt lat="38.761030000000005" lon="0.10553000000000001">
    <ele>63.61</ele>
   </trkpt>
   <trkpt lat="38.76136" lon="0.10539000000000001">
    <ele>63.25</ele>
   </trkpt>
   <trkpt lat="38.76171" lon="0.10531000000000001">
    <ele>63.33000000000001</ele>
   </trkpt>
   <trkpt lat="38.762570000000004" lon="0.10535000000000001">
    <ele>64.34</ele>
   </trkpt>
   <trkpt lat="38.76337500004585" lon="0.10536499983161185">
    <ele>65.01</ele>
   </trkpt>
   <trkpt lat="38.76418" lon="0.10538000000000002">
    <ele>66.09</ele>
   </trkpt>
   <trkpt lat="38.76438" lon="0.10536000000000001">
    <ele>66.65</ele>
   </trkpt>
   <trkpt lat="38.764540000000004" lon="0.10531000000000001">
    <ele>67.15</ele>
   </trkpt>
   <trkpt lat="38.76469" lon="0.1052">
    <ele>67.32000000000001</ele>
   </trkpt>
   <trkpt lat="38.764810000000004" lon="0.10504000000000001">
    <ele>67.53</ele>
   </trkpt>
   <trkpt lat="38.764900000000004" lon="0.10486000000000001">
    <ele>68.05</ele>
   </trkpt>
   <trkpt lat="38.76520667397859" lon="0.10393334131408188">
    <ele>68.15</ele>
   </trkpt>
   <trkpt lat="38.76551334064034" lon="0.10300667466239218">
    <ele>68.04</ele>
   </trkpt>
   <trkpt lat="38.765820000000005" lon="0.10208">
    <ele>67.97</ele>
   </trkpt>
   <trkpt lat="38.76608" lon="0.10144">
    <ele>67.79</ele>
   </trkpt>
   <trkpt lat="38.76624" lon="0.10119">
    <ele>67.91000000000001</ele>
   </trkpt>
   <trkpt lat="38.76659500071101" lon="0.10079000195722486">
    <ele>68.44</ele>
   </trkpt>
   <trkpt lat="38.76695" lon="0.10039000000000001">
    <ele>68.83</ele>
   </trkpt>
   <trkpt lat="38.767300000828655" lon="0.09996500201316354">
    <ele>69.57000000000001</ele>
   </trkpt>
   <trkpt lat="38.76765" lon="0.09954">
    <ele>69.84</ele>
   </trkpt>
   <trkpt lat="38.768190000000004" lon="0.09884000000000001">
    <ele>70.69</ele>
   </trkpt>
   <trkpt lat="38.76829" lon="0.09868">
    <ele>71.10000000000001</ele>
   </trkpt>
   <trkpt lat="38.768510000000006" lon="0.09817000000000001">
    <ele>71.37</ele>
   </trkpt>
   <trkpt lat="38.7687900044528" lon="0.09744667235873557">
    <ele>71.55</ele>
   </trkpt>
   <trkpt lat="38.76907000444736" lon="0.09672333903956361">
    <ele>71.7</ele>
   </trkpt>
   <trkpt lat="38.76935" lon="0.096">
    <ele>71.85000000000001</ele>
   </trkpt>
   <trkpt lat="38.769420000000004" lon="0.09581">
    <ele>71.81000000000002</ele>
   </trkpt>
   <trkpt lat="38.769450000000006" lon="0.09563">
    <ele>71.62</ele>
   </trkpt>
   <trkpt lat="38.76953" lon="0.09477000000000001">
    <ele>69.92</ele>
   </trkpt>
   <trkpt lat="38.76964" lon="0.09450000000000001">
    <ele>69.18</ele>
   </trkpt>
   <trkpt lat="38.769740000000006" lon="0.09439">
    <ele>68.97</ele>
   </trkpt>
   <trkpt lat="38.76984" lon="0.09433000000000001">
    <ele>68.8</ele>
   </trkpt>
   <trkpt lat="38.76995" lon="0.09433000000000001">
    <ele>68.67</ele>
   </trkpt>
   <trkpt lat="38.77035" lon="0.09440000000000001">
    <ele>68.75</ele>
   </trkpt>
   <trkpt lat="38.770450000000004" lon="0.09440000000000001">
    <ele>68.91</ele>
   </trkpt>
   <trkpt lat="38.770540000000004" lon="0.09436000000000001">
    <ele>69.17</ele>
   </trkpt>
   <trkpt lat="38.7706" lon="0.09430000000000001">
    <ele>69.17</ele>
   </trkpt>
   <trkpt lat="38.77065" lon="0.09424">
    <ele>69.73</ele>
   </trkpt>
   <trkpt lat="38.77071" lon="0.09411000000000001">
    <ele>69.73</ele>
   </trkpt>
   <trkpt lat="38.77074" lon="0.09386000000000001">
    <ele>70.52</ele>
   </trkpt>
   <trkpt lat="38.770700000000005" lon="0.09331">
    <ele>72.8</ele>
   </trkpt>
   <trkpt lat="38.770720000000004" lon="0.09312000000000001">
    <ele>72.8</ele>
   </trkpt>
   <trkpt lat="38.77113333983702" lon="0.09224667677781793">
    <ele>74.35</ele>
   </trkpt>
   <trkpt lat="38.77154667317492" lon="0.09137334343499944">
    <ele>76.19000000000001</ele>
   </trkpt>
   <trkpt lat="38.77196" lon="0.09050000000000001">
    <ele>78.08000000000001</ele>
   </trkpt>
   <trkpt lat="38.772458592009535" lon="0.08960289475671618">
    <ele>78.84</ele>
   </trkpt>
   <trkpt lat="38.77295717716106" lon="0.08870577697232795">
    <ele>79.49000000000001</ele>
   </trkpt>
   <trkpt lat="38.773455755454385" lon="0.08780864664660905">
    <ele>80.55000000000001</ele>
   </trkpt>
   <trkpt lat="38.77395432688927" lon="0.0869115037793331">
    <ele>81.22</ele>
   </trkpt>
   <trkpt lat="38.774452891465515" lon="0.08601434837027377">
    <ele>81.92</ele>
   </trkpt>
   <trkpt lat="38.774951449182886" lon="0.08511718041920478">
    <ele>82.31</ele>
   </trkpt>
   <trkpt lat="38.775450000000006" lon="0.08422">
    <ele>82.96000000000001</ele>
   </trkpt>
   <trkpt lat="38.77559" lon="0.08406000000000001">
    <ele>83.59</ele>
   </trkpt>
   <trkpt lat="38.775710000000004" lon="0.08397">
    <ele>83.59</ele>
   </trkpt>
   <trkpt lat="38.77579" lon="0.08393">
    <ele>83.59</ele>
   </trkpt>
   <trkpt lat="38.775740000000006" lon="0.08375">
    <ele>83.65</ele>
   </trkpt>
   <trkpt lat="38.775690000000004" lon="0.08371">
    <ele>83.63000000000001</ele>
   </trkpt>
   <trkpt lat="38.77492" lon="0.08368">
    <ele>83.93</ele>
   </trkpt>
   <trkpt lat="38.77470000572638" lon="0.08285999492881159">
    <ele>85.09000000000002</ele>
   </trkpt>
   <trkpt lat="38.77448000572294" lon="0.08203999491603343">
    <ele>85.25</ele>
   </trkpt>
   <trkpt lat="38.774260000000005" lon="0.08122">
    <ele>84.98000000000002</ele>
   </trkpt>
   <trkpt lat="38.774260000000005" lon="0.0811">
    <ele>84.79</ele>
   </trkpt>
   <trkpt lat="38.77445000141692" lon="0.080520001595023">
    <ele>84.88000000000001</ele>
   </trkpt>
   <trkpt lat="38.774640000000005" lon="0.07994000000000001">
    <ele>85.07000000000001</ele>
   </trkpt>
   <trkpt lat="38.774620000000006" lon="0.08001000000000001">
    <ele>85.02000000000001</ele>
   </trkpt>
   <trkpt lat="38.774640000000005" lon="0.07994000000000001">
    <ele>85.07000000000001</ele>
   </trkpt>
   <trkpt lat="38.77492" lon="0.07951000000000001">
    <ele>85.63000000000001</ele>
   </trkpt>
   <trkpt lat="38.77503" lon="0.07932">
    <ele>85.91</ele>
   </trkpt>
   <trkpt lat="38.775130000000004" lon="0.07906">
    <ele>86.14</ele>
   </trkpt>
   <trkpt lat="38.775270000000006" lon="0.07848000000000001">
    <ele>86.72</ele>
   </trkpt>
   <trkpt lat="38.775370001758" lon="0.07784000081536446">
    <ele>87.59</ele>
   </trkpt>
   <trkpt lat="38.775470000000006" lon="0.0772">
    <ele>88.66</ele>
   </trkpt>
   <trkpt lat="38.77552" lon="0.07666">
    <ele>90.59</ele>
   </trkpt>
   <trkpt lat="38.77554000000001" lon="0.0756">
    <ele>93.31</ele>
   </trkpt>
   <trkpt lat="38.77552" lon="0.07537">
    <ele>93.59</ele>
   </trkpt>
   <trkpt lat="38.77548" lon="0.07518000000000001">
    <ele>93.59</ele>
   </trkpt>
   <trkpt lat="38.775400000000005" lon="0.07497000000000001">
    <ele>94.34</ele>
   </trkpt>
   <trkpt lat="38.77494" lon="0.07423">
    <ele>95.28</ele>
   </trkpt>
   <trkpt lat="38.774840000000005" lon="0.07405">
    <ele>95.28</ele>
   </trkpt>
   <trkpt lat="38.77476" lon="0.07384">
    <ele>95.49000000000001</ele>
   </trkpt>
   <trkpt lat="38.77460500274067" lon="0.07303999833284355">
    <ele>96.02000000000001</ele>
   </trkpt>
   <trkpt lat="38.77445" lon="0.07224000000000001">
    <ele>97.64</ele>
   </trkpt>
   <trkpt lat="38.77441" lon="0.07194">
    <ele>98.32000000000001</ele>
   </trkpt>
   <trkpt lat="38.774390000000004" lon="0.07163">
    <ele>99.10000000000001</ele>
   </trkpt>
   <trkpt lat="38.77441" lon="0.07093">
    <ele>100.10000000000001</ele>
   </trkpt>
   <trkpt lat="38.77452" lon="0.07046000000000001">
    <ele>101.47</ele>
   </trkpt>
   <trkpt lat="38.77488500251593" lon="0.06970000377479216">
    <ele>104.10000000000001</ele>
   </trkpt>
   <trkpt lat="38.77525" lon="0.06894">
    <ele>104.96000000000001</ele>
   </trkpt>
   <trkpt lat="38.775310000000005" lon="0.06872">
    <ele>105.71000000000001</ele>
   </trkpt>
   <trkpt lat="38.7753" lon="0.06839">
    <ele>106.77</ele>
   </trkpt>
   <trkpt lat="38.775240000000004" lon="0.06823">
    <ele>107.37</ele>
   </trkpt>
   <trkpt lat="38.77507000000001" lon="0.06803000000000001">
    <ele>108.2</ele>
   </trkpt>
   <trkpt lat="38.774930000000005" lon="0.06791000000000001">
    <ele>109.33000000000001</ele>
   </trkpt>
   <trkpt lat="38.774440000000006" lon="0.06758">
    <ele>112.53</ele>
   </trkpt>
   <trkpt lat="38.77384" lon="0.06721">
    <ele>116.33</ele>
   </trkpt>
   <trkpt lat="38.773700000000005" lon="0.06709000000000001">
    <ele>117.08</ele>
   </trkpt>
   <trkpt lat="38.77331" lon="0.06666000000000001">
    <ele>120.65</ele>
   </trkpt>
   <trkpt lat="38.77319000000001" lon="0.0665">
    <ele>121.75000000000001</ele>
   </trkpt>
   <trkpt lat="38.772940000000006" lon="0.06603">
    <ele>123.75000000000001</ele>
   </trkpt>
   <trkpt lat="38.772530008470056" lon="0.0650333218893885">
    <ele>128.03</ele>
   </trkpt>
   <trkpt lat="38.77212000847544" lon="0.0640366552360147">
    <ele>134.61</ele>
   </trkpt>
   <trkpt lat="38.771710000000006" lon="0.06304">
    <ele>134.32000000000002</ele>
   </trkpt>
   <trkpt lat="38.77129" lon="0.06232000000000001">
    <ele>129.57000000000002</ele>
   </trkpt>
   <trkpt lat="38.77069" lon="0.06151">
    <ele>123.35000000000001</ele>
   </trkpt>
   <trkpt lat="38.770610000000005" lon="0.061320000000000006">
    <ele>123.35000000000001</ele>
   </trkpt>
   <trkpt lat="38.77049" lon="0.06080000000000001">
    <ele>119.71000000000001</ele>
   </trkpt>
   <trkpt lat="38.7704" lon="0.059890000000000006">
    <ele>116.42</ele>
   </trkpt>
   <trkpt lat="38.770360000000004" lon="0.059750000000000004">
    <ele>116.42</ele>
   </trkpt>
   <trkpt lat="38.770300000000006" lon="0.059620000000000006">
    <ele>116.42</ele>
   </trkpt>
   <trkpt lat="38.770210000000006" lon="0.05951000000000001">
    <ele>112.49000000000001</ele>
   </trkpt>
   <trkpt lat="38.770120000000006" lon="0.05945">
    <ele>112.49000000000001</ele>
   </trkpt>
   <trkpt lat="38.76973" lon="0.059340000000000004">
    <ele>111.91000000000001</ele>
   </trkpt>
   <trkpt lat="38.769580000000005" lon="0.059230000000000005">
    <ele>110.58000000000001</ele>
   </trkpt>
   <trkpt lat="38.769510000000004" lon="0.05911">
    <ele>110.12</ele>
   </trkpt>
   <trkpt lat="38.76946" lon="0.058980000000000005">
    <ele>110.12</ele>
   </trkpt>
   <trkpt lat="38.76934" lon="0.05804">
    <ele>106.24000000000001</ele>
   </trkpt>
   <trkpt lat="38.76928" lon="0.05775">
    <ele>105.7</ele>
   </trkpt>
   <trkpt lat="38.76897500233641" lon="0.057004996745841384">
    <ele>105.11000000000001</ele>
   </trkpt>
   <trkpt lat="38.76867" lon="0.056260000000000004">
    <ele>105.3</ele>
   </trkpt>
   <trkpt lat="38.76861" lon="0.056170000000000005">
    <ele>105.50000000000001</ele>
   </trkpt>
   <trkpt lat="38.76854" lon="0.05611000000000001">
    <ele>105.74000000000001</ele>
   </trkpt>
   <trkpt lat="38.76800000060972" lon="0.05575499736084024">
    <ele>107.2</ele>
   </trkpt>
   <trkpt lat="38.76746" lon="0.055400000000000005">
    <ele>108.79</ele>
   </trkpt>
   <trkpt lat="38.76704000079265" lon="0.05496499742520199">
    <ele>110.26</ele>
   </trkpt>
   <trkpt lat="38.76662" lon="0.05453">
    <ele>111.62</ele>
   </trkpt>
   <trkpt lat="38.76652" lon="0.05446">
    <ele>111.62</ele>
   </trkpt>
   <trkpt lat="38.766380000000005" lon="0.054430000000000006">
    <ele>111.93</ele>
   </trkpt>
   <trkpt lat="38.76599" lon="0.054520000000000006">
    <ele>112.4</ele>
   </trkpt>
   <trkpt lat="38.7659" lon="0.05450000000000001">
    <ele>112.45</ele>
   </trkpt>
   <trkpt lat="38.76583" lon="0.054470000000000005">
    <ele>112.42</ele>
   </trkpt>
   <trkpt lat="38.76577" lon="0.05441000000000001">
    <ele>112.29</ele>
   </trkpt>
   <trkpt lat="38.765660000000004" lon="0.05423000000000001">
    <ele>111.58000000000001</ele>
   </trkpt>
   <trkpt lat="38.765620000000006" lon="0.0541">
    <ele>110.23</ele>
   </trkpt>
   <trkpt lat="38.765515001508426" lon="0.05350499912514717">
    <ele>108.75000000000001</ele>
   </trkpt>
   <trkpt lat="38.76541" lon="0.052910000000000006">
    <ele>109.35</ele>
   </trkpt>
   <trkpt lat="38.76527" lon="0.05229">
    <ele>112.9</ele>
   </trkpt>
   <trkpt lat="38.76506000138086" lon="0.051704998063290195">
    <ele>115.21000000000001</ele>
   </trkpt>
   <trkpt lat="38.76485" lon="0.051120000000000006">
    <ele>115.96000000000001</ele>
   </trkpt>
   <trkpt lat="38.76454500288421" lon="0.050299996547377726">
    <ele>116.49000000000001</ele>
   </trkpt>
   <trkpt lat="38.76424" lon="0.04948">
    <ele>118.53</ele>
   </trkpt>
   <trkpt lat="38.76415" lon="0.049190000000000005">
    <ele>120.08</ele>
   </trkpt>
   <trkpt lat="38.76418" lon="0.048810000000000006">
    <ele>122.14000000000001</ele>
   </trkpt>
   <trkpt lat="38.764010000000006" lon="0.04784">
    <ele>122.86000000000001</ele>
   </trkpt>
   <trkpt lat="38.76366000236475" lon="0.04708999625325447">
    <ele>121.96000000000001</ele>
   </trkpt>
   <trkpt lat="38.763310000000004" lon="0.046340000000000006">
    <ele>124.30000000000001</ele>
   </trkpt>
   <trkpt lat="38.76326" lon="0.046200000000000005">
    <ele>124.30000000000001</ele>
   </trkpt>
   <trkpt lat="38.763130000000004" lon="0.04555000000000001">
    <ele>126.44</ele>
   </trkpt>
   <trkpt lat="38.76299" lon="0.04506">
    <ele>127.10000000000002</ele>
   </trkpt>
   <trkpt lat="38.762750000000004" lon="0.04453000000000001">
    <ele>127.31</ele>
   </trkpt>
   <trkpt lat="38.7627" lon="0.04445">
    <ele>127.60000000000002</ele>
   </trkpt>
   <trkpt lat="38.76263" lon="0.044390000000000006">
    <ele>127.60000000000002</ele>
   </trkpt>
   <trkpt lat="38.762330000000006" lon="0.04429">
    <ele>127.9</ele>
   </trkpt>
   <trkpt lat="38.761810000000004" lon="0.04429">
    <ele>128.06</ele>
   </trkpt>
   <trkpt lat="38.76135999996955" lon="0.044199999419463815">
    <ele>127.51</ele>
   </trkpt>
   <trkpt lat="38.76091" lon="0.04411">
    <ele>125.9</ele>
   </trkpt>
   <trkpt lat="38.76033500030435" lon="0.043864998046655154">
    <ele>125.04</ele>
   </trkpt>
   <trkpt lat="38.75976" lon="0.043620000000000006">
    <ele>124.71000000000001</ele>
   </trkpt>
   <trkpt lat="38.759620000000005" lon="0.04349">
    <ele>124.69000000000001</ele>
   </trkpt>
   <trkpt lat="38.75918" lon="0.04299">
    <ele>127.73</ele>
   </trkpt>
   <trkpt lat="38.75905" lon="0.04288">
    <ele>128.84</ele>
   </trkpt>
   <trkpt lat="38.75898" lon="0.04275">
    <ele>128.84</ele>
   </trkpt>
   <trkpt lat="38.758880000000005" lon="0.04249000000000001">
    <ele>129.88000000000002</ele>
   </trkpt>
   <trkpt lat="38.75882" lon="0.0424">
    <ele>130.0</ele>
   </trkpt>
   <trkpt lat="38.758590000000005" lon="0.04216">
    <ele>129.51000000000002</ele>
   </trkpt>
   <trkpt lat="38.75856" lon="0.04209">
    <ele>129.07000000000002</ele>
   </trkpt>
   <trkpt lat="38.758520000000004" lon="0.04181000000000001">
    <ele>128.77</ele>
   </trkpt>
   <trkpt lat="38.75855000000001" lon="0.040690000000000004">
    <ele>129.85000000000002</ele>
   </trkpt>
   <trkpt lat="38.75858" lon="0.04025">
    <ele>130.67000000000002</ele>
   </trkpt>
   <trkpt lat="38.75870000315249" lon="0.03938500170736308">
    <ele>133.65</ele>
   </trkpt>
   <trkpt lat="38.75882" lon="0.038520000000000006">
    <ele>136.86</ele>
   </trkpt>
   <trkpt lat="38.758810000000004" lon="0.03833">
    <ele>138.62</ele>
   </trkpt>
   <trkpt lat="38.758770000000005" lon="0.03815">
    <ele>138.62</ele>
   </trkpt>
   <trkpt lat="38.758610000000004" lon="0.03764">
    <ele>141.4</ele>
   </trkpt>
   <trkpt lat="38.75842" lon="0.03715">
    <ele>142.88</ele>
   </trkpt>
   <trkpt lat="38.75800334166709" lon="0.03615998839988255">
    <ele>142.93</ele>
   </trkpt>
   <trkpt lat="38.7575866749833" lon="0.0351699883594172">
    <ele>143.22</ele>
   </trkpt>
   <trkpt lat="38.75717" lon="0.03418">
    <ele>144.04</ele>
   </trkpt>
   <trkpt lat="38.757000000000005" lon="0.03384">
    <ele>144.21</ele>
   </trkpt>
   <trkpt lat="38.7569" lon="0.03377">
    <ele>144.16</ele>
   </trkpt>
   <trkpt lat="38.756780000000006" lon="0.03375">
    <ele>144.09000000000003</ele>
   </trkpt>
   <trkpt lat="38.756440000000005" lon="0.03384">
    <ele>143.74</ele>
   </trkpt>
   <trkpt lat="38.75621" lon="0.03388">
    <ele>143.54</ele>
   </trkpt>
   <trkpt lat="38.75612" lon="0.033870000000000004">
    <ele>143.54</ele>
   </trkpt>
   <trkpt lat="38.756" lon="0.033830000000000006">
    <ele>143.5</ele>
   </trkpt>
   <trkpt lat="38.755860000000006" lon="0.0337">
    <ele>143.43</ele>
   </trkpt>
   <trkpt lat="38.755475001338304" lon="0.03311999672865535">
    <ele>143.27</ele>
   </trkpt>
   <trkpt lat="38.75509" lon="0.03254">
    <ele>144.57</ele>
   </trkpt>
   <trkpt lat="38.75497" lon="0.03232">
    <ele>144.74</ele>
   </trkpt>
   <trkpt lat="38.75491" lon="0.03211">
    <ele>145.14000000000001</ele>
   </trkpt>
   <trkpt lat="38.75484000198879" lon="0.03142499922906199">
    <ele>145.73</ele>
   </trkpt>
   <trkpt lat="38.75477" lon="0.030740000000000003">
    <ele>146.17000000000002</ele>
   </trkpt>
   <trkpt lat="38.754520001636244" lon="0.030119997825188156">
    <ele>146.47000000000003</ele>
   </trkpt>
   <trkpt lat="38.754270000000005" lon="0.029500000000000002">
    <ele>146.54</ele>
   </trkpt>
   <trkpt lat="38.754290000000005" lon="0.028540000000000003">
    <ele>146.45000000000002</ele>
   </trkpt>
   <trkpt lat="38.75428" lon="0.028290000000000003">
    <ele>146.64000000000001</ele>
   </trkpt>
   <trkpt lat="38.75412000139165" lon="0.027699998340916264">
    <ele>148.85</ele>
   </trkpt>
   <trkpt lat="38.753960000000006" lon="0.027110000000000002">
    <ele>150.27</ele>
   </trkpt>
   <trkpt lat="38.75384000156508" lon="0.026499998872442164">
    <ele>150.29</ele>
   </trkpt>
   <trkpt lat="38.75372" lon="0.025890000000000003">
    <ele>149.99</ele>
   </trkpt>
   <trkpt lat="38.75341" lon="0.02511">
    <ele>150.03000000000003</ele>
   </trkpt>
   <trkpt lat="38.75318" lon="0.02467">
    <ele>150.66000000000003</ele>
   </trkpt>
   <trkpt lat="38.75302000000001" lon="0.024460000000000003">
    <ele>151.88000000000002</ele>
   </trkpt>
   <trkpt lat="38.752860000000005" lon="0.02433">
    <ele>152.26</ele>
   </trkpt>
   <trkpt lat="38.75221000034652" lon="0.0240099970419979">
    <ele>154.9</ele>
   </trkpt>
   <trkpt lat="38.751560000000005" lon="0.023690000000000003">
    <ele>158.28</ele>
   </trkpt>
   <trkpt lat="38.75113" lon="0.023520000000000003">
    <ele>162.72</ele>
   </trkpt>
   <trkpt lat="38.75081" lon="0.023330000000000004">
    <ele>164.89000000000001</ele>
   </trkpt>
   <trkpt lat="38.7507" lon="0.02331">
    <ele>164.89000000000001</ele>
   </trkpt>
   <trkpt lat="38.750640000000004" lon="0.02332">
    <ele>165.34</ele>
   </trkpt>
   <trkpt lat="38.75036" lon="0.02349">
    <ele>167.81</ele>
   </trkpt>
   <trkpt lat="38.75027" lon="0.023520000000000003">
    <ele>167.81</ele>
   </trkpt>
   <trkpt lat="38.750150000000005" lon="0.023520000000000003">
    <ele>167.81</ele>
   </trkpt>
   <trkpt lat="38.74973000000001" lon="0.023450000000000002">
    <ele>169.79000000000002</ele>
   </trkpt>
   <trkpt lat="38.74958" lon="0.023450000000000002">
    <ele>171.41</ele>
   </trkpt>
   <trkpt lat="38.749480000000005" lon="0.02348">
    <ele>171.41</ele>
   </trkpt>
   <trkpt lat="38.74918" lon="0.023780000000000003">
    <ele>172.38</ele>
   </trkpt>
   <trkpt lat="38.74909" lon="0.023840000000000004">
    <ele>173.19</ele>
   </trkpt>
   <trkpt lat="38.748990000000006" lon="0.02383">
    <ele>173.91</ele>
   </trkpt>
   <trkpt lat="38.74889" lon="0.02373">
    <ele>173.91</ele>
   </trkpt>
   <trkpt lat="38.748760000000004" lon="0.02341">
    <ele>175.73000000000002</ele>
   </trkpt>
   <trkpt lat="38.74870000000001" lon="0.023330000000000004">
    <ele>176.21</ele>
   </trkpt>
   <trkpt lat="38.74864" lon="0.0233">
    <ele>176.65</ele>
   </trkpt>
   <trkpt lat="38.74853" lon="0.02329">
    <ele>177.26</ele>
   </trkpt>
   <trkpt lat="38.748450000000005" lon="0.02332">
    <ele>177.26</ele>
   </trkpt>
   <trkpt lat="38.74803" lon="0.023590000000000003">
    <ele>179.45000000000002</ele>
   </trkpt>
   <trkpt lat="38.74777" lon="0.023690000000000003">
    <ele>180.81000000000003</ele>
   </trkpt>
   <trkpt lat="38.74759" lon="0.023870000000000002">
    <ele>181.46</ele>
   </trkpt>
   <trkpt lat="38.747510000000005" lon="0.0239">
    <ele>181.46</ele>
   </trkpt>
   <trkpt lat="38.747260000000004" lon="0.023870000000000002">
    <ele>183.83</ele>
   </trkpt>
   <trkpt lat="38.74712" lon="0.02392">
    <ele>183.83</ele>
   </trkpt>
   <trkpt lat="38.747040000000005" lon="0.023930000000000003">
    <ele>184.7</ele>
   </trkpt>
   <trkpt lat="38.74696" lon="0.02392">
    <ele>184.7</ele>
   </trkpt>
   <trkpt lat="38.74678" lon="0.02383">
    <ele>186.83</ele>
   </trkpt>
   <trkpt lat="38.74665" lon="0.023840000000000004">
    <ele>187.39000000000001</ele>
   </trkpt>
   <trkpt lat="38.74658" lon="0.023870000000000002">
    <ele>188.11</ele>
   </trkpt>
   <trkpt lat="38.746480000000005" lon="0.02397">
    <ele>188.11</ele>
   </trkpt>
   <trkpt lat="38.746370000000006" lon="0.024120000000000003">
    <ele>188.98000000000002</ele>
   </trkpt>
   <trkpt lat="38.746080000000006" lon="0.024790000000000003">
    <ele>192.07000000000002</ele>
   </trkpt>
   <trkpt lat="38.74588" lon="0.02494">
    <ele>192.77</ele>
   </trkpt>
   <trkpt lat="38.74569" lon="0.02502">
    <ele>194.74</ele>
   </trkpt>
   <trkpt lat="38.7455" lon="0.025040000000000003">
    <ele>195.69</ele>
   </trkpt>
   <trkpt lat="38.745400000000004" lon="0.02502">
    <ele>195.69</ele>
   </trkpt>
   <trkpt lat="38.74533" lon="0.02491">
    <ele>196.05000000000004</ele>
   </trkpt>
   <trkpt lat="38.74532000000001" lon="0.02476">
    <ele>196.5</ele>
   </trkpt>
   <trkpt lat="38.74537" lon="0.024640000000000002">
    <ele>196.84</ele>
   </trkpt>
   <trkpt lat="38.74557" lon="0.024380000000000002">
    <ele>198.65</ele>
   </trkpt>
   <trkpt lat="38.745630000000006" lon="0.024220000000000002">
    <ele>199.28</ele>
   </trkpt>
   <trkpt lat="38.745650000000005" lon="0.02408">
    <ele>200.49000000000004</ele>
   </trkpt>
   <trkpt lat="38.745650000000005" lon="0.0239">
    <ele>201.03</ele>
   </trkpt>
   <trkpt lat="38.745630000000006" lon="0.02374">
    <ele>201.03</ele>
   </trkpt>
   <trkpt lat="38.74548" lon="0.023540000000000002">
    <ele>203.42000000000002</ele>
   </trkpt>
   <trkpt lat="38.74532000000001" lon="0.023430000000000003">
    <ele>204.55</ele>
   </trkpt>
   <trkpt lat="38.74523000000001" lon="0.02332">
    <ele>204.55</ele>
   </trkpt>
   <trkpt lat="38.745180000000005" lon="0.023200000000000002">
    <ele>205.03</ele>
   </trkpt>
   <trkpt lat="38.745160000000006" lon="0.02305">
    <ele>205.81</ele>
   </trkpt>
   <trkpt lat="38.745180000000005" lon="0.02289">
    <ele>207.21</ele>
   </trkpt>
   <trkpt lat="38.74524" lon="0.022650000000000003">
    <ele>207.21</ele>
   </trkpt>
   <trkpt lat="38.74535" lon="0.022310000000000003">
    <ele>209.53000000000003</ele>
   </trkpt>
   <trkpt lat="38.74555" lon="0.02194">
    <ele>212.41000000000003</ele>
   </trkpt>
   <trkpt lat="38.74557" lon="0.021800000000000003">
    <ele>212.41000000000003</ele>
   </trkpt>
   <trkpt lat="38.745430000000006" lon="0.020960000000000003">
    <ele>215.00000000000003</ele>
   </trkpt>
   <trkpt lat="38.745430000000006" lon="0.020610000000000003">
    <ele>215.94000000000003</ele>
   </trkpt>
   <trkpt lat="38.745450000000005" lon="0.02052">
    <ele>215.94000000000003</ele>
   </trkpt>
   <trkpt lat="38.745490000000004" lon="0.020460000000000002">
    <ele>216.23</ele>
   </trkpt>
   <trkpt lat="38.7458" lon="0.02014">
    <ele>218.98</ele>
   </trkpt>
   <trkpt lat="38.745850000000004" lon="0.020020000000000003">
    <ele>218.98</ele>
   </trkpt>
   <trkpt lat="38.745850000000004" lon="0.0199">
    <ele>218.98</ele>
   </trkpt>
   <trkpt lat="38.74570000000001" lon="0.01931">
    <ele>221.25000000000003</ele>
   </trkpt>
   <trkpt lat="38.745630000000006" lon="0.019200000000000002">
    <ele>221.25000000000003</ele>
   </trkpt>
   <trkpt lat="38.745580000000004" lon="0.01916">
    <ele>222.3</ele>
   </trkpt>
   <trkpt lat="38.74495500033806" lon="0.01892999802822854">
    <ele>224.35000000000002</ele>
   </trkpt>
   <trkpt lat="38.744330000000005" lon="0.0187">
    <ele>225.31</ele>
   </trkpt>
   <trkpt lat="38.74405" lon="0.01862">
    <ele>224.05</ele>
   </trkpt>
   <trkpt lat="38.74394" lon="0.01862">
    <ele>224.05</ele>
   </trkpt>
   <trkpt lat="38.743770000000005" lon="0.018660000000000003">
    <ele>222.28</ele>
   </trkpt>
   <trkpt lat="38.74322" lon="0.018940000000000002">
    <ele>219.96</ele>
   </trkpt>
   <trkpt lat="38.74309" lon="0.01896">
    <ele>219.44000000000003</ele>
   </trkpt>
   <trkpt lat="38.742940000000004" lon="0.0189">
    <ele>218.3</ele>
   </trkpt>
   <trkpt lat="38.742830000000005" lon="0.0188">
    <ele>216.13000000000002</ele>
   </trkpt>
   <trkpt lat="38.74268" lon="0.018510000000000002">
    <ele>216.13000000000002</ele>
   </trkpt>
   <trkpt lat="38.74251" lon="0.01812">
    <ele>213.91000000000003</ele>
   </trkpt>
   <trkpt lat="38.74244" lon="0.01785">
    <ele>213.06000000000003</ele>
   </trkpt>
   <trkpt lat="38.74246" lon="0.016970000000000002">
    <ele>209.78000000000003</ele>
   </trkpt>
   <trkpt lat="38.742490000000004" lon="0.01684">
    <ele>208.34000000000003</ele>
   </trkpt>
   <trkpt lat="38.742610000000006" lon="0.01661">
    <ele>207.53000000000003</ele>
   </trkpt>
   <trkpt lat="38.742630000000005" lon="0.016530000000000003">
    <ele>207.53000000000003</ele>
   </trkpt>
   <trkpt lat="38.74262" lon="0.01627">
    <ele>207.53000000000003</ele>
   </trkpt>
   <trkpt lat="38.742560000000005" lon="0.016130000000000002">
    <ele>205.22</ele>
   </trkpt>
   <trkpt lat="38.74237" lon="0.0158">
    <ele>205.40000000000003</ele>
   </trkpt>
   <trkpt lat="38.74233" lon="0.01564">
    <ele>203.99</ele>
   </trkpt>
   <trkpt lat="38.74231" lon="0.015240000000000002">
    <ele>201.35000000000002</ele>
   </trkpt>
   <trkpt lat="38.74226" lon="0.015110000000000002">
    <ele>201.35000000000002</ele>
   </trkpt>
   <trkpt lat="38.74219" lon="0.01501">
    <ele>199.59</ele>
   </trkpt>
   <trkpt lat="38.74204" lon="0.014900000000000002">
    <ele>199.59</ele>
   </trkpt>
   <trkpt lat="38.74197" lon="0.014770000000000002">
    <ele>198.03</ele>
   </trkpt>
   <trkpt lat="38.74193" lon="0.01463">
    <ele>198.03</ele>
   </trkpt>
   <trkpt lat="38.74186000139031" lon="0.014059999492957918">
    <ele>196.56</ele>
   </trkpt>
   <trkpt lat="38.74179" lon="0.01349">
    <ele>193.81</ele>
   </trkpt>
   <trkpt lat="38.741780000000006" lon="0.013340000000000001">
    <ele>192.57000000000002</ele>
   </trkpt>
   <trkpt lat="38.74183" lon="0.01254">
    <ele>190.69000000000003</ele>
   </trkpt>
   <trkpt lat="38.741765001468586" lon="0.011954999564945706">
    <ele>187.96</ele>
   </trkpt>
   <trkpt lat="38.7417" lon="0.011370000000000002">
    <ele>185.50000000000003</ele>
   </trkpt>
   <trkpt lat="38.74172" lon="0.01111">
    <ele>185.13000000000002</ele>
   </trkpt>
   <trkpt lat="38.741820000000004" lon="0.01058">
    <ele>183.62</ele>
   </trkpt>
   <trkpt lat="38.74179" lon="0.01037">
    <ele>183.21</ele>
   </trkpt>
   <trkpt lat="38.74168" lon="0.010060000000000001">
    <ele>182.87</ele>
   </trkpt>
   <trkpt lat="38.74157" lon="0.01043">
    <ele>182.11</ele>
   </trkpt>
   <trkpt lat="38.741420000000005" lon="0.010730000000000002">
    <ele>181.83</ele>
   </trkpt>
   <trkpt lat="38.74112500143722" lon="0.011295002185675435">
    <ele>181.17000000000002</ele>
   </trkpt>
   <trkpt lat="38.74083" lon="0.01186">
    <ele>180.65</ele>
   </trkpt>
   <trkpt lat="38.74071" lon="0.012050000000000002">
    <ele>180.65</ele>
   </trkpt>
   <trkpt lat="38.74047" lon="0.012310000000000001">
    <ele>180.28000000000003</ele>
   </trkpt>
   <trkpt lat="38.7404" lon="0.012430000000000002">
    <ele>180.19000000000003</ele>
   </trkpt>
   <trkpt lat="38.740320000000004" lon="0.01268">
    <ele>180.17000000000002</ele>
   </trkpt>
   <trkpt lat="38.74025" lon="0.01301">
    <ele>180.17000000000002</ele>
   </trkpt>
   <trkpt lat="38.740050000000004" lon="0.01382">
    <ele>179.71</ele>
   </trkpt>
   <trkpt lat="38.73957" lon="0.01472">
    <ele>180.50000000000003</ele>
   </trkpt>
   <trkpt lat="38.73941000000001" lon="0.015200000000000002">
    <ele>181.53000000000003</ele>
   </trkpt>
   <trkpt lat="38.739380000000004" lon="0.015550000000000001">
    <ele>181.95000000000002</ele>
   </trkpt>
   <trkpt lat="38.73941000000001" lon="0.01598">
    <ele>183.2</ele>
   </trkpt>
   <trkpt lat="38.73942" lon="0.01668">
    <ele>183.96</ele>
   </trkpt>
   <trkpt lat="38.73948000492575" lon="0.017754999156064585">
    <ele>187.73000000000002</ele>
   </trkpt>
   <trkpt lat="38.739540000000005" lon="0.018830000000000003">
    <ele>188.53</ele>
   </trkpt>
   <trkpt lat="38.73953" lon="0.01941">
    <ele>190.25</ele>
   </trkpt>
   <trkpt lat="38.73948" lon="0.019610000000000002">
    <ele>191.01000000000002</ele>
   </trkpt>
   <trkpt lat="38.739340000000006" lon="0.019940000000000003">
    <ele>192.77</ele>
   </trkpt>
   <trkpt lat="38.73915" lon="0.020380000000000002">
    <ele>195.4</ele>
   </trkpt>
   <trkpt lat="38.739050000000006" lon="0.020800000000000003">
    <ele>197.47</ele>
   </trkpt>
   <trkpt lat="38.738995001506" lon="0.02139500047976446">
    <ele>201.4</ele>
   </trkpt>
   <trkpt lat="38.73894000000001" lon="0.021990000000000003">
    <ele>202.65000000000003</ele>
   </trkpt>
   <trkpt lat="38.738870000000006" lon="0.022260000000000002">
    <ele>204.19</ele>
   </trkpt>
   <trkpt lat="38.738760000000006" lon="0.022500000000000003">
    <ele>205.55</ele>
   </trkpt>
   <trkpt lat="38.73856" lon="0.0227">
    <ele>206.6</ele>
   </trkpt>
   <trkpt lat="38.738420000000005" lon="0.02279">
    <ele>208.26000000000002</ele>
   </trkpt>
   <trkpt lat="38.738350000000004" lon="0.022820000000000003">
    <ele>208.26000000000002</ele>
   </trkpt>
   <trkpt lat="38.73827" lon="0.022830000000000003">
    <ele>208.26000000000002</ele>
   </trkpt>
   <trkpt lat="38.73778999994087" lon="0.022774999622105673">
    <ele>211.15</ele>
   </trkpt>
   <trkpt lat="38.73731" lon="0.02272">
    <ele>214.64000000000001</ele>
   </trkpt>
   <trkpt lat="38.73715" lon="0.022680000000000002">
    <ele>215.14000000000001</ele>
   </trkpt>
   <trkpt lat="38.73675" lon="0.022520000000000002">
    <ele>218.04000000000002</ele>
   </trkpt>
   <trkpt lat="38.73655" lon="0.022500000000000003">
    <ele>221.37</ele>
   </trkpt>
   <trkpt lat="38.736380000000004" lon="0.02254">
    <ele>221.37</ele>
   </trkpt>
   <trkpt lat="38.73613" lon="0.02271">
    <ele>222.65</ele>
   </trkpt>
   <trkpt lat="38.73556500234414" lon="0.02345000583832407">
    <ele>224.72000000000003</ele>
   </trkpt>
   <trkpt lat="38.73500000000001" lon="0.024190000000000003">
    <ele>227.0</ele>
   </trkpt>
   <trkpt lat="38.73481" lon="0.024370000000000003">
    <ele>227.0</ele>
   </trkpt>
   <trkpt lat="38.734480000000005" lon="0.024550000000000002">
    <ele>228.44000000000003</ele>
   </trkpt>
   <trkpt lat="38.73422" lon="0.024730000000000002">
    <ele>229.12</ele>
   </trkpt>
   <trkpt lat="38.73415" lon="0.024810000000000002">
    <ele>229.61</ele>
   </trkpt>
   <trkpt lat="38.73406000000001" lon="0.024970000000000003">
    <ele>230.18</ele>
   </trkpt>
   <trkpt lat="38.733990000000006" lon="0.02518">
    <ele>231.08</ele>
   </trkpt>
   <trkpt lat="38.73396" lon="0.02545">
    <ele>232.13000000000002</ele>
   </trkpt>
   <trkpt lat="38.73397000000001" lon="0.02561">
    <ele>233.3</ele>
   </trkpt>
   <trkpt lat="38.734100000000005" lon="0.026320000000000003">
    <ele>235.71000000000004</ele>
   </trkpt>
   <trkpt lat="38.73411" lon="0.026690000000000002">
    <ele>238.57000000000002</ele>
   </trkpt>
   <trkpt lat="38.734010000000005" lon="0.027090000000000003">
    <ele>240.49</ele>
   </trkpt>
   <trkpt lat="38.733850000000004" lon="0.02739">
    <ele>241.49</ele>
   </trkpt>
   <trkpt lat="38.733720000000005" lon="0.027530000000000002">
    <ele>243.65000000000003</ele>
   </trkpt>
   <trkpt lat="38.7334" lon="0.027770000000000003">
    <ele>245.05</ele>
   </trkpt>
   <trkpt lat="38.73279500043198" lon="0.02813500317308468">
    <ele>248.51</ele>
   </trkpt>
   <trkpt lat="38.73219" lon="0.0285">
    <ele>252.0</ele>
   </trkpt>
   <trkpt lat="38.73178" lon="0.028790000000000003">
    <ele>254.34</ele>
   </trkpt>
   <trkpt lat="38.73122" lon="0.02951">
    <ele>260.47</ele>
   </trkpt>
   <trkpt lat="38.730990000000006" lon="0.02978">
    <ele>263.63000000000005</ele>
   </trkpt>
   <trkpt lat="38.73044" lon="0.03055">
    <ele>266.85</ele>
   </trkpt>
   <trkpt lat="38.73021000000001" lon="0.030810000000000004">
    <ele>267.20000000000005</ele>
   </trkpt>
   <trkpt lat="38.72979" lon="0.03127">
    <ele>268.0</ele>
   </trkpt>
   <trkpt lat="38.729240000000004" lon="0.03161">
    <ele>268.55</ele>
   </trkpt>
   <trkpt lat="38.72908" lon="0.031740000000000004">
    <ele>268.73</ele>
   </trkpt>
   <trkpt lat="38.728530000000006" lon="0.03229">
    <ele>268.46000000000004</ele>
   </trkpt>
   <trkpt lat="38.728320000000004" lon="0.032690000000000004">
    <ele>267.96000000000004</ele>
   </trkpt>
   <trkpt lat="38.72815000000001" lon="0.033670000000000005">
    <ele>264.92</ele>
   </trkpt>
   <trkpt lat="38.728100000000005" lon="0.03379">
    <ele>264.92</ele>
   </trkpt>
   <trkpt lat="38.72782" lon="0.03425">
    <ele>262.13000000000005</ele>
   </trkpt>
   <trkpt lat="38.72778" lon="0.034370000000000005">
    <ele>262.13000000000005</ele>
   </trkpt>
   <trkpt lat="38.72766" lon="0.03522">
    <ele>257.27</ele>
   </trkpt>
   <trkpt lat="38.72766" lon="0.035500000000000004">
    <ele>256.64000000000004</ele>
   </trkpt>
   <trkpt lat="38.72769" lon="0.03568">
    <ele>255.70000000000005</ele>
   </trkpt>
   <trkpt lat="38.72787" lon="0.036340000000000004">
    <ele>251.78</ele>
   </trkpt>
   <trkpt lat="38.72787" lon="0.036500000000000005">
    <ele>251.78</ele>
   </trkpt>
   <trkpt lat="38.727880000000006" lon="0.03654">
    <ele>251.63000000000002</ele>
   </trkpt>
   <trkpt lat="38.72789" lon="0.03669">
    <ele>251.63000000000002</ele>
   </trkpt>
   <trkpt lat="38.72778" lon="0.037180000000000005">
    <ele>247.61</ele>
   </trkpt>
   <trkpt lat="38.72766" lon="0.037520000000000005">
    <ele>246.8</ele>
   </trkpt>
   <trkpt lat="38.727340000000005" lon="0.038090000000000006">
    <ele>243.07</ele>
   </trkpt>
   <trkpt lat="38.72724" lon="0.038310000000000004">
    <ele>242.62000000000003</ele>
   </trkpt>
   <trkpt lat="38.7271" lon="0.038810000000000004">
    <ele>239.48000000000002</ele>
   </trkpt>
   <trkpt lat="38.727070000000005" lon="0.03898">
    <ele>238.95000000000002</ele>
   </trkpt>
   <trkpt lat="38.72706" lon="0.03914">
    <ele>238.24</ele>
   </trkpt>
   <trkpt lat="38.72717" lon="0.03986000000000001">
    <ele>236.20000000000002</ele>
   </trkpt>
   <trkpt lat="38.727230000000006" lon="0.04011">
    <ele>235.34</ele>
   </trkpt>
   <trkpt lat="38.72753" lon="0.040920000000000005">
    <ele>233.05</ele>
   </trkpt>
   <trkpt lat="38.72755" lon="0.04107">
    <ele>232.99000000000004</ele>
   </trkpt>
   <trkpt lat="38.72742" lon="0.04190000000000001">
    <ele>232.88000000000002</ele>
   </trkpt>
   <trkpt lat="38.7274" lon="0.04198">
    <ele>232.88000000000002</ele>
   </trkpt>
   <trkpt lat="38.72729" lon="0.0422">
    <ele>232.74000000000004</ele>
   </trkpt>
   <trkpt lat="38.7272" lon="0.042330000000000007">
    <ele>232.46000000000004</ele>
   </trkpt>
   <trkpt lat="38.72704" lon="0.042480000000000004">
    <ele>231.9</ele>
   </trkpt>
   <trkpt lat="38.72697" lon="0.04252">
    <ele>231.49000000000004</ele>
   </trkpt>
   <trkpt lat="38.72692" lon="0.04254">
    <ele>231.34</ele>
   </trkpt>
   <trkpt lat="38.72616666674547" lon="0.04263666870517037">
    <ele>223.07000000000002</ele>
   </trkpt>
   <trkpt lat="38.72541333341134" lon="0.04273333537190656">
    <ele>217.93</ele>
   </trkpt>
   <trkpt lat="38.72466" lon="0.04283000000000001">
    <ele>213.94000000000003</ele>
   </trkpt>
   <trkpt lat="38.724070000000005" lon="0.04297">
    <ele>211.17000000000002</ele>
   </trkpt>
   <trkpt lat="38.72351000005396" lon="0.043120001186752986">
    <ele>211.21</ele>
   </trkpt>
   <trkpt lat="38.722950000000004" lon="0.04327">
    <ele>212.46</ele>
   </trkpt>
   <trkpt lat="38.722350000000006" lon="0.043460000000000006">
    <ele>216.32000000000002</ele>
   </trkpt>
   <trkpt lat="38.72222" lon="0.04352">
    <ele>216.32000000000002</ele>
   </trkpt>
   <trkpt lat="38.722080000000005" lon="0.043620000000000006">
    <ele>217.43</ele>
   </trkpt>
   <trkpt lat="38.72159500095668" lon="0.04408000306932862">
    <ele>219.93</ele>
   </trkpt>
   <trkpt lat="38.72111" lon="0.04454">
    <ele>219.33</ele>
   </trkpt>
   <trkpt lat="38.720710000000004" lon="0.04496000000000001">
    <ele>216.71</ele>
   </trkpt>
   <trkpt lat="38.720580000000005" lon="0.04513">
    <ele>215.97000000000003</ele>
   </trkpt>
   <trkpt lat="38.72041" lon="0.045410000000000006">
    <ele>214.88000000000002</ele>
   </trkpt>
   <trkpt lat="38.72025" lon="0.04573000000000001">
    <ele>213.78000000000003</ele>
   </trkpt>
   <trkpt lat="38.720060000000004" lon="0.04626">
    <ele>213.53000000000003</ele>
   </trkpt>
   <trkpt lat="38.72003" lon="0.04648">
    <ele>213.47000000000003</ele>
   </trkpt>
   <trkpt lat="38.72008" lon="0.04676">
    <ele>213.36</ele>
   </trkpt>
   <trkpt lat="38.720150000000004" lon="0.04692">
    <ele>213.32</ele>
   </trkpt>
   <trkpt lat="38.72057" lon="0.04739">
    <ele>213.33</ele>
   </trkpt>
   <trkpt lat="38.72066" lon="0.04755">
    <ele>213.31000000000003</ele>
   </trkpt>
   <trkpt lat="38.72072" lon="0.04771">
    <ele>213.32</ele>
   </trkpt>
   <trkpt lat="38.72073" lon="0.04793000000000001">
    <ele>213.36</ele>
   </trkpt>
   <trkpt lat="38.72068500252238" lon="0.048700000531671554">
    <ele>213.82</ele>
   </trkpt>
   <trkpt lat="38.72064" lon="0.04947000000000001">
    <ele>214.01</ele>
   </trkpt>
   <trkpt lat="38.72073" lon="0.05016">
    <ele>214.15</ele>
   </trkpt>
   <trkpt lat="38.720740000000006" lon="0.050420000000000006">
    <ele>214.09000000000003</ele>
   </trkpt>
   <trkpt lat="38.72064" lon="0.051280000000000006">
    <ele>214.35</ele>
   </trkpt>
   <trkpt lat="38.720530000000004" lon="0.05206">
    <ele>214.78000000000003</ele>
   </trkpt>
   <trkpt lat="38.72046" lon="0.052250000000000005">
    <ele>215.02</ele>
   </trkpt>
   <trkpt lat="38.72032" lon="0.052430000000000004">
    <ele>215.37</ele>
   </trkpt>
   <trkpt lat="38.72017" lon="0.0526">
    <ele>215.50000000000003</ele>
   </trkpt>
   <trkpt lat="38.719770000000004" lon="0.05301">
    <ele>217.26</ele>
   </trkpt>
   <trkpt lat="38.71949" lon="0.05303000000000001">
    <ele>217.55</ele>
   </trkpt>
   <trkpt lat="38.719440000000006" lon="0.05299">
    <ele>217.55</ele>
   </trkpt>
   <trkpt lat="38.719370000000005" lon="0.05296000000000001">
    <ele>218.17000000000002</ele>
   </trkpt>
   <trkpt lat="38.71923" lon="0.053000000000000005">
    <ele>218.66000000000003</ele>
   </trkpt>
   <trkpt lat="38.71916" lon="0.05308">
    <ele>219.10000000000002</ele>
   </trkpt>
   <trkpt lat="38.719120000000004" lon="0.05326">
    <ele>219.54000000000002</ele>
   </trkpt>
   <trkpt lat="38.719150000000006" lon="0.05339000000000001">
    <ele>219.63000000000002</ele>
   </trkpt>
   <trkpt lat="38.71914" lon="0.053570000000000007">
    <ele>219.3</ele>
   </trkpt>
   <trkpt lat="38.718780004428986" lon="0.054590005143375475">
    <ele>219.39000000000001</ele>
   </trkpt>
   <trkpt lat="38.71842" lon="0.05561000000000001">
    <ele>220.02</ele>
   </trkpt>
   <trkpt lat="38.71791" lon="0.05646">
    <ele>220.9</ele>
   </trkpt>
   <trkpt lat="38.717830000000006" lon="0.056690000000000004">
    <ele>221.35000000000002</ele>
   </trkpt>
   <trkpt lat="38.717380000000006" lon="0.057440000000000005">
    <ele>222.67000000000002</ele>
   </trkpt>
   <trkpt lat="38.716910000000006" lon="0.058170000000000006">
    <ele>225.07000000000002</ele>
   </trkpt>
   <trkpt lat="38.716620000000006" lon="0.0587">
    <ele>226.56</ele>
   </trkpt>
   <trkpt lat="38.71656" lon="0.05868">
    <ele>226.73000000000002</ele>
   </trkpt>
   <trkpt lat="38.71629" lon="0.05772000000000001">
    <ele>227.83000000000004</ele>
   </trkpt>
   <trkpt lat="38.71614" lon="0.05731000000000001">
    <ele>228.76000000000002</ele>
   </trkpt>
   <trkpt lat="38.71585000489535" lon="0.05623499554132206">
    <ele>231.73000000000002</ele>
   </trkpt>
   <trkpt lat="38.71556" lon="0.05516000000000001">
    <ele>237.08</ele>
   </trkpt>
   <trkpt lat="38.71532751046843" lon="0.05425499118570436">
    <ele>240.86</ele>
   </trkpt>
   <trkpt lat="38.71509501396072" lon="0.053349988258776626">
    <ele>244.52</ele>
   </trkpt>
   <trkpt lat="38.714862510476976" lon="0.05244499121930619">
    <ele>248.24</ele>
   </trkpt>
   <trkpt lat="38.71463" lon="0.05154">
    <ele>252.82000000000005</ele>
   </trkpt>
   <trkpt lat="38.71434500493131" lon="0.050469995942193736">
    <ele>257.63</ele>
   </trkpt>
   <trkpt lat="38.71406" lon="0.049400000000000006">
    <ele>261.05</ele>
   </trkpt>
   <trkpt lat="38.71379500473841" lon="0.04834499608234119">
    <ele>263.92</ele>
   </trkpt>
   <trkpt lat="38.713530000000006" lon="0.047290000000000006">
    <ele>266.52000000000004</ele>
   </trkpt>
   <trkpt lat="38.713303339782485" lon="0.046419994491642046">
    <ele>268.86</ele>
   </trkpt>
   <trkpt lat="38.71307667311814" lon="0.04554999450063397">
    <ele>270.96000000000004</ele>
   </trkpt>
   <trkpt lat="38.71285" lon="0.044680000000000004">
    <ele>273.17</ele>
   </trkpt>
   <trkpt lat="38.71257000000001" lon="0.043660000000000004">
    <ele>273.90000000000003</ele>
   </trkpt>
   <trkpt lat="38.71246" lon="0.04335000000000001">
    <ele>274.37</ele>
   </trkpt>
   <trkpt lat="38.71211" lon="0.04245">
    <ele>275.41</ele>
   </trkpt>
   <trkpt lat="38.71185000197826" lon="0.04175999735966388">
    <ele>276.16</ele>
   </trkpt>
   <trkpt lat="38.71159" lon="0.04107">
    <ele>275.96000000000004</ele>
   </trkpt>
   <trkpt lat="38.71141" lon="0.0407">
    <ele>274.76</ele>
   </trkpt>
   <trkpt lat="38.711310000000005" lon="0.04055">
    <ele>274.08000000000004</ele>
   </trkpt>
   <trkpt lat="38.711000000000006" lon="0.040170000000000004">
    <ele>272.57000000000005</ele>
   </trkpt>
   <trkpt lat="38.710730000000005" lon="0.03989">
    <ele>271.36</ele>
   </trkpt>
   <trkpt lat="38.71034" lon="0.03934">
    <ele>269.0</ele>
   </trkpt>
   <trkpt lat="38.71018" lon="0.039040000000000005">
    <ele>267.94</ele>
   </trkpt>
   <trkpt lat="38.710100000000004" lon="0.03873">
    <ele>266.62</ele>
   </trkpt>
   <trkpt lat="38.71011" lon="0.03858">
    <ele>266.62</ele>
   </trkpt>
   <trkpt lat="38.71016" lon="0.03848">
    <ele>266.5</ele>
   </trkpt>
   <trkpt lat="38.71016" lon="0.03837">
    <ele>266.5</ele>
   </trkpt>
   <trkpt lat="38.71014" lon="0.038310000000000004">
    <ele>266.5</ele>
   </trkpt>
   <trkpt lat="38.71009" lon="0.03823">
    <ele>266.5</ele>
   </trkpt>
   <trkpt lat="38.71005" lon="0.038200000000000005">
    <ele>266.59000000000003</ele>
   </trkpt>
   <trkpt lat="38.70998" lon="0.03799">
    <ele>266.54</ele>
   </trkpt>
   <trkpt lat="38.710010000000004" lon="0.03742">
    <ele>266.0</ele>
   </trkpt>
   <trkpt lat="38.71009" lon="0.037070000000000006">
    <ele>265.26</ele>
   </trkpt>
   <trkpt lat="38.710170000000005" lon="0.036860000000000004">
    <ele>264.22</ele>
   </trkpt>
   <trkpt lat="38.710280000000004" lon="0.03665">
    <ele>263.56</ele>
   </trkpt>
   <trkpt lat="38.710350000000005" lon="0.03654">
    <ele>263.56</ele>
   </trkpt>
   <trkpt lat="38.710510000000006" lon="0.03642">
    <ele>263.28000000000003</ele>
   </trkpt>
   <trkpt lat="38.71058" lon="0.036480000000000005">
    <ele>262.98</ele>
   </trkpt>
   <trkpt lat="38.71067" lon="0.036500000000000005">
    <ele>262.6</ele>
   </trkpt>
   <trkpt lat="38.710770000000004" lon="0.03678">
    <ele>261.5</ele>
   </trkpt>
   <trkpt lat="38.71076" lon="0.036910000000000005">
    <ele>260.79</ele>
   </trkpt>
   <trkpt lat="38.71061" lon="0.03724">
    <ele>257.89</ele>
   </trkpt>
   <trkpt lat="38.710480000000004" lon="0.03735">
    <ele>257.15000000000003</ele>
   </trkpt>
   <trkpt lat="38.710210000000004" lon="0.03746">
    <ele>256.34000000000003</ele>
   </trkpt>
   <trkpt lat="38.70977500015681" lon="0.03760500085984725">
    <ele>256.89</ele>
   </trkpt>
   <trkpt lat="38.709340000000005" lon="0.037750000000000006">
    <ele>259.15000000000003</ele>
   </trkpt>
   <trkpt lat="38.70915" lon="0.037790000000000004">
    <ele>259.89</ele>
   </trkpt>
   <trkpt lat="38.70846" lon="0.03783">
    <ele>261.55</ele>
   </trkpt>
   <trkpt lat="38.70797000010133" lon="0.03766999890093428">
    <ele>261.64000000000004</ele>
   </trkpt>
   <trkpt lat="38.707480000000004" lon="0.03751">
    <ele>261.56</ele>
   </trkpt>
   <trkpt lat="38.70722000000001" lon="0.03744">
    <ele>261.26000000000005</ele>
   </trkpt>
   <trkpt lat="38.70689" lon="0.0374">
    <ele>260.59999999999997</ele>
   </trkpt>
   <trkpt lat="38.70649" lon="0.03742">
    <ele>259.31000000000006</ele>
   </trkpt>
   <trkpt lat="38.706250000000004" lon="0.03747">
    <ele>258.06</ele>
   </trkpt>
   <trkpt lat="38.70584" lon="0.037590000000000005">
    <ele>256.21999999999997</ele>
   </trkpt>
   <trkpt lat="38.70543000017854" lon="0.03784500152335959">
    <ele>252.03000000000003</ele>
   </trkpt>
   <trkpt lat="38.705020000000005" lon="0.0381">
    <ele>250.65000000000003</ele>
   </trkpt>
   <trkpt lat="38.70456" lon="0.038340000000000006">
    <ele>247.54</ele>
   </trkpt>
   <trkpt lat="38.704170000000005" lon="0.038450000000000005">
    <ele>244.82</ele>
   </trkpt>
   <trkpt lat="38.70365" lon="0.03848">
    <ele>241.07</ele>
   </trkpt>
   <trkpt lat="38.70306" lon="0.038450000000000005">
    <ele>236.95000000000002</ele>
   </trkpt>
   <trkpt lat="38.70248" lon="0.038400000000000004">
    <ele>234.06</ele>
   </trkpt>
   <trkpt lat="38.701900000065386" lon="0.03839499996001009">
    <ele>230.16000000000003</ele>
   </trkpt>
   <trkpt lat="38.70132" lon="0.03839">
    <ele>226.77</ele>
   </trkpt>
   <trkpt lat="38.70084000000001" lon="0.03849">
    <ele>225.02</ele>
   </trkpt>
   <trkpt lat="38.70067" lon="0.03855">
    <ele>224.78</ele>
   </trkpt>
   <trkpt lat="38.7002" lon="0.0388">
    <ele>225.04000000000002</ele>
   </trkpt>
   <trkpt lat="38.69958500082217" lon="0.039220003563183344">
    <ele>225.22000000000003</ele>
   </trkpt>
   <trkpt lat="38.69897" lon="0.03964">
    <ele>225.07000000000002</ele>
   </trkpt>
   <trkpt lat="38.69852" lon="0.039920000000000004">
    <ele>222.98000000000002</ele>
   </trkpt>
   <trkpt lat="38.697827501498935" lon="0.04026250994824463">
    <ele>217.02</ele>
   </trkpt>
   <trkpt lat="38.69713500199882" lon="0.04060501326400589">
    <ele>213.54</ele>
   </trkpt>
   <trkpt lat="38.69644250149969" lon="0.04094750994756693">
    <ele>209.41</ele>
   </trkpt>
   <trkpt lat="38.695750000000004" lon="0.04129">
    <ele>206.12000000000003</ele>
   </trkpt>
   <trkpt lat="38.69561" lon="0.04134">
    <ele>204.04000000000002</ele>
   </trkpt>
   <trkpt lat="38.69540000000001" lon="0.041370000000000004">
    <ele>204.04000000000002</ele>
   </trkpt>
   <trkpt lat="38.69503" lon="0.041350000000000005">
    <ele>201.63</ele>
   </trkpt>
   <trkpt lat="38.69437666682196" lon="0.04121666423186017">
    <ele>198.91</ele>
   </trkpt>
   <trkpt lat="38.69372333349251" lon="0.041083330899353565">
    <ele>197.38000000000002</ele>
   </trkpt>
   <trkpt lat="38.693070000000006" lon="0.04095">
    <ele>195.91000000000003</ele>
   </trkpt>
   <trkpt lat="38.692840000000004" lon="0.04093">
    <ele>195.91000000000003</ele>
   </trkpt>
   <trkpt lat="38.692600000000006" lon="0.04095">
    <ele>194.55</ele>
   </trkpt>
   <trkpt lat="38.69189" lon="0.041100000000000005">
    <ele>192.5</ele>
   </trkpt>
   <trkpt lat="38.69121500033023" lon="0.04128000164709582">
    <ele>187.04000000000002</ele>
   </trkpt>
   <trkpt lat="38.690540000000006" lon="0.041460000000000004">
    <ele>184.05</ele>
   </trkpt>
   <trkpt lat="38.690045000154214" lon="0.04157500077293714">
    <ele>181.69000000000003</ele>
   </trkpt>
   <trkpt lat="38.689550000000004" lon="0.041690000000000005">
    <ele>179.26</ele>
   </trkpt>
   <trkpt lat="38.68925" lon="0.04173">
    <ele>177.51</ele>
   </trkpt>
   <trkpt lat="38.689" lon="0.041740000000000006">
    <ele>175.92000000000002</ele>
   </trkpt>
   <trkpt lat="38.688680000000005" lon="0.041710000000000004">
    <ele>174.96</ele>
   </trkpt>
   <trkpt lat="38.68854" lon="0.04168">
    <ele>174.22</ele>
   </trkpt>
   <trkpt lat="38.68827" lon="0.04157">
    <ele>173.6</ele>
   </trkpt>
   <trkpt lat="38.68809" lon="0.04145">
    <ele>173.37000000000003</ele>
   </trkpt>
   <trkpt lat="38.68789" lon="0.04125">
    <ele>171.77</ele>
   </trkpt>
   <trkpt lat="38.687560000000005" lon="0.040810000000000006">
    <ele>171.32000000000002</ele>
   </trkpt>
   <trkpt lat="38.68717500152677" lon="0.040224996957989895">
    <ele>168.51000000000002</ele>
   </trkpt>
   <trkpt lat="38.68679" lon="0.03964">
    <ele>167.15</ele>
   </trkpt>
   <trkpt lat="38.686550000000004" lon="0.039360000000000006">
    <ele>166.47</ele>
   </trkpt>
   <trkpt lat="38.68632" lon="0.03917">
    <ele>165.68</ele>
   </trkpt>
   <trkpt lat="38.685680000499445" lon="0.03880499669664606">
    <ele>162.85000000000002</ele>
   </trkpt>
   <trkpt lat="38.68504" lon="0.03844">
    <ele>160.98000000000002</ele>
   </trkpt>
   <trkpt lat="38.68482" lon="0.03833">
    <ele>160.71</ele>
   </trkpt>
   <trkpt lat="38.68435500018661" lon="0.03807499829343915">
    <ele>158.31</ele>
   </trkpt>
   <trkpt lat="38.683890000000005" lon="0.037820000000000006">
    <ele>156.54000000000002</ele>
   </trkpt>
   <trkpt lat="38.68309" lon="0.03751">
    <ele>154.79000000000002</ele>
   </trkpt>
   <trkpt lat="38.68281" lon="0.037430000000000005">
    <ele>153.89</ele>
   </trkpt>
   <trkpt lat="38.68269" lon="0.037340000000000005">
    <ele>153.89</ele>
   </trkpt>
   <trkpt lat="38.68233" lon="0.03719">
    <ele>153.44000000000003</ele>
   </trkpt>
   <trkpt lat="38.6818" lon="0.037020000000000004">
    <ele>152.94000000000003</ele>
   </trkpt>
   <trkpt lat="38.68157" lon="0.03699">
    <ele>153.28</ele>
   </trkpt>
   <trkpt lat="38.681290000000004" lon="0.037020000000000004">
    <ele>151.03000000000003</ele>
   </trkpt>
   <trkpt lat="38.6806750001463" lon="0.03722500177253046">
    <ele>148.39000000000001</ele>
   </trkpt>
   <trkpt lat="38.680060000000005" lon="0.037430000000000005">
    <ele>145.98</ele>
   </trkpt>
   <trkpt lat="38.67978" lon="0.03758">
    <ele>143.57</ele>
   </trkpt>
   <trkpt lat="38.679370000000006" lon="0.03796">
    <ele>141.56</ele>
   </trkpt>
   <trkpt lat="38.67908000088943" lon="0.038415001831077905">
    <ele>139.3</ele>
   </trkpt>
   <trkpt lat="38.678790000000006" lon="0.03887">
    <ele>134.32000000000002</ele>
   </trkpt>
   <trkpt lat="38.678700000000006" lon="0.03896">
    <ele>134.32000000000002</ele>
   </trkpt>
   <trkpt lat="38.678520000000006" lon="0.039080000000000004">
    <ele>134.32000000000002</ele>
   </trkpt>
   <trkpt lat="38.67837" lon="0.03912">
    <ele>131.98000000000002</ele>
   </trkpt>
   <trkpt lat="38.678200000000004" lon="0.0391">
    <ele>131.98000000000002</ele>
   </trkpt>
   <trkpt lat="38.678020000000004" lon="0.03905">
    <ele>130.54999999999998</ele>
   </trkpt>
   <trkpt lat="38.6779" lon="0.03898">
    <ele>130.04000000000002</ele>
   </trkpt>
   <trkpt lat="38.67723" lon="0.038380000000000004">
    <ele>126.15</ele>
   </trkpt>
   <trkpt lat="38.677020000000006" lon="0.03828">
    <ele>124.92000000000002</ele>
   </trkpt>
   <trkpt lat="38.67683" lon="0.038270000000000005">
    <ele>124.41000000000001</ele>
   </trkpt>
   <trkpt lat="38.676520000000004" lon="0.03828">
    <ele>124.94000000000001</ele>
   </trkpt>
   <trkpt lat="38.6758100000016" lon="0.03834000059630961">
    <ele>121.17000000000002</ele>
   </trkpt>
   <trkpt lat="38.6751" lon="0.038400000000000004">
    <ele>120.64000000000001</ele>
   </trkpt>
   <trkpt lat="38.67441000000689" lon="0.038446667567113395">
    <ele>118.77000000000001</ele>
   </trkpt>
   <trkpt lat="38.67371999999525" lon="0.03849333423455461">
    <ele>116.37000000000002</ele>
   </trkpt>
   <trkpt lat="38.673030000000004" lon="0.038540000000000005">
    <ele>113.25</ele>
   </trkpt>
   <trkpt lat="38.67250000000001" lon="0.03855">
    <ele>111.78</ele>
   </trkpt>
   <trkpt lat="38.67233" lon="0.038540000000000005">
    <ele>110.75000000000001</ele>
   </trkpt>
   <trkpt lat="38.672070000000005" lon="0.03844">
    <ele>109.56</ele>
   </trkpt>
   <trkpt lat="38.6719" lon="0.038340000000000006">
    <ele>107.82000000000001</ele>
   </trkpt>
   <trkpt lat="38.671760000000006" lon="0.03823">
    <ele>107.82000000000001</ele>
   </trkpt>
   <trkpt lat="38.67134" lon="0.037820000000000006">
    <ele>104.54</ele>
   </trkpt>
   <trkpt lat="38.671130000000005" lon="0.03771">
    <ele>104.54</ele>
   </trkpt>
   <trkpt lat="38.67103" lon="0.037700000000000004">
    <ele>104.18</ele>
   </trkpt>
   <trkpt lat="38.670840000000005" lon="0.03771">
    <ele>103.17000000000002</ele>
   </trkpt>
   <trkpt lat="38.67062000000001" lon="0.0378">
    <ele>102.68</ele>
   </trkpt>
   <trkpt lat="38.67045" lon="0.037930000000000005">
    <ele>101.42</ele>
   </trkpt>
   <trkpt lat="38.670280000000005" lon="0.03819">
    <ele>101.42</ele>
   </trkpt>
   <trkpt lat="38.67014" lon="0.038400000000000004">
    <ele>99.45</ele>
   </trkpt>
   <trkpt lat="38.66998" lon="0.03853">
    <ele>99.45</ele>
   </trkpt>
   <trkpt lat="38.66977" lon="0.03858">
    <ele>98.29</ele>
   </trkpt>
   <trkpt lat="38.66968000000001" lon="0.03858">
    <ele>98.29</ele>
   </trkpt>
   <trkpt lat="38.66937" lon="0.03851">
    <ele>96.78</ele>
   </trkpt>
   <trkpt lat="38.668940000000006" lon="0.038360000000000005">
    <ele>95.41000000000001</ele>
   </trkpt>
   <trkpt lat="38.66874" lon="0.03824">
    <ele>93.73</ele>
   </trkpt>
   <trkpt lat="38.668620000000004" lon="0.038130000000000004">
    <ele>93.73</ele>
   </trkpt>
   <trkpt lat="38.668220000000005" lon="0.03749">
    <ele>90.49</ele>
   </trkpt>
   <trkpt lat="38.667930000000005" lon="0.03713">
    <ele>89.74000000000001</ele>
   </trkpt>
   <trkpt lat="38.667820000000006" lon="0.03705">
    <ele>89.09</ele>
   </trkpt>
   <trkpt lat="38.66772" lon="0.037000000000000005">
    <ele>87.93</ele>
   </trkpt>
   <trkpt lat="38.66761" lon="0.03699">
    <ele>87.93</ele>
   </trkpt>
   <trkpt lat="38.66743" lon="0.037020000000000004">
    <ele>86.76</ele>
   </trkpt>
   <trkpt lat="38.66723" lon="0.037110000000000004">
    <ele>85.39</ele>
   </trkpt>
   <trkpt lat="38.666940000000004" lon="0.037340000000000005">
    <ele>83.44</ele>
   </trkpt>
   <trkpt lat="38.66667" lon="0.03747">
    <ele>81.69000000000001</ele>
   </trkpt>
   <trkpt lat="38.666560000000004" lon="0.037480000000000006">
    <ele>81.69000000000001</ele>
   </trkpt>
   <trkpt lat="38.66639" lon="0.037450000000000004">
    <ele>78.73</ele>
   </trkpt>
   <trkpt lat="38.66621000000001" lon="0.037360000000000004">
    <ele>78.73</ele>
   </trkpt>
   <trkpt lat="38.66612000000001" lon="0.037270000000000005">
    <ele>77.76</ele>
   </trkpt>
   <trkpt lat="38.66599" lon="0.03708">
    <ele>76.85</ele>
   </trkpt>
   <trkpt lat="38.665780001629194" lon="0.03646499825212751">
    <ele>73.99</ele>
   </trkpt>
   <trkpt lat="38.66557" lon="0.03585">
    <ele>72.66</ele>
   </trkpt>
   <trkpt lat="38.665400000000005" lon="0.035620000000000006">
    <ele>71.14</ele>
   </trkpt>
   <trkpt lat="38.66500500040667" lon="0.035284998091769285">
    <ele>68.82000000000001</ele>
   </trkpt>
   <trkpt lat="38.66461" lon="0.03495">
    <ele>66.79</ele>
   </trkpt>
   <trkpt lat="38.66447" lon="0.034850000000000006">
    <ele>64.23</ele>
   </trkpt>
   <trkpt lat="38.664350000000006" lon="0.03479">
    <ele>64.23</ele>
   </trkpt>
   <trkpt lat="38.664100000000005" lon="0.034710000000000005">
    <ele>62.18000000000001</ele>
   </trkpt>
   <trkpt lat="38.66384" lon="0.03467">
    <ele>60.57000000000001</ele>
   </trkpt>
   <trkpt lat="38.663560000000004" lon="0.03467">
    <ele>59.65</ele>
   </trkpt>
   <trkpt lat="38.66315" lon="0.034760000000000006">
    <ele>56.81</ele>
   </trkpt>
   <trkpt lat="38.66271000001857" lon="0.03498000144545809">
    <ele>55.50000000000001</ele>
   </trkpt>
   <trkpt lat="38.66227000000001" lon="0.0352">
    <ele>52.620000000000005</ele>
   </trkpt>
   <trkpt lat="38.662020000000005" lon="0.035230000000000004">
    <ele>52.230000000000004</ele>
   </trkpt>
   <trkpt lat="38.661880000000004" lon="0.03518">
    <ele>52.18</ele>
   </trkpt>
   <trkpt lat="38.66161" lon="0.03497">
    <ele>52.21000000000001</ele>
   </trkpt>
   <trkpt lat="38.66151" lon="0.034940000000000006">
    <ele>52.26</ele>
   </trkpt>
   <trkpt lat="38.66143" lon="0.034940000000000006">
    <ele>52.34</ele>
   </trkpt>
   <trkpt lat="38.66129" lon="0.034980000000000004">
    <ele>52.36</ele>
   </trkpt>
   <trkpt lat="38.660900000000005" lon="0.035">
    <ele>53.01</ele>
   </trkpt>
   <trkpt lat="38.66073" lon="0.035">
    <ele>53.57000000000001</ele>
   </trkpt>
   <trkpt lat="38.660610000000005" lon="0.03497">
    <ele>53.82000000000001</ele>
   </trkpt>
   <trkpt lat="38.66053" lon="0.035">
    <ele>53.82000000000001</ele>
   </trkpt>
   <trkpt lat="38.66044" lon="0.03508">
    <ele>53.980000000000004</ele>
   </trkpt>
   <trkpt lat="38.660410000000006" lon="0.03515">
    <ele>53.980000000000004</ele>
   </trkpt>
   <trkpt lat="38.65983000000001" lon="0.03556">
    <ele>53.77</ele>
   </trkpt>
   <trkpt lat="38.659315000069256" lon="0.035760001477356494">
    <ele>53.730000000000004</ele>
   </trkpt>
   <trkpt lat="38.65880000000001" lon="0.035960000000000006">
    <ele>54.34</ele>
   </trkpt>
   <trkpt lat="38.65814250095608" lon="0.03624000773025199">
    <ele>56.46</ele>
   </trkpt>
   <trkpt lat="38.65748500124466" lon="0.03652001031967865">
    <ele>57.900000000000006</ele>
   </trkpt>
   <trkpt lat="38.65682750086576" lon="0.036800007768490094">
    <ele>59.38</ele>
   </trkpt>
   <trkpt lat="38.65617" lon="0.03708">
    <ele>61.160000000000004</ele>
   </trkpt>
   <trkpt lat="38.655930000000005" lon="0.03719">
    <ele>62.32000000000001</ele>
   </trkpt>
   <trkpt lat="38.655590000000004" lon="0.037290000000000004">
    <ele>62.77</ele>
   </trkpt>
   <trkpt lat="38.6555" lon="0.037290000000000004">
    <ele>63.410000000000004</ele>
   </trkpt>
   <trkpt lat="38.65467" lon="0.037360000000000004">
    <ele>64.48</ele>
   </trkpt>
   <trkpt lat="38.65437" lon="0.03731">
    <ele>64.74000000000001</ele>
   </trkpt>
   <trkpt lat="38.65424" lon="0.03717">
    <ele>65.43</ele>
   </trkpt>
   <trkpt lat="38.654160000000005" lon="0.037140000000000006">
    <ele>65.58</ele>
   </trkpt>
   <trkpt lat="38.654050000000005" lon="0.03715">
    <ele>65.68</ele>
   </trkpt>
   <trkpt lat="38.65397" lon="0.03719">
    <ele>65.68</ele>
   </trkpt>
   <trkpt lat="38.65392000000001" lon="0.03724">
    <ele>65.73</ele>
   </trkpt>
   <trkpt lat="38.653830000000006" lon="0.0374">
    <ele>65.65</ele>
   </trkpt>
   <trkpt lat="38.653400000000005" lon="0.037500000000000006">
    <ele>65.82000000000001</ele>
   </trkpt>
   <trkpt lat="38.65254499996777" lon="0.03758500102073187">
    <ele>66.73</ele>
   </trkpt>
   <trkpt lat="38.65169" lon="0.03767">
    <ele>68.69</ele>
   </trkpt>
   <trkpt lat="38.65147" lon="0.03771">
    <ele>68.69</ele>
   </trkpt>
   <trkpt lat="38.65094000018614" lon="0.037755000317830495">
    <ele>70.17</ele>
   </trkpt>
   <trkpt lat="38.65041" lon="0.0378">
    <ele>70.63000000000001</ele>
   </trkpt>
   <trkpt lat="38.65017" lon="0.03781">
    <ele>71.14</ele>
   </trkpt>
   <trkpt lat="38.649950000000004" lon="0.037790000000000004">
    <ele>71.34</ele>
   </trkpt>
   <trkpt lat="38.649420000000006" lon="0.03771">
    <ele>71.93</ele>
   </trkpt>
   <trkpt lat="38.64898" lon="0.03755">
    <ele>72.14000000000001</ele>
   </trkpt>
   <trkpt lat="38.648540000000004" lon="0.03722">
    <ele>72.33</ele>
   </trkpt>
   <trkpt lat="38.64790000124048" lon="0.03667499511162896">
    <ele>72.86000000000001</ele>
   </trkpt>
   <trkpt lat="38.64726" lon="0.03613">
    <ele>74.3</ele>
   </trkpt>
   <trkpt lat="38.646840000000005" lon="0.035750000000000004">
    <ele>75.63</ele>
   </trkpt>
   <trkpt lat="38.646300000000004" lon="0.035140000000000005">
    <ele>76.84</ele>
   </trkpt>
   <trkpt lat="38.645735001936984" lon="0.03446499467486055">
    <ele>78.44000000000001</ele>
   </trkpt>
   <trkpt lat="38.64517" lon="0.03379">
    <ele>79.64</ele>
   </trkpt>
   <trkpt lat="38.645070000000004" lon="0.03364">
    <ele>79.42999999999999</ele>
   </trkpt>
   <trkpt lat="38.644960000000005" lon="0.033400000000000006">
    <ele>79.33000000000001</ele>
   </trkpt>
   <trkpt lat="38.6449" lon="0.03314">
    <ele>79.32</ele>
   </trkpt>
   <trkpt lat="38.644890000000004" lon="0.03293">
    <ele>79.42</ele>
   </trkpt>
   <trkpt lat="38.64493" lon="0.03266">
    <ele>79.42</ele>
   </trkpt>
   <trkpt lat="38.64526" lon="0.03162">
    <ele>80.78</ele>
   </trkpt>
   <trkpt lat="38.64529" lon="0.03139">
    <ele>80.78</ele>
   </trkpt>
   <trkpt lat="38.645270000000004" lon="0.03104">
    <ele>81.09</ele>
   </trkpt>
   <trkpt lat="38.645160000000004" lon="0.030660000000000003">
    <ele>81.75</ele>
   </trkpt>
   <trkpt lat="38.64499" lon="0.030390000000000004">
    <ele>82.13000000000001</ele>
   </trkpt>
   <trkpt lat="38.64479" lon="0.03019">
    <ele>82.2</ele>
   </trkpt>
   <trkpt lat="38.64426000191792" lon="0.029713326267789254">
    <ele>82.80000000000001</ele>
   </trkpt>
   <trkpt lat="38.64373000190161" lon="0.02923665958654798">
    <ele>84.72</ele>
   </trkpt>
   <trkpt lat="38.6432" lon="0.02876">
    <ele>85.4</ele>
   </trkpt>
   <trkpt lat="38.64298" lon="0.028460000000000003">
    <ele>86.39</ele>
   </trkpt>
   <trkpt lat="38.642860000000006" lon="0.028100000000000003">
    <ele>87.27</ele>
   </trkpt>
   <trkpt lat="38.642830000000004" lon="0.027850000000000003">
    <ele>87.71000000000001</ele>
   </trkpt>
   <trkpt lat="38.64287500166866" lon="0.027225000308719934">
    <ele>88.9</ele>
   </trkpt>
   <trkpt lat="38.642920000000004" lon="0.026600000000000002">
    <ele>89.92000000000002</ele>
   </trkpt>
   <trkpt lat="38.642900000000004" lon="0.026350000000000002">
    <ele>90.89000000000001</ele>
   </trkpt>
   <trkpt lat="38.64287" lon="0.02619">
    <ele>90.89000000000001</ele>
   </trkpt>
   <trkpt lat="38.64276" lon="0.02595">
    <ele>92.37</ele>
   </trkpt>
   <trkpt lat="38.642540000000004" lon="0.025660000000000002">
    <ele>93.00000000000001</ele>
   </trkpt>
   <trkpt lat="38.64196600843142" lon="0.02495597743763639">
    <ele>94.76</ele>
   </trkpt>
   <trkpt lat="38.64139201264365" lon="0.024251966152706753">
    <ele>97.11</ele>
   </trkpt>
   <trkpt lat="38.640818012636856" lon="0.023547966144881704">
    <ele>98.88000000000001</ele>
   </trkpt>
   <trkpt lat="38.640244008411166" lon="0.022843977413831866">
    <ele>99.39</ele>
   </trkpt>
   <trkpt lat="38.63967" lon="0.022140000000000003">
    <ele>99.51</ele>
   </trkpt>
   <trkpt lat="38.639570000000006" lon="0.021920000000000002">
    <ele>99.65</ele>
   </trkpt>
   <trkpt lat="38.63953" lon="0.021670000000000002">
    <ele>99.97</ele>
   </trkpt>
   <trkpt lat="38.63956" lon="0.02142">
    <ele>100.03</ele>
   </trkpt>
   <trkpt lat="38.63972500257593" lon="0.020650001528124014">
    <ele>100.68</ele>
   </trkpt>
   <trkpt lat="38.63989" lon="0.019880000000000002">
    <ele>101.76</ele>
   </trkpt>
   <trkpt lat="38.639900000000004" lon="0.019690000000000003">
    <ele>102.03</ele>
   </trkpt>
   <trkpt lat="38.63987" lon="0.019510000000000003">
    <ele>102.03</ele>
   </trkpt>
   <trkpt lat="38.63984000000001" lon="0.01938">
    <ele>102.35000000000001</ele>
   </trkpt>
   <trkpt lat="38.63964" lon="0.018940000000000002">
    <ele>103.02000000000001</ele>
   </trkpt>
   <trkpt lat="38.639590000000005" lon="0.01872">
    <ele>103.98</ele>
   </trkpt>
   <trkpt lat="38.63958" lon="0.018600000000000002">
    <ele>104.22</ele>
   </trkpt>
   <trkpt lat="38.63959667262608" lon="0.017763333692260415">
    <ele>109.09</ele>
   </trkpt>
   <trkpt lat="38.63961333929335" lon="0.016926666995330502">
    <ele>113.07000000000001</ele>
   </trkpt>
   <trkpt lat="38.639630000000004" lon="0.01609">
    <ele>116.83</ele>
   </trkpt>
   <trkpt lat="38.63960000522101" lon="0.015306665950109256">
    <ele>122.13000000000001</ele>
   </trkpt>
   <trkpt lat="38.63957000521868" lon="0.014523332555931244">
    <ele>124.45</ele>
   </trkpt>
   <trkpt lat="38.639540000000004" lon="0.01374">
    <ele>125.96000000000001</ele>
   </trkpt>
   <trkpt lat="38.63956" lon="0.01357">
    <ele>125.27000000000002</ele>
   </trkpt>
   <trkpt lat="38.639680000000006" lon="0.013210000000000001">
    <ele>124.2</ele>
   </trkpt>
   <trkpt lat="38.63996" lon="0.01247">
    <ele>118.94</ele>
   </trkpt>
   <trkpt lat="38.640040000000006" lon="0.012180000000000002">
    <ele>117.46000000000001</ele>
   </trkpt>
   <trkpt lat="38.64007" lon="0.01196">
    <ele>117.46000000000001</ele>
   </trkpt>
   <trkpt lat="38.64003000629688" lon="0.01109999906256249">
    <ele>112.57000000000001</ele>
   </trkpt>
   <trkpt lat="38.63999000629792" lon="0.010239999084999542">
    <ele>109.29</ele>
   </trkpt>
   <trkpt lat="38.639950000000006" lon="0.009380000000000001">
    <ele>106.12</ele>
   </trkpt>
   <trkpt lat="38.639880000000005" lon="0.009130000000000001">
    <ele>105.47000000000001</ele>
   </trkpt>
   <trkpt lat="38.63942" lon="0.00822">
    <ele>100.43</ele>
   </trkpt>
   <trkpt lat="38.63927" lon="0.00805">
    <ele>99.72</ele>
   </trkpt>
   <trkpt lat="38.638960000000004" lon="0.00782">
    <ele>98.75</ele>
   </trkpt>
   <trkpt lat="38.638850000000005" lon="0.007680000000000001">
    <ele>96.96000000000001</ele>
   </trkpt>
   <trkpt lat="38.63868" lon="0.007320000000000001">
    <ele>96.03</ele>
   </trkpt>
   <trkpt lat="38.638540000000006" lon="0.0071">
    <ele>95.71000000000001</ele>
   </trkpt>
   <trkpt lat="38.63835" lon="0.006880000000000001">
    <ele>95.09</ele>
   </trkpt>
   <trkpt lat="38.6381" lon="0.00668">
    <ele>93.22000000000001</ele>
   </trkpt>
   <trkpt lat="38.637840000000004" lon="0.006500000000000001">
    <ele>92.7</ele>
   </trkpt>
   <trkpt lat="38.637370000000004" lon="0.0061">
    <ele>89.66</ele>
   </trkpt>
   <trkpt lat="38.63702" lon="0.00583">
    <ele>88.37</ele>
   </trkpt>
   <trkpt lat="38.636770000000006" lon="0.00568">
    <ele>87.42000000000002</ele>
   </trkpt>
   <trkpt lat="38.636143333512315" lon="0.00551999719247037">
    <ele>86.55</ele>
   </trkpt>
   <trkpt lat="38.63551666680673" lon="0.0053599971825686096">
    <ele>85.98</ele>
   </trkpt>
   <trkpt lat="38.634890000000006" lon="0.005200000000000001">
    <ele>85.37</ele>
   </trkpt>
   <trkpt lat="38.63472" lon="0.00513">
    <ele>85.24000000000001</ele>
   </trkpt>
   <trkpt lat="38.63448" lon="0.00496">
    <ele>85.09000000000002</ele>
   </trkpt>
   <trkpt lat="38.63438" lon="0.0048400000000000006">
    <ele>84.82000000000001</ele>
   </trkpt>
   <trkpt lat="38.63425" lon="0.00459">
    <ele>84.77000000000001</ele>
   </trkpt>
   <trkpt lat="38.6342" lon="0.004430000000000001">
    <ele>84.74000000000001</ele>
   </trkpt>
   <trkpt lat="38.634150000000005" lon="0.00413">
    <ele>84.64</ele>
   </trkpt>
   <trkpt lat="38.63411" lon="0.0033100000000000004">
    <ele>84.13000000000001</ele>
   </trkpt>
   <trkpt lat="38.634185001546236" lon="0.0027050007263837504">
    <ele>83.35000000000001</ele>
   </trkpt>
   <trkpt lat="38.634260000000005" lon="0.0021000000000000003">
    <ele>82.19000000000001</ele>
   </trkpt>
   <trkpt lat="38.63425" lon="0.0018800000000000002">
    <ele>81.79</ele>
   </trkpt>
   <trkpt lat="38.63418" lon="0.00169">
    <ele>80.86</ele>
   </trkpt>
   <trkpt lat="38.63405" lon="0.0015300000000000001">
    <ele>79.75</ele>
   </trkpt>
   <trkpt lat="38.63370000073925" lon="0.0011599983590809303">
    <ele>77.47000000000001</ele>
   </trkpt>
   <trkpt lat="38.63335" lon="0.00079">
    <ele>74.67</ele>
   </trkpt>
   <trkpt lat="38.63262500171933" lon="0.00014999350652757678">
    <ele>71.54</ele>
   </trkpt>
   <trkpt lat="38.6319" lon="-0.0004900000000000001">
    <ele>70.10000000000001</ele>
   </trkpt>
   <trkpt lat="38.63179" lon="-0.00071">
    <ele>69.60000000000001</ele>
   </trkpt>
   <trkpt lat="38.63174" lon="-0.00099">
    <ele>69.21000000000001</ele>
   </trkpt>
   <trkpt lat="38.631710000000005" lon="-0.00141">
    <ele>68.9</ele>
   </trkpt>
   <trkpt lat="38.63179" lon="-0.00167">
    <ele>68.81</ele>
   </trkpt>
   <trkpt lat="38.631980000000006" lon="-0.00216">
    <ele>69.11</ele>
   </trkpt>
   <trkpt lat="38.63199" lon="-0.0022600000000000003">
    <ele>69.26</ele>
   </trkpt>
   <trkpt lat="38.631840000000004" lon="-0.00284">
    <ele>70.89</ele>
   </trkpt>
   <trkpt lat="38.63177" lon="-0.0036200000000000004">
    <ele>73.15</ele>
   </trkpt>
   <trkpt lat="38.63165" lon="-0.00411">
    <ele>73.52</ele>
   </trkpt>
   <trkpt lat="38.631640000000004" lon="-0.00428">
    <ele>73.52</ele>
   </trkpt>
   <trkpt lat="38.63167" lon="-0.0047">
    <ele>72.99</ele>
   </trkpt>
   <trkpt lat="38.63165" lon="-0.005090000000000001">
    <ele>71.52</ele>
   </trkpt>
   <trkpt lat="38.63157" lon="-0.00553">
    <ele>70.54</ele>
   </trkpt>
   <trkpt lat="38.63141" lon="-0.0061600000000000005">
    <ele>66.27000000000001</ele>
   </trkpt>
   <trkpt lat="38.631350000000005" lon="-0.00693">
    <ele>63.09</ele>
   </trkpt>
   <trkpt lat="38.63134" lon="-0.00734">
    <ele>62.230000000000004</ele>
   </trkpt>
   <trkpt lat="38.631350000000005" lon="-0.0074600000000000005">
    <ele>61.95</ele>
   </trkpt>
   <trkpt lat="38.63148" lon="-0.00803">
    <ele>61.480000000000004</ele>
   </trkpt>
   <trkpt lat="38.6315" lon="-0.00817">
    <ele>61.440000000000005</ele>
   </trkpt>
   <trkpt lat="38.63141" lon="-0.0091">
    <ele>60.95</ele>
   </trkpt>
   <trkpt lat="38.63143" lon="-0.0094">
    <ele>60.82000000000001</ele>
   </trkpt>
   <trkpt lat="38.63152" lon="-0.009710000000000002">
    <ele>60.54</ele>
   </trkpt>
   <trkpt lat="38.63185000585142" lon="-0.010539992327594094">
    <ele>60.32000000000001</ele>
   </trkpt>
   <trkpt lat="38.632180005839025" lon="-0.011369992296303012">
    <ele>60.58</ele>
   </trkpt>
   <trkpt lat="38.63251" lon="-0.0122">
    <ele>61.59</ele>
   </trkpt>
   <trkpt lat="38.632560000000005" lon="-0.01237">
    <ele>61.69</ele>
   </trkpt>
   <trkpt lat="38.632580000000004" lon="-0.012580000000000001">
    <ele>61.68000000000001</ele>
   </trkpt>
   <trkpt lat="38.63257" lon="-0.0128">
    <ele>61.53000000000001</ele>
   </trkpt>
   <trkpt lat="38.63251" lon="-0.01297">
    <ele>61.36000000000001</ele>
   </trkpt>
   <trkpt lat="38.632400000000004" lon="-0.0131">
    <ele>61.300000000000004</ele>
   </trkpt>
   <trkpt lat="38.63232" lon="-0.01318">
    <ele>61.28000000000001</ele>
   </trkpt>
   <trkpt lat="38.63214" lon="-0.013200000000000002">
    <ele>61.26</ele>
   </trkpt>
   <trkpt lat="38.63203" lon="-0.01319">
    <ele>61.34</ele>
   </trkpt>
   <trkpt lat="38.63138" lon="-0.01305">
    <ele>63.53</ele>
   </trkpt>
   <trkpt lat="38.630930000000006" lon="-0.01288">
    <ele>65.21000000000001</ele>
   </trkpt>
   <trkpt lat="38.63074" lon="-0.012830000000000001">
    <ele>65.88000000000001</ele>
   </trkpt>
   <trkpt lat="38.63046000000001" lon="-0.012830000000000001">
    <ele>67.62</ele>
   </trkpt>
   <trkpt lat="38.63031" lon="-0.012860000000000002">
    <ele>68.29</ele>
   </trkpt>
   <trkpt lat="38.63017" lon="-0.01297">
    <ele>68.72</ele>
   </trkpt>
   <trkpt lat="38.63002" lon="-0.01314">
    <ele>68.79</ele>
   </trkpt>
   <trkpt lat="38.62991" lon="-0.01336">
    <ele>68.82000000000001</ele>
   </trkpt>
   <trkpt lat="38.62988" lon="-0.013500000000000002">
    <ele>68.58</ele>
   </trkpt>
   <trkpt lat="38.629870000000004" lon="-0.013790000000000002">
    <ele>68.24000000000001</ele>
   </trkpt>
   <trkpt lat="38.62995" lon="-0.014450000000000001">
    <ele>66.15</ele>
   </trkpt>
   <trkpt lat="38.630010000000006" lon="-0.014580000000000001">
    <ele>63.660000000000004</ele>
   </trkpt>
   <trkpt lat="38.63011" lon="-0.01471">
    <ele>63.660000000000004</ele>
   </trkpt>
   <trkpt lat="38.630230000000005" lon="-0.014750000000000001">
    <ele>63.660000000000004</ele>
   </trkpt>
   <trkpt lat="38.6304" lon="-0.014780000000000001">
    <ele>61.09</ele>
   </trkpt>
   <trkpt lat="38.630590000000005" lon="-0.01484">
    <ele>61.09</ele>
   </trkpt>
   <trkpt lat="38.63071" lon="-0.014960000000000001">
    <ele>58.34</ele>
   </trkpt>
   <trkpt lat="38.630770000000005" lon="-0.015130000000000001">
    <ele>58.34</ele>
   </trkpt>
   <trkpt lat="38.630750000000006" lon="-0.015330000000000002">
    <ele>57.34</ele>
   </trkpt>
   <trkpt lat="38.63051" lon="-0.01599">
    <ele>52.71000000000001</ele>
   </trkpt>
   <trkpt lat="38.63047" lon="-0.016130000000000002">
    <ele>52.71000000000001</ele>
   </trkpt>
   <trkpt lat="38.63047" lon="-0.01623">
    <ele>51.300000000000004</ele>
   </trkpt>
   <trkpt lat="38.63049" lon="-0.01641">
    <ele>50.080000000000005</ele>
   </trkpt>
   <trkpt lat="38.630590000000005" lon="-0.01659">
    <ele>49.5</ele>
   </trkpt>
   <trkpt lat="38.630880000000005" lon="-0.01691">
    <ele>48.040000000000006</ele>
   </trkpt>
   <trkpt lat="38.63096" lon="-0.01709">
    <ele>47.690000000000005</ele>
   </trkpt>
   <trkpt lat="38.630990000000004" lon="-0.01726">
    <ele>47.470000000000006</ele>
   </trkpt>
   <trkpt lat="38.630950000000006" lon="-0.01752">
    <ele>47.41</ele>
   </trkpt>
   <trkpt lat="38.63087" lon="-0.01776">
    <ele>47.41</ele>
   </trkpt>
   <trkpt lat="38.63076" lon="-0.017910000000000002">
    <ele>47.46</ele>
   </trkpt>
   <trkpt lat="38.630590000000005" lon="-0.01796">
    <ele>47.09</ele>
   </trkpt>
   <trkpt lat="38.630430000000004" lon="-0.01797">
    <ele>46.75000000000001</ele>
   </trkpt>
   <trkpt lat="38.63004" lon="-0.017920000000000002">
    <ele>46.06</ele>
   </trkpt>
   <trkpt lat="38.629830000000005" lon="-0.01793">
    <ele>45.4</ele>
   </trkpt>
   <trkpt lat="38.62964" lon="-0.01802">
    <ele>44.9</ele>
   </trkpt>
   <trkpt lat="38.62898666872347" lon="-0.01851334233514332">
    <ele>43.79</ele>
   </trkpt>
   <trkpt lat="38.62833333537533" lon="-0.019006675679515774">
    <ele>42.190000000000005</ele>
   </trkpt>
   <trkpt lat="38.627680000000005" lon="-0.0195">
    <ele>40.480000000000004</ele>
   </trkpt>
   <trkpt lat="38.627190000000006" lon="-0.0199">
    <ele>38.86000000000001</ele>
   </trkpt>
   <trkpt lat="38.62677500016376" lon="-0.02016000158243186">
    <ele>38.540000000000006</ele>
   </trkpt>
   <trkpt lat="38.626360000000005" lon="-0.02042">
    <ele>38.63</ele>
   </trkpt>
   <trkpt lat="38.625780000000006" lon="-0.020980000000000002">
    <ele>39.150000000000006</ele>
   </trkpt>
   <trkpt lat="38.625690000000006" lon="-0.021070000000000002">
    <ele>39.03</ele>
   </trkpt>
   <trkpt lat="38.625620000000005" lon="-0.021230000000000002">
    <ele>38.82</ele>
   </trkpt>
   <trkpt lat="38.62558000000001" lon="-0.02135">
    <ele>38.82</ele>
   </trkpt>
   <trkpt lat="38.625486675405504" lon="-0.02236333598366008">
    <ele>37.71</ele>
   </trkpt>
   <trkpt lat="38.625393342071014" lon="-0.02337666932957209">
    <ele>39.52</ele>
   </trkpt>
   <trkpt lat="38.6253" lon="-0.024390000000000002">
    <ele>40.260000000000005</ele>
   </trkpt>
   <trkpt lat="38.62521" lon="-0.024640000000000002">
    <ele>39.85</ele>
   </trkpt>
   <trkpt lat="38.62514" lon="-0.02475">
    <ele>39.300000000000004</ele>
   </trkpt>
   <trkpt lat="38.624990000000004" lon="-0.02492">
    <ele>38.790000000000006</ele>
   </trkpt>
   <trkpt lat="38.624770000000005" lon="-0.02508">
    <ele>38.19</ele>
   </trkpt>
   <trkpt lat="38.62400600412081" lon="-0.025572020966203014">
    <ele>33.870000000000005</ele>
   </trkpt>
   <trkpt lat="38.62324200618117" lon="-0.026064031448779647">
    <ele>31.71</ele>
   </trkpt>
   <trkpt lat="38.62247800618121" lon="-0.026556031448211656">
    <ele>27.53</ele>
   </trkpt>
   <trkpt lat="38.621714004121" lon="-0.02704802096498076">
    <ele>23.87</ele>
   </trkpt>
   <trkpt lat="38.62095" lon="-0.027540000000000002">
    <ele>19.48</ele>
   </trkpt>
   <trkpt lat="38.62046" lon="-0.027920000000000004">
    <ele>17.75</ele>
   </trkpt>
   <trkpt lat="38.620110000000004" lon="-0.02823">
    <ele>15.22</ele>
   </trkpt>
   <trkpt lat="38.61972000071491" lon="-0.028625002096270787">
    <ele>13.600000000000001</ele>
   </trkpt>
   <trkpt lat="38.619330000000005" lon="-0.02902">
    <ele>13.19</ele>
   </trkpt>
   <trkpt lat="38.61863500581379" lon="-0.029695019624439843">
    <ele>12.450000000000001</ele>
   </trkpt>
   <trkpt lat="38.61794000774958" lon="-0.030370026167545493">
    <ele>12.120000000000001</ele>
   </trkpt>
   <trkpt lat="38.617245005807554" lon="-0.031045019629822868">
    <ele>12.92</ele>
   </trkpt>
   <trkpt lat="38.616550000000004" lon="-0.031720000000000005">
    <ele>13.590000000000002</ele>
   </trkpt>
   <trkpt lat="38.61587288150062" lon="-0.03238365285762739">
    <ele>14.08</ele>
   </trkpt>
   <trkpt lat="38.61519575925283" lon="-0.03304729318622957">
    <ele>14.72</ele>
   </trkpt>
   <trkpt lat="38.61451863325679" lon="-0.03371092098627737">
    <ele>16.099999999999998</ele>
   </trkpt>
   <trkpt lat="38.61384150351268" lon="-0.03437453625824158">
    <ele>16.69</ele>
   </trkpt>
   <trkpt lat="38.61316437002064" lon="-0.035038139002592984">
    <ele>13.690000000000001</ele>
   </trkpt>
   <trkpt lat="38.612487232780836" lon="-0.035701729219802344">
    <ele>11.520000000000001</ele>
   </trkpt>
   <trkpt lat="38.61181009179342" lon="-0.036365306910340435">
    <ele>10.610000000000001</ele>
   </trkpt>
   <trkpt lat="38.61113294705859" lon="-0.03702887207467796">
    <ele>10.530000000000001</ele>
   </trkpt>
   <trkpt lat="38.61045579857647" lon="-0.03769242471328568">
    <ele>10.55</ele>
   </trkpt>
   <trkpt lat="38.60977864634725" lon="-0.03835596482663427">
    <ele>11.200000000000001</ele>
   </trkpt>
   <trkpt lat="38.60910149037105" lon="-0.03901949241519443">
    <ele>11.290000000000001</ele>
   </trkpt>
   <trkpt lat="38.60842433064808" lon="-0.039683007479436844">
    <ele>10.650000000000002</ele>
   </trkpt>
   <trkpt lat="38.60774716717846" lon="-0.04034651001983216">
    <ele>11.160000000000002</ele>
   </trkpt>
   <trkpt lat="38.60707" lon="-0.041010000000000005">
    <ele>12.57</ele>
   </trkpt>
   <trkpt lat="38.606422006710815" lon="-0.04163802268607549">
    <ele>12.41</ele>
   </trkpt>
   <trkpt lat="38.60577401006517" lon="-0.04226603402960196">
    <ele>12.4</ele>
   </trkpt>
   <trkpt lat="38.60512601006318" lon="-0.04289403403098862">
    <ele>12.25</ele>
   </trkpt>
   <trkpt lat="38.60447800670499" lon="-0.04352202269064461">
    <ele>11.070000000000002</ele>
   </trkpt>
   <trkpt lat="38.60383" lon="-0.04415">
    <ele>10.17</ele>
   </trkpt>
   <trkpt lat="38.60338" lon="-0.0446">
    <ele>9.950000000000001</ele>
   </trkpt>
   <trkpt lat="38.60325" lon="-0.04469">
    <ele>9.75</ele>
   </trkpt>
   <trkpt lat="38.602900000000005" lon="-0.04508">
    <ele>9.64</ele>
   </trkpt>
   <trkpt lat="38.60226500137757" lon="-0.04567500538526155">
    <ele>8.98</ele>
   </trkpt>
   <trkpt lat="38.60163" lon="-0.046270000000000006">
    <ele>8.63</ele>
   </trkpt>
   <trkpt lat="38.601240000000004" lon="-0.046700000000000005">
    <ele>8.690000000000001</ele>
   </trkpt>
   <trkpt lat="38.60072" lon="-0.04718000000000001">
    <ele>8.81</ele>
   </trkpt>
   <trkpt lat="38.60030500067804" lon="-0.0475900024074507">
    <ele>9.11</ele>
   </trkpt>
   <trkpt lat="38.59989" lon="-0.048">
    <ele>8.780000000000001</ele>
   </trkpt>
   <trkpt lat="38.599395000487654" lon="-0.04830500204686768">
    <ele>8.450000000000001</ele>
   </trkpt>
   <trkpt lat="38.5989" lon="-0.04861000000000001">
    <ele>8.83</ele>
   </trkpt>
   <trkpt lat="38.598469999927055" lon="-0.048860001694708485">
    <ele>9.07</ele>
   </trkpt>
   <trkpt lat="38.598040000000005" lon="-0.04911">
    <ele>9.690000000000001</ele>
   </trkpt>
   <trkpt lat="38.59794" lon="-0.0492">
    <ele>9.690000000000001</ele>
   </trkpt>
   <trkpt lat="38.59759000090152" lon="-0.04967500239548695">
    <ele>11.05</ele>
   </trkpt>
   <trkpt lat="38.597240000000006" lon="-0.05015000000000001">
    <ele>12.030000000000001</ele>
   </trkpt>
   <trkpt lat="38.596742505252685" lon="-0.050792513380270174">
    <ele>12.990000000000002</ele>
   </trkpt>
   <trkpt lat="38.59624500699247" lon="-0.05143501785446543">
    <ele>12.84</ele>
   </trkpt>
   <trkpt lat="38.595747505219464" lon="-0.05207751342280493">
    <ele>12.42</ele>
   </trkpt>
   <trkpt lat="38.59525" lon="-0.05272">
    <ele>12.05</ele>
   </trkpt>
   <trkpt lat="38.594750000000005" lon="-0.05339000000000001">
    <ele>11.88</ele>
   </trkpt>
   <trkpt lat="38.59415667174075" lon="-0.054160012690676496">
    <ele>12.090000000000002</ele>
   </trkpt>
   <trkpt lat="38.5935633384362" lon="-0.05493001265311996">
    <ele>12.25</ele>
   </trkpt>
   <trkpt lat="38.59297" lon="-0.055700000000000006">
    <ele>9.97</ele>
   </trkpt>
   <trkpt lat="38.592330000000004" lon="-0.054950000000000006">
    <ele>6.73</ele>
   </trkpt>
   <trkpt lat="38.59168750388876" lon="-0.05550251483951929">
    <ele>6.68</ele>
   </trkpt>
   <trkpt lat="38.591045005179915" lon="-0.056055019790092746">
    <ele>6.61</ele>
   </trkpt>
   <trkpt lat="38.59040250387362" lon="-0.05660751485208485">
    <ele>6.55</ele>
   </trkpt>
   <trkpt lat="38.589760000000005" lon="-0.05716">
    <ele>6.53</ele>
   </trkpt>
   <trkpt lat="38.58946" lon="-0.05738000000000001">
    <ele>6.3100000000000005</ele>
   </trkpt>
   <trkpt lat="38.588875000229294" lon="-0.05771500287150296">
    <ele>6.16</ele>
   </trkpt>
   <trkpt lat="38.58829" lon="-0.058050000000000004">
    <ele>6.180000000000001</ele>
   </trkpt>
   <trkpt lat="38.58766666797103" lon="-0.05845000698134001">
    <ele>6.95</ele>
   </trkpt>
   <trkpt lat="38.5870433345806" lon="-0.058850007017879735">
    <ele>7.25</ele>
   </trkpt>
   <trkpt lat="38.586420000000004" lon="-0.059250000000000004">
    <ele>7.53</ele>
   </trkpt>
   <trkpt lat="38.5856466686372" lon="-0.05972667691024796">
    <ele>7.8100000000000005</ele>
   </trkpt>
   <trkpt lat="38.584873335341065" lon="-0.06020334355381081">
    <ele>7.99</ele>
   </trkpt>
   <trkpt lat="38.58410000000001" lon="-0.060680000000000005">
    <ele>8.020000000000001</ele>
   </trkpt>
   <trkpt lat="38.58342500110455" lon="-0.06120000492280938">
    <ele>8.049999999999999</ele>
   </trkpt>
   <trkpt lat="38.582750000000004" lon="-0.061720000000000004">
    <ele>8.100000000000001</ele>
   </trkpt>
   <trkpt lat="38.58229" lon="-0.062000000000000006">
    <ele>8.350000000000001</ele>
   </trkpt>
   <trkpt lat="38.58218" lon="-0.062110000000000005">
    <ele>8.31</ele>
   </trkpt>
   <trkpt lat="38.5822" lon="-0.06219">
    <ele>8.31</ele>
   </trkpt>
   <trkpt lat="38.58216" lon="-0.062270000000000006">
    <ele>8.25</ele>
   </trkpt>
   <trkpt lat="38.582100000000004" lon="-0.06228">
    <ele>8.25</ele>
   </trkpt>
   <trkpt lat="38.582060000000006" lon="-0.06226">
    <ele>8.24</ele>
   </trkpt>
   <trkpt lat="38.58205" lon="-0.062220000000000004">
    <ele>8.24</ele>
   </trkpt>
   <trkpt lat="38.581440000359706" lon="-0.06245000394100782">
    <ele>8.180000000000001</ele>
   </trkpt>
   <trkpt lat="38.58083000026931" lon="-0.06268000397504131">
    <ele>8.17</ele>
   </trkpt>
   <trkpt lat="38.580220000000004" lon="-0.06291000000000001">
    <ele>8.3</ele>
   </trkpt>
   <trkpt lat="38.579724999968995" lon="-0.06312000154000884">
    <ele>8.43</ele>
   </trkpt>
   <trkpt lat="38.57923" lon="-0.06333000000000001">
    <ele>8.350000000000001</ele>
   </trkpt>
   <trkpt lat="38.57864" lon="-0.06368">
    <ele>8.26</ele>
   </trkpt>
   <trkpt lat="38.578125000510944" lon="-0.06401000233547756">
    <ele>8.34</ele>
   </trkpt>
   <trkpt lat="38.57761" lon="-0.06434000000000001">
    <ele>8.41</ele>
   </trkpt>
   <trkpt lat="38.57715" lon="-0.0645">
    <ele>8.26</ele>
   </trkpt>
   <trkpt lat="38.57705" lon="-0.06455000000000001">
    <ele>8.26</ele>
   </trkpt>
   <trkpt lat="38.577070000000006" lon="-0.06468">
    <ele>7.670000000000001</ele>
   </trkpt>
   <trkpt lat="38.577020000000005" lon="-0.06475">
    <ele>7.670000000000001</ele>
   </trkpt>
   <trkpt lat="38.57692" lon="-0.06471">
    <ele>7.51</ele>
   </trkpt>
   <trkpt lat="38.5769" lon="-0.06462000000000001">
    <ele>7.38</ele>
   </trkpt>
   <trkpt lat="38.57686" lon="-0.06458">
    <ele>7.38</ele>
   </trkpt>
   <trkpt lat="38.57681" lon="-0.06461">
    <ele>7.38</ele>
   </trkpt>
   <trkpt lat="38.57661" lon="-0.06463">
    <ele>7.21</ele>
   </trkpt>
   <trkpt lat="38.57608000003796" lon="-0.06470500055136927">
    <ele>7.17</ele>
   </trkpt>
   <trkpt lat="38.57555" lon="-0.06478">
    <ele>7.11</ele>
   </trkpt>
   <trkpt lat="38.574864999733485" lon="-0.06478">
    <ele>7.25</ele>
   </trkpt>
   <trkpt lat="38.574180000000005" lon="-0.06478">
    <ele>7.260000000000001</ele>
   </trkpt>
   <trkpt lat="38.57443000000001" lon="-0.06478">
    <ele>7.260000000000001</ele>
   </trkpt>
  </trkseg>
 </trk>
</gpx>
