<?xml version="1.0" encoding="UTF-8"?>
<gpx creator="StravaGPX" version="1.1" xmlns="http://www.topografix.com/GPX/1/1" xmlns:xsi="http://www.w3.org/2001/XMLSchema-instance" xsi:schemaLocation="http://www.topografix.com/GPX/1/1 http://www.topografix.com/GPX/1/1/gpx.xsd">
 <metadata>
  <name>🔴 Rit 4: De Motor Blijf Draaien🚴1300 hm op Souplesse</name>
  <author>
   <name>Roel Terro ⚡️Forza Fortuna 🧡</name>
   <link href="https://www.strava.com/athletes/3097444"/>
  </author>
  <copyright author="OpenStreetMap contributors">
   <year>2020</year>
   <license>https://www.openstreetmap.org/copyright</license>
  </copyright>
  <link href="https://www.strava.com/routes/3538184762375102680"/>
 </metadata>
 <trk>
  <name>🔴 Rit 4: De Motor Blijf Draaien🚴1300 hm op Souplesse</name>
  <link href="https://www.strava.com/routes/3538184762375102680"/>
  <type>cycling</type>
  <trkseg>
   <trkpt lat="38.573620000000005" lon="-0.06479">
    <ele>7.72</ele>
   </trkpt>
   <trkpt lat="38.57423999999775" lon="-0.06479999982734187">
    <ele>7.73</ele>
   </trkpt>
   <trkpt lat="38.57485999999464" lon="-0.06480999982728948">
    <ele>7.6000000000000005</ele>
   </trkpt>
   <trkpt lat="38.575480000000006" lon="-0.06482">
    <ele>7.630000000000001</ele>
   </trkpt>
   <trkpt lat="38.576080000000005" lon="-0.06473000000000001">
    <ele>7.73</ele>
   </trkpt>
   <trkpt lat="38.576840000000004" lon="-0.06464">
    <ele>8.100000000000001</ele>
   </trkpt>
   <trkpt lat="38.5769" lon="-0.06462000000000001">
    <ele>8.110000000000001</ele>
   </trkpt>
   <trkpt lat="38.57696" lon="-0.06453">
    <ele>8.360000000000001</ele>
   </trkpt>
   <trkpt lat="38.57705" lon="-0.06455000000000001">
    <ele>8.360000000000001</ele>
   </trkpt>
   <trkpt lat="38.577070000000006" lon="-0.06468">
    <ele>8.360000000000001</ele>
   </trkpt>
   <trkpt lat="38.577020000000005" lon="-0.06475">
    <ele>8.26</ele>
   </trkpt>
   <trkpt lat="38.57699" lon="-0.06474">
    <ele>8.26</ele>
   </trkpt>
   <trkpt lat="38.57705" lon="-0.06489">
    <ele>8.17</ele>
   </trkpt>
   <trkpt lat="38.577505001225326" lon="-0.06541999667814756">
    <ele>8.15</ele>
   </trkpt>
   <trkpt lat="38.577960000000004" lon="-0.06595000000000001">
    <ele>8.63</ele>
   </trkpt>
   <trkpt lat="38.57836000089201" lon="-0.0663899976249726">
    <ele>8.48</ele>
   </trkpt>
   <trkpt lat="38.57876" lon="-0.06683">
    <ele>8.56</ele>
   </trkpt>
   <trkpt lat="38.57883" lon="-0.06693">
    <ele>8.56</ele>
   </trkpt>
   <trkpt lat="38.57896" lon="-0.06695000000000001">
    <ele>8.48</ele>
   </trkpt>
   <trkpt lat="38.579130000000006" lon="-0.06676">
    <ele>8.3</ele>
   </trkpt>
   <trkpt lat="38.579716672254236" lon="-0.06595001322498006">
    <ele>8.51</ele>
   </trkpt>
   <trkpt lat="38.580303338926186" lon="-0.06514001321790219">
    <ele>8.76</ele>
   </trkpt>
   <trkpt lat="38.580890000000004" lon="-0.06433000000000001">
    <ele>8.84</ele>
   </trkpt>
   <trkpt lat="38.581160000000004" lon="-0.06403">
    <ele>8.63</ele>
   </trkpt>
   <trkpt lat="38.581900000000005" lon="-0.06347">
    <ele>8.57</ele>
   </trkpt>
   <trkpt lat="38.58205" lon="-0.06326000000000001">
    <ele>8.450000000000001</ele>
   </trkpt>
   <trkpt lat="38.58213000000001" lon="-0.0631">
    <ele>8.31</ele>
   </trkpt>
   <trkpt lat="38.582170000000005" lon="-0.06292">
    <ele>8.31</ele>
   </trkpt>
   <trkpt lat="38.58218" lon="-0.06275">
    <ele>8.25</ele>
   </trkpt>
   <trkpt lat="38.582150000000006" lon="-0.06237">
    <ele>8.350000000000001</ele>
   </trkpt>
   <trkpt lat="38.58216" lon="-0.062270000000000006">
    <ele>8.350000000000001</ele>
   </trkpt>
   <trkpt lat="38.5822" lon="-0.06219">
    <ele>8.350000000000001</ele>
   </trkpt>
   <trkpt lat="38.58218" lon="-0.062110000000000005">
    <ele>8.180000000000001</ele>
   </trkpt>
   <trkpt lat="38.58229" lon="-0.062000000000000006">
    <ele>8.180000000000001</ele>
   </trkpt>
   <trkpt lat="38.582750000000004" lon="-0.061720000000000004">
    <ele>8.040000000000001</ele>
   </trkpt>
   <trkpt lat="38.5834250011962" lon="-0.0612000048522014">
    <ele>8.0</ele>
   </trkpt>
   <trkpt lat="38.58410000000001" lon="-0.060680000000000005">
    <ele>8.13</ele>
   </trkpt>
   <trkpt lat="38.58487333522939" lon="-0.06020334362264442">
    <ele>7.840000000000002</ele>
   </trkpt>
   <trkpt lat="38.585646668525534" lon="-0.05972667697908342">
    <ele>7.790000000000001</ele>
   </trkpt>
   <trkpt lat="38.586420000000004" lon="-0.059250000000000004">
    <ele>7.53</ele>
   </trkpt>
   <trkpt lat="38.58704333475184" lon="-0.0588500069079988">
    <ele>7.25</ele>
   </trkpt>
   <trkpt lat="38.587666668142255" lon="-0.05845000687145768">
    <ele>6.78</ele>
   </trkpt>
   <trkpt lat="38.58829" lon="-0.058050000000000004">
    <ele>5.9799999999999995</ele>
   </trkpt>
   <trkpt lat="38.58887500072562" lon="-0.05771500258727636">
    <ele>6.23</ele>
   </trkpt>
   <trkpt lat="38.58946" lon="-0.05738000000000001">
    <ele>6.3100000000000005</ele>
   </trkpt>
   <trkpt lat="38.589760000000005" lon="-0.05716">
    <ele>6.53</ele>
   </trkpt>
   <trkpt lat="38.590250000000005" lon="-0.056720000000000007">
    <ele>6.55</ele>
   </trkpt>
   <trkpt lat="38.59084500323527" lon="-0.056215012572154145">
    <ele>6.61</ele>
   </trkpt>
   <trkpt lat="38.591440004300566" lon="-0.055710016774256244">
    <ele>6.68</ele>
   </trkpt>
   <trkpt lat="38.59203500319578" lon="-0.05520501260601981">
    <ele>6.73</ele>
   </trkpt>
   <trkpt lat="38.59263" lon="-0.054700000000000006">
    <ele>6.7700000000000005</ele>
   </trkpt>
   <trkpt lat="38.5927" lon="-0.054560000000000004">
    <ele>6.53</ele>
   </trkpt>
   <trkpt lat="38.5927" lon="-0.05446">
    <ele>6.49</ele>
   </trkpt>
   <trkpt lat="38.59275" lon="-0.054400000000000004">
    <ele>6.57</ele>
   </trkpt>
   <trkpt lat="38.59311" lon="-0.05428">
    <ele>7.12</ele>
   </trkpt>
   <trkpt lat="38.59353" lon="-0.05385">
    <ele>7.78</ele>
   </trkpt>
   <trkpt lat="38.59393" lon="-0.053340000000000005">
    <ele>8.31</ele>
   </trkpt>
   <trkpt lat="38.594010000000004" lon="-0.053380000000000004">
    <ele>8.67</ele>
   </trkpt>
   <trkpt lat="38.59432" lon="-0.0534">
    <ele>9.97</ele>
   </trkpt>
   <trkpt lat="38.594620000000006" lon="-0.053380000000000004">
    <ele>11.290000000000001</ele>
   </trkpt>
   <trkpt lat="38.594750000000005" lon="-0.05339000000000001">
    <ele>11.83</ele>
   </trkpt>
   <trkpt lat="38.59525" lon="-0.05272">
    <ele>12.190000000000001</ele>
   </trkpt>
   <trkpt lat="38.59574750528567" lon="-0.052077513337296204">
    <ele>12.450000000000001</ele>
   </trkpt>
   <trkpt lat="38.59624500705868" lon="-0.051435017768955815">
    <ele>12.84</ele>
   </trkpt>
   <trkpt lat="38.59674250531889" lon="-0.05079251329475967">
    <ele>12.860000000000001</ele>
   </trkpt>
   <trkpt lat="38.597240000000006" lon="-0.05015000000000001">
    <ele>11.05</ele>
   </trkpt>
   <trkpt lat="38.59759000101848" lon="-0.04967500223676286">
    <ele>10.32</ele>
   </trkpt>
   <trkpt lat="38.59794" lon="-0.0492">
    <ele>9.47</ele>
   </trkpt>
   <trkpt lat="38.598040000000005" lon="-0.04911">
    <ele>9.36</ele>
   </trkpt>
   <trkpt lat="38.59847000060479" lon="-0.04886000130067575">
    <ele>8.83</ele>
   </trkpt>
   <trkpt lat="38.5989" lon="-0.04861000000000001">
    <ele>8.63</ele>
   </trkpt>
   <trkpt lat="38.59939500030397" lon="-0.04830500216004483">
    <ele>8.530000000000001</ele>
   </trkpt>
   <trkpt lat="38.59989" lon="-0.048">
    <ele>9.07</ele>
   </trkpt>
   <trkpt lat="38.60030500075246" lon="-0.04759000233392641">
    <ele>8.97</ele>
   </trkpt>
   <trkpt lat="38.60072" lon="-0.04718000000000001">
    <ele>8.860000000000001</ele>
   </trkpt>
   <trkpt lat="38.601240000000004" lon="-0.046700000000000005">
    <ele>8.66</ele>
   </trkpt>
   <trkpt lat="38.60163" lon="-0.046270000000000006">
    <ele>8.67</ele>
   </trkpt>
   <trkpt lat="38.60226500163516" lon="-0.045675005143896774">
    <ele>9.120000000000001</ele>
   </trkpt>
   <trkpt lat="38.602900000000005" lon="-0.04508">
    <ele>9.7</ele>
   </trkpt>
   <trkpt lat="38.60325" lon="-0.04469">
    <ele>9.950000000000001</ele>
   </trkpt>
   <trkpt lat="38.60338" lon="-0.0446">
    <ele>9.99</ele>
   </trkpt>
   <trkpt lat="38.60383" lon="-0.04415">
    <ele>10.3</ele>
   </trkpt>
   <trkpt lat="38.604478006714245" lon="-0.04352202268166547">
    <ele>11.410000000000002</ele>
   </trkpt>
   <trkpt lat="38.60512601007244" lon="-0.042894034022009433">
    <ele>12.360000000000001</ele>
   </trkpt>
   <trkpt lat="38.60577401007443" lon="-0.042266034020622754">
    <ele>12.4</ele>
   </trkpt>
   <trkpt lat="38.60642200672009" lon="-0.04163802267709624">
    <ele>12.48</ele>
   </trkpt>
   <trkpt lat="38.60707" lon="-0.041010000000000005">
    <ele>12.32</ele>
   </trkpt>
   <trkpt lat="38.60774716721607" lon="-0.040346509982980415">
    <ele>10.820000000000002</ele>
   </trkpt>
   <trkpt lat="38.608424330685686" lon="-0.03968300744258437">
    <ele>10.88</ele>
   </trkpt>
   <trkpt lat="38.60910149040867" lon="-0.03901949237834124">
    <ele>11.420000000000002</ele>
   </trkpt>
   <trkpt lat="38.60977864638485" lon="-0.03835596478978036">
    <ele>11.070000000000002</ele>
   </trkpt>
   <trkpt lat="38.610455798614076" lon="-0.037692424676431045">
    <ele>10.57</ele>
   </trkpt>
   <trkpt lat="38.6111329470962" lon="-0.03702887203782261">
    <ele>10.530000000000001</ele>
   </trkpt>
   <trkpt lat="38.611810091831046" lon="-0.036365306873484354">
    <ele>10.97</ele>
   </trkpt>
   <trkpt lat="38.612487232818445" lon="-0.03570172918294555">
    <ele>12.31</ele>
   </trkpt>
   <trkpt lat="38.61316437005824" lon="-0.03503813896573546">
    <ele>15.040000000000001</ele>
   </trkpt>
   <trkpt lat="38.61384150355029" lon="-0.03437453622138333">
    <ele>16.57</ele>
   </trkpt>
   <trkpt lat="38.614518633294416" lon="-0.0337109209494184">
    <ele>15.67</ele>
   </trkpt>
   <trkpt lat="38.615195759290444" lon="-0.03304729314936988">
    <ele>14.430000000000001</ele>
   </trkpt>
   <trkpt lat="38.61587288153823" lon="-0.03238365282076699">
    <ele>13.760000000000002</ele>
   </trkpt>
   <trkpt lat="38.616550000000004" lon="-0.031720000000000005">
    <ele>13.370000000000001</ele>
   </trkpt>
   <trkpt lat="38.617245005819676" lon="-0.031045019618044713">
    <ele>12.42</ele>
   </trkpt>
   <trkpt lat="38.6179400077617" lon="-0.030370026155767012">
    <ele>12.14</ele>
   </trkpt>
   <trkpt lat="38.61863500582592" lon="-0.02969501961266103">
    <ele>12.63</ele>
   </trkpt>
   <trkpt lat="38.619330000000005" lon="-0.02902">
    <ele>13.4</ele>
   </trkpt>
   <trkpt lat="38.61972000061304" lon="-0.02862500219944949">
    <ele>14.33</ele>
   </trkpt>
   <trkpt lat="38.620110000000004" lon="-0.02823">
    <ele>15.76</ele>
   </trkpt>
   <trkpt lat="38.62046" lon="-0.027920000000000004">
    <ele>17.75</ele>
   </trkpt>
   <trkpt lat="38.62095" lon="-0.027540000000000002">
    <ele>20.86</ele>
   </trkpt>
   <trkpt lat="38.621714004120335" lon="-0.02704802096541227">
    <ele>25.5</ele>
   </trkpt>
   <trkpt lat="38.62247800618054" lon="-0.02655603144864334">
    <ele>29.280000000000005</ele>
   </trkpt>
   <trkpt lat="38.623242006180504" lon="-0.026064031449211506">
    <ele>32.330000000000005</ele>
   </trkpt>
   <trkpt lat="38.62400600412014" lon="-0.025572020966635044">
    <ele>36.13</ele>
   </trkpt>
   <trkpt lat="38.624770000000005" lon="-0.02508">
    <ele>38.790000000000006</ele>
   </trkpt>
   <trkpt lat="38.624990000000004" lon="-0.02492">
    <ele>39.85</ele>
   </trkpt>
   <trkpt lat="38.62514" lon="-0.02475">
    <ele>40.13</ele>
   </trkpt>
   <trkpt lat="38.62521" lon="-0.024640000000000002">
    <ele>40.260000000000005</ele>
   </trkpt>
   <trkpt lat="38.6253" lon="-0.024390000000000002">
    <ele>40.39</ele>
   </trkpt>
   <trkpt lat="38.62539334207446" lon="-0.02337666929206725">
    <ele>38.44</ele>
   </trkpt>
   <trkpt lat="38.625486675408965" lon="-0.0223633359461551">
    <ele>38.25000000000001</ele>
   </trkpt>
   <trkpt lat="38.62558000000001" lon="-0.02135">
    <ele>39.03</ele>
   </trkpt>
   <trkpt lat="38.625620000000005" lon="-0.021230000000000002">
    <ele>39.150000000000006</ele>
   </trkpt>
   <trkpt lat="38.625690000000006" lon="-0.021070000000000002">
    <ele>39.23</ele>
   </trkpt>
   <trkpt lat="38.625780000000006" lon="-0.020980000000000002">
    <ele>39.23</ele>
   </trkpt>
   <trkpt lat="38.626360000000005" lon="-0.02042">
    <ele>38.540000000000006</ele>
   </trkpt>
   <trkpt lat="38.62677500041163" lon="-0.020160001427145514">
    <ele>38.85</ele>
   </trkpt>
   <trkpt lat="38.627190000000006" lon="-0.0199">
    <ele>39.339999999999996</ele>
   </trkpt>
   <trkpt lat="38.627680000000005" lon="-0.0195">
    <ele>40.480000000000004</ele>
   </trkpt>
   <trkpt lat="38.62833333541966" lon="-0.019006675646052525">
    <ele>42.61</ele>
   </trkpt>
   <trkpt lat="38.628986668767794" lon="-0.018513342301679735">
    <ele>43.800000000000004</ele>
   </trkpt>
   <trkpt lat="38.62964" lon="-0.01802">
    <ele>45.4</ele>
   </trkpt>
   <trkpt lat="38.629830000000005" lon="-0.01793">
    <ele>46.410000000000004</ele>
   </trkpt>
   <trkpt lat="38.63004" lon="-0.017920000000000002">
    <ele>46.75000000000001</ele>
   </trkpt>
   <trkpt lat="38.630430000000004" lon="-0.01797">
    <ele>47.46</ele>
   </trkpt>
   <trkpt lat="38.630660000000006" lon="-0.01794">
    <ele>48.31</ele>
   </trkpt>
   <trkpt lat="38.63074" lon="-0.01819">
    <ele>49.470000000000006</ele>
   </trkpt>
   <trkpt lat="38.630990000000004" lon="-0.01865">
    <ele>71.88</ele>
   </trkpt>
   <trkpt lat="38.63109" lon="-0.01873">
    <ele>71.88</ele>
   </trkpt>
   <trkpt lat="38.63157" lon="-0.018600000000000002">
    <ele>71.88</ele>
   </trkpt>
   <trkpt lat="38.63206" lon="-0.018250000000000002">
    <ele>65.87</ele>
   </trkpt>
   <trkpt lat="38.63237" lon="-0.018170000000000002">
    <ele>65.87</ele>
   </trkpt>
   <trkpt lat="38.63261" lon="-0.018260000000000002">
    <ele>65.87</ele>
   </trkpt>
   <trkpt lat="38.632690000000004" lon="-0.0182">
    <ele>65.87</ele>
   </trkpt>
   <trkpt lat="38.63279" lon="-0.01804">
    <ele>65.87</ele>
   </trkpt>
   <trkpt lat="38.63271" lon="-0.01794">
    <ele>65.87</ele>
   </trkpt>
   <trkpt lat="38.63279" lon="-0.01804">
    <ele>65.87</ele>
   </trkpt>
   <trkpt lat="38.632690000000004" lon="-0.0182">
    <ele>65.87</ele>
   </trkpt>
   <trkpt lat="38.63261" lon="-0.018260000000000002">
    <ele>65.87</ele>
   </trkpt>
   <trkpt lat="38.63237" lon="-0.018170000000000002">
    <ele>65.87</ele>
   </trkpt>
   <trkpt lat="38.63206" lon="-0.018250000000000002">
    <ele>65.87</ele>
   </trkpt>
   <trkpt lat="38.63157" lon="-0.018600000000000002">
    <ele>71.88</ele>
   </trkpt>
   <trkpt lat="38.63109" lon="-0.01873">
    <ele>71.88</ele>
   </trkpt>
   <trkpt lat="38.630990000000004" lon="-0.01865">
    <ele>71.88</ele>
   </trkpt>
   <trkpt lat="38.63074" lon="-0.01819">
    <ele>49.470000000000006</ele>
   </trkpt>
   <trkpt lat="38.630660000000006" lon="-0.01794">
    <ele>47.440000000000005</ele>
   </trkpt>
   <trkpt lat="38.63076" lon="-0.017910000000000002">
    <ele>47.41</ele>
   </trkpt>
   <trkpt lat="38.63087" lon="-0.01776">
    <ele>47.41</ele>
   </trkpt>
   <trkpt lat="38.630950000000006" lon="-0.01752">
    <ele>47.470000000000006</ele>
   </trkpt>
   <trkpt lat="38.63092" lon="-0.01711">
    <ele>47.64</ele>
   </trkpt>
   <trkpt lat="38.63073" lon="-0.016810000000000002">
    <ele>49.220000000000006</ele>
   </trkpt>
   <trkpt lat="38.63051" lon="-0.016560000000000002">
    <ele>51.63</ele>
   </trkpt>
   <trkpt lat="38.63046000000001" lon="-0.01644">
    <ele>52.620000000000005</ele>
   </trkpt>
   <trkpt lat="38.630430000000004" lon="-0.01626">
    <ele>53.52</ele>
   </trkpt>
   <trkpt lat="38.630430000000004" lon="-0.01616">
    <ele>54.080000000000005</ele>
   </trkpt>
   <trkpt lat="38.63046000000001" lon="-0.01601">
    <ele>54.080000000000005</ele>
   </trkpt>
   <trkpt lat="38.630720000000004" lon="-0.01535">
    <ele>58.34</ele>
   </trkpt>
   <trkpt lat="38.630750000000006" lon="-0.015330000000000002">
    <ele>58.34</ele>
   </trkpt>
   <trkpt lat="38.63074" lon="-0.01531">
    <ele>58.34</ele>
   </trkpt>
   <trkpt lat="38.63074" lon="-0.01518">
    <ele>59.13</ele>
   </trkpt>
   <trkpt lat="38.630720000000004" lon="-0.015090000000000001">
    <ele>59.97</ele>
   </trkpt>
   <trkpt lat="38.63064" lon="-0.014920000000000001">
    <ele>60.86000000000001</ele>
   </trkpt>
   <trkpt lat="38.63056" lon="-0.01488">
    <ele>60.86000000000001</ele>
   </trkpt>
   <trkpt lat="38.63022" lon="-0.014790000000000001">
    <ele>63.300000000000004</ele>
   </trkpt>
   <trkpt lat="38.630100000000006" lon="-0.014750000000000001">
    <ele>64.17</ele>
   </trkpt>
   <trkpt lat="38.62998" lon="-0.01459">
    <ele>65.78</ele>
   </trkpt>
   <trkpt lat="38.62986" lon="-0.014320000000000001">
    <ele>66.77000000000001</ele>
   </trkpt>
   <trkpt lat="38.62984" lon="-0.013980000000000001">
    <ele>67.94</ele>
   </trkpt>
   <trkpt lat="38.629870000000004" lon="-0.013790000000000002">
    <ele>68.58</ele>
   </trkpt>
   <trkpt lat="38.62988" lon="-0.013500000000000002">
    <ele>68.82000000000001</ele>
   </trkpt>
   <trkpt lat="38.62991" lon="-0.01336">
    <ele>68.79</ele>
   </trkpt>
   <trkpt lat="38.63002" lon="-0.01314">
    <ele>68.72</ele>
   </trkpt>
   <trkpt lat="38.63017" lon="-0.01297">
    <ele>68.29</ele>
   </trkpt>
   <trkpt lat="38.63031" lon="-0.012860000000000002">
    <ele>67.62</ele>
   </trkpt>
   <trkpt lat="38.63046000000001" lon="-0.012830000000000001">
    <ele>67.62</ele>
   </trkpt>
   <trkpt lat="38.63074" lon="-0.012830000000000001">
    <ele>65.21000000000001</ele>
   </trkpt>
   <trkpt lat="38.630930000000006" lon="-0.01288">
    <ele>64.63000000000001</ele>
   </trkpt>
   <trkpt lat="38.63138" lon="-0.01305">
    <ele>62.67</ele>
   </trkpt>
   <trkpt lat="38.63203" lon="-0.01319">
    <ele>61.230000000000004</ele>
   </trkpt>
   <trkpt lat="38.63214" lon="-0.013200000000000002">
    <ele>61.28000000000001</ele>
   </trkpt>
   <trkpt lat="38.63232" lon="-0.01318">
    <ele>61.300000000000004</ele>
   </trkpt>
   <trkpt lat="38.632400000000004" lon="-0.0131">
    <ele>61.36000000000001</ele>
   </trkpt>
   <trkpt lat="38.63251" lon="-0.01297">
    <ele>61.53000000000001</ele>
   </trkpt>
   <trkpt lat="38.63257" lon="-0.0128">
    <ele>61.68000000000001</ele>
   </trkpt>
   <trkpt lat="38.632580000000004" lon="-0.012580000000000001">
    <ele>61.69</ele>
   </trkpt>
   <trkpt lat="38.632560000000005" lon="-0.01237">
    <ele>61.59</ele>
   </trkpt>
   <trkpt lat="38.63251" lon="-0.0122">
    <ele>61.370000000000005</ele>
   </trkpt>
   <trkpt lat="38.63218000587634" lon="-0.011369992390150192">
    <ele>60.440000000000005</ele>
   </trkpt>
   <trkpt lat="38.63185000588874" lon="-0.010539992421440011">
    <ele>60.25000000000001</ele>
   </trkpt>
   <trkpt lat="38.63152" lon="-0.009710000000000002">
    <ele>60.82000000000001</ele>
   </trkpt>
   <trkpt lat="38.63143" lon="-0.0094">
    <ele>60.95</ele>
   </trkpt>
   <trkpt lat="38.63141" lon="-0.0091">
    <ele>61.190000000000005</ele>
   </trkpt>
   <trkpt lat="38.6315" lon="-0.00817">
    <ele>61.480000000000004</ele>
   </trkpt>
   <trkpt lat="38.63148" lon="-0.00803">
    <ele>61.540000000000006</ele>
   </trkpt>
   <trkpt lat="38.631350000000005" lon="-0.0074600000000000005">
    <ele>62.550000000000004</ele>
   </trkpt>
   <trkpt lat="38.63134" lon="-0.00734">
    <ele>63.09</ele>
   </trkpt>
   <trkpt lat="38.631350000000005" lon="-0.00693">
    <ele>64.41000000000001</ele>
   </trkpt>
   <trkpt lat="38.63141" lon="-0.0061600000000000005">
    <ele>67.09</ele>
   </trkpt>
   <trkpt lat="38.63157" lon="-0.00553">
    <ele>71.06000000000002</ele>
   </trkpt>
   <trkpt lat="38.63165" lon="-0.005090000000000001">
    <ele>72.69</ele>
   </trkpt>
   <trkpt lat="38.63167" lon="-0.0047">
    <ele>73.34</ele>
   </trkpt>
   <trkpt lat="38.631640000000004" lon="-0.00428">
    <ele>73.45</ele>
   </trkpt>
   <trkpt lat="38.63165" lon="-0.00411">
    <ele>73.38</ele>
   </trkpt>
   <trkpt lat="38.63177" lon="-0.0036200000000000004">
    <ele>72.77</ele>
   </trkpt>
   <trkpt lat="38.631840000000004" lon="-0.00284">
    <ele>70.3</ele>
   </trkpt>
   <trkpt lat="38.63199" lon="-0.0022600000000000003">
    <ele>69.11</ele>
   </trkpt>
   <trkpt lat="38.631980000000006" lon="-0.00216">
    <ele>68.86</ele>
   </trkpt>
   <trkpt lat="38.63179" lon="-0.00167">
    <ele>68.84000000000002</ele>
   </trkpt>
   <trkpt lat="38.631710000000005" lon="-0.00141">
    <ele>69.21000000000001</ele>
   </trkpt>
   <trkpt lat="38.63174" lon="-0.00099">
    <ele>69.37</ele>
   </trkpt>
   <trkpt lat="38.63179" lon="-0.00071">
    <ele>70.10000000000001</ele>
   </trkpt>
   <trkpt lat="38.6319" lon="-0.0004900000000000001">
    <ele>70.38000000000001</ele>
   </trkpt>
   <trkpt lat="38.632625001767174" lon="0.00014999354874593846">
    <ele>71.83</ele>
   </trkpt>
   <trkpt lat="38.63335" lon="0.00079">
    <ele>75.22000000000001</ele>
   </trkpt>
   <trkpt lat="38.633700000426046" lon="0.0011599980279731734">
    <ele>78.0</ele>
   </trkpt>
   <trkpt lat="38.63405" lon="0.0015300000000000001">
    <ele>80.86</ele>
   </trkpt>
   <trkpt lat="38.63418" lon="0.00169">
    <ele>81.79</ele>
   </trkpt>
   <trkpt lat="38.63425" lon="0.0018800000000000002">
    <ele>82.19000000000001</ele>
   </trkpt>
   <trkpt lat="38.634260000000005" lon="0.0021000000000000003">
    <ele>82.88000000000001</ele>
   </trkpt>
   <trkpt lat="38.634185001569406" lon="0.0027050005395639885">
    <ele>83.67</ele>
   </trkpt>
   <trkpt lat="38.63411" lon="0.0033100000000000004">
    <ele>84.33</ele>
   </trkpt>
   <trkpt lat="38.634150000000005" lon="0.00413">
    <ele>84.74000000000001</ele>
   </trkpt>
   <trkpt lat="38.6342" lon="0.004430000000000001">
    <ele>84.82000000000001</ele>
   </trkpt>
   <trkpt lat="38.63425" lon="0.00459">
    <ele>84.82000000000001</ele>
   </trkpt>
   <trkpt lat="38.63438" lon="0.0048400000000000006">
    <ele>85.09000000000002</ele>
   </trkpt>
   <trkpt lat="38.63448" lon="0.00496">
    <ele>85.09000000000002</ele>
   </trkpt>
   <trkpt lat="38.63472" lon="0.00513">
    <ele>85.37</ele>
   </trkpt>
   <trkpt lat="38.634890000000006" lon="0.005200000000000001">
    <ele>85.63000000000001</ele>
   </trkpt>
   <trkpt lat="38.635516666923515" lon="0.005359997212385109">
    <ele>86.19</ele>
   </trkpt>
   <trkpt lat="38.63614333362911" lon="0.005519997222287405">
    <ele>86.79</ele>
   </trkpt>
   <trkpt lat="38.636770000000006" lon="0.00568">
    <ele>88.14000000000001</ele>
   </trkpt>
   <trkpt lat="38.63702" lon="0.00583">
    <ele>88.82000000000001</ele>
   </trkpt>
   <trkpt lat="38.637370000000004" lon="0.0061">
    <ele>89.85000000000001</ele>
   </trkpt>
   <trkpt lat="38.637840000000004" lon="0.006500000000000001">
    <ele>93.22000000000001</ele>
   </trkpt>
   <trkpt lat="38.6381" lon="0.00668">
    <ele>94.74000000000001</ele>
   </trkpt>
   <trkpt lat="38.63835" lon="0.006880000000000001">
    <ele>95.71000000000001</ele>
   </trkpt>
   <trkpt lat="38.638540000000006" lon="0.0071">
    <ele>96.03</ele>
   </trkpt>
   <trkpt lat="38.63868" lon="0.007320000000000001">
    <ele>96.96000000000001</ele>
   </trkpt>
   <trkpt lat="38.638850000000005" lon="0.007680000000000001">
    <ele>98.75</ele>
   </trkpt>
   <trkpt lat="38.638960000000004" lon="0.00782">
    <ele>98.75</ele>
   </trkpt>
   <trkpt lat="38.63927" lon="0.00805">
    <ele>100.43</ele>
   </trkpt>
   <trkpt lat="38.63942" lon="0.00822">
    <ele>101.66000000000001</ele>
   </trkpt>
   <trkpt lat="38.639880000000005" lon="0.009130000000000001">
    <ele>106.12</ele>
   </trkpt>
   <trkpt lat="38.639950000000006" lon="0.009380000000000001">
    <ele>107.11000000000001</ele>
   </trkpt>
   <trkpt lat="38.63999000629479" lon="0.010239999017539685">
    <ele>111.13000000000001</ele>
   </trkpt>
   <trkpt lat="38.64003000629374" lon="0.01109999899510257">
    <ele>113.32000000000001</ele>
   </trkpt>
   <trkpt lat="38.64007" lon="0.01196">
    <ele>117.46000000000001</ele>
   </trkpt>
   <trkpt lat="38.640040000000006" lon="0.012180000000000002">
    <ele>118.94</ele>
   </trkpt>
   <trkpt lat="38.63996" lon="0.01247">
    <ele>120.23</ele>
   </trkpt>
   <trkpt lat="38.639680000000006" lon="0.013210000000000001">
    <ele>124.2</ele>
   </trkpt>
   <trkpt lat="38.63956" lon="0.01357">
    <ele>125.96000000000001</ele>
   </trkpt>
   <trkpt lat="38.639540000000004" lon="0.01374">
    <ele>126.0</ele>
   </trkpt>
   <trkpt lat="38.639570005225664" lon="0.014523332738352565">
    <ele>123.96000000000001</ele>
   </trkpt>
   <trkpt lat="38.63960000522799" lon="0.015306666132530783">
    <ele>119.62</ele>
   </trkpt>
   <trkpt lat="38.639630000000004" lon="0.01609">
    <ele>115.92</ele>
   </trkpt>
   <trkpt lat="38.63961333929154" lon="0.016926667085981503">
    <ele>110.78</ele>
   </trkpt>
   <trkpt lat="38.63959667262427" lon="0.017763333782911388">
    <ele>106.15</ele>
   </trkpt>
   <trkpt lat="38.63958" lon="0.018600000000000002">
    <ele>103.54</ele>
   </trkpt>
   <trkpt lat="38.639590000000005" lon="0.01872">
    <ele>103.02000000000001</ele>
   </trkpt>
   <trkpt lat="38.63964" lon="0.018940000000000002">
    <ele>102.65</ele>
   </trkpt>
   <trkpt lat="38.63984000000001" lon="0.01938">
    <ele>102.03</ele>
   </trkpt>
   <trkpt lat="38.63987" lon="0.019510000000000003">
    <ele>102.03</ele>
   </trkpt>
   <trkpt lat="38.639900000000004" lon="0.019690000000000003">
    <ele>101.76</ele>
   </trkpt>
   <trkpt lat="38.63989" lon="0.019880000000000002">
    <ele>101.28</ele>
   </trkpt>
   <trkpt lat="38.63972500247112" lon="0.020650002017233177">
    <ele>100.48000000000002</ele>
   </trkpt>
   <trkpt lat="38.63956" lon="0.02142">
    <ele>99.97</ele>
   </trkpt>
   <trkpt lat="38.63953" lon="0.021670000000000002">
    <ele>99.65</ele>
   </trkpt>
   <trkpt lat="38.639570000000006" lon="0.021920000000000002">
    <ele>99.58</ele>
   </trkpt>
   <trkpt lat="38.63967" lon="0.022140000000000003">
    <ele>99.51</ele>
   </trkpt>
   <trkpt lat="38.64024400844441" lon="0.022843977454604168">
    <ele>99.39</ele>
   </trkpt>
   <trkpt lat="38.640818012670096" lon="0.023547966185654152">
    <ele>98.5</ele>
   </trkpt>
   <trkpt lat="38.6413920126769" lon="0.02425196619347935">
    <ele>97.11</ele>
   </trkpt>
   <trkpt lat="38.64196600846466" lon="0.02495597747840914">
    <ele>94.76</ele>
   </trkpt>
   <trkpt lat="38.642540000000004" lon="0.025660000000000002">
    <ele>92.37</ele>
   </trkpt>
   <trkpt lat="38.64276" lon="0.02595">
    <ele>90.89000000000001</ele>
   </trkpt>
   <trkpt lat="38.64287" lon="0.02619">
    <ele>90.89000000000001</ele>
   </trkpt>
   <trkpt lat="38.642900000000004" lon="0.026350000000000002">
    <ele>90.89000000000001</ele>
   </trkpt>
   <trkpt lat="38.642920000000004" lon="0.026600000000000002">
    <ele>89.92000000000002</ele>
   </trkpt>
   <trkpt lat="38.64287500165661" lon="0.027225000476202608">
    <ele>88.9</ele>
   </trkpt>
   <trkpt lat="38.642830000000004" lon="0.027850000000000003">
    <ele>87.27</ele>
   </trkpt>
   <trkpt lat="38.642860000000006" lon="0.028100000000000003">
    <ele>87.27</ele>
   </trkpt>
   <trkpt lat="38.64298" lon="0.028460000000000003">
    <ele>86.39</ele>
   </trkpt>
   <trkpt lat="38.6432" lon="0.02876">
    <ele>85.4</ele>
   </trkpt>
   <trkpt lat="38.64373000195045" lon="0.029236659630484815">
    <ele>83.51</ele>
   </trkpt>
   <trkpt lat="38.644260001966764" lon="0.0297133263117268">
    <ele>82.68</ele>
   </trkpt>
   <trkpt lat="38.64479" lon="0.03019">
    <ele>82.2</ele>
   </trkpt>
   <trkpt lat="38.64499" lon="0.030390000000000004">
    <ele>81.75</ele>
   </trkpt>
   <trkpt lat="38.645160000000004" lon="0.030660000000000003">
    <ele>81.57000000000001</ele>
   </trkpt>
   <trkpt lat="38.645270000000004" lon="0.03104">
    <ele>81.09</ele>
   </trkpt>
   <trkpt lat="38.64529" lon="0.03139">
    <ele>80.78</ele>
   </trkpt>
   <trkpt lat="38.64526" lon="0.03162">
    <ele>79.98</ele>
   </trkpt>
   <trkpt lat="38.64493" lon="0.03266">
    <ele>79.42</ele>
   </trkpt>
   <trkpt lat="38.644890000000004" lon="0.03293">
    <ele>79.32</ele>
   </trkpt>
   <trkpt lat="38.6449" lon="0.03314">
    <ele>79.33000000000001</ele>
   </trkpt>
   <trkpt lat="38.644960000000005" lon="0.033400000000000006">
    <ele>79.42999999999999</ele>
   </trkpt>
   <trkpt lat="38.645070000000004" lon="0.03364">
    <ele>79.64</ele>
   </trkpt>
   <trkpt lat="38.64517" lon="0.03379">
    <ele>79.55000000000001</ele>
   </trkpt>
   <trkpt lat="38.645735001941695" lon="0.03446499468050207">
    <ele>78.17999999999999</ele>
   </trkpt>
   <trkpt lat="38.646300000000004" lon="0.035140000000000005">
    <ele>76.50000000000001</ele>
   </trkpt>
   <trkpt lat="38.646840000000005" lon="0.035750000000000004">
    <ele>75.05</ele>
   </trkpt>
   <trkpt lat="38.64726" lon="0.03613">
    <ele>74.3</ele>
   </trkpt>
   <trkpt lat="38.6479000012881" lon="0.03667499515218681">
    <ele>72.86000000000001</ele>
   </trkpt>
   <trkpt lat="38.648540000000004" lon="0.03722">
    <ele>72.34</ele>
   </trkpt>
   <trkpt lat="38.64898" lon="0.03755">
    <ele>72.14000000000001</ele>
   </trkpt>
   <trkpt lat="38.649420000000006" lon="0.03771">
    <ele>71.66</ele>
   </trkpt>
   <trkpt lat="38.65017" lon="0.03781">
    <ele>70.99000000000001</ele>
   </trkpt>
   <trkpt lat="38.65041" lon="0.0378">
    <ele>70.63000000000001</ele>
   </trkpt>
   <trkpt lat="38.6509399998311" lon="0.037755000347975735">
    <ele>69.48</ele>
   </trkpt>
   <trkpt lat="38.65147" lon="0.03771">
    <ele>68.69</ele>
   </trkpt>
   <trkpt lat="38.65157000000001" lon="0.03773">
    <ele>68.69</ele>
   </trkpt>
   <trkpt lat="38.65187" lon="0.037720000000000004">
    <ele>68.13000000000001</ele>
   </trkpt>
   <trkpt lat="38.65267" lon="0.03764">
    <ele>67.37</ele>
   </trkpt>
   <trkpt lat="38.652890000000006" lon="0.0376">
    <ele>67.06</ele>
   </trkpt>
   <trkpt lat="38.653470000000006" lon="0.037570000000000006">
    <ele>65.89</ele>
   </trkpt>
   <trkpt lat="38.653830000000006" lon="0.03767">
    <ele>65.30000000000001</ele>
   </trkpt>
   <trkpt lat="38.65388" lon="0.037770000000000005">
    <ele>65.08</ele>
   </trkpt>
   <trkpt lat="38.65397" lon="0.03787">
    <ele>63.21</ele>
   </trkpt>
   <trkpt lat="38.65402" lon="0.0379">
    <ele>63.21</ele>
   </trkpt>
   <trkpt lat="38.65411" lon="0.03792">
    <ele>63.21</ele>
   </trkpt>
   <trkpt lat="38.6542" lon="0.037910000000000006">
    <ele>63.31</ele>
   </trkpt>
   <trkpt lat="38.65428" lon="0.037860000000000005">
    <ele>63.410000000000004</ele>
   </trkpt>
   <trkpt lat="38.65435" lon="0.037790000000000004">
    <ele>63.55000000000001</ele>
   </trkpt>
   <trkpt lat="38.65439000000001" lon="0.03769">
    <ele>63.55000000000001</ele>
   </trkpt>
   <trkpt lat="38.65449" lon="0.037590000000000005">
    <ele>63.55000000000001</ele>
   </trkpt>
   <trkpt lat="38.6548" lon="0.03744">
    <ele>63.78</ele>
   </trkpt>
   <trkpt lat="38.655460000000005" lon="0.037340000000000005">
    <ele>62.77</ele>
   </trkpt>
   <trkpt lat="38.655930000000005" lon="0.03719">
    <ele>61.160000000000004</ele>
   </trkpt>
   <trkpt lat="38.65664750122792" lon="0.03688250923209068">
    <ele>59.38</ele>
   </trkpt>
   <trkpt lat="38.65736500165085" lon="0.03657501230380747">
    <ele>57.63000000000001</ele>
   </trkpt>
   <trkpt lat="38.658082501268765" lon="0.03626750921487569">
    <ele>55.84</ele>
   </trkpt>
   <trkpt lat="38.65880000000001" lon="0.035960000000000006">
    <ele>54.09</ele>
   </trkpt>
   <trkpt lat="38.65931500027129" lon="0.03576000139889536">
    <ele>53.56</ele>
   </trkpt>
   <trkpt lat="38.65983000000001" lon="0.03556">
    <ele>53.77</ele>
   </trkpt>
   <trkpt lat="38.66046" lon="0.03556">
    <ele>53.27</ele>
   </trkpt>
   <trkpt lat="38.66058" lon="0.03563">
    <ele>52.75000000000001</ele>
   </trkpt>
   <trkpt lat="38.66071" lon="0.035620000000000006">
    <ele>52.75000000000001</ele>
   </trkpt>
   <trkpt lat="38.66078" lon="0.035590000000000004">
    <ele>52.58</ele>
   </trkpt>
   <trkpt lat="38.660830000000004" lon="0.035530000000000006">
    <ele>52.58</ele>
   </trkpt>
   <trkpt lat="38.66089" lon="0.03536">
    <ele>52.50000000000001</ele>
   </trkpt>
   <trkpt lat="38.66107" lon="0.03515">
    <ele>52.52</ele>
   </trkpt>
   <trkpt lat="38.661190000000005" lon="0.03504">
    <ele>52.45</ele>
   </trkpt>
   <trkpt lat="38.66129" lon="0.034980000000000004">
    <ele>52.26</ele>
   </trkpt>
   <trkpt lat="38.66143" lon="0.034940000000000006">
    <ele>52.21000000000001</ele>
   </trkpt>
   <trkpt lat="38.66151" lon="0.034940000000000006">
    <ele>52.190000000000005</ele>
   </trkpt>
   <trkpt lat="38.66161" lon="0.03497">
    <ele>52.2</ele>
   </trkpt>
   <trkpt lat="38.661880000000004" lon="0.03518">
    <ele>52.34</ele>
   </trkpt>
   <trkpt lat="38.662020000000005" lon="0.035230000000000004">
    <ele>52.620000000000005</ele>
   </trkpt>
   <trkpt lat="38.66227000000001" lon="0.0352">
    <ele>53.1</ele>
   </trkpt>
   <trkpt lat="38.66271000039351" lon="0.034980001257988586">
    <ele>56.190000000000005</ele>
   </trkpt>
   <trkpt lat="38.66315" lon="0.034760000000000006">
    <ele>58.21</ele>
   </trkpt>
   <trkpt lat="38.663560000000004" lon="0.03467">
    <ele>60.10000000000001</ele>
   </trkpt>
   <trkpt lat="38.66384" lon="0.03467">
    <ele>62.18000000000001</ele>
   </trkpt>
   <trkpt lat="38.664100000000005" lon="0.034710000000000005">
    <ele>64.23</ele>
   </trkpt>
   <trkpt lat="38.664350000000006" lon="0.03479">
    <ele>64.23</ele>
   </trkpt>
   <trkpt lat="38.66447" lon="0.034850000000000006">
    <ele>66.79</ele>
   </trkpt>
   <trkpt lat="38.66461" lon="0.03495">
    <ele>66.79</ele>
   </trkpt>
   <trkpt lat="38.665005000548824" lon="0.035284998212331185">
    <ele>68.82000000000001</ele>
   </trkpt>
   <trkpt lat="38.665400000000005" lon="0.035620000000000006">
    <ele>72.66</ele>
   </trkpt>
   <trkpt lat="38.66557" lon="0.03585">
    <ele>73.99</ele>
   </trkpt>
   <trkpt lat="38.66578000159109" lon="0.036464998140552395">
    <ele>75.86000000000001</ele>
   </trkpt>
   <trkpt lat="38.66599" lon="0.03708">
    <ele>77.76</ele>
   </trkpt>
   <trkpt lat="38.66612000000001" lon="0.037270000000000005">
    <ele>78.73</ele>
   </trkpt>
   <trkpt lat="38.66621000000001" lon="0.037360000000000004">
    <ele>78.73</ele>
   </trkpt>
   <trkpt lat="38.66639" lon="0.037450000000000004">
    <ele>81.69000000000001</ele>
   </trkpt>
   <trkpt lat="38.666560000000004" lon="0.037480000000000006">
    <ele>82.47</ele>
   </trkpt>
   <trkpt lat="38.66667" lon="0.03747">
    <ele>83.44</ele>
   </trkpt>
   <trkpt lat="38.666940000000004" lon="0.037340000000000005">
    <ele>84.9</ele>
   </trkpt>
   <trkpt lat="38.66723" lon="0.037110000000000004">
    <ele>86.76</ele>
   </trkpt>
   <trkpt lat="38.66743" lon="0.037020000000000004">
    <ele>87.93</ele>
   </trkpt>
   <trkpt lat="38.66761" lon="0.03699">
    <ele>89.09</ele>
   </trkpt>
   <trkpt lat="38.66772" lon="0.037000000000000005">
    <ele>89.09</ele>
   </trkpt>
   <trkpt lat="38.667820000000006" lon="0.03705">
    <ele>89.74000000000001</ele>
   </trkpt>
   <trkpt lat="38.667930000000005" lon="0.03713">
    <ele>90.49</ele>
   </trkpt>
   <trkpt lat="38.668220000000005" lon="0.03749">
    <ele>91.88</ele>
   </trkpt>
   <trkpt lat="38.668620000000004" lon="0.038130000000000004">
    <ele>93.73</ele>
   </trkpt>
   <trkpt lat="38.66874" lon="0.03824">
    <ele>93.73</ele>
   </trkpt>
   <trkpt lat="38.668940000000006" lon="0.038360000000000005">
    <ele>95.41000000000001</ele>
   </trkpt>
   <trkpt lat="38.66937" lon="0.03851">
    <ele>97.2</ele>
   </trkpt>
   <trkpt lat="38.66968000000001" lon="0.03858">
    <ele>98.89</ele>
   </trkpt>
   <trkpt lat="38.66977" lon="0.03858">
    <ele>99.45</ele>
   </trkpt>
   <trkpt lat="38.66998" lon="0.03853">
    <ele>99.45</ele>
   </trkpt>
   <trkpt lat="38.67014" lon="0.038400000000000004">
    <ele>101.42</ele>
   </trkpt>
   <trkpt lat="38.670280000000005" lon="0.03819">
    <ele>101.42</ele>
   </trkpt>
   <trkpt lat="38.67045" lon="0.037930000000000005">
    <ele>102.68</ele>
   </trkpt>
   <trkpt lat="38.67062000000001" lon="0.0378">
    <ele>103.17000000000002</ele>
   </trkpt>
   <trkpt lat="38.670840000000005" lon="0.03771">
    <ele>104.18</ele>
   </trkpt>
   <trkpt lat="38.67103" lon="0.037700000000000004">
    <ele>104.54</ele>
   </trkpt>
   <trkpt lat="38.671130000000005" lon="0.03771">
    <ele>104.54</ele>
   </trkpt>
   <trkpt lat="38.67134" lon="0.037820000000000006">
    <ele>106.62</ele>
   </trkpt>
   <trkpt lat="38.671760000000006" lon="0.03823">
    <ele>107.82000000000001</ele>
   </trkpt>
   <trkpt lat="38.6719" lon="0.038340000000000006">
    <ele>109.56</ele>
   </trkpt>
   <trkpt lat="38.672070000000005" lon="0.03844">
    <ele>110.18</ele>
   </trkpt>
   <trkpt lat="38.67233" lon="0.038540000000000005">
    <ele>111.78</ele>
   </trkpt>
   <trkpt lat="38.67250000000001" lon="0.03855">
    <ele>111.78</ele>
   </trkpt>
   <trkpt lat="38.673030000000004" lon="0.038540000000000005">
    <ele>114.12</ele>
   </trkpt>
   <trkpt lat="38.673720000030194" lon="0.038493334232191444">
    <ele>116.91000000000001</ele>
   </trkpt>
   <trkpt lat="38.67441000004184" lon="0.03844666756475021">
    <ele>119.34000000000002</ele>
   </trkpt>
   <trkpt lat="38.6751" lon="0.038400000000000004">
    <ele>120.64000000000001</ele>
   </trkpt>
   <trkpt lat="38.67581000002907" lon="0.03834000059398803">
    <ele>122.33000000000001</ele>
   </trkpt>
   <trkpt lat="38.676520000000004" lon="0.03828">
    <ele>124.21000000000001</ele>
   </trkpt>
   <trkpt lat="38.67683" lon="0.038270000000000005">
    <ele>124.92000000000002</ele>
   </trkpt>
   <trkpt lat="38.677020000000006" lon="0.03828">
    <ele>126.15</ele>
   </trkpt>
   <trkpt lat="38.67723" lon="0.038380000000000004">
    <ele>126.15</ele>
   </trkpt>
   <trkpt lat="38.6779" lon="0.03898">
    <ele>131.43</ele>
   </trkpt>
   <trkpt lat="38.678020000000004" lon="0.03905">
    <ele>131.98000000000002</ele>
   </trkpt>
   <trkpt lat="38.678200000000004" lon="0.0391">
    <ele>131.98000000000002</ele>
   </trkpt>
   <trkpt lat="38.67837" lon="0.03912">
    <ele>134.32000000000002</ele>
   </trkpt>
   <trkpt lat="38.678520000000006" lon="0.039080000000000004">
    <ele>134.32000000000002</ele>
   </trkpt>
   <trkpt lat="38.678700000000006" lon="0.03896">
    <ele>137.66</ele>
   </trkpt>
   <trkpt lat="38.678790000000006" lon="0.03887">
    <ele>137.66</ele>
   </trkpt>
   <trkpt lat="38.67908000087341" lon="0.03841500185620247">
    <ele>140.1</ele>
   </trkpt>
   <trkpt lat="38.679370000000006" lon="0.03796">
    <ele>142.04</ele>
   </trkpt>
   <trkpt lat="38.679700000000004" lon="0.037660000000000006">
    <ele>143.57</ele>
   </trkpt>
   <trkpt lat="38.680515000305824" lon="0.037395003015595236">
    <ele>146.85</ele>
   </trkpt>
   <trkpt lat="38.68133" lon="0.03713">
    <ele>149.42000000000002</ele>
   </trkpt>
   <trkpt lat="38.68146" lon="0.037110000000000004">
    <ele>150.32</ele>
   </trkpt>
   <trkpt lat="38.68162" lon="0.037110000000000004">
    <ele>150.32</ele>
   </trkpt>
   <trkpt lat="38.68193" lon="0.037140000000000006">
    <ele>151.8</ele>
   </trkpt>
   <trkpt lat="38.68202" lon="0.037180000000000005">
    <ele>151.8</ele>
   </trkpt>
   <trkpt lat="38.68267" lon="0.037410000000000006">
    <ele>154.24</ele>
   </trkpt>
   <trkpt lat="38.68281" lon="0.037430000000000005">
    <ele>154.24</ele>
   </trkpt>
   <trkpt lat="38.68309" lon="0.03751">
    <ele>154.79000000000002</ele>
   </trkpt>
   <trkpt lat="38.683890000000005" lon="0.037820000000000006">
    <ele>157.60999999999999</ele>
   </trkpt>
   <trkpt lat="38.68435500036709" lon="0.03807499839241249">
    <ele>159.02</ele>
   </trkpt>
   <trkpt lat="38.68482" lon="0.03833">
    <ele>160.71</ele>
   </trkpt>
   <trkpt lat="38.68504" lon="0.03844">
    <ele>161.25</ele>
   </trkpt>
   <trkpt lat="38.685680000635024" lon="0.03880499677397105">
    <ele>162.85000000000002</ele>
   </trkpt>
   <trkpt lat="38.68632" lon="0.03917">
    <ele>166.06</ele>
   </trkpt>
   <trkpt lat="38.686550000000004" lon="0.039360000000000006">
    <ele>166.66</ele>
   </trkpt>
   <trkpt lat="38.68679" lon="0.03964">
    <ele>167.63</ele>
   </trkpt>
   <trkpt lat="38.6871750013875" lon="0.040224996746380116">
    <ele>169.65</ele>
   </trkpt>
   <trkpt lat="38.687560000000005" lon="0.040810000000000006">
    <ele>171.64000000000001</ele>
   </trkpt>
   <trkpt lat="38.68789" lon="0.04125">
    <ele>173.37000000000003</ele>
   </trkpt>
   <trkpt lat="38.68809" lon="0.04145">
    <ele>173.6</ele>
   </trkpt>
   <trkpt lat="38.68827" lon="0.04157">
    <ele>174.22</ele>
   </trkpt>
   <trkpt lat="38.68854" lon="0.04168">
    <ele>174.96</ele>
   </trkpt>
   <trkpt lat="38.688680000000005" lon="0.041710000000000004">
    <ele>175.25</ele>
   </trkpt>
   <trkpt lat="38.689" lon="0.041740000000000006">
    <ele>176.3</ele>
   </trkpt>
   <trkpt lat="38.68925" lon="0.04173">
    <ele>177.51</ele>
   </trkpt>
   <trkpt lat="38.689550000000004" lon="0.041690000000000005">
    <ele>179.26</ele>
   </trkpt>
   <trkpt lat="38.69004499995841" lon="0.04157500081842894">
    <ele>183.45</ele>
   </trkpt>
   <trkpt lat="38.690540000000006" lon="0.041460000000000004">
    <ele>185.19000000000003</ele>
   </trkpt>
   <trkpt lat="38.69121499994569" lon="0.041280001749638424">
    <ele>189.51000000000002</ele>
   </trkpt>
   <trkpt lat="38.69189" lon="0.041100000000000005">
    <ele>192.92000000000002</ele>
   </trkpt>
   <trkpt lat="38.692600000000006" lon="0.04095">
    <ele>195.91000000000003</ele>
   </trkpt>
   <trkpt lat="38.692840000000004" lon="0.04093">
    <ele>195.91000000000003</ele>
   </trkpt>
   <trkpt lat="38.693070000000006" lon="0.04095">
    <ele>196.56</ele>
   </trkpt>
   <trkpt lat="38.693723333480854" lon="0.04108333089697429">
    <ele>197.71</ele>
   </trkpt>
   <trkpt lat="38.69437666681029" lon="0.04121666422948096">
    <ele>199.89000000000001</ele>
   </trkpt>
   <trkpt lat="38.69503" lon="0.041350000000000005">
    <ele>202.65000000000003</ele>
   </trkpt>
   <trkpt lat="38.69540000000001" lon="0.041370000000000004">
    <ele>204.04000000000002</ele>
   </trkpt>
   <trkpt lat="38.69561" lon="0.04134">
    <ele>206.12000000000003</ele>
   </trkpt>
   <trkpt lat="38.695750000000004" lon="0.04129">
    <ele>206.12000000000003</ele>
   </trkpt>
   <trkpt lat="38.69644250149809" lon="0.040947509948356026">
    <ele>211.58</ele>
   </trkpt>
   <trkpt lat="38.697135001997225" lon="0.040605013264794966">
    <ele>214.36</ele>
   </trkpt>
   <trkpt lat="38.69782750149735" lon="0.04026250994903369">
    <ele>219.81</ele>
   </trkpt>
   <trkpt lat="38.69852" lon="0.039920000000000004">
    <ele>224.52</ele>
   </trkpt>
   <trkpt lat="38.69897" lon="0.03964">
    <ele>225.3</ele>
   </trkpt>
   <trkpt lat="38.69958500068013" lon="0.039220003660184785">
    <ele>225.21</ele>
   </trkpt>
   <trkpt lat="38.7002" lon="0.0388">
    <ele>224.84</ele>
   </trkpt>
   <trkpt lat="38.70067" lon="0.03855">
    <ele>225.02</ele>
   </trkpt>
   <trkpt lat="38.70084000000001" lon="0.03849">
    <ele>225.48000000000002</ele>
   </trkpt>
   <trkpt lat="38.70132" lon="0.03839">
    <ele>227.74</ele>
   </trkpt>
   <trkpt lat="38.70189999993483" lon="0.0383949999588846">
    <ele>230.16000000000003</ele>
   </trkpt>
   <trkpt lat="38.70248" lon="0.038400000000000004">
    <ele>234.88</ele>
   </trkpt>
   <trkpt lat="38.70306" lon="0.038450000000000005">
    <ele>238.16</ele>
   </trkpt>
   <trkpt lat="38.70365" lon="0.03848">
    <ele>243.35</ele>
   </trkpt>
   <trkpt lat="38.704170000000005" lon="0.038450000000000005">
    <ele>244.82</ele>
   </trkpt>
   <trkpt lat="38.70456" lon="0.038340000000000006">
    <ele>247.54</ele>
   </trkpt>
   <trkpt lat="38.705020000000005" lon="0.0381">
    <ele>252.03000000000003</ele>
   </trkpt>
   <trkpt lat="38.70543000037527" lon="0.03784500140099604">
    <ele>255.31000000000003</ele>
   </trkpt>
   <trkpt lat="38.70584" lon="0.037590000000000005">
    <ele>257.46000000000004</ele>
   </trkpt>
   <trkpt lat="38.705980000000004" lon="0.03755">
    <ele>258.14000000000004</ele>
   </trkpt>
   <trkpt lat="38.70626" lon="0.03753">
    <ele>258.89</ele>
   </trkpt>
   <trkpt lat="38.70667" lon="0.03746">
    <ele>259.91</ele>
   </trkpt>
   <trkpt lat="38.70684" lon="0.03747">
    <ele>260.08000000000004</ele>
   </trkpt>
   <trkpt lat="38.70729" lon="0.0376">
    <ele>260.38</ele>
   </trkpt>
   <trkpt lat="38.70782500016723" lon="0.037794998542780206">
    <ele>261.19000000000005</ele>
   </trkpt>
   <trkpt lat="38.708360000000006" lon="0.03799">
    <ele>262.61</ele>
   </trkpt>
   <trkpt lat="38.70881" lon="0.038090000000000006">
    <ele>263.59000000000003</ele>
   </trkpt>
   <trkpt lat="38.70938" lon="0.03814">
    <ele>264.97</ele>
   </trkpt>
   <trkpt lat="38.70956" lon="0.03817">
    <ele>265.49</ele>
   </trkpt>
   <trkpt lat="38.70966000000001" lon="0.03823">
    <ele>265.86</ele>
   </trkpt>
   <trkpt lat="38.7098" lon="0.03841">
    <ele>266.33</ele>
   </trkpt>
   <trkpt lat="38.709830000000004" lon="0.038540000000000005">
    <ele>266.5</ele>
   </trkpt>
   <trkpt lat="38.70989" lon="0.03862">
    <ele>266.5</ele>
   </trkpt>
   <trkpt lat="38.70993" lon="0.03864">
    <ele>266.62</ele>
   </trkpt>
   <trkpt lat="38.71003" lon="0.03864">
    <ele>266.62</ele>
   </trkpt>
   <trkpt lat="38.71011" lon="0.03858">
    <ele>266.5</ele>
   </trkpt>
   <trkpt lat="38.71016" lon="0.03848">
    <ele>266.5</ele>
   </trkpt>
   <trkpt lat="38.71016" lon="0.03837">
    <ele>266.5</ele>
   </trkpt>
   <trkpt lat="38.71014" lon="0.038310000000000004">
    <ele>266.5</ele>
   </trkpt>
   <trkpt lat="38.71009" lon="0.03823">
    <ele>266.59000000000003</ele>
   </trkpt>
   <trkpt lat="38.71005" lon="0.038200000000000005">
    <ele>266.59000000000003</ele>
   </trkpt>
   <trkpt lat="38.70998" lon="0.03799">
    <ele>266.54</ele>
   </trkpt>
   <trkpt lat="38.710010000000004" lon="0.03742">
    <ele>266.0</ele>
   </trkpt>
   <trkpt lat="38.71009" lon="0.037070000000000006">
    <ele>264.55</ele>
   </trkpt>
   <trkpt lat="38.710170000000005" lon="0.036860000000000004">
    <ele>264.22</ele>
   </trkpt>
   <trkpt lat="38.710280000000004" lon="0.03665">
    <ele>263.56</ele>
   </trkpt>
   <trkpt lat="38.710350000000005" lon="0.03654">
    <ele>263.28000000000003</ele>
   </trkpt>
   <trkpt lat="38.710510000000006" lon="0.03642">
    <ele>262.98</ele>
   </trkpt>
   <trkpt lat="38.71058" lon="0.036480000000000005">
    <ele>262.98</ele>
   </trkpt>
   <trkpt lat="38.71067" lon="0.036500000000000005">
    <ele>262.6</ele>
   </trkpt>
   <trkpt lat="38.71076" lon="0.036480000000000005">
    <ele>261.76000000000005</ele>
   </trkpt>
   <trkpt lat="38.710840000000005" lon="0.036430000000000004">
    <ele>261.76000000000005</ele>
   </trkpt>
   <trkpt lat="38.710910000000005" lon="0.036340000000000004">
    <ele>260.96000000000004</ele>
   </trkpt>
   <trkpt lat="38.71126" lon="0.0364">
    <ele>258.25000000000006</ele>
   </trkpt>
   <trkpt lat="38.71148" lon="0.03653">
    <ele>254.36</ele>
   </trkpt>
   <trkpt lat="38.71157" lon="0.03656">
    <ele>253.53000000000003</ele>
   </trkpt>
   <trkpt lat="38.71179" lon="0.03656">
    <ele>251.51000000000002</ele>
   </trkpt>
   <trkpt lat="38.71201000000001" lon="0.03651">
    <ele>249.19000000000003</ele>
   </trkpt>
   <trkpt lat="38.71261500071933" lon="0.036090003576761294">
    <ele>243.92000000000002</ele>
   </trkpt>
   <trkpt lat="38.71322" lon="0.03567">
    <ele>242.20000000000002</ele>
   </trkpt>
   <trkpt lat="38.7134" lon="0.035570000000000004">
    <ele>241.88</ele>
   </trkpt>
   <trkpt lat="38.71399333495888" lon="0.03513667384141167">
    <ele>239.76000000000002</ele>
   </trkpt>
   <trkpt lat="38.71458666831842" lon="0.03470334048904579">
    <ele>234.55</ele>
   </trkpt>
   <trkpt lat="38.715180000000004" lon="0.03427">
    <ele>230.74000000000004</ele>
   </trkpt>
   <trkpt lat="38.71576" lon="0.033740000000000006">
    <ele>229.66000000000003</ele>
   </trkpt>
   <trkpt lat="38.71629000161379" lon="0.03313500442341906">
    <ele>229.37</ele>
   </trkpt>
   <trkpt lat="38.716820000000006" lon="0.03253">
    <ele>231.28</ele>
   </trkpt>
   <trkpt lat="38.71716" lon="0.032240000000000005">
    <ele>232.45000000000002</ele>
   </trkpt>
   <trkpt lat="38.7173" lon="0.03214">
    <ele>232.45000000000002</ele>
   </trkpt>
   <trkpt lat="38.71779" lon="0.03185">
    <ele>233.88000000000002</ele>
   </trkpt>
   <trkpt lat="38.718340000000005" lon="0.03152">
    <ele>236.38</ele>
   </trkpt>
   <trkpt lat="38.718990000000005" lon="0.03105">
    <ele>243.20000000000002</ele>
   </trkpt>
   <trkpt lat="38.719616003980235" lon="0.030566016966354397">
    <ele>247.79</ele>
   </trkpt>
   <trkpt lat="38.72024200596524" lon="0.030082025453861506">
    <ele>252.82000000000005</ele>
   </trkpt>
   <trkpt lat="38.720868005954934" lon="0.029598025462209993">
    <ele>256.85</ele>
   </trkpt>
   <trkpt lat="38.721494003949225" lon="0.029114016991088492">
    <ele>258.01</ele>
   </trkpt>
   <trkpt lat="38.722120000000004" lon="0.028630000000000003">
    <ele>256.58000000000004</ele>
   </trkpt>
   <trkpt lat="38.72241" lon="0.028440000000000003">
    <ele>256.17</ele>
   </trkpt>
   <trkpt lat="38.722660000000005" lon="0.02832">
    <ele>255.70000000000005</ele>
   </trkpt>
   <trkpt lat="38.722840000000005" lon="0.028260000000000004">
    <ele>255.46</ele>
   </trkpt>
   <trkpt lat="38.72321" lon="0.028180000000000004">
    <ele>255.48999999999998</ele>
   </trkpt>
   <trkpt lat="38.72374000000001" lon="0.028100000000000003">
    <ele>256.48</ele>
   </trkpt>
   <trkpt lat="38.72406" lon="0.02799">
    <ele>257.51</ele>
   </trkpt>
   <trkpt lat="38.72444" lon="0.027800000000000002">
    <ele>258.23</ele>
   </trkpt>
   <trkpt lat="38.725183335606694" lon="0.02728667732748882">
    <ele>259.52000000000004</ele>
   </trkpt>
   <trkpt lat="38.7259266689688" lon="0.026773343974462942">
    <ele>263.09000000000003</ele>
   </trkpt>
   <trkpt lat="38.726670000000006" lon="0.026260000000000002">
    <ele>268.84000000000003</ele>
   </trkpt>
   <trkpt lat="38.726820000000004" lon="0.026140000000000004">
    <ele>268.99</ele>
   </trkpt>
   <trkpt lat="38.727050000000006" lon="0.025910000000000002">
    <ele>267.94</ele>
   </trkpt>
   <trkpt lat="38.727250000000005" lon="0.025650000000000003">
    <ele>264.48</ele>
   </trkpt>
   <trkpt lat="38.727450000000005" lon="0.02534">
    <ele>264.48</ele>
   </trkpt>
   <trkpt lat="38.727590000000006" lon="0.025050000000000003">
    <ele>259.99</ele>
   </trkpt>
   <trkpt lat="38.72777000000001" lon="0.024620000000000003">
    <ele>259.99</ele>
   </trkpt>
   <trkpt lat="38.72793" lon="0.024">
    <ele>256.78000000000003</ele>
   </trkpt>
   <trkpt lat="38.727990000000005" lon="0.023610000000000003">
    <ele>252.8</ele>
   </trkpt>
   <trkpt lat="38.728" lon="0.022910000000000003">
    <ele>250.51000000000002</ele>
   </trkpt>
   <trkpt lat="38.727940000000004" lon="0.022410000000000003">
    <ele>246.48000000000002</ele>
   </trkpt>
   <trkpt lat="38.727830000000004" lon="0.021910000000000002">
    <ele>243.48000000000002</ele>
   </trkpt>
   <trkpt lat="38.72765500173304" lon="0.0212699983902972">
    <ele>240.56000000000003</ele>
   </trkpt>
   <trkpt lat="38.72748" lon="0.020630000000000003">
    <ele>234.22</ele>
   </trkpt>
   <trkpt lat="38.72742" lon="0.020270000000000003">
    <ele>234.22</ele>
   </trkpt>
   <trkpt lat="38.72739" lon="0.01997">
    <ele>232.94</ele>
   </trkpt>
   <trkpt lat="38.727380000000004" lon="0.01965">
    <ele>229.69</ele>
   </trkpt>
   <trkpt lat="38.7274" lon="0.01933">
    <ele>229.69</ele>
   </trkpt>
   <trkpt lat="38.727450000000005" lon="0.01904">
    <ele>227.01000000000002</ele>
   </trkpt>
   <trkpt lat="38.72771" lon="0.0181">
    <ele>222.8</ele>
   </trkpt>
   <trkpt lat="38.728" lon="0.017410000000000002">
    <ele>218.75000000000003</ele>
   </trkpt>
   <trkpt lat="38.72832500298403" lon="0.016585003536846377">
    <ele>212.42000000000002</ele>
   </trkpt>
   <trkpt lat="38.72865" lon="0.01576">
    <ele>208.45000000000002</ele>
   </trkpt>
   <trkpt lat="38.728925003692964" lon="0.014830003548698087">
    <ele>203.53</ele>
   </trkpt>
   <trkpt lat="38.729200000000006" lon="0.013900000000000001">
    <ele>200.57000000000002</ele>
   </trkpt>
   <trkpt lat="38.729350000000004" lon="0.013290000000000001">
    <ele>199.46</ele>
   </trkpt>
   <trkpt lat="38.72957667097371" lon="0.012576671279786707">
    <ele>196.28</ele>
   </trkpt>
   <trkpt lat="38.72980333761287" lon="0.011863338033057903">
    <ele>194.68</ele>
   </trkpt>
   <trkpt lat="38.730030000000006" lon="0.01115">
    <ele>193.57000000000002</ele>
   </trkpt>
   <trkpt lat="38.73008" lon="0.01089">
    <ele>193.20000000000002</ele>
   </trkpt>
   <trkpt lat="38.73015" lon="0.010390000000000002">
    <ele>192.96</ele>
   </trkpt>
   <trkpt lat="38.7302" lon="0.009770000000000001">
    <ele>192.47</ele>
   </trkpt>
   <trkpt lat="38.730405002551976" lon="0.008995002247500458">
    <ele>192.12</ele>
   </trkpt>
   <trkpt lat="38.730610000000006" lon="0.00822">
    <ele>191.84</ele>
   </trkpt>
   <trkpt lat="38.73089500237886" lon="0.007470003036788725">
    <ele>191.99</ele>
   </trkpt>
   <trkpt lat="38.73118" lon="0.00672">
    <ele>192.81</ele>
   </trkpt>
   <trkpt lat="38.73150000160328" lon="0.006130002420520831">
    <ele>193.05</ele>
   </trkpt>
   <trkpt lat="38.731820000000006" lon="0.005540000000000001">
    <ele>193.81</ele>
   </trkpt>
   <trkpt lat="38.73211000102597" lon="0.005065001821937158">
    <ele>194.85000000000002</ele>
   </trkpt>
   <trkpt lat="38.732400000000005" lon="0.00459">
    <ele>195.51000000000002</ele>
   </trkpt>
   <trkpt lat="38.73265000000001" lon="0.00408">
    <ele>195.75</ele>
   </trkpt>
   <trkpt lat="38.73291500294131" lon="0.00325000305700265">
    <ele>196.81</ele>
   </trkpt>
   <trkpt lat="38.733180000000004" lon="0.0024200000000000003">
    <ele>197.31</ele>
   </trkpt>
   <trkpt lat="38.73339" lon="0.0015300000000000001">
    <ele>197.45000000000002</ele>
   </trkpt>
   <trkpt lat="38.73350500195573" lon="0.00085500099835299">
    <ele>197.07000000000002</ele>
   </trkpt>
   <trkpt lat="38.73362" lon="0.00018">
    <ele>197.34</ele>
   </trkpt>
   <trkpt lat="38.73385333929403" lon="-0.0006566611916031783">
    <ele>196.55</ele>
   </trkpt>
   <trkpt lat="38.734086672624905" lon="-0.0014933278493489575">
    <ele>196.0</ele>
   </trkpt>
   <trkpt lat="38.734320000000004" lon="-0.00233">
    <ele>196.25</ele>
   </trkpt>
   <trkpt lat="38.73451" lon="-0.0029600000000000004">
    <ele>196.44</ele>
   </trkpt>
   <trkpt lat="38.73458" lon="-0.0030800000000000003">
    <ele>196.48000000000002</ele>
   </trkpt>
   <trkpt lat="38.73471" lon="-0.0032300000000000002">
    <ele>196.48000000000002</ele>
   </trkpt>
   <trkpt lat="38.73532000137246" lon="-0.0038049950556005028">
    <ele>196.55</ele>
   </trkpt>
   <trkpt lat="38.73593" lon="-0.00438">
    <ele>196.26000000000002</ele>
   </trkpt>
   <trkpt lat="38.736360000000005" lon="-0.00485">
    <ele>194.93</ele>
   </trkpt>
   <trkpt lat="38.73668" lon="-0.0053">
    <ele>193.99</ele>
   </trkpt>
   <trkpt lat="38.73682" lon="-0.005540000000000001">
    <ele>193.89000000000001</ele>
   </trkpt>
   <trkpt lat="38.737210000000005" lon="-0.00632">
    <ele>193.72</ele>
   </trkpt>
   <trkpt lat="38.73734" lon="-0.006410000000000001">
    <ele>193.10000000000002</ele>
   </trkpt>
   <trkpt lat="38.73743" lon="-0.006450000000000001">
    <ele>193.16000000000003</ele>
   </trkpt>
   <trkpt lat="38.73747" lon="-0.006540000000000001">
    <ele>193.38000000000002</ele>
   </trkpt>
   <trkpt lat="38.73744000000001" lon="-0.0066500000000000005">
    <ele>193.38000000000002</ele>
   </trkpt>
   <trkpt lat="38.737460000000006" lon="-0.00685">
    <ele>194.18</ele>
   </trkpt>
   <trkpt lat="38.737800004640356" lon="-0.007589992900736509">
    <ele>194.67000000000002</ele>
   </trkpt>
   <trkpt lat="38.738140004615765" lon="-0.008329992847111563">
    <ele>194.21</ele>
   </trkpt>
   <trkpt lat="38.73848" lon="-0.00907">
    <ele>193.82000000000002</ele>
   </trkpt>
   <trkpt lat="38.738530000000004" lon="-0.00914">
    <ele>193.82000000000002</ele>
   </trkpt>
   <trkpt lat="38.738600000000005" lon="-0.00918">
    <ele>193.82000000000002</ele>
   </trkpt>
   <trkpt lat="38.738820000000004" lon="-0.00911">
    <ele>193.28</ele>
   </trkpt>
   <trkpt lat="38.739360000000005" lon="-0.008860000000000002">
    <ele>191.3</ele>
   </trkpt>
   <trkpt lat="38.740090000975" lon="-0.008533339982268373">
    <ele>189.59</ele>
   </trkpt>
   <trkpt lat="38.74082000104093" lon="-0.008206673286204433">
    <ele>187.06</ele>
   </trkpt>
   <trkpt lat="38.741550000000004" lon="-0.00788">
    <ele>184.95</ele>
   </trkpt>
   <trkpt lat="38.741710000000005" lon="-0.0078000000000000005">
    <ele>184.67000000000002</ele>
   </trkpt>
   <trkpt lat="38.74185000000001" lon="-0.007670000000000001">
    <ele>184.47000000000003</ele>
   </trkpt>
   <trkpt lat="38.74186" lon="-0.007620000000000001">
    <ele>184.47000000000003</ele>
   </trkpt>
   <trkpt lat="38.741910000000004" lon="-0.007330000000000001">
    <ele>183.62</ele>
   </trkpt>
   <trkpt lat="38.741820000000004" lon="-0.00651">
    <ele>183.34</ele>
   </trkpt>
   <trkpt lat="38.741725001631295" lon="-0.0058899991353666675">
    <ele>183.43</ele>
   </trkpt>
   <trkpt lat="38.74163" lon="-0.00527">
    <ele>183.28000000000003</ele>
   </trkpt>
   <trkpt lat="38.74159" lon="-0.004880000000000001">
    <ele>183.18</ele>
   </trkpt>
   <trkpt lat="38.741580000000006" lon="-0.00406">
    <ele>182.36</ele>
   </trkpt>
   <trkpt lat="38.741753779369944" lon="-0.0030675169143995194">
    <ele>182.39000000000001</ele>
   </trkpt>
   <trkpt lat="38.7419275503482" lon="-0.002075028998409279">
    <ele>181.54</ele>
   </trkpt>
   <trkpt lat="38.74210131293467" lon="-0.0010825362522090224">
    <ele>179.31000000000003</ele>
   </trkpt>
   <trkpt lat="38.74227506712927" lon="-9.003867597850162e-05">
    <ele>177.37000000000003</ele>
   </trkpt>
   <trkpt lat="38.742448812931876" lon="0.0009024637301025186">
    <ele>176.24</ele>
   </trkpt>
   <trkpt lat="38.74262255034244" lon="0.001894970965854266">
    <ele>174.16</ele>
   </trkpt>
   <trkpt lat="38.74279627936084" lon="0.0028874830310969602">
    <ele>172.79000000000002</ele>
   </trkpt>
   <trkpt lat="38.74297" lon="0.00388">
    <ele>174.84000000000003</ele>
   </trkpt>
   <trkpt lat="38.743" lon="0.0039700000000000004">
    <ele>176.08</ele>
   </trkpt>
   <trkpt lat="38.74307" lon="0.0041">
    <ele>176.46</ele>
   </trkpt>
   <trkpt lat="38.74322" lon="0.00423">
    <ele>176.91</ele>
   </trkpt>
   <trkpt lat="38.74326000000001" lon="0.00429">
    <ele>176.91</ele>
   </trkpt>
   <trkpt lat="38.74318" lon="0.0048000000000000004">
    <ele>179.11</ele>
   </trkpt>
   <trkpt lat="38.74315" lon="0.005180000000000001">
    <ele>180.63</ele>
   </trkpt>
   <trkpt lat="38.74311" lon="0.00538">
    <ele>180.76</ele>
   </trkpt>
   <trkpt lat="38.74298" lon="0.00555">
    <ele>181.1</ele>
   </trkpt>
   <trkpt lat="38.74286" lon="0.00604">
    <ele>181.49</ele>
   </trkpt>
   <trkpt lat="38.74298" lon="0.00555">
    <ele>180.97000000000003</ele>
   </trkpt>
   <trkpt lat="38.74311" lon="0.00538">
    <ele>180.63</ele>
   </trkpt>
   <trkpt lat="38.74315" lon="0.005180000000000001">
    <ele>180.45000000000002</ele>
   </trkpt>
   <trkpt lat="38.74318" lon="0.0048000000000000004">
    <ele>178.39000000000001</ele>
   </trkpt>
   <trkpt lat="38.74326000000001" lon="0.00429">
    <ele>176.91</ele>
   </trkpt>
   <trkpt lat="38.74322" lon="0.00423">
    <ele>176.46</ele>
   </trkpt>
   <trkpt lat="38.74307" lon="0.0041">
    <ele>176.08</ele>
   </trkpt>
   <trkpt lat="38.743" lon="0.0039700000000000004">
    <ele>174.84000000000003</ele>
   </trkpt>
   <trkpt lat="38.74297" lon="0.00388">
    <ele>174.84000000000003</ele>
   </trkpt>
   <trkpt lat="38.74279627937385" lon="0.0028874831054457994">
    <ele>172.73000000000002</ele>
   </trkpt>
   <trkpt lat="38.74262255035545" lon="0.0018949710402027533">
    <ele>174.16</ele>
   </trkpt>
   <trkpt lat="38.74244881294489" lon="0.0009024638044506532">
    <ele>176.24</ele>
   </trkpt>
   <trkpt lat="38.74227506714227" lon="-9.00386016307204e-05">
    <ele>177.37000000000003</ele>
   </trkpt>
   <trkpt lat="38.74210131294768" lon="-0.001082536177861592">
    <ele>179.94000000000003</ele>
   </trkpt>
   <trkpt lat="38.74192755036121" lon="-0.0020750289240622005">
    <ele>181.77</ele>
   </trkpt>
   <trkpt lat="38.74175377938297" lon="-0.003067516840052794">
    <ele>182.39000000000001</ele>
   </trkpt>
   <trkpt lat="38.741580000000006" lon="-0.00406">
    <ele>182.52</ele>
   </trkpt>
   <trkpt lat="38.74159" lon="-0.004880000000000001">
    <ele>183.25000000000003</ele>
   </trkpt>
   <trkpt lat="38.74163" lon="-0.00527">
    <ele>183.28000000000003</ele>
   </trkpt>
   <trkpt lat="38.741725001643495" lon="-0.005889999215008596">
    <ele>183.43</ele>
   </trkpt>
   <trkpt lat="38.741820000000004" lon="-0.00651">
    <ele>183.33</ele>
   </trkpt>
   <trkpt lat="38.741910000000004" lon="-0.007330000000000001">
    <ele>183.62</ele>
   </trkpt>
   <trkpt lat="38.74194000000001" lon="-0.0074800000000000005">
    <ele>183.62</ele>
   </trkpt>
   <trkpt lat="38.74204" lon="-0.0076100000000000004">
    <ele>183.62</ele>
   </trkpt>
   <trkpt lat="38.74206" lon="-0.007690000000000001">
    <ele>183.62</ele>
   </trkpt>
   <trkpt lat="38.74203" lon="-0.00787">
    <ele>183.8</ele>
   </trkpt>
   <trkpt lat="38.74204" lon="-0.00805">
    <ele>183.94000000000003</ele>
   </trkpt>
   <trkpt lat="38.74218500140344" lon="-0.008634998592970554">
    <ele>184.14000000000001</ele>
   </trkpt>
   <trkpt lat="38.74233" lon="-0.00922">
    <ele>184.34</ele>
   </trkpt>
   <trkpt lat="38.742460001813825" lon="-0.009879998586843313">
    <ele>184.4</ele>
   </trkpt>
   <trkpt lat="38.74259" lon="-0.01054">
    <ele>184.14000000000001</ele>
   </trkpt>
   <trkpt lat="38.74268" lon="-0.01106">
    <ele>183.67000000000002</ele>
   </trkpt>
   <trkpt lat="38.74269" lon="-0.011240000000000002">
    <ele>183.49</ele>
   </trkpt>
   <trkpt lat="38.742700000000006" lon="-0.01234">
    <ele>183.02</ele>
   </trkpt>
   <trkpt lat="38.74275" lon="-0.01297">
    <ele>183.37</ele>
   </trkpt>
   <trkpt lat="38.74271" lon="-0.01352">
    <ele>184.45</ele>
   </trkpt>
   <trkpt lat="38.742740000000005" lon="-0.013810000000000001">
    <ele>184.45</ele>
   </trkpt>
   <trkpt lat="38.74279000000001" lon="-0.01391">
    <ele>184.64000000000001</ele>
   </trkpt>
   <trkpt lat="38.74282" lon="-0.01399">
    <ele>184.9</ele>
   </trkpt>
   <trkpt lat="38.74275" lon="-0.014280000000000001">
    <ele>185.60000000000002</ele>
   </trkpt>
   <trkpt lat="38.74275" lon="-0.01437">
    <ele>185.60000000000002</ele>
   </trkpt>
   <trkpt lat="38.74277" lon="-0.01451">
    <ele>186.42</ele>
   </trkpt>
   <trkpt lat="38.74288000000001" lon="-0.014740000000000001">
    <ele>186.66000000000003</ele>
   </trkpt>
   <trkpt lat="38.74326000000001" lon="-0.015300000000000001">
    <ele>186.9</ele>
   </trkpt>
   <trkpt lat="38.743430000000004" lon="-0.01573">
    <ele>187.37</ele>
   </trkpt>
   <trkpt lat="38.743550001558894" lon="-0.016339998842035377">
    <ele>187.4</ele>
   </trkpt>
   <trkpt lat="38.74367" lon="-0.01695">
    <ele>187.94000000000003</ele>
   </trkpt>
   <trkpt lat="38.74389500257128" lon="-0.017729997471715712">
    <ele>188.52</ele>
   </trkpt>
   <trkpt lat="38.74412" lon="-0.018510000000000002">
    <ele>189.20000000000002</ele>
   </trkpt>
   <trkpt lat="38.744350000000004" lon="-0.01916">
    <ele>189.91000000000003</ele>
   </trkpt>
   <trkpt lat="38.74447" lon="-0.01956">
    <ele>190.41000000000003</ele>
   </trkpt>
   <trkpt lat="38.74448" lon="-0.01974">
    <ele>190.74</ele>
   </trkpt>
   <trkpt lat="38.74445" lon="-0.020210000000000002">
    <ele>192.17000000000002</ele>
   </trkpt>
   <trkpt lat="38.74447" lon="-0.02034">
    <ele>192.71</ele>
   </trkpt>
   <trkpt lat="38.744530000000005" lon="-0.02043">
    <ele>192.89000000000001</ele>
   </trkpt>
   <trkpt lat="38.74497" lon="-0.020630000000000003">
    <ele>193.61</ele>
   </trkpt>
   <trkpt lat="38.74508" lon="-0.020720000000000002">
    <ele>193.77</ele>
   </trkpt>
   <trkpt lat="38.745090000000005" lon="-0.021460000000000003">
    <ele>194.24</ele>
   </trkpt>
   <trkpt lat="38.74512" lon="-0.02161">
    <ele>194.35000000000002</ele>
   </trkpt>
   <trkpt lat="38.7453" lon="-0.022170000000000002">
    <ele>195.54000000000002</ele>
   </trkpt>
   <trkpt lat="38.74564500278473" lon="-0.022969996270073054">
    <ele>196.37</ele>
   </trkpt>
   <trkpt lat="38.745990000000006" lon="-0.023770000000000003">
    <ele>196.92000000000002</ele>
   </trkpt>
   <trkpt lat="38.74633" lon="-0.024640000000000002">
    <ele>198.45000000000002</ele>
   </trkpt>
   <trkpt lat="38.746410000000004" lon="-0.02494">
    <ele>198.76000000000002</ele>
   </trkpt>
   <trkpt lat="38.746500000000005" lon="-0.025470000000000003">
    <ele>199.72</ele>
   </trkpt>
   <trkpt lat="38.74665500416802" lon="-0.026459997806074432">
    <ele>200.47</ele>
   </trkpt>
   <trkpt lat="38.74681" lon="-0.027450000000000002">
    <ele>203.71000000000004</ele>
   </trkpt>
   <trkpt lat="38.74689" lon="-0.027770000000000003">
    <ele>204.16</ele>
   </trkpt>
   <trkpt lat="38.74719" lon="-0.0285">
    <ele>206.59000000000003</ele>
   </trkpt>
   <trkpt lat="38.74734" lon="-0.028940000000000004">
    <ele>207.72</ele>
   </trkpt>
   <trkpt lat="38.74739" lon="-0.029580000000000002">
    <ele>208.40000000000003</ele>
   </trkpt>
   <trkpt lat="38.74743" lon="-0.029920000000000002">
    <ele>208.85</ele>
   </trkpt>
   <trkpt lat="38.74754" lon="-0.030430000000000002">
    <ele>209.90000000000003</ele>
   </trkpt>
   <trkpt lat="38.747710001489054" lon="-0.031019998616694">
    <ele>209.92000000000002</ele>
   </trkpt>
   <trkpt lat="38.74788" lon="-0.03161">
    <ele>208.8</ele>
   </trkpt>
   <trkpt lat="38.74797" lon="-0.032">
    <ele>208.05</ele>
   </trkpt>
   <trkpt lat="38.747980000000005" lon="-0.032440000000000004">
    <ele>207.82</ele>
   </trkpt>
   <trkpt lat="38.74794" lon="-0.03304">
    <ele>207.04000000000002</ele>
   </trkpt>
   <trkpt lat="38.74795" lon="-0.03343">
    <ele>206.87000000000003</ele>
   </trkpt>
   <trkpt lat="38.747980000000005" lon="-0.03363">
    <ele>206.93000000000004</ele>
   </trkpt>
   <trkpt lat="38.748020000000004" lon="-0.03377">
    <ele>207.04000000000002</ele>
   </trkpt>
   <trkpt lat="38.74814000000001" lon="-0.03398">
    <ele>207.3</ele>
   </trkpt>
   <trkpt lat="38.74842" lon="-0.03438">
    <ele>208.54000000000002</ele>
   </trkpt>
   <trkpt lat="38.74888" lon="-0.035250000000000004">
    <ele>211.76</ele>
   </trkpt>
   <trkpt lat="38.74915500133237" lon="-0.03578999809702316">
    <ele>213.74</ele>
   </trkpt>
   <trkpt lat="38.749430000000004" lon="-0.03633">
    <ele>217.81000000000003</ele>
   </trkpt>
   <trkpt lat="38.749520000000004" lon="-0.03656">
    <ele>218.89000000000001</ele>
   </trkpt>
   <trkpt lat="38.749590000000005" lon="-0.0369">
    <ele>220.2</ele>
   </trkpt>
   <trkpt lat="38.749680000000005" lon="-0.037520000000000005">
    <ele>221.66000000000003</ele>
   </trkpt>
   <trkpt lat="38.74973000000001" lon="-0.03774">
    <ele>221.94000000000003</ele>
   </trkpt>
   <trkpt lat="38.74987" lon="-0.038000000000000006">
    <ele>222.01000000000002</ele>
   </trkpt>
   <trkpt lat="38.750040000000006" lon="-0.03819">
    <ele>221.91000000000003</ele>
   </trkpt>
   <trkpt lat="38.750530000000005" lon="-0.03853">
    <ele>222.47000000000003</ele>
   </trkpt>
   <trkpt lat="38.75081" lon="-0.03883">
    <ele>223.13000000000002</ele>
   </trkpt>
   <trkpt lat="38.75092" lon="-0.039">
    <ele>223.81</ele>
   </trkpt>
   <trkpt lat="38.75101" lon="-0.03917">
    <ele>224.63000000000002</ele>
   </trkpt>
   <trkpt lat="38.751090000000005" lon="-0.03946">
    <ele>226.81</ele>
   </trkpt>
   <trkpt lat="38.751160000000006" lon="-0.04007">
    <ele>231.39000000000001</ele>
   </trkpt>
   <trkpt lat="38.751250000000006" lon="-0.04034">
    <ele>232.13000000000002</ele>
   </trkpt>
   <trkpt lat="38.751740000000005" lon="-0.04116">
    <ele>229.84</ele>
   </trkpt>
   <trkpt lat="38.75202" lon="-0.041760000000000005">
    <ele>228.59</ele>
   </trkpt>
   <trkpt lat="38.75124" lon="-0.04232">
    <ele>225.55</ele>
   </trkpt>
   <trkpt lat="38.75133" lon="-0.0425">
    <ele>225.72000000000003</ele>
   </trkpt>
   <trkpt lat="38.75175" lon="-0.04306">
    <ele>226.5</ele>
   </trkpt>
   <trkpt lat="38.75198" lon="-0.0434">
    <ele>227.56</ele>
   </trkpt>
   <trkpt lat="38.75207" lon="-0.04358">
    <ele>229.18</ele>
   </trkpt>
   <trkpt lat="38.75220500210435" lon="-0.044279998764071266">
    <ele>231.28</ele>
   </trkpt>
   <trkpt lat="38.752340000000004" lon="-0.044980000000000006">
    <ele>235.69</ele>
   </trkpt>
   <trkpt lat="38.752390000000005" lon="-0.04512">
    <ele>236.03</ele>
   </trkpt>
   <trkpt lat="38.752590000000005" lon="-0.045360000000000004">
    <ele>236.42000000000002</ele>
   </trkpt>
   <trkpt lat="38.753190000605464" lon="-0.04573999679973402">
    <ele>239.44</ele>
   </trkpt>
   <trkpt lat="38.75379" lon="-0.04612">
    <ele>245.02</ele>
   </trkpt>
   <trkpt lat="38.75394" lon="-0.04626">
    <ele>245.02</ele>
   </trkpt>
   <trkpt lat="38.75401" lon="-0.04637">
    <ele>246.39000000000001</ele>
   </trkpt>
   <trkpt lat="38.75406" lon="-0.04653">
    <ele>246.96</ele>
   </trkpt>
   <trkpt lat="38.75406" lon="-0.04692">
    <ele>249.88000000000002</ele>
   </trkpt>
   <trkpt lat="38.75404" lon="-0.04739">
    <ele>251.44</ele>
   </trkpt>
   <trkpt lat="38.754070000000006" lon="-0.04766">
    <ele>253.0</ele>
   </trkpt>
   <trkpt lat="38.75426" lon="-0.048380000000000006">
    <ele>254.43000000000004</ele>
   </trkpt>
   <trkpt lat="38.75428" lon="-0.048690000000000004">
    <ele>255.86</ele>
   </trkpt>
   <trkpt lat="38.754180000000005" lon="-0.04959">
    <ele>260.25000000000006</ele>
   </trkpt>
   <trkpt lat="38.75421" lon="-0.04993">
    <ele>264.15</ele>
   </trkpt>
   <trkpt lat="38.754270000000005" lon="-0.05018">
    <ele>265.35</ele>
   </trkpt>
   <trkpt lat="38.754360000000005" lon="-0.05038">
    <ele>266.53000000000003</ele>
   </trkpt>
   <trkpt lat="38.75468" lon="-0.050820000000000004">
    <ele>267.78000000000003</ele>
   </trkpt>
   <trkpt lat="38.754780000000004" lon="-0.0509">
    <ele>268.07000000000005</ele>
   </trkpt>
   <trkpt lat="38.75520000006014" lon="-0.05113999848190776">
    <ele>267.71</ele>
   </trkpt>
   <trkpt lat="38.75562" lon="-0.05138">
    <ele>266.0</ele>
   </trkpt>
   <trkpt lat="38.75567" lon="-0.05147">
    <ele>265.55</ele>
   </trkpt>
   <trkpt lat="38.755680000000005" lon="-0.05156">
    <ele>265.55</ele>
   </trkpt>
   <trkpt lat="38.75567" lon="-0.051660000000000005">
    <ele>265.14000000000004</ele>
   </trkpt>
   <trkpt lat="38.75547" lon="-0.05206">
    <ele>263.64000000000004</ele>
   </trkpt>
   <trkpt lat="38.75533" lon="-0.05242">
    <ele>261.22</ele>
   </trkpt>
   <trkpt lat="38.75524" lon="-0.05285">
    <ele>259.12</ele>
   </trkpt>
   <trkpt lat="38.755205002059974" lon="-0.0535450002960313">
    <ele>253.8</ele>
   </trkpt>
   <trkpt lat="38.75517" lon="-0.054240000000000003">
    <ele>247.99</ele>
   </trkpt>
   <trkpt lat="38.755190000000006" lon="-0.05467">
    <ele>245.11</ele>
   </trkpt>
   <trkpt lat="38.75518" lon="-0.054830000000000004">
    <ele>244.07</ele>
   </trkpt>
   <trkpt lat="38.755160000000004" lon="-0.05494">
    <ele>243.19000000000003</ele>
   </trkpt>
   <trkpt lat="38.755050000000004" lon="-0.05532">
    <ele>241.69</ele>
   </trkpt>
   <trkpt lat="38.75499000000001" lon="-0.05573">
    <ele>240.02</ele>
   </trkpt>
   <trkpt lat="38.755010000000006" lon="-0.05591">
    <ele>239.56000000000003</ele>
   </trkpt>
   <trkpt lat="38.75506" lon="-0.056100000000000004">
    <ele>239.33</ele>
   </trkpt>
   <trkpt lat="38.755500000000005" lon="-0.05671">
    <ele>239.44</ele>
   </trkpt>
   <trkpt lat="38.755590000000005" lon="-0.056870000000000004">
    <ele>239.36</ele>
   </trkpt>
   <trkpt lat="38.75594" lon="-0.05793">
    <ele>238.78</ele>
   </trkpt>
   <trkpt lat="38.75636" lon="-0.05888">
    <ele>238.56000000000003</ele>
   </trkpt>
   <trkpt lat="38.75665500257026" lon="-0.05964999693338159">
    <ele>239.82000000000002</ele>
   </trkpt>
   <trkpt lat="38.75695" lon="-0.06042">
    <ele>241.86</ele>
   </trkpt>
   <trkpt lat="38.75732" lon="-0.061290000000000004">
    <ele>244.77</ele>
   </trkpt>
   <trkpt lat="38.75751" lon="-0.061700000000000005">
    <ele>245.61</ele>
   </trkpt>
   <trkpt lat="38.758170000691706" lon="-0.06198332809619224">
    <ele>245.74</ele>
   </trkpt>
   <trkpt lat="38.75883000069944" lon="-0.06226666143276721">
    <ele>246.04</ele>
   </trkpt>
   <trkpt lat="38.75949000000001" lon="-0.06255000000000001">
    <ele>246.96</ele>
   </trkpt>
   <trkpt lat="38.76009500009502" lon="-0.0627949978578698">
    <ele>247.24</ele>
   </trkpt>
   <trkpt lat="38.7607" lon="-0.06304">
    <ele>247.69000000000003</ele>
   </trkpt>
   <trkpt lat="38.76146500005704" lon="-0.06315999871288511">
    <ele>248.95000000000002</ele>
   </trkpt>
   <trkpt lat="38.76223" lon="-0.06328">
    <ele>250.92000000000002</ele>
   </trkpt>
   <trkpt lat="38.76288" lon="-0.06328">
    <ele>252.32000000000005</ele>
   </trkpt>
   <trkpt lat="38.763200000000005" lon="-0.06321">
    <ele>253.60999999999999</ele>
   </trkpt>
   <trkpt lat="38.763290000000005" lon="-0.06318">
    <ele>254.03000000000003</ele>
   </trkpt>
   <trkpt lat="38.76344" lon="-0.0631">
    <ele>254.76999999999998</ele>
   </trkpt>
   <trkpt lat="38.763690000000004" lon="-0.06285">
    <ele>257.13</ele>
   </trkpt>
   <trkpt lat="38.76377" lon="-0.06277">
    <ele>257.13</ele>
   </trkpt>
   <trkpt lat="38.763960000000004" lon="-0.06274">
    <ele>257.84000000000003</ele>
   </trkpt>
   <trkpt lat="38.76449" lon="-0.06274">
    <ele>260.94</ele>
   </trkpt>
   <trkpt lat="38.764880000000005" lon="-0.06278">
    <ele>261.68</ele>
   </trkpt>
   <trkpt lat="38.765060000000005" lon="-0.06274">
    <ele>261.23</ele>
   </trkpt>
   <trkpt lat="38.765775000997984" lon="-0.06224000505752934">
    <ele>256.0</ele>
   </trkpt>
   <trkpt lat="38.766490000000005" lon="-0.06174">
    <ele>249.24</ele>
   </trkpt>
   <trkpt lat="38.766830000000006" lon="-0.061470000000000004">
    <ele>247.28000000000003</ele>
   </trkpt>
   <trkpt lat="38.76691" lon="-0.061380000000000004">
    <ele>247.28000000000003</ele>
   </trkpt>
   <trkpt lat="38.767" lon="-0.061220000000000004">
    <ele>246.77</ele>
   </trkpt>
   <trkpt lat="38.767010000000006" lon="-0.061040000000000004">
    <ele>246.77</ele>
   </trkpt>
   <trkpt lat="38.76695" lon="-0.06008">
    <ele>241.07</ele>
   </trkpt>
   <trkpt lat="38.76693" lon="-0.05947">
    <ele>239.49</ele>
   </trkpt>
   <trkpt lat="38.766940000000005" lon="-0.058820000000000004">
    <ele>236.36</ele>
   </trkpt>
   <trkpt lat="38.767010000000006" lon="-0.05838">
    <ele>234.0</ele>
   </trkpt>
   <trkpt lat="38.76713" lon="-0.057980000000000004">
    <ele>232.12</ele>
   </trkpt>
   <trkpt lat="38.767430000000004" lon="-0.057210000000000004">
    <ele>229.32000000000002</ele>
   </trkpt>
   <trkpt lat="38.76747" lon="-0.05675">
    <ele>226.83000000000004</ele>
   </trkpt>
   <trkpt lat="38.767500000000005" lon="-0.05668">
    <ele>226.83000000000004</ele>
   </trkpt>
   <trkpt lat="38.767590000000006" lon="-0.05666">
    <ele>225.56</ele>
   </trkpt>
   <trkpt lat="38.767630000000004" lon="-0.05668">
    <ele>225.56</ele>
   </trkpt>
   <trkpt lat="38.76771" lon="-0.05682">
    <ele>224.76000000000002</ele>
   </trkpt>
   <trkpt lat="38.76771" lon="-0.05691">
    <ele>222.23000000000002</ele>
   </trkpt>
   <trkpt lat="38.767630000000004" lon="-0.057640000000000004">
    <ele>218.71</ele>
   </trkpt>
   <trkpt lat="38.767500000000005" lon="-0.058480000000000004">
    <ele>215.78000000000003</ele>
   </trkpt>
   <trkpt lat="38.76749" lon="-0.05868">
    <ele>215.51</ele>
   </trkpt>
   <trkpt lat="38.76751" lon="-0.059210000000000006">
    <ele>215.22000000000003</ele>
   </trkpt>
   <trkpt lat="38.76753" lon="-0.059930000000000004">
    <ele>214.26</ele>
   </trkpt>
   <trkpt lat="38.76756" lon="-0.06013">
    <ele>213.85</ele>
   </trkpt>
   <trkpt lat="38.76793" lon="-0.060790000000000004">
    <ele>211.71</ele>
   </trkpt>
   <trkpt lat="38.76802" lon="-0.0611">
    <ele>209.72000000000003</ele>
   </trkpt>
   <trkpt lat="38.767970000000005" lon="-0.061380000000000004">
    <ele>208.52</ele>
   </trkpt>
   <trkpt lat="38.76798" lon="-0.061470000000000004">
    <ele>208.52</ele>
   </trkpt>
   <trkpt lat="38.76805" lon="-0.061630000000000004">
    <ele>207.68</ele>
   </trkpt>
   <trkpt lat="38.76811" lon="-0.06167">
    <ele>207.36</ele>
   </trkpt>
   <trkpt lat="38.768170000000005" lon="-0.06169">
    <ele>206.69</ele>
   </trkpt>
   <trkpt lat="38.768550000000005" lon="-0.061540000000000004">
    <ele>203.78</ele>
   </trkpt>
   <trkpt lat="38.76887" lon="-0.06146000000000001">
    <ele>199.25</ele>
   </trkpt>
   <trkpt lat="38.769110000000005" lon="-0.061380000000000004">
    <ele>198.57000000000002</ele>
   </trkpt>
   <trkpt lat="38.76919" lon="-0.061380000000000004">
    <ele>198.57000000000002</ele>
   </trkpt>
   <trkpt lat="38.769360000000006" lon="-0.061470000000000004">
    <ele>197.29000000000002</ele>
   </trkpt>
   <trkpt lat="38.769670000000005" lon="-0.06180000000000001">
    <ele>193.98000000000002</ele>
   </trkpt>
   <trkpt lat="38.770050000000005" lon="-0.06194">
    <ele>191.10999999999999</ele>
   </trkpt>
   <trkpt lat="38.77047" lon="-0.06203">
    <ele>188.15</ele>
   </trkpt>
   <trkpt lat="38.77114" lon="-0.06201">
    <ele>182.7</ele>
   </trkpt>
   <trkpt lat="38.77136" lon="-0.06205000000000001">
    <ele>181.81000000000003</ele>
   </trkpt>
   <trkpt lat="38.77154" lon="-0.0621">
    <ele>180.69000000000003</ele>
   </trkpt>
   <trkpt lat="38.771710000000006" lon="-0.0621">
    <ele>179.97000000000003</ele>
   </trkpt>
   <trkpt lat="38.771910000000005" lon="-0.062000000000000006">
    <ele>179.57</ele>
   </trkpt>
   <trkpt lat="38.772310000000004" lon="-0.06174">
    <ele>179.08</ele>
   </trkpt>
   <trkpt lat="38.77241" lon="-0.061720000000000004">
    <ele>178.97000000000003</ele>
   </trkpt>
   <trkpt lat="38.77273" lon="-0.06176">
    <ele>178.53000000000003</ele>
   </trkpt>
   <trkpt lat="38.77319000000001" lon="-0.061880000000000004">
    <ele>176.37000000000003</ele>
   </trkpt>
   <trkpt lat="38.77353" lon="-0.06199">
    <ele>174.75</ele>
   </trkpt>
   <trkpt lat="38.773770000000006" lon="-0.0621">
    <ele>174.02</ele>
   </trkpt>
   <trkpt lat="38.774190000000004" lon="-0.06242">
    <ele>174.01000000000002</ele>
   </trkpt>
   <trkpt lat="38.77470500075645" lon="-0.062849996869056">
    <ele>174.1</ele>
   </trkpt>
   <trkpt lat="38.775220000000004" lon="-0.06328">
    <ele>174.6</ele>
   </trkpt>
   <trkpt lat="38.77523" lon="-0.06328">
    <ele>174.6</ele>
   </trkpt>
   <trkpt lat="38.77554000000001" lon="-0.06353">
    <ele>174.39000000000001</ele>
   </trkpt>
   <trkpt lat="38.775960000000005" lon="-0.06396">
    <ele>172.8</ele>
   </trkpt>
   <trkpt lat="38.7765566711569" lon="-0.06468332126900894">
    <ele>170.49</ele>
   </trkpt>
   <trkpt lat="38.777153337855296" lon="-0.06540665464062505">
    <ele>166.67000000000002</ele>
   </trkpt>
   <trkpt lat="38.777750000000005" lon="-0.06613000000000001">
    <ele>161.03</ele>
   </trkpt>
   <trkpt lat="38.77797" lon="-0.06632">
    <ele>159.66000000000003</ele>
   </trkpt>
   <trkpt lat="38.778200000000005" lon="-0.06647">
    <ele>158.05</ele>
   </trkpt>
   <trkpt lat="38.778420000000004" lon="-0.06654">
    <ele>156.94000000000003</ele>
   </trkpt>
   <trkpt lat="38.77859" lon="-0.06656000000000001">
    <ele>156.52</ele>
   </trkpt>
   <trkpt lat="38.779160000000005" lon="-0.06637000000000001">
    <ele>151.24</ele>
   </trkpt>
   <trkpt lat="38.779740000367475" lon="-0.06610000216948224">
    <ele>146.6</ele>
   </trkpt>
   <trkpt lat="38.78032" lon="-0.06583">
    <ele>144.62</ele>
   </trkpt>
   <trkpt lat="38.780950000000004" lon="-0.06552000000000001">
    <ele>142.92000000000002</ele>
   </trkpt>
   <trkpt lat="38.78145500087499" lon="-0.0650200037292958">
    <ele>141.70000000000002</ele>
   </trkpt>
   <trkpt lat="38.781960000000005" lon="-0.06452000000000001">
    <ele>140.85</ele>
   </trkpt>
   <trkpt lat="38.78266" lon="-0.06387000000000001">
    <ele>141.89000000000001</ele>
   </trkpt>
   <trkpt lat="38.78271" lon="-0.06372">
    <ele>142.03</ele>
   </trkpt>
   <trkpt lat="38.78271" lon="-0.06367">
    <ele>143.22</ele>
   </trkpt>
   <trkpt lat="38.782630000000005" lon="-0.06349">
    <ele>143.67000000000002</ele>
   </trkpt>
   <trkpt lat="38.78253" lon="-0.06339">
    <ele>144.53000000000003</ele>
   </trkpt>
   <trkpt lat="38.78239000000001" lon="-0.06307">
    <ele>145.38</ele>
   </trkpt>
   <trkpt lat="38.78233" lon="-0.06293">
    <ele>145.65</ele>
   </trkpt>
   <trkpt lat="38.78231" lon="-0.06271">
    <ele>145.92000000000002</ele>
   </trkpt>
   <trkpt lat="38.78237" lon="-0.062240000000000004">
    <ele>146.33</ele>
   </trkpt>
   <trkpt lat="38.782590000000006" lon="-0.06131">
    <ele>144.27</ele>
   </trkpt>
   <trkpt lat="38.78266" lon="-0.06115">
    <ele>143.51</ele>
   </trkpt>
   <trkpt lat="38.78307" lon="-0.060430000000000005">
    <ele>138.63</ele>
   </trkpt>
   <trkpt lat="38.78329" lon="-0.05995">
    <ele>134.09</ele>
   </trkpt>
   <trkpt lat="38.78385" lon="-0.05911">
    <ele>127.72</ele>
   </trkpt>
   <trkpt lat="38.78408" lon="-0.058820000000000004">
    <ele>127.28</ele>
   </trkpt>
   <trkpt lat="38.784150000000004" lon="-0.05879">
    <ele>126.53</ele>
   </trkpt>
   <trkpt lat="38.784580000000005" lon="-0.05872">
    <ele>125.16000000000003</ele>
   </trkpt>
   <trkpt lat="38.784800000000004" lon="-0.058660000000000004">
    <ele>124.60000000000001</ele>
   </trkpt>
   <trkpt lat="38.78559500049356" lon="-0.05833000366735923">
    <ele>123.24000000000001</ele>
   </trkpt>
   <trkpt lat="38.786390000000004" lon="-0.058">
    <ele>122.14000000000001</ele>
   </trkpt>
   <trkpt lat="38.786680000000004" lon="-0.05779000000000001">
    <ele>121.94</ele>
   </trkpt>
   <trkpt lat="38.787310000000005" lon="-0.05713000000000001">
    <ele>121.13000000000001</ele>
   </trkpt>
   <trkpt lat="38.78788" lon="-0.05657">
    <ele>123.99000000000001</ele>
   </trkpt>
   <trkpt lat="38.788320000000006" lon="-0.056190000000000004">
    <ele>125.38000000000001</ele>
   </trkpt>
   <trkpt lat="38.788720000000005" lon="-0.0558">
    <ele>126.54</ele>
   </trkpt>
   <trkpt lat="38.789080000000006" lon="-0.055060000000000005">
    <ele>126.58</ele>
   </trkpt>
   <trkpt lat="38.789440000000006" lon="-0.054240000000000003">
    <ele>126.78</ele>
   </trkpt>
   <trkpt lat="38.789640000000006" lon="-0.053720000000000004">
    <ele>126.30000000000003</ele>
   </trkpt>
   <trkpt lat="38.78971000000001" lon="-0.05344">
    <ele>125.99000000000001</ele>
   </trkpt>
   <trkpt lat="38.789860000000004" lon="-0.0526">
    <ele>125.15</ele>
   </trkpt>
   <trkpt lat="38.78989" lon="-0.05226">
    <ele>124.36000000000001</ele>
   </trkpt>
   <trkpt lat="38.78989" lon="-0.05197">
    <ele>124.18</ele>
   </trkpt>
   <trkpt lat="38.78983500349258" lon="-0.05106499934352765">
    <ele>123.41</ele>
   </trkpt>
   <trkpt lat="38.78978" lon="-0.05016">
    <ele>124.82000000000001</ele>
   </trkpt>
   <trkpt lat="38.78981" lon="-0.049980000000000004">
    <ele>124.82000000000001</ele>
   </trkpt>
   <trkpt lat="38.789910000000006" lon="-0.049580000000000006">
    <ele>125.11</ele>
   </trkpt>
   <trkpt lat="38.79001" lon="-0.04925">
    <ele>125.01</ele>
   </trkpt>
   <trkpt lat="38.79026500125971" lon="-0.048740001521577245">
    <ele>124.02</ele>
   </trkpt>
   <trkpt lat="38.79052" lon="-0.04823">
    <ele>120.86000000000001</ele>
   </trkpt>
   <trkpt lat="38.79072" lon="-0.047760000000000004">
    <ele>118.55000000000001</ele>
   </trkpt>
   <trkpt lat="38.79095" lon="-0.0471">
    <ele>116.65</ele>
   </trkpt>
   <trkpt lat="38.79095" lon="-0.04692">
    <ele>116.36</ele>
   </trkpt>
   <trkpt lat="38.79077" lon="-0.04637">
    <ele>115.85000000000001</ele>
   </trkpt>
   <trkpt lat="38.79074000000001" lon="-0.04612">
    <ele>115.53</ele>
   </trkpt>
   <trkpt lat="38.79081" lon="-0.04503">
    <ele>113.72000000000001</ele>
   </trkpt>
   <trkpt lat="38.790870002296195" lon="-0.04429500069003964">
    <ele>112.71000000000001</ele>
   </trkpt>
   <trkpt lat="38.79093" lon="-0.04356">
    <ele>112.07000000000001</ele>
   </trkpt>
   <trkpt lat="38.791050000000006" lon="-0.04308">
    <ele>112.11000000000001</ele>
   </trkpt>
   <trkpt lat="38.791380000000004" lon="-0.04224000000000001">
    <ele>113.62</ele>
   </trkpt>
   <trkpt lat="38.791470000000004" lon="-0.041890000000000004">
    <ele>114.22000000000001</ele>
   </trkpt>
   <trkpt lat="38.79153" lon="-0.041550000000000004">
    <ele>114.7</ele>
   </trkpt>
   <trkpt lat="38.79157000141853" lon="-0.040970000542364195">
    <ele>114.02000000000001</ele>
   </trkpt>
   <trkpt lat="38.791610000000006" lon="-0.04039">
    <ele>112.69000000000001</ele>
   </trkpt>
   <trkpt lat="38.79168000000001" lon="-0.03994">
    <ele>111.80000000000001</ele>
   </trkpt>
   <trkpt lat="38.79182" lon="-0.03941">
    <ele>110.81</ele>
   </trkpt>
   <trkpt lat="38.79201500131735" lon="-0.03885500150467628">
    <ele>110.36000000000001</ele>
   </trkpt>
   <trkpt lat="38.792210000000004" lon="-0.0383">
    <ele>110.44000000000001</ele>
   </trkpt>
   <trkpt lat="38.79225" lon="-0.03803">
    <ele>110.68</ele>
   </trkpt>
   <trkpt lat="38.79224000000001" lon="-0.03717">
    <ele>110.52000000000001</ele>
   </trkpt>
   <trkpt lat="38.79216" lon="-0.03653">
    <ele>110.65</ele>
   </trkpt>
   <trkpt lat="38.79198" lon="-0.035800000000000005">
    <ele>110.49000000000001</ele>
   </trkpt>
   <trkpt lat="38.791880000000006" lon="-0.03526">
    <ele>109.09</ele>
   </trkpt>
   <trkpt lat="38.791900000000005" lon="-0.03501">
    <ele>108.72000000000001</ele>
   </trkpt>
   <trkpt lat="38.79198" lon="-0.03474">
    <ele>108.64000000000001</ele>
   </trkpt>
   <trkpt lat="38.79227" lon="-0.03411">
    <ele>107.22000000000001</ele>
   </trkpt>
   <trkpt lat="38.792350000000006" lon="-0.0339">
    <ele>107.61000000000001</ele>
   </trkpt>
   <trkpt lat="38.792480000000005" lon="-0.033170000000000005">
    <ele>109.66000000000001</ele>
   </trkpt>
   <trkpt lat="38.792590000000004" lon="-0.03248">
    <ele>110.41000000000001</ele>
   </trkpt>
   <trkpt lat="38.7926" lon="-0.03218">
    <ele>110.69000000000001</ele>
   </trkpt>
   <trkpt lat="38.79249" lon="-0.03152">
    <ele>111.54</ele>
   </trkpt>
   <trkpt lat="38.79231500275796" lon="-0.030719998176418253">
    <ele>112.12</ele>
   </trkpt>
   <trkpt lat="38.79214" lon="-0.029920000000000002">
    <ele>112.05000000000001</ele>
   </trkpt>
   <trkpt lat="38.792300001793414" lon="-0.029270001487378162">
    <ele>111.13000000000001</ele>
   </trkpt>
   <trkpt lat="38.792460000000005" lon="-0.028620000000000003">
    <ele>110.84</ele>
   </trkpt>
   <trkpt lat="38.79252" lon="-0.028460000000000003">
    <ele>110.62</ele>
   </trkpt>
   <trkpt lat="38.79251" lon="-0.028370000000000003">
    <ele>110.82000000000001</ele>
   </trkpt>
   <trkpt lat="38.79254" lon="-0.028310000000000002">
    <ele>110.92</ele>
   </trkpt>
   <trkpt lat="38.79258" lon="-0.028300000000000002">
    <ele>110.92</ele>
   </trkpt>
   <trkpt lat="38.79262000000001" lon="-0.028120000000000003">
    <ele>110.44000000000001</ele>
   </trkpt>
   <trkpt lat="38.792970000000004" lon="-0.027710000000000002">
    <ele>109.23</ele>
   </trkpt>
   <trkpt lat="38.793200000000006" lon="-0.027160000000000004">
    <ele>108.80000000000001</ele>
   </trkpt>
   <trkpt lat="38.793290000000006" lon="-0.02681">
    <ele>108.26</ele>
   </trkpt>
   <trkpt lat="38.79336" lon="-0.025880000000000004">
    <ele>105.48</ele>
   </trkpt>
   <trkpt lat="38.79341" lon="-0.025570000000000002">
    <ele>103.82000000000001</ele>
   </trkpt>
   <trkpt lat="38.793510000000005" lon="-0.025120000000000003">
    <ele>101.87</ele>
   </trkpt>
   <trkpt lat="38.79365000000001" lon="-0.024730000000000002">
    <ele>101.18</ele>
   </trkpt>
   <trkpt lat="38.79384" lon="-0.023880000000000002">
    <ele>96.47000000000001</ele>
   </trkpt>
   <trkpt lat="38.79402" lon="-0.023330000000000004">
    <ele>92.97000000000001</ele>
   </trkpt>
   <trkpt lat="38.794050000000006" lon="-0.02315">
    <ele>92.66000000000001</ele>
   </trkpt>
   <trkpt lat="38.79406" lon="-0.022740000000000003">
    <ele>90.95</ele>
   </trkpt>
   <trkpt lat="38.794016672348135" lon="-0.021923332289647154">
    <ele>89.73</ele>
   </trkpt>
   <trkpt lat="38.79397333901211" lon="-0.021106665572228452">
    <ele>90.82000000000001</ele>
   </trkpt>
   <trkpt lat="38.79393" lon="-0.020290000000000002">
    <ele>91.53000000000002</ele>
   </trkpt>
   <trkpt lat="38.793940000000006" lon="-0.01975">
    <ele>91.45</ele>
   </trkpt>
   <trkpt lat="38.793980000000005" lon="-0.019370000000000002">
    <ele>91.14000000000001</ele>
   </trkpt>
   <trkpt lat="38.794050000000006" lon="-0.01896">
    <ele>90.62</ele>
   </trkpt>
   <trkpt lat="38.79421" lon="-0.01819">
    <ele>89.93</ele>
   </trkpt>
   <trkpt lat="38.794290000000004" lon="-0.01803">
    <ele>89.61000000000001</ele>
   </trkpt>
   <trkpt lat="38.794410000000006" lon="-0.01784">
    <ele>88.89000000000001</ele>
   </trkpt>
   <trkpt lat="38.79498" lon="-0.0172">
    <ele>85.15</ele>
   </trkpt>
   <trkpt lat="38.79514" lon="-0.01694">
    <ele>84.12</ele>
   </trkpt>
   <trkpt lat="38.795480000000005" lon="-0.01618">
    <ele>80.91000000000001</ele>
   </trkpt>
   <trkpt lat="38.79596667212273" lon="-0.015380010922931892">
    <ele>78.84</ele>
   </trkpt>
   <trkpt lat="38.796453338790926" lon="-0.014580010920572727">
    <ele>80.82000000000001</ele>
   </trkpt>
   <trkpt lat="38.796940000000006" lon="-0.01378">
    <ele>83.88000000000001</ele>
   </trkpt>
   <trkpt lat="38.7971" lon="-0.013430000000000001">
    <ele>84.55</ele>
   </trkpt>
   <trkpt lat="38.79744" lon="-0.012620000000000001">
    <ele>85.48</ele>
   </trkpt>
   <trkpt lat="38.79778" lon="-0.011980000000000001">
    <ele>84.81</ele>
   </trkpt>
   <trkpt lat="38.79806500192811" lon="-0.011300002820552319">
    <ele>82.76</ele>
   </trkpt>
   <trkpt lat="38.798350000000006" lon="-0.010620000000000001">
    <ele>80.41000000000001</ele>
   </trkpt>
   <trkpt lat="38.798575003298204" lon="-0.009735002949531934">
    <ele>76.82</ele>
   </trkpt>
   <trkpt lat="38.7988" lon="-0.00885">
    <ele>73.22</ele>
   </trkpt>
   <trkpt lat="38.79913000161874" lon="-0.008220003056028073">
    <ele>68.86</ele>
   </trkpt>
   <trkpt lat="38.79946" lon="-0.00759">
    <ele>64.74000000000001</ele>
   </trkpt>
   <trkpt lat="38.799510000000005" lon="-0.00744">
    <ele>63.39</ele>
   </trkpt>
   <trkpt lat="38.79957" lon="-0.0069900000000000006">
    <ele>63.12000000000001</ele>
   </trkpt>
   <trkpt lat="38.79957" lon="-0.0067800000000000004">
    <ele>62.39000000000001</ele>
   </trkpt>
   <trkpt lat="38.799490000000006" lon="-0.0062900000000000005">
    <ele>59.32</ele>
   </trkpt>
   <trkpt lat="38.79947000000001" lon="-0.00602">
    <ele>58.650000000000006</ele>
   </trkpt>
   <trkpt lat="38.79957" lon="-0.00498">
    <ele>56.690000000000005</ele>
   </trkpt>
   <trkpt lat="38.799690000000005" lon="-0.00436">
    <ele>56.52</ele>
   </trkpt>
   <trkpt lat="38.799920007118956" lon="-0.003446672525776573">
    <ele>55.95</ele>
   </trkpt>
   <trkpt lat="38.8001500071282" lon="-0.0025333391558472573">
    <ele>56.010000000000005</ele>
   </trkpt>
   <trkpt lat="38.800380000000004" lon="-0.0016200000000000001">
    <ele>56.21</ele>
   </trkpt>
   <trkpt lat="38.800650000000005" lon="-0.00092">
    <ele>54.8</ele>
   </trkpt>
   <trkpt lat="38.80089" lon="0.00018">
    <ele>54.67</ele>
   </trkpt>
   <trkpt lat="38.80091" lon="0.00045000000000000004">
    <ele>54.85</ele>
   </trkpt>
   <trkpt lat="38.80084" lon="0.0015400000000000001">
    <ele>56.07</ele>
   </trkpt>
   <trkpt lat="38.80078" lon="0.00184">
    <ele>56.07</ele>
   </trkpt>
   <trkpt lat="38.800615001751574" lon="0.002475001342525675">
    <ele>56.96</ele>
   </trkpt>
   <trkpt lat="38.800450000000005" lon="0.0031100000000000004">
    <ele>57.85</ele>
   </trkpt>
   <trkpt lat="38.80039" lon="0.0035800000000000003">
    <ele>58.17</ele>
   </trkpt>
   <trkpt lat="38.800320000000006" lon="0.0037800000000000004">
    <ele>58.660000000000004</ele>
   </trkpt>
   <trkpt lat="38.800000000000004" lon="0.0044800000000000005">
    <ele>59.32</ele>
   </trkpt>
   <trkpt lat="38.79981000267294" lon="0.005270002050921204">
    <ele>59.52</ele>
   </trkpt>
   <trkpt lat="38.799620000000004" lon="0.00606">
    <ele>58.97</ele>
   </trkpt>
   <trkpt lat="38.79935500405035" lon="0.0070300034580903555">
    <ele>58.510000000000005</ele>
   </trkpt>
   <trkpt lat="38.79909" lon="0.008">
    <ele>59.11</ele>
   </trkpt>
   <trkpt lat="38.79899" lon="0.008230000000000001">
    <ele>59.21000000000001</ele>
   </trkpt>
   <trkpt lat="38.79850500129907" lon="0.008785003792612291">
    <ele>59.88</ele>
   </trkpt>
   <trkpt lat="38.79802" lon="0.009340000000000001">
    <ele>60.57000000000001</ele>
   </trkpt>
   <trkpt lat="38.797880000000006" lon="0.00953">
    <ele>60.57000000000001</ele>
   </trkpt>
   <trkpt lat="38.79778" lon="0.0097">
    <ele>60.57000000000001</ele>
   </trkpt>
   <trkpt lat="38.79746" lon="0.010480000000000001">
    <ele>61.18000000000001</ele>
   </trkpt>
   <trkpt lat="38.797380000000004" lon="0.01077">
    <ele>61.53000000000001</ele>
   </trkpt>
   <trkpt lat="38.797360000000005" lon="0.01165">
    <ele>63.09</ele>
   </trkpt>
   <trkpt lat="38.797340000000005" lon="0.01187">
    <ele>63.09</ele>
   </trkpt>
   <trkpt lat="38.79723500169807" lon="0.01250000088801401">
    <ele>64.78</ele>
   </trkpt>
   <trkpt lat="38.79713" lon="0.013130000000000001">
    <ele>65.89</ele>
   </trkpt>
   <trkpt lat="38.79704" lon="0.013540000000000002">
    <ele>66.60000000000001</ele>
   </trkpt>
   <trkpt lat="38.79701" lon="0.01374">
    <ele>66.89</ele>
   </trkpt>
   <trkpt lat="38.79704" lon="0.01387">
    <ele>67.12</ele>
   </trkpt>
   <trkpt lat="38.79731" lon="0.01429">
    <ele>67.48</ele>
   </trkpt>
   <trkpt lat="38.797380000000004" lon="0.014430000000000002">
    <ele>67.46000000000001</ele>
   </trkpt>
   <trkpt lat="38.797410000000006" lon="0.014570000000000001">
    <ele>67.46000000000001</ele>
   </trkpt>
   <trkpt lat="38.79750000000001" lon="0.01563">
    <ele>67.75</ele>
   </trkpt>
   <trkpt lat="38.79759000000001" lon="0.016">
    <ele>67.76</ele>
   </trkpt>
   <trkpt lat="38.79783500239189" lon="0.016749997405800087">
    <ele>67.72</ele>
   </trkpt>
   <trkpt lat="38.798080000000006" lon="0.0175">
    <ele>67.8</ele>
   </trkpt>
   <trkpt lat="38.79816" lon="0.01785">
    <ele>67.9</ele>
   </trkpt>
   <trkpt lat="38.79822" lon="0.01835">
    <ele>68.13000000000001</ele>
   </trkpt>
   <trkpt lat="38.79818" lon="0.01895">
    <ele>68.61</ele>
   </trkpt>
   <trkpt lat="38.79816" lon="0.01907">
    <ele>68.76</ele>
   </trkpt>
   <trkpt lat="38.79807" lon="0.01931">
    <ele>69.03</ele>
   </trkpt>
   <trkpt lat="38.797810000000005" lon="0.0198">
    <ele>70.17</ele>
   </trkpt>
   <trkpt lat="38.797320000000006" lon="0.020300000000000002">
    <ele>71.2</ele>
   </trkpt>
   <trkpt lat="38.79721" lon="0.020440000000000003">
    <ele>71.95</ele>
   </trkpt>
   <trkpt lat="38.79674" lon="0.021300000000000003">
    <ele>73.25000000000001</ele>
   </trkpt>
   <trkpt lat="38.796580000000006" lon="0.02162">
    <ele>73.78000000000002</ele>
   </trkpt>
   <trkpt lat="38.796490000000006" lon="0.021970000000000003">
    <ele>74.86000000000001</ele>
   </trkpt>
   <trkpt lat="38.796415001768025" lon="0.022615000720306016">
    <ele>75.37</ele>
   </trkpt>
   <trkpt lat="38.79634" lon="0.023260000000000003">
    <ele>75.71</ele>
   </trkpt>
   <trkpt lat="38.796260000000004" lon="0.02355">
    <ele>76.18</ele>
   </trkpt>
   <trkpt lat="38.79598000190983" lon="0.02422000263963447">
    <ele>76.36000000000001</ele>
   </trkpt>
   <trkpt lat="38.795700000000004" lon="0.024890000000000002">
    <ele>76.44000000000001</ele>
   </trkpt>
   <trkpt lat="38.795500000000004" lon="0.02543">
    <ele>76.49</ele>
   </trkpt>
   <trkpt lat="38.795410000000004" lon="0.025830000000000002">
    <ele>76.4</ele>
   </trkpt>
   <trkpt lat="38.795300000000005" lon="0.026480000000000004">
    <ele>75.9</ele>
   </trkpt>
   <trkpt lat="38.79516" lon="0.027030000000000002">
    <ele>75.36000000000001</ele>
   </trkpt>
   <trkpt lat="38.79491500172757" lon="0.027680002427620275">
    <ele>73.94</ele>
   </trkpt>
   <trkpt lat="38.79467" lon="0.02833">
    <ele>72.75000000000001</ele>
   </trkpt>
   <trkpt lat="38.794470000000004" lon="0.028820000000000002">
    <ele>71.99000000000001</ele>
   </trkpt>
   <trkpt lat="38.79437" lon="0.029">
    <ele>71.68</ele>
   </trkpt>
   <trkpt lat="38.79399" lon="0.02953">
    <ele>73.11000000000001</ele>
   </trkpt>
   <trkpt lat="38.79392" lon="0.029710000000000004">
    <ele>72.9</ele>
   </trkpt>
   <trkpt lat="38.79453750158076" lon="0.03006249083377575">
    <ele>71.48</ele>
   </trkpt>
   <trkpt lat="38.79515500210255" lon="0.030414987775270734">
    <ele>70.52</ele>
   </trkpt>
   <trkpt lat="38.79577250156533" lon="0.030767490824715107">
    <ele>68.4</ele>
   </trkpt>
   <trkpt lat="38.79639" lon="0.031120000000000002">
    <ele>66.39</ele>
   </trkpt>
   <trkpt lat="38.79652" lon="0.03125">
    <ele>66.02000000000001</ele>
   </trkpt>
   <trkpt lat="38.79701" lon="0.03207">
    <ele>65.7</ele>
   </trkpt>
   <trkpt lat="38.79704" lon="0.032240000000000005">
    <ele>66.03</ele>
   </trkpt>
   <trkpt lat="38.79704" lon="0.032310000000000005">
    <ele>66.23</ele>
   </trkpt>
   <trkpt lat="38.796980000000005" lon="0.03237">
    <ele>66.23</ele>
   </trkpt>
   <trkpt lat="38.796890000000005" lon="0.03257">
    <ele>66.47</ele>
   </trkpt>
   <trkpt lat="38.796625001229174" lon="0.033100001906402575">
    <ele>68.75</ele>
   </trkpt>
   <trkpt lat="38.79636" lon="0.03363">
    <ele>69.98</ele>
   </trkpt>
   <trkpt lat="38.79592500323707" lon="0.03450000528671469">
    <ele>73.49</ele>
   </trkpt>
   <trkpt lat="38.79549" lon="0.035370000000000006">
    <ele>74.99</ele>
   </trkpt>
   <trkpt lat="38.795170000000006" lon="0.036000000000000004">
    <ele>74.97000000000001</ele>
   </trkpt>
   <trkpt lat="38.79511" lon="0.036160000000000005">
    <ele>74.97000000000001</ele>
   </trkpt>
   <trkpt lat="38.7948" lon="0.03676">
    <ele>74.61000000000001</ele>
   </trkpt>
   <trkpt lat="38.79434500102942" lon="0.03725000312123896">
    <ele>74.86000000000001</ele>
   </trkpt>
   <trkpt lat="38.793890000000005" lon="0.03774">
    <ele>75.78</ele>
   </trkpt>
   <trkpt lat="38.79328" lon="0.038360000000000005">
    <ele>77.24</ele>
   </trkpt>
   <trkpt lat="38.79283" lon="0.038880000000000005">
    <ele>78.23</ele>
   </trkpt>
   <trkpt lat="38.79249" lon="0.03944">
    <ele>79.97000000000001</ele>
   </trkpt>
   <trkpt lat="38.79211000242484" lon="0.040195004033226206">
    <ele>80.58000000000001</ele>
   </trkpt>
   <trkpt lat="38.79173" lon="0.04095">
    <ele>80.10000000000001</ele>
   </trkpt>
   <trkpt lat="38.79166" lon="0.041030000000000004">
    <ele>80.10000000000001</ele>
   </trkpt>
   <trkpt lat="38.791650000000004" lon="0.041120000000000004">
    <ele>79.51</ele>
   </trkpt>
   <trkpt lat="38.791470000000004" lon="0.041510000000000005">
    <ele>78.98</ele>
   </trkpt>
   <trkpt lat="38.79124" lon="0.04254">
    <ele>75.03</ele>
   </trkpt>
   <trkpt lat="38.79104" lon="0.043050000000000005">
    <ele>73.50000000000001</ele>
   </trkpt>
   <trkpt lat="38.79099" lon="0.043300000000000005">
    <ele>73.33</ele>
   </trkpt>
   <trkpt lat="38.791030000000006" lon="0.04365">
    <ele>73.2</ele>
   </trkpt>
   <trkpt lat="38.791050000000006" lon="0.04403000000000001">
    <ele>73.16</ele>
   </trkpt>
   <trkpt lat="38.79104" lon="0.044340000000000004">
    <ele>73.22</ele>
   </trkpt>
   <trkpt lat="38.790980000000005" lon="0.04456">
    <ele>73.26</ele>
   </trkpt>
   <trkpt lat="38.790673337843906" lon="0.045286672894367136">
    <ele>73.58</ele>
   </trkpt>
   <trkpt lat="38.79036667118753" lon="0.046013339536571815">
    <ele>74.76</ele>
   </trkpt>
   <trkpt lat="38.790060000000004" lon="0.046740000000000004">
    <ele>76.08000000000001</ele>
   </trkpt>
   <trkpt lat="38.78973667110467" lon="0.047463339941857446">
    <ele>80.09</ele>
   </trkpt>
   <trkpt lat="38.78941333775028" lon="0.04818667332221328">
    <ele>82.7</ele>
   </trkpt>
   <trkpt lat="38.78909" lon="0.04891">
    <ele>86.19</ele>
   </trkpt>
   <trkpt lat="38.789010000000005" lon="0.04913000000000001">
    <ele>86.19</ele>
   </trkpt>
   <trkpt lat="38.788940000000004" lon="0.049400000000000006">
    <ele>87.25</ele>
   </trkpt>
   <trkpt lat="38.78891" lon="0.04963000000000001">
    <ele>87.98</ele>
   </trkpt>
   <trkpt lat="38.788920000000005" lon="0.05018">
    <ele>88.53000000000002</ele>
   </trkpt>
   <trkpt lat="38.78869" lon="0.051000000000000004">
    <ele>89.88</ele>
   </trkpt>
   <trkpt lat="38.788610000000006" lon="0.05136">
    <ele>90.47000000000001</ele>
   </trkpt>
   <trkpt lat="38.788560000000004" lon="0.05176000000000001">
    <ele>90.47000000000001</ele>
   </trkpt>
   <trkpt lat="38.78835" lon="0.052360000000000004">
    <ele>90.69</ele>
   </trkpt>
   <trkpt lat="38.78804" lon="0.053000000000000005">
    <ele>90.85000000000001</ele>
   </trkpt>
   <trkpt lat="38.78797" lon="0.053250000000000006">
    <ele>90.52</ele>
   </trkpt>
   <trkpt lat="38.787870000000005" lon="0.05380000000000001">
    <ele>90.14000000000001</ele>
   </trkpt>
   <trkpt lat="38.787560000000006" lon="0.054630000000000005">
    <ele>88.19</ele>
   </trkpt>
   <trkpt lat="38.787530000000004" lon="0.05496">
    <ele>87.28000000000002</ele>
   </trkpt>
   <trkpt lat="38.787600000000005" lon="0.05571">
    <ele>83.51</ele>
   </trkpt>
   <trkpt lat="38.787600000000005" lon="0.05595000000000001">
    <ele>83.13000000000001</ele>
   </trkpt>
   <trkpt lat="38.787560000000006" lon="0.056400000000000006">
    <ele>82.29</ele>
   </trkpt>
   <trkpt lat="38.787580000000005" lon="0.056720000000000007">
    <ele>80.86</ele>
   </trkpt>
   <trkpt lat="38.78768" lon="0.057280000000000005">
    <ele>79.31</ele>
   </trkpt>
   <trkpt lat="38.787670000000006" lon="0.05738000000000001">
    <ele>79.31</ele>
   </trkpt>
   <trkpt lat="38.78763" lon="0.057530000000000005">
    <ele>78.89</ele>
   </trkpt>
   <trkpt lat="38.7873" lon="0.05845">
    <ele>76.55000000000001</ele>
   </trkpt>
   <trkpt lat="38.78696" lon="0.059370000000000006">
    <ele>75.32000000000001</ele>
   </trkpt>
   <trkpt lat="38.78689" lon="0.059640000000000006">
    <ele>74.94000000000001</ele>
   </trkpt>
   <trkpt lat="38.78692" lon="0.060070000000000005">
    <ele>74.8</ele>
   </trkpt>
   <trkpt lat="38.78692000297096" lon="0.06090499999908609">
    <ele>72.09</ele>
   </trkpt>
   <trkpt lat="38.78692" lon="0.06174">
    <ele>70.72</ele>
   </trkpt>
   <trkpt lat="38.7869" lon="0.061900000000000004">
    <ele>70.22</ele>
   </trkpt>
   <trkpt lat="38.786680000000004" lon="0.06259">
    <ele>69.86</ele>
   </trkpt>
   <trkpt lat="38.78661" lon="0.06289">
    <ele>69.87</ele>
   </trkpt>
   <trkpt lat="38.78658" lon="0.06321">
    <ele>70.03</ele>
   </trkpt>
   <trkpt lat="38.78661" lon="0.06363">
    <ele>70.04</ele>
   </trkpt>
   <trkpt lat="38.78671000726878" lon="0.06455333077295698">
    <ele>69.69</ele>
   </trkpt>
   <trkpt lat="38.78681000727203" lon="0.0654766641361657">
    <ele>69.98</ele>
   </trkpt>
   <trkpt lat="38.786910000000006" lon="0.0664">
    <ele>70.13000000000001</ele>
   </trkpt>
   <trkpt lat="38.786970000000004" lon="0.06720000000000001">
    <ele>70.35000000000001</ele>
   </trkpt>
   <trkpt lat="38.786985003683924" lon="0.06812999971056778">
    <ele>70.83</ele>
   </trkpt>
   <trkpt lat="38.787000000000006" lon="0.06906000000000001">
    <ele>71.67000000000002</ele>
   </trkpt>
   <trkpt lat="38.78696" lon="0.06941">
    <ele>71.67000000000002</ele>
   </trkpt>
   <trkpt lat="38.78672" lon="0.07016">
    <ele>72.29</ele>
   </trkpt>
   <trkpt lat="38.78663" lon="0.07076">
    <ele>72.57000000000001</ele>
   </trkpt>
   <trkpt lat="38.78658" lon="0.07093">
    <ele>72.57000000000001</ele>
   </trkpt>
   <trkpt lat="38.786440000000006" lon="0.07134">
    <ele>73.05</ele>
   </trkpt>
   <trkpt lat="38.78614500197968" lon="0.07202500288008204">
    <ele>73.63</ele>
   </trkpt>
   <trkpt lat="38.78585" lon="0.07271000000000001">
    <ele>74.14000000000001</ele>
   </trkpt>
   <trkpt lat="38.78584" lon="0.0728">
    <ele>74.14000000000001</ele>
   </trkpt>
   <trkpt lat="38.78589" lon="0.07295">
    <ele>74.19</ele>
   </trkpt>
   <trkpt lat="38.786" lon="0.07306">
    <ele>74.19</ele>
   </trkpt>
   <trkpt lat="38.78641500036418" lon="0.07331999853429112">
    <ele>74.45</ele>
   </trkpt>
   <trkpt lat="38.78683" lon="0.07358">
    <ele>75.00000000000001</ele>
   </trkpt>
   <trkpt lat="38.78694" lon="0.0737">
    <ele>75.24</ele>
   </trkpt>
   <trkpt lat="38.786950000000004" lon="0.07387">
    <ele>74.91</ele>
   </trkpt>
   <trkpt lat="38.78646500374978" lon="0.07480500631296817">
    <ele>75.19000000000001</ele>
   </trkpt>
   <trkpt lat="38.78598" lon="0.07574">
    <ele>76.26</ele>
   </trkpt>
   <trkpt lat="38.785810000000005" lon="0.07596">
    <ele>76.45</ele>
   </trkpt>
   <trkpt lat="38.78535" lon="0.07636000000000001">
    <ele>76.62</ele>
   </trkpt>
   <trkpt lat="38.78462666984045" lon="0.07697001237432254">
    <ele>77.65</ele>
   </trkpt>
   <trkpt lat="38.78390333650979" lon="0.0775800123718645">
    <ele>78.72000000000001</ele>
   </trkpt>
   <trkpt lat="38.78318" lon="0.07819000000000001">
    <ele>80.19000000000001</ele>
   </trkpt>
   <trkpt lat="38.78256000518249" lon="0.07882751664181364">
    <ele>82.53</ele>
   </trkpt>
   <trkpt lat="38.7819400069015" lon="0.07946502219747432">
    <ele>84.77000000000001</ele>
   </trkpt>
   <trkpt lat="38.78132000515715" lon="0.08010251666735861">
    <ele>85.89</ele>
   </trkpt>
   <trkpt lat="38.7807" lon="0.08074">
    <ele>86.85000000000001</ele>
   </trkpt>
   <trkpt lat="38.78011250466802" lon="0.08134501496369273">
    <ele>88.07000000000001</ele>
   </trkpt>
   <trkpt lat="38.77952500621674" lon="0.08195001995879028">
    <ele>87.99000000000001</ele>
   </trkpt>
   <trkpt lat="38.7789375046463" lon="0.08255501498561332">
    <ele>86.57000000000001</ele>
   </trkpt>
   <trkpt lat="38.77835" lon="0.08316000000000001">
    <ele>85.78</ele>
   </trkpt>
   <trkpt lat="38.778310000000005" lon="0.08317000000000001">
    <ele>85.78</ele>
   </trkpt>
   <trkpt lat="38.77812" lon="0.08313000000000001">
    <ele>86.16</ele>
   </trkpt>
   <trkpt lat="38.777395000302384" lon="0.08287499741668707">
    <ele>88.39000000000001</ele>
   </trkpt>
   <trkpt lat="38.77667" lon="0.08262000000000001">
    <ele>91.05</ele>
   </trkpt>
   <trkpt lat="38.77606000007052" lon="0.08247999879963916">
    <ele>89.98</ele>
   </trkpt>
   <trkpt lat="38.775450000000006" lon="0.08234000000000001">
    <ele>89.11000000000001</ele>
   </trkpt>
   <trkpt lat="38.774800000000006" lon="0.08225">
    <ele>86.43</ele>
   </trkpt>
   <trkpt lat="38.774530000000006" lon="0.08225">
    <ele>85.79</ele>
   </trkpt>
   <trkpt lat="38.774260000000005" lon="0.08122">
    <ele>84.98000000000002</ele>
   </trkpt>
   <trkpt lat="38.774260000000005" lon="0.0811">
    <ele>84.79</ele>
   </trkpt>
   <trkpt lat="38.77445000141692" lon="0.080520001595023">
    <ele>84.88000000000001</ele>
   </trkpt>
   <trkpt lat="38.774640000000005" lon="0.07994000000000001">
    <ele>85.07000000000001</ele>
   </trkpt>
   <trkpt lat="38.77492" lon="0.07951000000000001">
    <ele>85.63000000000001</ele>
   </trkpt>
   <trkpt lat="38.77503" lon="0.07932">
    <ele>85.91</ele>
   </trkpt>
   <trkpt lat="38.775130000000004" lon="0.07906">
    <ele>86.14</ele>
   </trkpt>
   <trkpt lat="38.775270000000006" lon="0.07848000000000001">
    <ele>86.72</ele>
   </trkpt>
   <trkpt lat="38.775370001758" lon="0.07784000081536446">
    <ele>87.59</ele>
   </trkpt>
   <trkpt lat="38.775470000000006" lon="0.0772">
    <ele>88.66</ele>
   </trkpt>
   <trkpt lat="38.77552" lon="0.07666">
    <ele>90.59</ele>
   </trkpt>
   <trkpt lat="38.77554000000001" lon="0.0756">
    <ele>93.31</ele>
   </trkpt>
   <trkpt lat="38.77552" lon="0.07537">
    <ele>93.59</ele>
   </trkpt>
   <trkpt lat="38.77548" lon="0.07518000000000001">
    <ele>93.59</ele>
   </trkpt>
   <trkpt lat="38.775400000000005" lon="0.07497000000000001">
    <ele>94.34</ele>
   </trkpt>
   <trkpt lat="38.77494" lon="0.07423">
    <ele>95.28</ele>
   </trkpt>
   <trkpt lat="38.774840000000005" lon="0.07405">
    <ele>95.28</ele>
   </trkpt>
   <trkpt lat="38.77476" lon="0.07384">
    <ele>95.49000000000001</ele>
   </trkpt>
   <trkpt lat="38.77460500274067" lon="0.07303999833284355">
    <ele>96.02000000000001</ele>
   </trkpt>
   <trkpt lat="38.77445" lon="0.07224000000000001">
    <ele>98.09</ele>
   </trkpt>
   <trkpt lat="38.77441" lon="0.07194">
    <ele>98.32000000000001</ele>
   </trkpt>
   <trkpt lat="38.774390000000004" lon="0.07163">
    <ele>99.10000000000001</ele>
   </trkpt>
   <trkpt lat="38.77441" lon="0.07093">
    <ele>100.10000000000001</ele>
   </trkpt>
   <trkpt lat="38.77452" lon="0.07046000000000001">
    <ele>101.47</ele>
   </trkpt>
   <trkpt lat="38.77488500251593" lon="0.06970000377479216">
    <ele>104.10000000000001</ele>
   </trkpt>
   <trkpt lat="38.77525" lon="0.06894">
    <ele>104.96000000000001</ele>
   </trkpt>
   <trkpt lat="38.775310000000005" lon="0.06872">
    <ele>105.71000000000001</ele>
   </trkpt>
   <trkpt lat="38.7753" lon="0.06839">
    <ele>106.77</ele>
   </trkpt>
   <trkpt lat="38.775240000000004" lon="0.06823">
    <ele>107.37</ele>
   </trkpt>
   <trkpt lat="38.77507000000001" lon="0.06803000000000001">
    <ele>108.2</ele>
   </trkpt>
   <trkpt lat="38.774930000000005" lon="0.06791000000000001">
    <ele>109.33000000000001</ele>
   </trkpt>
   <trkpt lat="38.774440000000006" lon="0.06758">
    <ele>112.53</ele>
   </trkpt>
   <trkpt lat="38.77384" lon="0.06721">
    <ele>116.33</ele>
   </trkpt>
   <trkpt lat="38.773700000000005" lon="0.06709000000000001">
    <ele>117.08</ele>
   </trkpt>
   <trkpt lat="38.77331" lon="0.06666000000000001">
    <ele>120.65</ele>
   </trkpt>
   <trkpt lat="38.77319000000001" lon="0.0665">
    <ele>121.75000000000001</ele>
   </trkpt>
   <trkpt lat="38.772940000000006" lon="0.06603">
    <ele>123.75000000000001</ele>
   </trkpt>
   <trkpt lat="38.772530008470056" lon="0.0650333218893885">
    <ele>131.62</ele>
   </trkpt>
   <trkpt lat="38.77212000847544" lon="0.0640366552360147">
    <ele>134.61</ele>
   </trkpt>
   <trkpt lat="38.771710000000006" lon="0.06304">
    <ele>134.32000000000002</ele>
   </trkpt>
   <trkpt lat="38.77129" lon="0.06232000000000001">
    <ele>129.57000000000002</ele>
   </trkpt>
   <trkpt lat="38.77069" lon="0.06151">
    <ele>123.35000000000001</ele>
   </trkpt>
   <trkpt lat="38.770610000000005" lon="0.061320000000000006">
    <ele>123.35000000000001</ele>
   </trkpt>
   <trkpt lat="38.77049" lon="0.06080000000000001">
    <ele>119.14</ele>
   </trkpt>
   <trkpt lat="38.7704" lon="0.059890000000000006">
    <ele>116.42</ele>
   </trkpt>
   <trkpt lat="38.770360000000004" lon="0.059750000000000004">
    <ele>116.42</ele>
   </trkpt>
   <trkpt lat="38.770300000000006" lon="0.059620000000000006">
    <ele>112.49000000000001</ele>
   </trkpt>
   <trkpt lat="38.770210000000006" lon="0.05951000000000001">
    <ele>112.49000000000001</ele>
   </trkpt>
   <trkpt lat="38.770120000000006" lon="0.05945">
    <ele>112.49000000000001</ele>
   </trkpt>
   <trkpt lat="38.76973" lon="0.059340000000000004">
    <ele>110.99000000000001</ele>
   </trkpt>
   <trkpt lat="38.769580000000005" lon="0.059230000000000005">
    <ele>110.58000000000001</ele>
   </trkpt>
   <trkpt lat="38.769510000000004" lon="0.05911">
    <ele>110.12</ele>
   </trkpt>
   <trkpt lat="38.76946" lon="0.058980000000000005">
    <ele>110.12</ele>
   </trkpt>
   <trkpt lat="38.76934" lon="0.05804">
    <ele>106.24000000000001</ele>
   </trkpt>
   <trkpt lat="38.76928" lon="0.05775">
    <ele>105.7</ele>
   </trkpt>
   <trkpt lat="38.76897500233641" lon="0.057004996745841384">
    <ele>105.11000000000001</ele>
   </trkpt>
   <trkpt lat="38.76867" lon="0.056260000000000004">
    <ele>105.3</ele>
   </trkpt>
   <trkpt lat="38.76861" lon="0.056170000000000005">
    <ele>105.50000000000001</ele>
   </trkpt>
   <trkpt lat="38.76854" lon="0.05611000000000001">
    <ele>105.74000000000001</ele>
   </trkpt>
   <trkpt lat="38.76800000060972" lon="0.05575499736084024">
    <ele>107.2</ele>
   </trkpt>
   <trkpt lat="38.76746" lon="0.055400000000000005">
    <ele>108.79</ele>
   </trkpt>
   <trkpt lat="38.76704000079265" lon="0.05496499742520199">
    <ele>110.26</ele>
   </trkpt>
   <trkpt lat="38.76662" lon="0.05453">
    <ele>111.62</ele>
   </trkpt>
   <trkpt lat="38.76652" lon="0.05446">
    <ele>111.62</ele>
   </trkpt>
   <trkpt lat="38.766380000000005" lon="0.054430000000000006">
    <ele>111.93</ele>
   </trkpt>
   <trkpt lat="38.76599" lon="0.054520000000000006">
    <ele>112.4</ele>
   </trkpt>
   <trkpt lat="38.7659" lon="0.05450000000000001">
    <ele>112.45</ele>
   </trkpt>
   <trkpt lat="38.76583" lon="0.054470000000000005">
    <ele>112.37</ele>
   </trkpt>
   <trkpt lat="38.76577" lon="0.05441000000000001">
    <ele>112.29</ele>
   </trkpt>
   <trkpt lat="38.765660000000004" lon="0.05423000000000001">
    <ele>111.58000000000001</ele>
   </trkpt>
   <trkpt lat="38.765620000000006" lon="0.0541">
    <ele>110.23</ele>
   </trkpt>
   <trkpt lat="38.765515001508426" lon="0.05350499912514717">
    <ele>108.75000000000001</ele>
   </trkpt>
   <trkpt lat="38.76541" lon="0.052910000000000006">
    <ele>109.35</ele>
   </trkpt>
   <trkpt lat="38.76527" lon="0.05229">
    <ele>112.9</ele>
   </trkpt>
   <trkpt lat="38.76506000138086" lon="0.051704998063290195">
    <ele>115.21000000000001</ele>
   </trkpt>
   <trkpt lat="38.76485" lon="0.051120000000000006">
    <ele>115.96000000000001</ele>
   </trkpt>
   <trkpt lat="38.76454500288421" lon="0.050299996547377726">
    <ele>116.49000000000001</ele>
   </trkpt>
   <trkpt lat="38.76424" lon="0.04948">
    <ele>119.03000000000002</ele>
   </trkpt>
   <trkpt lat="38.76415" lon="0.049190000000000005">
    <ele>120.08</ele>
   </trkpt>
   <trkpt lat="38.76418" lon="0.048810000000000006">
    <ele>122.14000000000001</ele>
   </trkpt>
   <trkpt lat="38.764010000000006" lon="0.04784">
    <ele>122.86000000000001</ele>
   </trkpt>
   <trkpt lat="38.76366000236475" lon="0.04708999625325447">
    <ele>121.96000000000001</ele>
   </trkpt>
   <trkpt lat="38.763310000000004" lon="0.046340000000000006">
    <ele>124.30000000000001</ele>
   </trkpt>
   <trkpt lat="38.76326" lon="0.046200000000000005">
    <ele>124.30000000000001</ele>
   </trkpt>
   <trkpt lat="38.763130000000004" lon="0.04555000000000001">
    <ele>126.44</ele>
   </trkpt>
   <trkpt lat="38.76299" lon="0.04506">
    <ele>127.10000000000002</ele>
   </trkpt>
   <trkpt lat="38.762750000000004" lon="0.04453000000000001">
    <ele>127.31</ele>
   </trkpt>
   <trkpt lat="38.7627" lon="0.04445">
    <ele>127.60000000000002</ele>
   </trkpt>
   <trkpt lat="38.76263" lon="0.044390000000000006">
    <ele>127.60000000000002</ele>
   </trkpt>
   <trkpt lat="38.762330000000006" lon="0.04429">
    <ele>127.9</ele>
   </trkpt>
   <trkpt lat="38.761810000000004" lon="0.04429">
    <ele>128.06</ele>
   </trkpt>
   <trkpt lat="38.76135999996955" lon="0.044199999419463815">
    <ele>127.51</ele>
   </trkpt>
   <trkpt lat="38.76091" lon="0.04411">
    <ele>125.9</ele>
   </trkpt>
   <trkpt lat="38.76033500030435" lon="0.043864998046655154">
    <ele>125.04</ele>
   </trkpt>
   <trkpt lat="38.75976" lon="0.043620000000000006">
    <ele>124.71000000000001</ele>
   </trkpt>
   <trkpt lat="38.759620000000005" lon="0.04349">
    <ele>124.69000000000001</ele>
   </trkpt>
   <trkpt lat="38.75918" lon="0.04299">
    <ele>127.73</ele>
   </trkpt>
   <trkpt lat="38.75905" lon="0.04288">
    <ele>128.84</ele>
   </trkpt>
   <trkpt lat="38.75898" lon="0.04275">
    <ele>129.24</ele>
   </trkpt>
   <trkpt lat="38.758880000000005" lon="0.04249000000000001">
    <ele>129.88000000000002</ele>
   </trkpt>
   <trkpt lat="38.75882" lon="0.0424">
    <ele>130.0</ele>
   </trkpt>
   <trkpt lat="38.758590000000005" lon="0.04216">
    <ele>129.51000000000002</ele>
   </trkpt>
   <trkpt lat="38.75856" lon="0.04209">
    <ele>129.07000000000002</ele>
   </trkpt>
   <trkpt lat="38.758520000000004" lon="0.04181000000000001">
    <ele>128.77</ele>
   </trkpt>
   <trkpt lat="38.75855000000001" lon="0.040690000000000004">
    <ele>129.85000000000002</ele>
   </trkpt>
   <trkpt lat="38.75858" lon="0.04025">
    <ele>130.67000000000002</ele>
   </trkpt>
   <trkpt lat="38.75870000315249" lon="0.03938500170736308">
    <ele>133.65</ele>
   </trkpt>
   <trkpt lat="38.75882" lon="0.038520000000000006">
    <ele>136.86</ele>
   </trkpt>
   <trkpt lat="38.758810000000004" lon="0.03833">
    <ele>138.62</ele>
   </trkpt>
   <trkpt lat="38.758770000000005" lon="0.03815">
    <ele>138.62</ele>
   </trkpt>
   <trkpt lat="38.758610000000004" lon="0.03764">
    <ele>141.4</ele>
   </trkpt>
   <trkpt lat="38.75842" lon="0.03715">
    <ele>142.88</ele>
   </trkpt>
   <trkpt lat="38.75800334166709" lon="0.03615998839988255">
    <ele>142.93</ele>
   </trkpt>
   <trkpt lat="38.7575866749833" lon="0.0351699883594172">
    <ele>143.22</ele>
   </trkpt>
   <trkpt lat="38.75717" lon="0.03418">
    <ele>144.04</ele>
   </trkpt>
   <trkpt lat="38.757000000000005" lon="0.03384">
    <ele>144.21</ele>
   </trkpt>
   <trkpt lat="38.7569" lon="0.03377">
    <ele>144.16</ele>
   </trkpt>
   <trkpt lat="38.756780000000006" lon="0.03375">
    <ele>144.09000000000003</ele>
   </trkpt>
   <trkpt lat="38.756440000000005" lon="0.03384">
    <ele>143.74</ele>
   </trkpt>
   <trkpt lat="38.75621" lon="0.03388">
    <ele>143.54</ele>
   </trkpt>
   <trkpt lat="38.75612" lon="0.033870000000000004">
    <ele>143.54</ele>
   </trkpt>
   <trkpt lat="38.756" lon="0.033830000000000006">
    <ele>143.5</ele>
   </trkpt>
   <trkpt lat="38.755860000000006" lon="0.0337">
    <ele>143.43</ele>
   </trkpt>
   <trkpt lat="38.755475001338304" lon="0.03311999672865535">
    <ele>143.27</ele>
   </trkpt>
   <trkpt lat="38.75509" lon="0.03254">
    <ele>144.57</ele>
   </trkpt>
   <trkpt lat="38.75497" lon="0.03232">
    <ele>144.74</ele>
   </trkpt>
   <trkpt lat="38.75491" lon="0.03211">
    <ele>145.14000000000001</ele>
   </trkpt>
   <trkpt lat="38.75484000198879" lon="0.03142499922906199">
    <ele>145.73</ele>
   </trkpt>
   <trkpt lat="38.75477" lon="0.030740000000000003">
    <ele>146.17000000000002</ele>
   </trkpt>
   <trkpt lat="38.754520001636244" lon="0.030119997825188156">
    <ele>146.47000000000003</ele>
   </trkpt>
   <trkpt lat="38.754270000000005" lon="0.029500000000000002">
    <ele>146.54</ele>
   </trkpt>
   <trkpt lat="38.754290000000005" lon="0.028540000000000003">
    <ele>146.47000000000003</ele>
   </trkpt>
   <trkpt lat="38.75428" lon="0.028290000000000003">
    <ele>146.64000000000001</ele>
   </trkpt>
   <trkpt lat="38.75412000139165" lon="0.027699998340916264">
    <ele>148.85</ele>
   </trkpt>
   <trkpt lat="38.753960000000006" lon="0.027110000000000002">
    <ele>150.27</ele>
   </trkpt>
   <trkpt lat="38.75384000156508" lon="0.026499998872442164">
    <ele>150.29</ele>
   </trkpt>
   <trkpt lat="38.75372" lon="0.025890000000000003">
    <ele>149.99</ele>
   </trkpt>
   <trkpt lat="38.75341" lon="0.02511">
    <ele>150.03000000000003</ele>
   </trkpt>
   <trkpt lat="38.75318" lon="0.02467">
    <ele>151.88000000000002</ele>
   </trkpt>
   <trkpt lat="38.75302000000001" lon="0.024460000000000003">
    <ele>152.06</ele>
   </trkpt>
   <trkpt lat="38.752860000000005" lon="0.02433">
    <ele>152.26</ele>
   </trkpt>
   <trkpt lat="38.75221000034652" lon="0.0240099970419979">
    <ele>154.9</ele>
   </trkpt>
   <trkpt lat="38.751560000000005" lon="0.023690000000000003">
    <ele>158.28</ele>
   </trkpt>
   <trkpt lat="38.75113" lon="0.023520000000000003">
    <ele>162.72</ele>
   </trkpt>
   <trkpt lat="38.75081" lon="0.023330000000000004">
    <ele>164.89000000000001</ele>
   </trkpt>
   <trkpt lat="38.7507" lon="0.02331">
    <ele>165.34</ele>
   </trkpt>
   <trkpt lat="38.750640000000004" lon="0.02332">
    <ele>165.34</ele>
   </trkpt>
   <trkpt lat="38.75036" lon="0.02349">
    <ele>167.81</ele>
   </trkpt>
   <trkpt lat="38.75027" lon="0.023520000000000003">
    <ele>167.81</ele>
   </trkpt>
   <trkpt lat="38.750150000000005" lon="0.023520000000000003">
    <ele>167.81</ele>
   </trkpt>
   <trkpt lat="38.74973000000001" lon="0.023450000000000002">
    <ele>169.79000000000002</ele>
   </trkpt>
   <trkpt lat="38.74958" lon="0.023450000000000002">
    <ele>171.41</ele>
   </trkpt>
   <trkpt lat="38.749480000000005" lon="0.02348">
    <ele>171.41</ele>
   </trkpt>
   <trkpt lat="38.74918" lon="0.023780000000000003">
    <ele>173.19</ele>
   </trkpt>
   <trkpt lat="38.74909" lon="0.023840000000000004">
    <ele>173.19</ele>
   </trkpt>
   <trkpt lat="38.748990000000006" lon="0.02383">
    <ele>173.91</ele>
   </trkpt>
   <trkpt lat="38.74889" lon="0.02373">
    <ele>173.91</ele>
   </trkpt>
   <trkpt lat="38.748760000000004" lon="0.02341">
    <ele>175.73000000000002</ele>
   </trkpt>
   <trkpt lat="38.74870000000001" lon="0.023330000000000004">
    <ele>176.21</ele>
   </trkpt>
   <trkpt lat="38.74864" lon="0.0233">
    <ele>176.65</ele>
   </trkpt>
   <trkpt lat="38.74853" lon="0.02329">
    <ele>177.26</ele>
   </trkpt>
   <trkpt lat="38.748450000000005" lon="0.02332">
    <ele>177.26</ele>
   </trkpt>
   <trkpt lat="38.74803" lon="0.023590000000000003">
    <ele>179.45000000000002</ele>
   </trkpt>
   <trkpt lat="38.74777" lon="0.023690000000000003">
    <ele>180.81000000000003</ele>
   </trkpt>
   <trkpt lat="38.74759" lon="0.023870000000000002">
    <ele>181.46</ele>
   </trkpt>
   <trkpt lat="38.747510000000005" lon="0.0239">
    <ele>182.8</ele>
   </trkpt>
   <trkpt lat="38.747260000000004" lon="0.023870000000000002">
    <ele>183.83</ele>
   </trkpt>
   <trkpt lat="38.74712" lon="0.02392">
    <ele>183.83</ele>
   </trkpt>
   <trkpt lat="38.747040000000005" lon="0.023930000000000003">
    <ele>184.7</ele>
   </trkpt>
   <trkpt lat="38.74696" lon="0.02392">
    <ele>184.7</ele>
   </trkpt>
   <trkpt lat="38.74678" lon="0.02383">
    <ele>186.83</ele>
   </trkpt>
   <trkpt lat="38.74665" lon="0.023840000000000004">
    <ele>187.39000000000001</ele>
   </trkpt>
   <trkpt lat="38.74658" lon="0.023870000000000002">
    <ele>188.11</ele>
   </trkpt>
   <trkpt lat="38.746480000000005" lon="0.02397">
    <ele>188.11</ele>
   </trkpt>
   <trkpt lat="38.746370000000006" lon="0.024120000000000003">
    <ele>188.98000000000002</ele>
   </trkpt>
   <trkpt lat="38.746080000000006" lon="0.024790000000000003">
    <ele>192.07000000000002</ele>
   </trkpt>
   <trkpt lat="38.74588" lon="0.02494">
    <ele>192.77</ele>
   </trkpt>
   <trkpt lat="38.74569" lon="0.02502">
    <ele>194.74</ele>
   </trkpt>
   <trkpt lat="38.7455" lon="0.025040000000000003">
    <ele>195.69</ele>
   </trkpt>
   <trkpt lat="38.745400000000004" lon="0.02502">
    <ele>195.69</ele>
   </trkpt>
   <trkpt lat="38.74533" lon="0.02491">
    <ele>196.05000000000004</ele>
   </trkpt>
   <trkpt lat="38.74532000000001" lon="0.02476">
    <ele>196.5</ele>
   </trkpt>
   <trkpt lat="38.74537" lon="0.024640000000000002">
    <ele>197.03</ele>
   </trkpt>
   <trkpt lat="38.74557" lon="0.024380000000000002">
    <ele>198.65</ele>
   </trkpt>
   <trkpt lat="38.745630000000006" lon="0.024220000000000002">
    <ele>199.28</ele>
   </trkpt>
   <trkpt lat="38.745650000000005" lon="0.02408">
    <ele>200.49000000000004</ele>
   </trkpt>
   <trkpt lat="38.745650000000005" lon="0.0239">
    <ele>201.03</ele>
   </trkpt>
   <trkpt lat="38.745630000000006" lon="0.02374">
    <ele>201.03</ele>
   </trkpt>
   <trkpt lat="38.74548" lon="0.023540000000000002">
    <ele>203.42000000000002</ele>
   </trkpt>
   <trkpt lat="38.74532000000001" lon="0.023430000000000003">
    <ele>204.55</ele>
   </trkpt>
   <trkpt lat="38.74523000000001" lon="0.02332">
    <ele>204.55</ele>
   </trkpt>
   <trkpt lat="38.745180000000005" lon="0.023200000000000002">
    <ele>205.03</ele>
   </trkpt>
   <trkpt lat="38.745160000000006" lon="0.02305">
    <ele>205.81</ele>
   </trkpt>
   <trkpt lat="38.745180000000005" lon="0.02289">
    <ele>207.21</ele>
   </trkpt>
   <trkpt lat="38.74524" lon="0.022650000000000003">
    <ele>208.97</ele>
   </trkpt>
   <trkpt lat="38.74535" lon="0.022310000000000003">
    <ele>209.53000000000003</ele>
   </trkpt>
   <trkpt lat="38.74555" lon="0.02194">
    <ele>212.41000000000003</ele>
   </trkpt>
   <trkpt lat="38.74557" lon="0.021800000000000003">
    <ele>212.41000000000003</ele>
   </trkpt>
   <trkpt lat="38.745430000000006" lon="0.020960000000000003">
    <ele>215.00000000000003</ele>
   </trkpt>
   <trkpt lat="38.745430000000006" lon="0.020610000000000003">
    <ele>215.94000000000003</ele>
   </trkpt>
   <trkpt lat="38.745450000000005" lon="0.02052">
    <ele>216.23</ele>
   </trkpt>
   <trkpt lat="38.745490000000004" lon="0.020460000000000002">
    <ele>216.4</ele>
   </trkpt>
   <trkpt lat="38.7458" lon="0.02014">
    <ele>218.98</ele>
   </trkpt>
   <trkpt lat="38.745850000000004" lon="0.020020000000000003">
    <ele>218.98</ele>
   </trkpt>
   <trkpt lat="38.745850000000004" lon="0.0199">
    <ele>218.98</ele>
   </trkpt>
   <trkpt lat="38.74570000000001" lon="0.01931">
    <ele>221.25000000000003</ele>
   </trkpt>
   <trkpt lat="38.745630000000006" lon="0.019200000000000002">
    <ele>221.25000000000003</ele>
   </trkpt>
   <trkpt lat="38.745580000000004" lon="0.01916">
    <ele>222.3</ele>
   </trkpt>
   <trkpt lat="38.74495500033806" lon="0.01892999802822854">
    <ele>225.25</ele>
   </trkpt>
   <trkpt lat="38.744330000000005" lon="0.0187">
    <ele>224.79000000000002</ele>
   </trkpt>
   <trkpt lat="38.74405" lon="0.01862">
    <ele>224.05</ele>
   </trkpt>
   <trkpt lat="38.74394" lon="0.01862">
    <ele>224.05</ele>
   </trkpt>
   <trkpt lat="38.743770000000005" lon="0.018660000000000003">
    <ele>222.28</ele>
   </trkpt>
   <trkpt lat="38.74322" lon="0.018940000000000002">
    <ele>219.96</ele>
   </trkpt>
   <trkpt lat="38.74309" lon="0.01896">
    <ele>219.44000000000003</ele>
   </trkpt>
   <trkpt lat="38.742940000000004" lon="0.0189">
    <ele>218.3</ele>
   </trkpt>
   <trkpt lat="38.742830000000005" lon="0.0188">
    <ele>216.13000000000002</ele>
   </trkpt>
   <trkpt lat="38.74268" lon="0.018510000000000002">
    <ele>214.86</ele>
   </trkpt>
   <trkpt lat="38.74251" lon="0.01812">
    <ele>213.91000000000003</ele>
   </trkpt>
   <trkpt lat="38.74244" lon="0.01785">
    <ele>212.02</ele>
   </trkpt>
   <trkpt lat="38.74246" lon="0.016970000000000002">
    <ele>208.34000000000003</ele>
   </trkpt>
   <trkpt lat="38.742490000000004" lon="0.01684">
    <ele>208.34000000000003</ele>
   </trkpt>
   <trkpt lat="38.742610000000006" lon="0.01661">
    <ele>207.53000000000003</ele>
   </trkpt>
   <trkpt lat="38.742630000000005" lon="0.016530000000000003">
    <ele>207.53000000000003</ele>
   </trkpt>
   <trkpt lat="38.74262" lon="0.01627">
    <ele>207.53000000000003</ele>
   </trkpt>
   <trkpt lat="38.742560000000005" lon="0.016130000000000002">
    <ele>205.22</ele>
   </trkpt>
   <trkpt lat="38.74237" lon="0.0158">
    <ele>203.99</ele>
   </trkpt>
   <trkpt lat="38.74233" lon="0.01564">
    <ele>203.33</ele>
   </trkpt>
   <trkpt lat="38.74231" lon="0.015240000000000002">
    <ele>201.35000000000002</ele>
   </trkpt>
   <trkpt lat="38.74226" lon="0.015110000000000002">
    <ele>201.35000000000002</ele>
   </trkpt>
   <trkpt lat="38.74219" lon="0.01501">
    <ele>199.59</ele>
   </trkpt>
   <trkpt lat="38.74204" lon="0.014900000000000002">
    <ele>199.59</ele>
   </trkpt>
   <trkpt lat="38.74197" lon="0.014770000000000002">
    <ele>198.03</ele>
   </trkpt>
   <trkpt lat="38.74193" lon="0.01463">
    <ele>198.03</ele>
   </trkpt>
   <trkpt lat="38.74186000139031" lon="0.014059999492957918">
    <ele>196.56</ele>
   </trkpt>
   <trkpt lat="38.74179" lon="0.01349">
    <ele>193.81</ele>
   </trkpt>
   <trkpt lat="38.741780000000006" lon="0.013340000000000001">
    <ele>192.57000000000002</ele>
   </trkpt>
   <trkpt lat="38.74183" lon="0.01254">
    <ele>190.69000000000003</ele>
   </trkpt>
   <trkpt lat="38.741765001468586" lon="0.011954999564945706">
    <ele>187.96</ele>
   </trkpt>
   <trkpt lat="38.7417" lon="0.011370000000000002">
    <ele>185.50000000000003</ele>
   </trkpt>
   <trkpt lat="38.74172" lon="0.01111">
    <ele>184.78000000000003</ele>
   </trkpt>
   <trkpt lat="38.741820000000004" lon="0.01058">
    <ele>183.62</ele>
   </trkpt>
   <trkpt lat="38.74179" lon="0.01037">
    <ele>183.21</ele>
   </trkpt>
   <trkpt lat="38.74168" lon="0.010060000000000001">
    <ele>182.87</ele>
   </trkpt>
   <trkpt lat="38.74174" lon="0.009840000000000002">
    <ele>182.94000000000003</ele>
   </trkpt>
   <trkpt lat="38.742140000000006" lon="0.00901">
    <ele>183.19000000000003</ele>
   </trkpt>
   <trkpt lat="38.742340000000006" lon="0.00859">
    <ele>183.25000000000003</ele>
   </trkpt>
   <trkpt lat="38.74242" lon="0.007710000000000001">
    <ele>182.18</ele>
   </trkpt>
   <trkpt lat="38.742490000000004" lon="0.007330000000000001">
    <ele>181.85</ele>
   </trkpt>
   <trkpt lat="38.74277" lon="0.00642">
    <ele>181.91000000000003</ele>
   </trkpt>
   <trkpt lat="38.74291" lon="0.00581">
    <ele>181.1</ele>
   </trkpt>
   <trkpt lat="38.74298" lon="0.00555">
    <ele>180.76</ele>
   </trkpt>
   <trkpt lat="38.74311" lon="0.00538">
    <ele>180.63</ele>
   </trkpt>
   <trkpt lat="38.74315" lon="0.005180000000000001">
    <ele>179.63</ele>
   </trkpt>
   <trkpt lat="38.74318" lon="0.0048000000000000004">
    <ele>178.39000000000001</ele>
   </trkpt>
   <trkpt lat="38.74326000000001" lon="0.00429">
    <ele>176.46</ele>
   </trkpt>
   <trkpt lat="38.74322" lon="0.00423">
    <ele>176.46</ele>
   </trkpt>
   <trkpt lat="38.74307" lon="0.0041">
    <ele>176.08</ele>
   </trkpt>
   <trkpt lat="38.743" lon="0.0039700000000000004">
    <ele>174.84000000000003</ele>
   </trkpt>
   <trkpt lat="38.74297" lon="0.00388">
    <ele>174.37000000000003</ele>
   </trkpt>
   <trkpt lat="38.74279627937385" lon="0.0028874831054457994">
    <ele>172.75</ele>
   </trkpt>
   <trkpt lat="38.74262255035545" lon="0.0018949710402027533">
    <ele>174.16</ele>
   </trkpt>
   <trkpt lat="38.74244881294489" lon="0.0009024638044506532">
    <ele>176.24</ele>
   </trkpt>
   <trkpt lat="38.74227506714227" lon="-9.00386016307204e-05">
    <ele>178.32</ele>
   </trkpt>
   <trkpt lat="38.74210131294768" lon="-0.001082536177861592">
    <ele>179.94000000000003</ele>
   </trkpt>
   <trkpt lat="38.74192755036121" lon="-0.0020750289240622005">
    <ele>181.77</ele>
   </trkpt>
   <trkpt lat="38.74175377938297" lon="-0.003067516840052794">
    <ele>182.16000000000003</ele>
   </trkpt>
   <trkpt lat="38.741580000000006" lon="-0.00406">
    <ele>182.52</ele>
   </trkpt>
   <trkpt lat="38.74159" lon="-0.004880000000000001">
    <ele>183.25000000000003</ele>
   </trkpt>
   <trkpt lat="38.74163" lon="-0.00527">
    <ele>183.28000000000003</ele>
   </trkpt>
   <trkpt lat="38.741725001643495" lon="-0.005889999215008596">
    <ele>183.43</ele>
   </trkpt>
   <trkpt lat="38.741820000000004" lon="-0.00651">
    <ele>183.33</ele>
   </trkpt>
   <trkpt lat="38.74194000000001" lon="-0.0074800000000000005">
    <ele>183.62</ele>
   </trkpt>
   <trkpt lat="38.74204" lon="-0.0076100000000000004">
    <ele>183.62</ele>
   </trkpt>
   <trkpt lat="38.74206" lon="-0.007690000000000001">
    <ele>183.69000000000003</ele>
   </trkpt>
   <trkpt lat="38.74206" lon="-0.00774">
    <ele>183.69000000000003</ele>
   </trkpt>
   <trkpt lat="38.742020000000004" lon="-0.00782">
    <ele>184.34</ele>
   </trkpt>
   <trkpt lat="38.741980000000005" lon="-0.00786">
    <ele>184.47000000000003</ele>
   </trkpt>
   <trkpt lat="38.741890000000005" lon="-0.00782">
    <ele>184.67000000000002</ele>
   </trkpt>
   <trkpt lat="38.741710000000005" lon="-0.0078000000000000005">
    <ele>184.95</ele>
   </trkpt>
   <trkpt lat="38.740926667694694" lon="-0.00815334110088358">
    <ele>187.06</ele>
   </trkpt>
   <trkpt lat="38.74014333432576" lon="-0.00850667445013503">
    <ele>189.59</ele>
   </trkpt>
   <trkpt lat="38.739360000000005" lon="-0.008860000000000002">
    <ele>191.84</ele>
   </trkpt>
   <trkpt lat="38.738820000000004" lon="-0.00911">
    <ele>193.28</ele>
   </trkpt>
   <trkpt lat="38.738600000000005" lon="-0.00918">
    <ele>193.82000000000002</ele>
   </trkpt>
   <trkpt lat="38.738530000000004" lon="-0.00914">
    <ele>193.89000000000001</ele>
   </trkpt>
   <trkpt lat="38.73848" lon="-0.00907">
    <ele>193.89000000000001</ele>
   </trkpt>
   <trkpt lat="38.738140004689654" lon="-0.008329993007929326">
    <ele>194.53</ele>
   </trkpt>
   <trkpt lat="38.73780000471425" lon="-0.007589993061553268">
    <ele>194.67000000000002</ele>
   </trkpt>
   <trkpt lat="38.737460000000006" lon="-0.00685">
    <ele>194.61</ele>
   </trkpt>
   <trkpt lat="38.73733" lon="-0.006690000000000001">
    <ele>194.71</ele>
   </trkpt>
   <trkpt lat="38.73729" lon="-0.00668">
    <ele>194.61</ele>
   </trkpt>
   <trkpt lat="38.73725" lon="-0.006600000000000001">
    <ele>194.61</ele>
   </trkpt>
   <trkpt lat="38.73725" lon="-0.00651">
    <ele>193.72</ele>
   </trkpt>
   <trkpt lat="38.737210000000005" lon="-0.00632">
    <ele>193.72</ele>
   </trkpt>
   <trkpt lat="38.73682" lon="-0.005540000000000001">
    <ele>193.99</ele>
   </trkpt>
   <trkpt lat="38.73668" lon="-0.0053">
    <ele>194.34</ele>
   </trkpt>
   <trkpt lat="38.736360000000005" lon="-0.00485">
    <ele>195.68</ele>
   </trkpt>
   <trkpt lat="38.73593" lon="-0.00438">
    <ele>196.3</ele>
   </trkpt>
   <trkpt lat="38.73532000144408" lon="-0.003804995123119389">
    <ele>196.55</ele>
   </trkpt>
   <trkpt lat="38.73471" lon="-0.0032300000000000002">
    <ele>196.48000000000002</ele>
   </trkpt>
   <trkpt lat="38.73458" lon="-0.0030800000000000003">
    <ele>196.44</ele>
   </trkpt>
   <trkpt lat="38.73451" lon="-0.0029600000000000004">
    <ele>196.44</ele>
   </trkpt>
   <trkpt lat="38.734320000000004" lon="-0.00233">
    <ele>196.14000000000001</ele>
   </trkpt>
   <trkpt lat="38.73408667263239" lon="-0.0014933278761698908">
    <ele>196.03</ele>
   </trkpt>
   <trkpt lat="38.733853339301525" lon="-0.0006566612184240048">
    <ele>197.09</ele>
   </trkpt>
   <trkpt lat="38.73362" lon="0.00018">
    <ele>197.10000000000002</ele>
   </trkpt>
   <trkpt lat="38.733505001925614" lon="0.0008550011750674027">
    <ele>197.12</ele>
   </trkpt>
   <trkpt lat="38.73339" lon="0.0015300000000000001">
    <ele>197.46</ele>
   </trkpt>
   <trkpt lat="38.733180000000004" lon="0.0024200000000000003">
    <ele>197.09</ele>
   </trkpt>
   <trkpt lat="38.73291500292719" lon="0.0032500031012415178">
    <ele>196.41000000000003</ele>
   </trkpt>
   <trkpt lat="38.73265000000001" lon="0.00408">
    <ele>195.75</ele>
   </trkpt>
   <trkpt lat="38.732400000000005" lon="0.00459">
    <ele>195.23000000000002</ele>
   </trkpt>
   <trkpt lat="38.73211000089604" lon="0.005065002034730232">
    <ele>194.38000000000002</ele>
   </trkpt>
   <trkpt lat="38.731820000000006" lon="0.005540000000000001">
    <ele>193.62</ele>
   </trkpt>
   <trkpt lat="38.73150000136204" lon="0.00613000286530832">
    <ele>193.05</ele>
   </trkpt>
   <trkpt lat="38.73118" lon="0.00672">
    <ele>192.46</ele>
   </trkpt>
   <trkpt lat="38.73089500241282" lon="0.007470002947435407">
    <ele>191.85999999999999</ele>
   </trkpt>
   <trkpt lat="38.730610000000006" lon="0.00822">
    <ele>191.89000000000001</ele>
   </trkpt>
   <trkpt lat="38.730405002564446" lon="0.008995002200343338">
    <ele>192.12</ele>
   </trkpt>
   <trkpt lat="38.7302" lon="0.009770000000000001">
    <ele>192.60000000000002</ele>
   </trkpt>
   <trkpt lat="38.73015" lon="0.010390000000000002">
    <ele>193.20000000000002</ele>
   </trkpt>
   <trkpt lat="38.73008" lon="0.01089">
    <ele>193.57000000000002</ele>
   </trkpt>
   <trkpt lat="38.730030000000006" lon="0.01115">
    <ele>193.69000000000003</ele>
   </trkpt>
   <trkpt lat="38.72980333769544" lon="0.011863337773224259">
    <ele>194.68</ele>
   </trkpt>
   <trkpt lat="38.72957667105627" lon="0.012576671019954156">
    <ele>197.06</ele>
   </trkpt>
   <trkpt lat="38.729350000000004" lon="0.013290000000000001">
    <ele>199.93</ele>
   </trkpt>
   <trkpt lat="38.729200000000006" lon="0.013900000000000001">
    <ele>201.31</ele>
   </trkpt>
   <trkpt lat="38.72892500367459" lon="0.014830003610867094">
    <ele>204.53</ele>
   </trkpt>
   <trkpt lat="38.72865" lon="0.01576">
    <ele>209.00000000000003</ele>
   </trkpt>
   <trkpt lat="38.72832500281378" lon="0.016585003968988224">
    <ele>213.86</ele>
   </trkpt>
   <trkpt lat="38.728" lon="0.017410000000000002">
    <ele>218.75000000000003</ele>
   </trkpt>
   <trkpt lat="38.72771" lon="0.0181">
    <ele>222.8</ele>
   </trkpt>
   <trkpt lat="38.727450000000005" lon="0.01904">
    <ele>227.01000000000002</ele>
   </trkpt>
   <trkpt lat="38.7274" lon="0.01933">
    <ele>229.69</ele>
   </trkpt>
   <trkpt lat="38.727380000000004" lon="0.01965">
    <ele>231.62</ele>
   </trkpt>
   <trkpt lat="38.72739" lon="0.01997">
    <ele>234.22</ele>
   </trkpt>
   <trkpt lat="38.72742" lon="0.020270000000000003">
    <ele>234.22</ele>
   </trkpt>
   <trkpt lat="38.72748" lon="0.020630000000000003">
    <ele>240.56000000000003</ele>
   </trkpt>
   <trkpt lat="38.727655001756055" lon="0.02126999847447289">
    <ele>240.56000000000003</ele>
   </trkpt>
   <trkpt lat="38.727830000000004" lon="0.021910000000000002">
    <ele>245.16000000000003</ele>
   </trkpt>
   <trkpt lat="38.727940000000004" lon="0.022410000000000003">
    <ele>248.18</ele>
   </trkpt>
   <trkpt lat="38.728" lon="0.022910000000000003">
    <ele>250.51000000000002</ele>
   </trkpt>
   <trkpt lat="38.727990000000005" lon="0.023610000000000003">
    <ele>256.78000000000003</ele>
   </trkpt>
   <trkpt lat="38.72793" lon="0.024">
    <ele>257.40000000000003</ele>
   </trkpt>
   <trkpt lat="38.72777000000001" lon="0.024620000000000003">
    <ele>259.99</ele>
   </trkpt>
   <trkpt lat="38.727590000000006" lon="0.025050000000000003">
    <ele>264.48</ele>
   </trkpt>
   <trkpt lat="38.727450000000005" lon="0.02534">
    <ele>264.48</ele>
   </trkpt>
   <trkpt lat="38.727250000000005" lon="0.025650000000000003">
    <ele>267.94</ele>
   </trkpt>
   <trkpt lat="38.727050000000006" lon="0.025910000000000002">
    <ele>268.41</ele>
   </trkpt>
   <trkpt lat="38.726820000000004" lon="0.026140000000000004">
    <ele>268.84000000000003</ele>
   </trkpt>
   <trkpt lat="38.726670000000006" lon="0.026260000000000002">
    <ele>268.01000000000005</ele>
   </trkpt>
   <trkpt lat="38.72592666888257" lon="0.026773344034013668">
    <ele>261.98</ele>
   </trkpt>
   <trkpt lat="38.72518333552046" lon="0.027286677387038744">
    <ele>259.15000000000003</ele>
   </trkpt>
   <trkpt lat="38.72444" lon="0.027800000000000002">
    <ele>258.11</ele>
   </trkpt>
   <trkpt lat="38.72406" lon="0.02799">
    <ele>256.74</ele>
   </trkpt>
   <trkpt lat="38.72374000000001" lon="0.028100000000000003">
    <ele>256.15000000000003</ele>
   </trkpt>
   <trkpt lat="38.72321" lon="0.028180000000000004">
    <ele>255.45000000000002</ele>
   </trkpt>
   <trkpt lat="38.722840000000005" lon="0.028260000000000004">
    <ele>255.70000000000005</ele>
   </trkpt>
   <trkpt lat="38.722660000000005" lon="0.02832">
    <ele>256.04</ele>
   </trkpt>
   <trkpt lat="38.72241" lon="0.028440000000000003">
    <ele>256.40000000000003</ele>
   </trkpt>
   <trkpt lat="38.722120000000004" lon="0.028630000000000003">
    <ele>256.58000000000004</ele>
   </trkpt>
   <trkpt lat="38.721494004001194" lon="0.02911401695090359">
    <ele>258.04</ele>
   </trkpt>
   <trkpt lat="38.72086800600691" lon="0.02959802542202584">
    <ele>256.05</ele>
   </trkpt>
   <trkpt lat="38.72024200601722" lon="0.030082025413678118">
    <ele>251.09000000000003</ele>
   </trkpt>
   <trkpt lat="38.71961600403222" lon="0.030566016926171755">
    <ele>246.17000000000002</ele>
   </trkpt>
   <trkpt lat="38.718990000000005" lon="0.03105">
    <ele>243.50000000000003</ele>
   </trkpt>
   <trkpt lat="38.718340000000005" lon="0.03152">
    <ele>235.45000000000002</ele>
   </trkpt>
   <trkpt lat="38.718" lon="0.03173">
    <ele>234.21000000000004</ele>
   </trkpt>
   <trkpt lat="38.7173" lon="0.03214">
    <ele>232.45000000000002</ele>
   </trkpt>
   <trkpt lat="38.71716" lon="0.032240000000000005">
    <ele>231.28</ele>
   </trkpt>
   <trkpt lat="38.716820000000006" lon="0.03253">
    <ele>231.28</ele>
   </trkpt>
   <trkpt lat="38.71629000150384" lon="0.03313500454892744">
    <ele>229.01000000000002</ele>
   </trkpt>
   <trkpt lat="38.71576" lon="0.033740000000000006">
    <ele>230.16000000000003</ele>
   </trkpt>
   <trkpt lat="38.715180000000004" lon="0.03427">
    <ele>232.38000000000002</ele>
   </trkpt>
   <trkpt lat="38.714586668239875" lon="0.0347033405463959">
    <ele>237.10000000000002</ele>
   </trkpt>
   <trkpt lat="38.713993334880364" lon="0.03513667389876158">
    <ele>240.82</ele>
   </trkpt>
   <trkpt lat="38.7134" lon="0.035570000000000004">
    <ele>242.20000000000002</ele>
   </trkpt>
   <trkpt lat="38.71322" lon="0.03567">
    <ele>242.53000000000003</ele>
   </trkpt>
   <trkpt lat="38.71261500078314" lon="0.036090003532466164">
    <ele>246.4</ele>
   </trkpt>
   <trkpt lat="38.71201000000001" lon="0.03651">
    <ele>251.51000000000002</ele>
   </trkpt>
   <trkpt lat="38.71179" lon="0.03656">
    <ele>254.36</ele>
   </trkpt>
   <trkpt lat="38.71157" lon="0.03656">
    <ele>258.25000000000006</ele>
   </trkpt>
   <trkpt lat="38.71148" lon="0.03653">
    <ele>258.25000000000006</ele>
   </trkpt>
   <trkpt lat="38.71126" lon="0.0364">
    <ele>259.82</ele>
   </trkpt>
   <trkpt lat="38.711110000000005" lon="0.036250000000000004">
    <ele>260.67</ele>
   </trkpt>
   <trkpt lat="38.710950000000004" lon="0.03613">
    <ele>260.97</ele>
   </trkpt>
   <trkpt lat="38.71092" lon="0.03601">
    <ele>261.28000000000003</ele>
   </trkpt>
   <trkpt lat="38.71087" lon="0.035910000000000004">
    <ele>261.28000000000003</ele>
   </trkpt>
   <trkpt lat="38.710800000000006" lon="0.03585">
    <ele>261.62</ele>
   </trkpt>
   <trkpt lat="38.71072" lon="0.03581">
    <ele>262.27</ele>
   </trkpt>
   <trkpt lat="38.71056" lon="0.03585">
    <ele>262.27</ele>
   </trkpt>
   <trkpt lat="38.710460000000005" lon="0.035960000000000006">
    <ele>263.11</ele>
   </trkpt>
   <trkpt lat="38.710420000000006" lon="0.03608">
    <ele>263.11</ele>
   </trkpt>
   <trkpt lat="38.71041" lon="0.03617">
    <ele>263.28000000000003</ele>
   </trkpt>
   <trkpt lat="38.71043" lon="0.03629">
    <ele>263.28000000000003</ele>
   </trkpt>
   <trkpt lat="38.710510000000006" lon="0.03642">
    <ele>262.98</ele>
   </trkpt>
   <trkpt lat="38.71058" lon="0.036480000000000005">
    <ele>262.6</ele>
   </trkpt>
   <trkpt lat="38.71067" lon="0.036500000000000005">
    <ele>262.11</ele>
   </trkpt>
   <trkpt lat="38.710770000000004" lon="0.03678">
    <ele>260.79</ele>
   </trkpt>
   <trkpt lat="38.71076" lon="0.036910000000000005">
    <ele>259.24</ele>
   </trkpt>
   <trkpt lat="38.710660000000004" lon="0.03715">
    <ele>257.89</ele>
   </trkpt>
   <trkpt lat="38.71061" lon="0.03724">
    <ele>257.15000000000003</ele>
   </trkpt>
   <trkpt lat="38.710480000000004" lon="0.03735">
    <ele>256.62</ele>
   </trkpt>
   <trkpt lat="38.710210000000004" lon="0.03746">
    <ele>256.34000000000003</ele>
   </trkpt>
   <trkpt lat="38.70977500015681" lon="0.03760500085984725">
    <ele>257.25000000000006</ele>
   </trkpt>
   <trkpt lat="38.709340000000005" lon="0.037750000000000006">
    <ele>259.54</ele>
   </trkpt>
   <trkpt lat="38.70915" lon="0.037790000000000004">
    <ele>260.5</ele>
   </trkpt>
   <trkpt lat="38.70846" lon="0.03783">
    <ele>261.53999999999996</ele>
   </trkpt>
   <trkpt lat="38.70797000010133" lon="0.03766999890093428">
    <ele>261.67</ele>
   </trkpt>
   <trkpt lat="38.707480000000004" lon="0.03751">
    <ele>261.37000000000006</ele>
   </trkpt>
   <trkpt lat="38.70722000000001" lon="0.03744">
    <ele>261.06</ele>
   </trkpt>
   <trkpt lat="38.70689" lon="0.0374">
    <ele>260.35</ele>
   </trkpt>
   <trkpt lat="38.70649" lon="0.03742">
    <ele>258.81000000000006</ele>
   </trkpt>
   <trkpt lat="38.706250000000004" lon="0.03747">
    <ele>258.06</ele>
   </trkpt>
   <trkpt lat="38.70584" lon="0.037590000000000005">
    <ele>255.78</ele>
   </trkpt>
   <trkpt lat="38.70543000017854" lon="0.03784500152335959">
    <ele>252.03000000000003</ele>
   </trkpt>
   <trkpt lat="38.705020000000005" lon="0.0381">
    <ele>250.65000000000003</ele>
   </trkpt>
   <trkpt lat="38.70456" lon="0.038340000000000006">
    <ele>247.54</ele>
   </trkpt>
   <trkpt lat="38.704170000000005" lon="0.038450000000000005">
    <ele>244.25000000000003</ele>
   </trkpt>
   <trkpt lat="38.70365" lon="0.03848">
    <ele>239.83</ele>
   </trkpt>
   <trkpt lat="38.70306" lon="0.038450000000000005">
    <ele>236.95000000000002</ele>
   </trkpt>
   <trkpt lat="38.70248" lon="0.038400000000000004">
    <ele>232.91</ele>
   </trkpt>
   <trkpt lat="38.701900000065386" lon="0.03839499996001009">
    <ele>229.07000000000002</ele>
   </trkpt>
   <trkpt lat="38.70132" lon="0.03839">
    <ele>226.35000000000002</ele>
   </trkpt>
   <trkpt lat="38.70084000000001" lon="0.03849">
    <ele>224.8</ele>
   </trkpt>
   <trkpt lat="38.70067" lon="0.03855">
    <ele>224.77</ele>
   </trkpt>
   <trkpt lat="38.7002" lon="0.0388">
    <ele>225.25</ele>
   </trkpt>
   <trkpt lat="38.69958500082217" lon="0.039220003563183344">
    <ele>225.3</ele>
   </trkpt>
   <trkpt lat="38.69897" lon="0.03964">
    <ele>224.9</ele>
   </trkpt>
   <trkpt lat="38.69852" lon="0.039920000000000004">
    <ele>222.36</ele>
   </trkpt>
   <trkpt lat="38.697827501498935" lon="0.04026250994824463">
    <ele>217.02</ele>
   </trkpt>
   <trkpt lat="38.69713500199882" lon="0.04060501326400589">
    <ele>212.77</ele>
   </trkpt>
   <trkpt lat="38.69644250149969" lon="0.04094750994756693">
    <ele>209.41</ele>
   </trkpt>
   <trkpt lat="38.695750000000004" lon="0.04129">
    <ele>204.04000000000002</ele>
   </trkpt>
   <trkpt lat="38.69561" lon="0.04134">
    <ele>204.04000000000002</ele>
   </trkpt>
   <trkpt lat="38.69540000000001" lon="0.041370000000000004">
    <ele>202.65000000000003</ele>
   </trkpt>
   <trkpt lat="38.69503" lon="0.041350000000000005">
    <ele>200.8</ele>
   </trkpt>
   <trkpt lat="38.69437666682196" lon="0.04121666423186017">
    <ele>198.91</ele>
   </trkpt>
   <trkpt lat="38.69372333349251" lon="0.041083330899353565">
    <ele>197.11</ele>
   </trkpt>
   <trkpt lat="38.693070000000006" lon="0.04095">
    <ele>195.91000000000003</ele>
   </trkpt>
   <trkpt lat="38.692840000000004" lon="0.04093">
    <ele>195.91000000000003</ele>
   </trkpt>
   <trkpt lat="38.692600000000006" lon="0.04095">
    <ele>194.55</ele>
   </trkpt>
   <trkpt lat="38.69189" lon="0.041100000000000005">
    <ele>191.58</ele>
   </trkpt>
   <trkpt lat="38.69121500033023" lon="0.04128000164709582">
    <ele>187.04000000000002</ele>
   </trkpt>
   <trkpt lat="38.690540000000006" lon="0.041460000000000004">
    <ele>184.05</ele>
   </trkpt>
   <trkpt lat="38.690045000154214" lon="0.04157500077293714">
    <ele>181.69000000000003</ele>
   </trkpt>
   <trkpt lat="38.689550000000004" lon="0.041690000000000005">
    <ele>177.51</ele>
   </trkpt>
   <trkpt lat="38.68925" lon="0.04173">
    <ele>176.3</ele>
   </trkpt>
   <trkpt lat="38.689" lon="0.041740000000000006">
    <ele>175.57</ele>
   </trkpt>
   <trkpt lat="38.688680000000005" lon="0.041710000000000004">
    <ele>174.22</ele>
   </trkpt>
   <trkpt lat="38.68854" lon="0.04168">
    <ele>174.22</ele>
   </trkpt>
   <trkpt lat="38.68827" lon="0.04157">
    <ele>173.37000000000003</ele>
   </trkpt>
   <trkpt lat="38.68809" lon="0.04145">
    <ele>173.37000000000003</ele>
   </trkpt>
   <trkpt lat="38.68789" lon="0.04125">
    <ele>171.77</ele>
   </trkpt>
   <trkpt lat="38.687560000000005" lon="0.040810000000000006">
    <ele>171.32000000000002</ele>
   </trkpt>
   <trkpt lat="38.68717500152677" lon="0.040224996957989895">
    <ele>168.51000000000002</ele>
   </trkpt>
   <trkpt lat="38.68679" lon="0.03964">
    <ele>166.66</ele>
   </trkpt>
   <trkpt lat="38.686550000000004" lon="0.039360000000000006">
    <ele>166.06</ele>
   </trkpt>
   <trkpt lat="38.68632" lon="0.03917">
    <ele>165.06</ele>
   </trkpt>
   <trkpt lat="38.685680000499445" lon="0.03880499669664606">
    <ele>162.85000000000002</ele>
   </trkpt>
   <trkpt lat="38.68504" lon="0.03844">
    <ele>160.71</ele>
   </trkpt>
   <trkpt lat="38.68482" lon="0.03833">
    <ele>160.71</ele>
   </trkpt>
   <trkpt lat="38.68435500018661" lon="0.03807499829343915">
    <ele>158.31</ele>
   </trkpt>
   <trkpt lat="38.683890000000005" lon="0.037820000000000006">
    <ele>156.54000000000002</ele>
   </trkpt>
   <trkpt lat="38.68309" lon="0.03751">
    <ele>154.24</ele>
   </trkpt>
   <trkpt lat="38.68281" lon="0.037430000000000005">
    <ele>153.89</ele>
   </trkpt>
   <trkpt lat="38.68269" lon="0.037340000000000005">
    <ele>153.55</ele>
   </trkpt>
   <trkpt lat="38.68233" lon="0.03719">
    <ele>153.28</ele>
   </trkpt>
   <trkpt lat="38.6818" lon="0.037020000000000004">
    <ele>152.94000000000003</ele>
   </trkpt>
   <trkpt lat="38.68157" lon="0.03699">
    <ele>153.28</ele>
   </trkpt>
   <trkpt lat="38.681290000000004" lon="0.037020000000000004">
    <ele>151.03000000000003</ele>
   </trkpt>
   <trkpt lat="38.6806750001463" lon="0.03722500177253046">
    <ele>147.87</ele>
   </trkpt>
   <trkpt lat="38.680060000000005" lon="0.037430000000000005">
    <ele>145.14000000000001</ele>
   </trkpt>
   <trkpt lat="38.67978" lon="0.03758">
    <ele>143.57</ele>
   </trkpt>
   <trkpt lat="38.679370000000006" lon="0.03796">
    <ele>140.87000000000003</ele>
   </trkpt>
   <trkpt lat="38.67908000088943" lon="0.038415001831077905">
    <ele>137.66</ele>
   </trkpt>
   <trkpt lat="38.678790000000006" lon="0.03887">
    <ele>134.32000000000002</ele>
   </trkpt>
   <trkpt lat="38.678700000000006" lon="0.03896">
    <ele>134.32000000000002</ele>
   </trkpt>
   <trkpt lat="38.678520000000006" lon="0.039080000000000004">
    <ele>131.98000000000002</ele>
   </trkpt>
   <trkpt lat="38.67837" lon="0.03912">
    <ele>131.98000000000002</ele>
   </trkpt>
   <trkpt lat="38.678200000000004" lon="0.0391">
    <ele>131.43</ele>
   </trkpt>
   <trkpt lat="38.678020000000004" lon="0.03905">
    <ele>130.04000000000002</ele>
   </trkpt>
   <trkpt lat="38.6779" lon="0.03898">
    <ele>128.96</ele>
   </trkpt>
   <trkpt lat="38.67723" lon="0.038380000000000004">
    <ele>124.92000000000002</ele>
   </trkpt>
   <trkpt lat="38.677020000000006" lon="0.03828">
    <ele>124.65</ele>
   </trkpt>
   <trkpt lat="38.67683" lon="0.038270000000000005">
    <ele>124.21000000000001</ele>
   </trkpt>
   <trkpt lat="38.676520000000004" lon="0.03828">
    <ele>123.56000000000002</ele>
   </trkpt>
   <trkpt lat="38.6758100000016" lon="0.03834000059630961">
    <ele>121.17000000000002</ele>
   </trkpt>
   <trkpt lat="38.6751" lon="0.038400000000000004">
    <ele>120.11</ele>
   </trkpt>
   <trkpt lat="38.67441000000689" lon="0.038446667567113395">
    <ele>118.35000000000001</ele>
   </trkpt>
   <trkpt lat="38.67371999999525" lon="0.03849333423455461">
    <ele>116.37000000000002</ele>
   </trkpt>
   <trkpt lat="38.673030000000004" lon="0.038540000000000005">
    <ele>113.25</ele>
   </trkpt>
   <trkpt lat="38.67250000000001" lon="0.03855">
    <ele>110.75000000000001</ele>
   </trkpt>
   <trkpt lat="38.67233" lon="0.038540000000000005">
    <ele>110.18</ele>
   </trkpt>
   <trkpt lat="38.672070000000005" lon="0.03844">
    <ele>109.56</ele>
   </trkpt>
   <trkpt lat="38.6719" lon="0.038340000000000006">
    <ele>107.82000000000001</ele>
   </trkpt>
   <trkpt lat="38.671760000000006" lon="0.03823">
    <ele>107.82000000000001</ele>
   </trkpt>
   <trkpt lat="38.67134" lon="0.037820000000000006">
    <ele>104.54</ele>
   </trkpt>
   <trkpt lat="38.671130000000005" lon="0.03771">
    <ele>104.18</ele>
   </trkpt>
   <trkpt lat="38.67103" lon="0.037700000000000004">
    <ele>103.87</ele>
   </trkpt>
   <trkpt lat="38.670840000000005" lon="0.03771">
    <ele>103.17000000000002</ele>
   </trkpt>
   <trkpt lat="38.67062000000001" lon="0.0378">
    <ele>102.68</ele>
   </trkpt>
   <trkpt lat="38.67045" lon="0.037930000000000005">
    <ele>101.42</ele>
   </trkpt>
   <trkpt lat="38.670280000000005" lon="0.03819">
    <ele>101.42</ele>
   </trkpt>
   <trkpt lat="38.67014" lon="0.038400000000000004">
    <ele>99.45</ele>
   </trkpt>
   <trkpt lat="38.66998" lon="0.03853">
    <ele>98.89</ele>
   </trkpt>
   <trkpt lat="38.66977" lon="0.03858">
    <ele>98.29</ele>
   </trkpt>
   <trkpt lat="38.66968000000001" lon="0.03858">
    <ele>97.2</ele>
   </trkpt>
   <trkpt lat="38.66937" lon="0.03851">
    <ele>95.98</ele>
   </trkpt>
   <trkpt lat="38.668940000000006" lon="0.038360000000000005">
    <ele>93.73</ele>
   </trkpt>
   <trkpt lat="38.66874" lon="0.03824">
    <ele>93.73</ele>
   </trkpt>
   <trkpt lat="38.668620000000004" lon="0.038130000000000004">
    <ele>92.85</ele>
   </trkpt>
   <trkpt lat="38.668220000000005" lon="0.03749">
    <ele>90.49</ele>
   </trkpt>
   <trkpt lat="38.667930000000005" lon="0.03713">
    <ele>89.09</ele>
   </trkpt>
   <trkpt lat="38.667820000000006" lon="0.03705">
    <ele>87.93</ele>
   </trkpt>
   <trkpt lat="38.66772" lon="0.037000000000000005">
    <ele>87.93</ele>
   </trkpt>
   <trkpt lat="38.66761" lon="0.03699">
    <ele>87.49000000000001</ele>
   </trkpt>
   <trkpt lat="38.66743" lon="0.037020000000000004">
    <ele>86.76</ele>
   </trkpt>
   <trkpt lat="38.66723" lon="0.037110000000000004">
    <ele>85.39</ele>
   </trkpt>
   <trkpt lat="38.666940000000004" lon="0.037340000000000005">
    <ele>82.47</ele>
   </trkpt>
   <trkpt lat="38.66667" lon="0.03747">
    <ele>81.69000000000001</ele>
   </trkpt>
   <trkpt lat="38.666560000000004" lon="0.037480000000000006">
    <ele>81.69000000000001</ele>
   </trkpt>
   <trkpt lat="38.66639" lon="0.037450000000000004">
    <ele>78.73</ele>
   </trkpt>
   <trkpt lat="38.66621000000001" lon="0.037360000000000004">
    <ele>77.76</ele>
   </trkpt>
   <trkpt lat="38.66612000000001" lon="0.037270000000000005">
    <ele>77.76</ele>
   </trkpt>
   <trkpt lat="38.66599" lon="0.03708">
    <ele>76.43</ele>
   </trkpt>
   <trkpt lat="38.665780001629194" lon="0.03646499825212751">
    <ele>73.99</ele>
   </trkpt>
   <trkpt lat="38.66557" lon="0.03585">
    <ele>72.66</ele>
   </trkpt>
   <trkpt lat="38.665400000000005" lon="0.035620000000000006">
    <ele>71.14</ele>
   </trkpt>
   <trkpt lat="38.66500500040667" lon="0.035284998091769285">
    <ele>67.31</ele>
   </trkpt>
   <trkpt lat="38.66461" lon="0.03495">
    <ele>64.23</ele>
   </trkpt>
   <trkpt lat="38.66447" lon="0.034850000000000006">
    <ele>64.23</ele>
   </trkpt>
   <trkpt lat="38.664350000000006" lon="0.03479">
    <ele>62.18000000000001</ele>
   </trkpt>
   <trkpt lat="38.664100000000005" lon="0.034710000000000005">
    <ele>61.08</ele>
   </trkpt>
   <trkpt lat="38.66384" lon="0.03467">
    <ele>60.10000000000001</ele>
   </trkpt>
   <trkpt lat="38.663560000000004" lon="0.03467">
    <ele>58.21</ele>
   </trkpt>
   <trkpt lat="38.66315" lon="0.034760000000000006">
    <ele>56.81</ele>
   </trkpt>
   <trkpt lat="38.66271000001857" lon="0.03498000144545809">
    <ele>55.50000000000001</ele>
   </trkpt>
   <trkpt lat="38.66227000000001" lon="0.0352">
    <ele>52.42</ele>
   </trkpt>
   <trkpt lat="38.662020000000005" lon="0.035230000000000004">
    <ele>52.18</ele>
   </trkpt>
   <trkpt lat="38.661880000000004" lon="0.03518">
    <ele>52.2</ele>
   </trkpt>
   <trkpt lat="38.66161" lon="0.03497">
    <ele>52.26</ele>
   </trkpt>
   <trkpt lat="38.66151" lon="0.034940000000000006">
    <ele>52.34</ele>
   </trkpt>
   <trkpt lat="38.66143" lon="0.034940000000000006">
    <ele>52.36</ele>
   </trkpt>
   <trkpt lat="38.66129" lon="0.034980000000000004">
    <ele>52.43000000000001</ele>
   </trkpt>
   <trkpt lat="38.660900000000005" lon="0.035">
    <ele>53.01</ele>
   </trkpt>
   <trkpt lat="38.66073" lon="0.035">
    <ele>53.82000000000001</ele>
   </trkpt>
   <trkpt lat="38.660610000000005" lon="0.03497">
    <ele>53.95</ele>
   </trkpt>
   <trkpt lat="38.66053" lon="0.035">
    <ele>53.980000000000004</ele>
   </trkpt>
   <trkpt lat="38.66044" lon="0.03508">
    <ele>53.970000000000006</ele>
   </trkpt>
   <trkpt lat="38.660410000000006" lon="0.03515">
    <ele>53.970000000000006</ele>
   </trkpt>
   <trkpt lat="38.65983000000001" lon="0.03556">
    <ele>53.57000000000001</ele>
   </trkpt>
   <trkpt lat="38.659315000069256" lon="0.035760001477356494">
    <ele>53.730000000000004</ele>
   </trkpt>
   <trkpt lat="38.65880000000001" lon="0.035960000000000006">
    <ele>54.730000000000004</ele>
   </trkpt>
   <trkpt lat="38.65814250095608" lon="0.03624000773025199">
    <ele>56.46</ele>
   </trkpt>
   <trkpt lat="38.65748500124466" lon="0.03652001031967865">
    <ele>57.900000000000006</ele>
   </trkpt>
   <trkpt lat="38.65682750086576" lon="0.036800007768490094">
    <ele>59.75</ele>
   </trkpt>
   <trkpt lat="38.65617" lon="0.03708">
    <ele>62.32000000000001</ele>
   </trkpt>
   <trkpt lat="38.655930000000005" lon="0.03719">
    <ele>62.32000000000001</ele>
   </trkpt>
   <trkpt lat="38.655590000000004" lon="0.037290000000000004">
    <ele>63.410000000000004</ele>
   </trkpt>
   <trkpt lat="38.6555" lon="0.037290000000000004">
    <ele>63.410000000000004</ele>
   </trkpt>
   <trkpt lat="38.65467" lon="0.037360000000000004">
    <ele>64.74000000000001</ele>
   </trkpt>
   <trkpt lat="38.65437" lon="0.03731">
    <ele>65.43</ele>
   </trkpt>
   <trkpt lat="38.65424" lon="0.03717">
    <ele>65.58</ele>
   </trkpt>
   <trkpt lat="38.654160000000005" lon="0.037140000000000006">
    <ele>65.68</ele>
   </trkpt>
   <trkpt lat="38.654050000000005" lon="0.03715">
    <ele>65.73</ele>
   </trkpt>
   <trkpt lat="38.65397" lon="0.03719">
    <ele>65.73</ele>
   </trkpt>
   <trkpt lat="38.65392000000001" lon="0.03724">
    <ele>65.65</ele>
   </trkpt>
   <trkpt lat="38.653830000000006" lon="0.0374">
    <ele>65.63000000000001</ele>
   </trkpt>
   <trkpt lat="38.653400000000005" lon="0.037500000000000006">
    <ele>65.82000000000001</ele>
   </trkpt>
   <trkpt lat="38.65254499996777" lon="0.03758500102073187">
    <ele>66.73</ele>
   </trkpt>
   <trkpt lat="38.65169" lon="0.03767">
    <ele>68.69</ele>
   </trkpt>
   <trkpt lat="38.65147" lon="0.03771">
    <ele>69.48</ele>
   </trkpt>
   <trkpt lat="38.65094000018614" lon="0.037755000317830495">
    <ele>70.17</ele>
   </trkpt>
   <trkpt lat="38.65041" lon="0.0378">
    <ele>70.99000000000001</ele>
   </trkpt>
   <trkpt lat="38.65017" lon="0.03781">
    <ele>71.14</ele>
   </trkpt>
   <trkpt lat="38.649950000000004" lon="0.037790000000000004">
    <ele>71.44</ele>
   </trkpt>
   <trkpt lat="38.649420000000006" lon="0.03771">
    <ele>72.05</ele>
   </trkpt>
   <trkpt lat="38.64932" lon="0.037680000000000005">
    <ele>72.05</ele>
   </trkpt>
   <trkpt lat="38.64898" lon="0.03755">
    <ele>72.14000000000001</ele>
   </trkpt>
   <trkpt lat="38.648540000000004" lon="0.03722">
    <ele>72.35000000000001</ele>
   </trkpt>
   <trkpt lat="38.64790000124048" lon="0.03667499511162896">
    <ele>73.06</ele>
   </trkpt>
   <trkpt lat="38.64726" lon="0.03613">
    <ele>74.3</ele>
   </trkpt>
   <trkpt lat="38.646840000000005" lon="0.035750000000000004">
    <ele>75.63</ele>
   </trkpt>
   <trkpt lat="38.646300000000004" lon="0.035140000000000005">
    <ele>77.34</ele>
   </trkpt>
   <trkpt lat="38.645735001936984" lon="0.03446499467486055">
    <ele>78.92</ele>
   </trkpt>
   <trkpt lat="38.64517" lon="0.03379">
    <ele>79.64</ele>
   </trkpt>
   <trkpt lat="38.645070000000004" lon="0.03364">
    <ele>79.42999999999999</ele>
   </trkpt>
   <trkpt lat="38.644960000000005" lon="0.033400000000000006">
    <ele>79.33000000000001</ele>
   </trkpt>
   <trkpt lat="38.6449" lon="0.03314">
    <ele>79.32</ele>
   </trkpt>
   <trkpt lat="38.644890000000004" lon="0.03293">
    <ele>79.42</ele>
   </trkpt>
   <trkpt lat="38.64493" lon="0.03266">
    <ele>79.65</ele>
   </trkpt>
   <trkpt lat="38.64526" lon="0.03162">
    <ele>80.78</ele>
   </trkpt>
   <trkpt lat="38.64529" lon="0.03139">
    <ele>81.09</ele>
   </trkpt>
   <trkpt lat="38.645270000000004" lon="0.03104">
    <ele>81.57000000000001</ele>
   </trkpt>
   <trkpt lat="38.645160000000004" lon="0.030660000000000003">
    <ele>82.13000000000001</ele>
   </trkpt>
   <trkpt lat="38.64499" lon="0.030390000000000004">
    <ele>82.2</ele>
   </trkpt>
   <trkpt lat="38.64479" lon="0.03019">
    <ele>82.44000000000001</ele>
   </trkpt>
   <trkpt lat="38.64426000191792" lon="0.029713326267789254">
    <ele>83.26</ele>
   </trkpt>
   <trkpt lat="38.64373000190161" lon="0.02923665958654798">
    <ele>84.72</ele>
   </trkpt>
   <trkpt lat="38.6432" lon="0.02876">
    <ele>86.39</ele>
   </trkpt>
   <trkpt lat="38.64298" lon="0.028460000000000003">
    <ele>87.27</ele>
   </trkpt>
   <trkpt lat="38.642860000000006" lon="0.028100000000000003">
    <ele>87.48</ele>
   </trkpt>
   <trkpt lat="38.642830000000004" lon="0.027850000000000003">
    <ele>88.09</ele>
   </trkpt>
   <trkpt lat="38.64287500166866" lon="0.027225000308719934">
    <ele>89.08</ele>
   </trkpt>
   <trkpt lat="38.642920000000004" lon="0.026600000000000002">
    <ele>90.89000000000001</ele>
   </trkpt>
   <trkpt lat="38.642900000000004" lon="0.026350000000000002">
    <ele>90.89000000000001</ele>
   </trkpt>
   <trkpt lat="38.64287" lon="0.02619">
    <ele>92.37</ele>
   </trkpt>
   <trkpt lat="38.64276" lon="0.02595">
    <ele>92.37</ele>
   </trkpt>
   <trkpt lat="38.642540000000004" lon="0.025660000000000002">
    <ele>93.00000000000001</ele>
   </trkpt>
   <trkpt lat="38.64196600843142" lon="0.02495597743763639">
    <ele>95.64</ele>
   </trkpt>
   <trkpt lat="38.64139201264365" lon="0.024251966152706753">
    <ele>97.88000000000001</ele>
   </trkpt>
   <trkpt lat="38.640818012636856" lon="0.023547966144881704">
    <ele>99.0</ele>
   </trkpt>
   <trkpt lat="38.640244008411166" lon="0.022843977413831866">
    <ele>99.48</ele>
   </trkpt>
   <trkpt lat="38.63967" lon="0.022140000000000003">
    <ele>99.58</ele>
   </trkpt>
   <trkpt lat="38.639570000000006" lon="0.021920000000000002">
    <ele>99.97</ele>
   </trkpt>
   <trkpt lat="38.63953" lon="0.021670000000000002">
    <ele>99.97</ele>
   </trkpt>
   <trkpt lat="38.63956" lon="0.02142">
    <ele>100.07000000000001</ele>
   </trkpt>
   <trkpt lat="38.63972500257593" lon="0.020650001528124014">
    <ele>100.68</ele>
   </trkpt>
   <trkpt lat="38.63989" lon="0.019880000000000002">
    <ele>102.03</ele>
   </trkpt>
   <trkpt lat="38.639900000000004" lon="0.019690000000000003">
    <ele>102.03</ele>
   </trkpt>
   <trkpt lat="38.63987" lon="0.019510000000000003">
    <ele>102.35000000000001</ele>
   </trkpt>
   <trkpt lat="38.63984000000001" lon="0.01938">
    <ele>102.35000000000001</ele>
   </trkpt>
   <trkpt lat="38.63964" lon="0.018940000000000002">
    <ele>103.54</ele>
   </trkpt>
   <trkpt lat="38.639590000000005" lon="0.01872">
    <ele>104.75000000000001</ele>
   </trkpt>
   <trkpt lat="38.63958" lon="0.018600000000000002">
    <ele>104.75000000000001</ele>
   </trkpt>
   <trkpt lat="38.63959667262608" lon="0.017763333692260415">
    <ele>109.09</ele>
   </trkpt>
   <trkpt lat="38.63961333929335" lon="0.016926666995330502">
    <ele>113.68</ele>
   </trkpt>
   <trkpt lat="38.639630000000004" lon="0.01609">
    <ele>117.70000000000002</ele>
   </trkpt>
   <trkpt lat="38.63960000522101" lon="0.015306665950109256">
    <ele>122.13000000000001</ele>
   </trkpt>
   <trkpt lat="38.63957000521868" lon="0.014523332555931244">
    <ele>125.23</ele>
   </trkpt>
   <trkpt lat="38.639540000000004" lon="0.01374">
    <ele>125.27000000000002</ele>
   </trkpt>
   <trkpt lat="38.63956" lon="0.01357">
    <ele>124.2</ele>
   </trkpt>
   <trkpt lat="38.639680000000006" lon="0.013210000000000001">
    <ele>121.58</ele>
   </trkpt>
   <trkpt lat="38.63996" lon="0.01247">
    <ele>118.94</ele>
   </trkpt>
   <trkpt lat="38.640040000000006" lon="0.012180000000000002">
    <ele>117.46000000000001</ele>
   </trkpt>
   <trkpt lat="38.64007" lon="0.01196">
    <ele>115.37000000000002</ele>
   </trkpt>
   <trkpt lat="38.64003000629688" lon="0.01109999906256249">
    <ele>112.57000000000001</ele>
   </trkpt>
   <trkpt lat="38.63999000629792" lon="0.010239999084999542">
    <ele>109.29</ele>
   </trkpt>
   <trkpt lat="38.639950000000006" lon="0.009380000000000001">
    <ele>105.47000000000001</ele>
   </trkpt>
   <trkpt lat="38.639880000000005" lon="0.009130000000000001">
    <ele>104.31000000000002</ele>
   </trkpt>
   <trkpt lat="38.63942" lon="0.00822">
    <ele>99.72</ele>
   </trkpt>
   <trkpt lat="38.63927" lon="0.00805">
    <ele>99.30000000000001</ele>
   </trkpt>
   <trkpt lat="38.638960000000004" lon="0.00782">
    <ele>96.96000000000001</ele>
   </trkpt>
   <trkpt lat="38.638850000000005" lon="0.007680000000000001">
    <ele>96.96000000000001</ele>
   </trkpt>
   <trkpt lat="38.63868" lon="0.007320000000000001">
    <ele>96.03</ele>
   </trkpt>
   <trkpt lat="38.638540000000006" lon="0.0071">
    <ele>95.35000000000001</ele>
   </trkpt>
   <trkpt lat="38.63835" lon="0.006880000000000001">
    <ele>94.74000000000001</ele>
   </trkpt>
   <trkpt lat="38.6381" lon="0.00668">
    <ele>93.22000000000001</ele>
   </trkpt>
   <trkpt lat="38.637840000000004" lon="0.006500000000000001">
    <ele>91.56</ele>
   </trkpt>
   <trkpt lat="38.637370000000004" lon="0.0061">
    <ele>89.25000000000001</ele>
   </trkpt>
   <trkpt lat="38.63702" lon="0.00583">
    <ele>88.14000000000001</ele>
   </trkpt>
   <trkpt lat="38.636770000000006" lon="0.00568">
    <ele>87.42000000000002</ele>
   </trkpt>
   <trkpt lat="38.636143333512315" lon="0.00551999719247037">
    <ele>86.49000000000001</ele>
   </trkpt>
   <trkpt lat="38.63551666680673" lon="0.0053599971825686096">
    <ele>85.83</ele>
   </trkpt>
   <trkpt lat="38.634890000000006" lon="0.005200000000000001">
    <ele>85.24000000000001</ele>
   </trkpt>
   <trkpt lat="38.63472" lon="0.00513">
    <ele>85.09000000000002</ele>
   </trkpt>
   <trkpt lat="38.63448" lon="0.00496">
    <ele>84.82000000000001</ele>
   </trkpt>
   <trkpt lat="38.63438" lon="0.0048400000000000006">
    <ele>84.82000000000001</ele>
   </trkpt>
   <trkpt lat="38.63425" lon="0.00459">
    <ele>84.77000000000001</ele>
   </trkpt>
   <trkpt lat="38.6342" lon="0.004430000000000001">
    <ele>84.74000000000001</ele>
   </trkpt>
   <trkpt lat="38.634150000000005" lon="0.00413">
    <ele>84.59000000000002</ele>
   </trkpt>
   <trkpt lat="38.63411" lon="0.0033100000000000004">
    <ele>84.13000000000001</ele>
   </trkpt>
   <trkpt lat="38.634185001546236" lon="0.0027050007263837504">
    <ele>83.14</ele>
   </trkpt>
   <trkpt lat="38.634260000000005" lon="0.0021000000000000003">
    <ele>81.79</ele>
   </trkpt>
   <trkpt lat="38.63425" lon="0.0018800000000000002">
    <ele>80.86</ele>
   </trkpt>
   <trkpt lat="38.63418" lon="0.00169">
    <ele>79.75</ele>
   </trkpt>
   <trkpt lat="38.63405" lon="0.0015300000000000001">
    <ele>79.27000000000001</ele>
   </trkpt>
   <trkpt lat="38.63370000073925" lon="0.0011599983590809303">
    <ele>75.22000000000001</ele>
   </trkpt>
   <trkpt lat="38.63335" lon="0.00079">
    <ele>73.93</ele>
   </trkpt>
   <trkpt lat="38.63262500171933" lon="0.00014999350652757678">
    <ele>71.22</ele>
   </trkpt>
   <trkpt lat="38.6319" lon="-0.0004900000000000001">
    <ele>69.60000000000001</ele>
   </trkpt>
   <trkpt lat="38.63179" lon="-0.00071">
    <ele>69.37</ele>
   </trkpt>
   <trkpt lat="38.63174" lon="-0.00099">
    <ele>69.21000000000001</ele>
   </trkpt>
   <trkpt lat="38.631710000000005" lon="-0.00141">
    <ele>68.84000000000002</ele>
   </trkpt>
   <trkpt lat="38.63179" lon="-0.00167">
    <ele>68.79</ele>
   </trkpt>
   <trkpt lat="38.631980000000006" lon="-0.00216">
    <ele>69.26</ele>
   </trkpt>
   <trkpt lat="38.63199" lon="-0.0022600000000000003">
    <ele>69.48</ele>
   </trkpt>
   <trkpt lat="38.631840000000004" lon="-0.00284">
    <ele>71.96000000000001</ele>
   </trkpt>
   <trkpt lat="38.63177" lon="-0.0036200000000000004">
    <ele>73.28000000000002</ele>
   </trkpt>
   <trkpt lat="38.63165" lon="-0.00411">
    <ele>73.52</ele>
   </trkpt>
   <trkpt lat="38.631640000000004" lon="-0.00428">
    <ele>73.48</ele>
   </trkpt>
   <trkpt lat="38.63167" lon="-0.0047">
    <ele>72.69</ele>
   </trkpt>
   <trkpt lat="38.63165" lon="-0.005090000000000001">
    <ele>71.06000000000002</ele>
   </trkpt>
   <trkpt lat="38.63157" lon="-0.00553">
    <ele>70.54</ele>
   </trkpt>
   <trkpt lat="38.63141" lon="-0.0061600000000000005">
    <ele>65.5</ele>
   </trkpt>
   <trkpt lat="38.631350000000005" lon="-0.00693">
    <ele>63.09</ele>
   </trkpt>
   <trkpt lat="38.63134" lon="-0.00734">
    <ele>61.95</ele>
   </trkpt>
   <trkpt lat="38.631350000000005" lon="-0.0074600000000000005">
    <ele>61.75000000000001</ele>
   </trkpt>
   <trkpt lat="38.63148" lon="-0.00803">
    <ele>61.440000000000005</ele>
   </trkpt>
   <trkpt lat="38.6315" lon="-0.00817">
    <ele>61.440000000000005</ele>
   </trkpt>
   <trkpt lat="38.63141" lon="-0.0091">
    <ele>60.95</ele>
   </trkpt>
   <trkpt lat="38.63143" lon="-0.0094">
    <ele>60.82000000000001</ele>
   </trkpt>
   <trkpt lat="38.63152" lon="-0.009710000000000002">
    <ele>60.54</ele>
   </trkpt>
   <trkpt lat="38.63185000585142" lon="-0.010539992327594094">
    <ele>60.32000000000001</ele>
   </trkpt>
   <trkpt lat="38.632180005839025" lon="-0.011369992296303012">
    <ele>60.58</ele>
   </trkpt>
   <trkpt lat="38.63251" lon="-0.0122">
    <ele>61.69</ele>
   </trkpt>
   <trkpt lat="38.632560000000005" lon="-0.01237">
    <ele>61.68000000000001</ele>
   </trkpt>
   <trkpt lat="38.632580000000004" lon="-0.012580000000000001">
    <ele>61.53000000000001</ele>
   </trkpt>
   <trkpt lat="38.63257" lon="-0.0128">
    <ele>61.36000000000001</ele>
   </trkpt>
   <trkpt lat="38.63251" lon="-0.01297">
    <ele>61.300000000000004</ele>
   </trkpt>
   <trkpt lat="38.632400000000004" lon="-0.0131">
    <ele>61.28000000000001</ele>
   </trkpt>
   <trkpt lat="38.63232" lon="-0.01318">
    <ele>61.230000000000004</ele>
   </trkpt>
   <trkpt lat="38.63214" lon="-0.013200000000000002">
    <ele>61.34</ele>
   </trkpt>
   <trkpt lat="38.63203" lon="-0.01319">
    <ele>61.58</ele>
   </trkpt>
   <trkpt lat="38.63138" lon="-0.01305">
    <ele>63.53</ele>
   </trkpt>
   <trkpt lat="38.630930000000006" lon="-0.01288">
    <ele>65.88000000000001</ele>
   </trkpt>
   <trkpt lat="38.63074" lon="-0.012830000000000001">
    <ele>67.62</ele>
   </trkpt>
   <trkpt lat="38.63046000000001" lon="-0.012830000000000001">
    <ele>68.29</ele>
   </trkpt>
   <trkpt lat="38.63031" lon="-0.012860000000000002">
    <ele>68.56</ele>
   </trkpt>
   <trkpt lat="38.63017" lon="-0.01297">
    <ele>68.79</ele>
   </trkpt>
   <trkpt lat="38.63002" lon="-0.01314">
    <ele>68.82000000000001</ele>
   </trkpt>
   <trkpt lat="38.62991" lon="-0.01336">
    <ele>68.58</ele>
   </trkpt>
   <trkpt lat="38.62988" lon="-0.013500000000000002">
    <ele>68.24000000000001</ele>
   </trkpt>
   <trkpt lat="38.629870000000004" lon="-0.013790000000000002">
    <ele>67.8</ele>
   </trkpt>
   <trkpt lat="38.62995" lon="-0.014450000000000001">
    <ele>63.660000000000004</ele>
   </trkpt>
   <trkpt lat="38.630010000000006" lon="-0.014580000000000001">
    <ele>63.660000000000004</ele>
   </trkpt>
   <trkpt lat="38.63011" lon="-0.01471">
    <ele>63.660000000000004</ele>
   </trkpt>
   <trkpt lat="38.630230000000005" lon="-0.014750000000000001">
    <ele>61.09</ele>
   </trkpt>
   <trkpt lat="38.6304" lon="-0.014780000000000001">
    <ele>61.09</ele>
   </trkpt>
   <trkpt lat="38.630590000000005" lon="-0.01484">
    <ele>58.34</ele>
   </trkpt>
   <trkpt lat="38.63071" lon="-0.014960000000000001">
    <ele>58.34</ele>
   </trkpt>
   <trkpt lat="38.630770000000005" lon="-0.015130000000000001">
    <ele>57.34</ele>
   </trkpt>
   <trkpt lat="38.630750000000006" lon="-0.015330000000000002">
    <ele>56.38</ele>
   </trkpt>
   <trkpt lat="38.63051" lon="-0.01599">
    <ele>52.71000000000001</ele>
   </trkpt>
   <trkpt lat="38.63047" lon="-0.016130000000000002">
    <ele>51.300000000000004</ele>
   </trkpt>
   <trkpt lat="38.63047" lon="-0.01623">
    <ele>51.300000000000004</ele>
   </trkpt>
   <trkpt lat="38.63049" lon="-0.01641">
    <ele>50.080000000000005</ele>
   </trkpt>
   <trkpt lat="38.630590000000005" lon="-0.01659">
    <ele>48.81</ele>
   </trkpt>
   <trkpt lat="38.630880000000005" lon="-0.01691">
    <ele>47.690000000000005</ele>
   </trkpt>
   <trkpt lat="38.63096" lon="-0.01709">
    <ele>47.470000000000006</ele>
   </trkpt>
   <trkpt lat="38.630990000000004" lon="-0.01726">
    <ele>47.470000000000006</ele>
   </trkpt>
   <trkpt lat="38.630950000000006" lon="-0.01752">
    <ele>47.41</ele>
   </trkpt>
   <trkpt lat="38.63087" lon="-0.01776">
    <ele>47.46</ele>
   </trkpt>
   <trkpt lat="38.63076" lon="-0.017910000000000002">
    <ele>47.09</ele>
   </trkpt>
   <trkpt lat="38.630590000000005" lon="-0.01796">
    <ele>47.09</ele>
   </trkpt>
   <trkpt lat="38.630430000000004" lon="-0.01797">
    <ele>46.75000000000001</ele>
   </trkpt>
   <trkpt lat="38.63004" lon="-0.017920000000000002">
    <ele>46.06</ele>
   </trkpt>
   <trkpt lat="38.629830000000005" lon="-0.01793">
    <ele>45.4</ele>
   </trkpt>
   <trkpt lat="38.62964" lon="-0.01802">
    <ele>44.9</ele>
   </trkpt>
   <trkpt lat="38.62898666872347" lon="-0.01851334233514332">
    <ele>43.11</ele>
   </trkpt>
   <trkpt lat="38.62833333537533" lon="-0.019006675679515774">
    <ele>41.36</ele>
   </trkpt>
   <trkpt lat="38.627680000000005" lon="-0.0195">
    <ele>39.830000000000005</ele>
   </trkpt>
   <trkpt lat="38.627190000000006" lon="-0.0199">
    <ele>38.85</ele>
   </trkpt>
   <trkpt lat="38.62677500016376" lon="-0.02016000158243186">
    <ele>38.540000000000006</ele>
   </trkpt>
   <trkpt lat="38.626360000000005" lon="-0.02042">
    <ele>39.02</ele>
   </trkpt>
   <trkpt lat="38.625780000000006" lon="-0.020980000000000002">
    <ele>39.03</ele>
   </trkpt>
   <trkpt lat="38.625690000000006" lon="-0.021070000000000002">
    <ele>38.82</ele>
   </trkpt>
   <trkpt lat="38.625620000000005" lon="-0.021230000000000002">
    <ele>38.82</ele>
   </trkpt>
   <trkpt lat="38.62558000000001" lon="-0.02135">
    <ele>38.32</ele>
   </trkpt>
   <trkpt lat="38.625486675405504" lon="-0.02236333598366008">
    <ele>37.71</ele>
   </trkpt>
   <trkpt lat="38.625393342071014" lon="-0.02337666932957209">
    <ele>39.900000000000006</ele>
   </trkpt>
   <trkpt lat="38.6253" lon="-0.024390000000000002">
    <ele>39.85</ele>
   </trkpt>
   <trkpt lat="38.62521" lon="-0.024640000000000002">
    <ele>39.300000000000004</ele>
   </trkpt>
   <trkpt lat="38.62514" lon="-0.02475">
    <ele>39.300000000000004</ele>
   </trkpt>
   <trkpt lat="38.624990000000004" lon="-0.02492">
    <ele>38.790000000000006</ele>
   </trkpt>
   <trkpt lat="38.624770000000005" lon="-0.02508">
    <ele>37.38</ele>
   </trkpt>
   <trkpt lat="38.62400600412081" lon="-0.025572020966203014">
    <ele>33.870000000000005</ele>
   </trkpt>
   <trkpt lat="38.62324200618117" lon="-0.026064031448779647">
    <ele>31.200000000000003</ele>
   </trkpt>
   <trkpt lat="38.62247800618121" lon="-0.026556031448211656">
    <ele>26.79</ele>
   </trkpt>
   <trkpt lat="38.621714004121" lon="-0.02704802096498076">
    <ele>23.28</ele>
   </trkpt>
   <trkpt lat="38.62095" lon="-0.027540000000000002">
    <ele>19.48</ele>
   </trkpt>
   <trkpt lat="38.62046" lon="-0.027920000000000004">
    <ele>15.76</ele>
   </trkpt>
   <trkpt lat="38.620110000000004" lon="-0.02823">
    <ele>14.74</ele>
   </trkpt>
   <trkpt lat="38.61972000071491" lon="-0.028625002096270787">
    <ele>13.47</ele>
   </trkpt>
   <trkpt lat="38.619330000000005" lon="-0.02902">
    <ele>13.13</ele>
   </trkpt>
   <trkpt lat="38.61863500581379" lon="-0.029695019624439843">
    <ele>12.290000000000001</ele>
   </trkpt>
   <trkpt lat="38.61794000774958" lon="-0.030370026167545493">
    <ele>12.32</ele>
   </trkpt>
   <trkpt lat="38.617245005807554" lon="-0.031045019629822868">
    <ele>12.92</ele>
   </trkpt>
   <trkpt lat="38.616550000000004" lon="-0.031720000000000005">
    <ele>13.590000000000002</ele>
   </trkpt>
   <trkpt lat="38.61587288150062" lon="-0.03238365285762739">
    <ele>14.08</ele>
   </trkpt>
   <trkpt lat="38.61519575925283" lon="-0.03304729318622957">
    <ele>14.72</ele>
   </trkpt>
   <trkpt lat="38.61451863325679" lon="-0.03371092098627737">
    <ele>16.14</ele>
   </trkpt>
   <trkpt lat="38.61384150351268" lon="-0.03437453625824158">
    <ele>16.57</ele>
   </trkpt>
   <trkpt lat="38.61316437002064" lon="-0.035038139002592984">
    <ele>13.200000000000001</ele>
   </trkpt>
   <trkpt lat="38.612487232780836" lon="-0.035701729219802344">
    <ele>11.520000000000001</ele>
   </trkpt>
   <trkpt lat="38.61181009179342" lon="-0.036365306910340435">
    <ele>10.610000000000001</ele>
   </trkpt>
   <trkpt lat="38.61113294705859" lon="-0.03702887207467796">
    <ele>10.530000000000001</ele>
   </trkpt>
   <trkpt lat="38.61045579857647" lon="-0.03769242471328568">
    <ele>10.57</ele>
   </trkpt>
   <trkpt lat="38.60977864634725" lon="-0.03835596482663427">
    <ele>11.250000000000002</ele>
   </trkpt>
   <trkpt lat="38.60910149037105" lon="-0.03901949241519443">
    <ele>11.290000000000001</ele>
   </trkpt>
   <trkpt lat="38.60842433064808" lon="-0.039683007479436844">
    <ele>10.650000000000002</ele>
   </trkpt>
   <trkpt lat="38.60774716717846" lon="-0.04034651001983216">
    <ele>11.66</ele>
   </trkpt>
   <trkpt lat="38.60707" lon="-0.041010000000000005">
    <ele>12.57</ele>
   </trkpt>
   <trkpt lat="38.606422006710815" lon="-0.04163802268607549">
    <ele>12.41</ele>
   </trkpt>
   <trkpt lat="38.60577401006517" lon="-0.04226603402960196">
    <ele>12.360000000000001</ele>
   </trkpt>
   <trkpt lat="38.60512601006318" lon="-0.04289403403098862">
    <ele>12.25</ele>
   </trkpt>
   <trkpt lat="38.60447800670499" lon="-0.04352202269064461">
    <ele>11.070000000000002</ele>
   </trkpt>
   <trkpt lat="38.60383" lon="-0.04415">
    <ele>10.030000000000001</ele>
   </trkpt>
   <trkpt lat="38.60338" lon="-0.0446">
    <ele>9.75</ele>
   </trkpt>
   <trkpt lat="38.60325" lon="-0.04469">
    <ele>9.74</ele>
   </trkpt>
   <trkpt lat="38.602900000000005" lon="-0.04508">
    <ele>9.4</ele>
   </trkpt>
   <trkpt lat="38.60226500137757" lon="-0.04567500538526155">
    <ele>8.98</ele>
   </trkpt>
   <trkpt lat="38.60163" lon="-0.046270000000000006">
    <ele>8.63</ele>
   </trkpt>
   <trkpt lat="38.601240000000004" lon="-0.046700000000000005">
    <ele>8.690000000000001</ele>
   </trkpt>
   <trkpt lat="38.60072" lon="-0.04718000000000001">
    <ele>8.97</ele>
   </trkpt>
   <trkpt lat="38.60030500067804" lon="-0.0475900024074507">
    <ele>9.11</ele>
   </trkpt>
   <trkpt lat="38.59989" lon="-0.048">
    <ele>8.780000000000001</ele>
   </trkpt>
   <trkpt lat="38.599395000487654" lon="-0.04830500204686768">
    <ele>8.440000000000001</ele>
   </trkpt>
   <trkpt lat="38.5989" lon="-0.04861000000000001">
    <ele>8.83</ele>
   </trkpt>
   <trkpt lat="38.598469999927055" lon="-0.048860001694708485">
    <ele>9.36</ele>
   </trkpt>
   <trkpt lat="38.598040000000005" lon="-0.04911">
    <ele>9.690000000000001</ele>
   </trkpt>
   <trkpt lat="38.59794" lon="-0.0492">
    <ele>10.32</ele>
   </trkpt>
   <trkpt lat="38.59759000090152" lon="-0.04967500239548695">
    <ele>11.05</ele>
   </trkpt>
   <trkpt lat="38.597240000000006" lon="-0.05015000000000001">
    <ele>12.55</ele>
   </trkpt>
   <trkpt lat="38.596742505252685" lon="-0.050792513380270174">
    <ele>13.01</ele>
   </trkpt>
   <trkpt lat="38.59624500699247" lon="-0.05143501785446543">
    <ele>12.64</ele>
   </trkpt>
   <trkpt lat="38.595747505219464" lon="-0.05207751342280493">
    <ele>12.48</ele>
   </trkpt>
   <trkpt lat="38.59525" lon="-0.05272">
    <ele>12.05</ele>
   </trkpt>
   <trkpt lat="38.594750000000005" lon="-0.05339000000000001">
    <ele>11.89</ele>
   </trkpt>
   <trkpt lat="38.59415667174075" lon="-0.054160012690676496">
    <ele>12.090000000000002</ele>
   </trkpt>
   <trkpt lat="38.5935633384362" lon="-0.05493001265311996">
    <ele>12.24</ele>
   </trkpt>
   <trkpt lat="38.59297" lon="-0.055700000000000006">
    <ele>9.4</ele>
   </trkpt>
   <trkpt lat="38.592330000000004" lon="-0.054950000000000006">
    <ele>6.73</ele>
   </trkpt>
   <trkpt lat="38.59168750388876" lon="-0.05550251483951929">
    <ele>6.68</ele>
   </trkpt>
   <trkpt lat="38.591045005179915" lon="-0.056055019790092746">
    <ele>6.61</ele>
   </trkpt>
   <trkpt lat="38.59040250387362" lon="-0.05660751485208485">
    <ele>6.55</ele>
   </trkpt>
   <trkpt lat="38.589760000000005" lon="-0.05716">
    <ele>6.3100000000000005</ele>
   </trkpt>
   <trkpt lat="38.58946" lon="-0.05738000000000001">
    <ele>6.3100000000000005</ele>
   </trkpt>
   <trkpt lat="38.588875000229294" lon="-0.05771500287150296">
    <ele>6.08</ele>
   </trkpt>
   <trkpt lat="38.58829" lon="-0.058050000000000004">
    <ele>6.300000000000001</ele>
   </trkpt>
   <trkpt lat="38.58766666797103" lon="-0.05845000698134001">
    <ele>6.95</ele>
   </trkpt>
   <trkpt lat="38.5870433345806" lon="-0.058850007017879735">
    <ele>7.46</ele>
   </trkpt>
   <trkpt lat="38.586420000000004" lon="-0.059250000000000004">
    <ele>7.670000000000001</ele>
   </trkpt>
   <trkpt lat="38.5856466686372" lon="-0.05972667691024796">
    <ele>7.840000000000002</ele>
   </trkpt>
   <trkpt lat="38.584873335341065" lon="-0.06020334355381081">
    <ele>7.99</ele>
   </trkpt>
   <trkpt lat="38.58410000000001" lon="-0.060680000000000005">
    <ele>8.020000000000001</ele>
   </trkpt>
   <trkpt lat="38.58342500110455" lon="-0.06120000492280938">
    <ele>8.049999999999999</ele>
   </trkpt>
   <trkpt lat="38.582750000000004" lon="-0.061720000000000004">
    <ele>8.180000000000001</ele>
   </trkpt>
   <trkpt lat="38.58229" lon="-0.062000000000000006">
    <ele>8.370000000000001</ele>
   </trkpt>
   <trkpt lat="38.58218" lon="-0.062110000000000005">
    <ele>8.25</ele>
   </trkpt>
   <trkpt lat="38.5822" lon="-0.06219">
    <ele>8.25</ele>
   </trkpt>
   <trkpt lat="38.58216" lon="-0.062270000000000006">
    <ele>8.24</ele>
   </trkpt>
   <trkpt lat="38.582100000000004" lon="-0.06228">
    <ele>8.24</ele>
   </trkpt>
   <trkpt lat="38.582060000000006" lon="-0.06226">
    <ele>8.24</ele>
   </trkpt>
   <trkpt lat="38.58205" lon="-0.062220000000000004">
    <ele>8.3</ele>
   </trkpt>
   <trkpt lat="38.581440000359706" lon="-0.06245000394100782">
    <ele>8.180000000000001</ele>
   </trkpt>
   <trkpt lat="38.58083000026931" lon="-0.06268000397504131">
    <ele>8.17</ele>
   </trkpt>
   <trkpt lat="38.580220000000004" lon="-0.06291000000000001">
    <ele>8.3</ele>
   </trkpt>
   <trkpt lat="38.579724999968995" lon="-0.06312000154000884">
    <ele>8.43</ele>
   </trkpt>
   <trkpt lat="38.57923" lon="-0.06333000000000001">
    <ele>8.350000000000001</ele>
   </trkpt>
   <trkpt lat="38.57864" lon="-0.06368">
    <ele>8.24</ele>
   </trkpt>
   <trkpt lat="38.578125000510944" lon="-0.06401000233547756">
    <ele>8.41</ele>
   </trkpt>
   <trkpt lat="38.57761" lon="-0.06434000000000001">
    <ele>8.41</ele>
   </trkpt>
   <trkpt lat="38.57715" lon="-0.0645">
    <ele>8.110000000000001</ele>
   </trkpt>
   <trkpt lat="38.57705" lon="-0.06455000000000001">
    <ele>7.670000000000001</ele>
   </trkpt>
   <trkpt lat="38.577070000000006" lon="-0.06468">
    <ele>7.51</ele>
   </trkpt>
   <trkpt lat="38.577020000000005" lon="-0.06475">
    <ele>7.51</ele>
   </trkpt>
   <trkpt lat="38.57692" lon="-0.06471">
    <ele>7.38</ele>
   </trkpt>
   <trkpt lat="38.5769" lon="-0.06462000000000001">
    <ele>7.38</ele>
   </trkpt>
   <trkpt lat="38.57686" lon="-0.06458">
    <ele>7.38</ele>
   </trkpt>
   <trkpt lat="38.57681" lon="-0.06461">
    <ele>7.38</ele>
   </trkpt>
   <trkpt lat="38.57661" lon="-0.06463">
    <ele>7.21</ele>
   </trkpt>
   <trkpt lat="38.57608000003796" lon="-0.06470500055136927">
    <ele>7.19</ele>
   </trkpt>
   <trkpt lat="38.57555" lon="-0.06478">
    <ele>7.11</ele>
   </trkpt>
   <trkpt lat="38.574864999733485" lon="-0.06478">
    <ele>7.25</ele>
   </trkpt>
   <trkpt lat="38.574180000000005" lon="-0.06478">
    <ele>7.5200000000000005</ele>
   </trkpt>
   <trkpt lat="38.5741" lon="-0.06479">
    <ele>7.5200000000000005</ele>
   </trkpt>
  </trkseg>
 </trk>
</gpx>
