<?xml version="1.0" encoding="UTF-8"?>
<gpx creator="StravaGPX" version="1.1" xmlns="http://www.topografix.com/GPX/1/1" xmlns:xsi="http://www.w3.org/2001/XMLSchema-instance" xsi:schemaLocation="http://www.topografix.com/GPX/1/1 http://www.topografix.com/GPX/1/1/gpx.xsd">
 <metadata>
  <name>🔴 Rit 2: Het Tweeluik van de Puig Campana &amp; Sella-lus🌴</name>
  <author>
   <name>Roel Terro ⚡️Forza Fortuna 🧡</name>
   <link href="https://www.strava.com/athletes/3097444"/>
  </author>
  <copyright author="OpenStreetMap contributors">
   <year>2020</year>
   <license>https://www.openstreetmap.org/copyright</license>
  </copyright>
  <link href="https://www.strava.com/routes/3535992618568042530"/>
 </metadata>
 <trk>
  <name>🔴 Rit 2: Het Tweeluik van de Puig Campana &amp; Sella-lus🌴</name>
  <link href="https://www.strava.com/routes/3535992618568042530"/>
  <type>cycling</type>
  <trkseg>
   <trkpt lat="38.57359" lon="-0.06479">
    <ele>7.74</ele>
   </trkpt>
   <trkpt lat="38.573310000000006" lon="-0.06479">
    <ele>7.95</ele>
   </trkpt>
   <trkpt lat="38.573170000000005" lon="-0.06482">
    <ele>8.280000000000001</ele>
   </trkpt>
   <trkpt lat="38.57309" lon="-0.06489">
    <ele>8.89</ele>
   </trkpt>
   <trkpt lat="38.57305" lon="-0.06497">
    <ele>8.89</ele>
   </trkpt>
   <trkpt lat="38.57303" lon="-0.06508">
    <ele>9.21</ele>
   </trkpt>
   <trkpt lat="38.573040000000006" lon="-0.06518">
    <ele>9.41</ele>
   </trkpt>
   <trkpt lat="38.57316" lon="-0.06543">
    <ele>10.730000000000002</ele>
   </trkpt>
   <trkpt lat="38.57323" lon="-0.06570000000000001">
    <ele>11.780000000000001</ele>
   </trkpt>
   <trkpt lat="38.57309" lon="-0.06572">
    <ele>12.5</ele>
   </trkpt>
   <trkpt lat="38.572505000640916" lon="-0.0660800028762114">
    <ele>13.860000000000001</ele>
   </trkpt>
   <trkpt lat="38.571920000000006" lon="-0.06644">
    <ele>17.040000000000003</ele>
   </trkpt>
   <trkpt lat="38.5718" lon="-0.06657">
    <ele>17.43</ele>
   </trkpt>
   <trkpt lat="38.5717" lon="-0.0669">
    <ele>17.76</ele>
   </trkpt>
   <trkpt lat="38.57155000216039" lon="-0.0676150015610289">
    <ele>18.03</ele>
   </trkpt>
   <trkpt lat="38.571400000000004" lon="-0.06833">
    <ele>18.04</ele>
   </trkpt>
   <trkpt lat="38.5714700025235" lon="-0.06909999926459527">
    <ele>17.95</ele>
   </trkpt>
   <trkpt lat="38.571540000000006" lon="-0.06987">
    <ele>18.13</ele>
   </trkpt>
   <trkpt lat="38.57159" lon="-0.07008">
    <ele>18.09</ele>
   </trkpt>
   <trkpt lat="38.571690000000004" lon="-0.07032000000000001">
    <ele>17.87</ele>
   </trkpt>
   <trkpt lat="38.571850000000005" lon="-0.07058">
    <ele>17.46</ele>
   </trkpt>
   <trkpt lat="38.572050000000004" lon="-0.07105">
    <ele>16.490000000000002</ele>
   </trkpt>
   <trkpt lat="38.57222334313678" lon="-0.072123328166277">
    <ele>15.4</ele>
   </trkpt>
   <trkpt lat="38.57239667647209" lon="-0.07319666151176817">
    <ele>15.89</ele>
   </trkpt>
   <trkpt lat="38.572570000000006" lon="-0.07427">
    <ele>16.42</ele>
   </trkpt>
   <trkpt lat="38.57258" lon="-0.07457000000000001">
    <ele>16.87</ele>
   </trkpt>
   <trkpt lat="38.572630000000004" lon="-0.07471000000000001">
    <ele>17.0</ele>
   </trkpt>
   <trkpt lat="38.572680000000005" lon="-0.0748">
    <ele>16.990000000000002</ele>
   </trkpt>
   <trkpt lat="38.57267" lon="-0.07488">
    <ele>17.080000000000002</ele>
   </trkpt>
   <trkpt lat="38.57262" lon="-0.07493000000000001">
    <ele>17.080000000000002</ele>
   </trkpt>
   <trkpt lat="38.57256" lon="-0.07493000000000001">
    <ele>17.080000000000002</ele>
   </trkpt>
   <trkpt lat="38.572390000000006" lon="-0.07499">
    <ele>17.830000000000002</ele>
   </trkpt>
   <trkpt lat="38.57197" lon="-0.07545">
    <ele>18.660000000000004</ele>
   </trkpt>
   <trkpt lat="38.57132500097224" lon="-0.07590000396252172">
    <ele>20.21</ele>
   </trkpt>
   <trkpt lat="38.57068" lon="-0.07635">
    <ele>21.51</ele>
   </trkpt>
   <trkpt lat="38.57058" lon="-0.07644000000000001">
    <ele>21.810000000000002</ele>
   </trkpt>
   <trkpt lat="38.57063" lon="-0.07653">
    <ele>21.52</ele>
   </trkpt>
   <trkpt lat="38.57063" lon="-0.0766">
    <ele>21.52</ele>
   </trkpt>
   <trkpt lat="38.57061" lon="-0.0767">
    <ele>21.61</ele>
   </trkpt>
   <trkpt lat="38.5705" lon="-0.07674">
    <ele>21.61</ele>
   </trkpt>
   <trkpt lat="38.57045" lon="-0.07674">
    <ele>22.060000000000002</ele>
   </trkpt>
   <trkpt lat="38.57041" lon="-0.07666">
    <ele>22.060000000000002</ele>
   </trkpt>
   <trkpt lat="38.570280000000004" lon="-0.07676000000000001">
    <ele>22.330000000000002</ele>
   </trkpt>
   <trkpt lat="38.57018" lon="-0.07687000000000001">
    <ele>22.53</ele>
   </trkpt>
   <trkpt lat="38.57021" lon="-0.07692">
    <ele>22.53</ele>
   </trkpt>
   <trkpt lat="38.57002000000001" lon="-0.07724">
    <ele>22.78</ele>
   </trkpt>
   <trkpt lat="38.56985" lon="-0.07757">
    <ele>23.330000000000002</ele>
   </trkpt>
   <trkpt lat="38.569660000000006" lon="-0.07813">
    <ele>24.12</ele>
   </trkpt>
   <trkpt lat="38.56947000323502" lon="-0.07900000223069664">
    <ele>26.050000000000004</ele>
   </trkpt>
   <trkpt lat="38.569280000000006" lon="-0.07987000000000001">
    <ele>27.73</ele>
   </trkpt>
   <trkpt lat="38.56913500145451" lon="-0.08045000107639556">
    <ele>28.450000000000003</ele>
   </trkpt>
   <trkpt lat="38.56899000000001" lon="-0.08103">
    <ele>28.990000000000002</ele>
   </trkpt>
   <trkpt lat="38.56877" lon="-0.08179">
    <ele>29.67</ele>
   </trkpt>
   <trkpt lat="38.56862" lon="-0.08221">
    <ele>30.29</ele>
   </trkpt>
   <trkpt lat="38.56844" lon="-0.0826">
    <ele>31.13</ele>
   </trkpt>
   <trkpt lat="38.56814" lon="-0.08317000000000001">
    <ele>32.64</ele>
   </trkpt>
   <trkpt lat="38.56774333693452" lon="-0.08382000716534917">
    <ele>33.300000000000004</ele>
   </trkpt>
   <trkpt lat="38.56734667027454" lon="-0.08447000715431319">
    <ele>33.71</ele>
   </trkpt>
   <trkpt lat="38.566950000000006" lon="-0.08512">
    <ele>34.160000000000004</ele>
   </trkpt>
   <trkpt lat="38.56687" lon="-0.0854">
    <ele>34.56</ele>
   </trkpt>
   <trkpt lat="38.56689" lon="-0.08561">
    <ele>34.620000000000005</ele>
   </trkpt>
   <trkpt lat="38.56683" lon="-0.08576">
    <ele>34.71</ele>
   </trkpt>
   <trkpt lat="38.5668" lon="-0.08572">
    <ele>34.71</ele>
   </trkpt>
   <trkpt lat="38.56671" lon="-0.08582000000000001">
    <ele>34.96</ele>
   </trkpt>
   <trkpt lat="38.566590000000005" lon="-0.08582000000000001">
    <ele>34.96</ele>
   </trkpt>
   <trkpt lat="38.56653" lon="-0.08578000000000001">
    <ele>34.96</ele>
   </trkpt>
   <trkpt lat="38.566100002449126" lon="-0.08653500447498012">
    <ele>35.34</ele>
   </trkpt>
   <trkpt lat="38.565670000000004" lon="-0.08729">
    <ele>36.120000000000005</ele>
   </trkpt>
   <trkpt lat="38.565260003788836" lon="-0.08795667426118015">
    <ele>36.800000000000004</ele>
   </trkpt>
   <trkpt lat="38.56485000379652" lon="-0.0886233409152327">
    <ele>37.4</ele>
   </trkpt>
   <trkpt lat="38.564440000000005" lon="-0.08929000000000001">
    <ele>38.01</ele>
   </trkpt>
   <trkpt lat="38.564310000000006" lon="-0.08966">
    <ele>38.14</ele>
   </trkpt>
   <trkpt lat="38.564220000000006" lon="-0.08998">
    <ele>38.11000000000001</ele>
   </trkpt>
   <trkpt lat="38.56419" lon="-0.09018000000000001">
    <ele>38.14</ele>
   </trkpt>
   <trkpt lat="38.5641" lon="-0.09027">
    <ele>38.23</ele>
   </trkpt>
   <trkpt lat="38.563970000000005" lon="-0.0903">
    <ele>38.43000000000001</ele>
   </trkpt>
   <trkpt lat="38.563410000000005" lon="-0.09076000000000001">
    <ele>39.1</ele>
   </trkpt>
   <trkpt lat="38.56293" lon="-0.09133000000000001">
    <ele>39.830000000000005</ele>
   </trkpt>
   <trkpt lat="38.562740000000005" lon="-0.09151000000000001">
    <ele>39.830000000000005</ele>
   </trkpt>
   <trkpt lat="38.56237" lon="-0.0918">
    <ele>39.85</ele>
   </trkpt>
   <trkpt lat="38.56164400463218" lon="-0.09232202109408268">
    <ele>39.81</ele>
   </trkpt>
   <trkpt lat="38.56091800694614" lon="-0.09284403164212036">
    <ele>39.6</ele>
   </trkpt>
   <trkpt lat="38.560192006942" lon="-0.09336603164456657">
    <ele>38.85</ele>
   </trkpt>
   <trkpt lat="38.55946600461987" lon="-0.0938880211018748">
    <ele>36.83</ele>
   </trkpt>
   <trkpt lat="38.55874" lon="-0.09441000000000001">
    <ele>35.2</ele>
   </trkpt>
   <trkpt lat="38.55834" lon="-0.09482">
    <ele>34.410000000000004</ele>
   </trkpt>
   <trkpt lat="38.55777250528013" lon="-0.09546501530895389">
    <ele>33.02</ele>
   </trkpt>
   <trkpt lat="38.55720500702103" lon="-0.09611002043337809">
    <ele>31.82</ele>
   </trkpt>
   <trkpt lat="38.55663750522287" lon="-0.09675501537357684">
    <ele>30.740000000000002</ele>
   </trkpt>
   <trkpt lat="38.556070000000005" lon="-0.09740000000000001">
    <ele>29.59</ele>
   </trkpt>
   <trkpt lat="38.555435002112915" lon="-0.09810500622865345">
    <ele>27.96</ele>
   </trkpt>
   <trkpt lat="38.5548" lon="-0.09881000000000001">
    <ele>26.860000000000003</ele>
   </trkpt>
   <trkpt lat="38.554320000000004" lon="-0.0994">
    <ele>26.04</ele>
   </trkpt>
   <trkpt lat="38.554280000000006" lon="-0.0995">
    <ele>25.970000000000002</ele>
   </trkpt>
   <trkpt lat="38.554100000000005" lon="-0.09975">
    <ele>26.04</ele>
   </trkpt>
   <trkpt lat="38.554050000000004" lon="-0.09987000000000001">
    <ele>25.96</ele>
   </trkpt>
   <trkpt lat="38.55386" lon="-0.09996000000000001">
    <ele>25.720000000000002</ele>
   </trkpt>
   <trkpt lat="38.55382" lon="-0.09996000000000001">
    <ele>25.720000000000002</ele>
   </trkpt>
   <trkpt lat="38.55331500112093" lon="-0.10051500410641769">
    <ele>26.09</ele>
   </trkpt>
   <trkpt lat="38.55281" lon="-0.10107000000000001">
    <ele>26.490000000000002</ele>
   </trkpt>
   <trkpt lat="38.5525" lon="-0.10133">
    <ele>26.55</ele>
   </trkpt>
   <trkpt lat="38.55203" lon="-0.10161">
    <ele>26.26</ele>
   </trkpt>
   <trkpt lat="38.55135000049988" lon="-0.1019400031032674">
    <ele>24.6</ele>
   </trkpt>
   <trkpt lat="38.550670000000004" lon="-0.10227000000000001">
    <ele>23.28</ele>
   </trkpt>
   <trkpt lat="38.550200000266486" lon="-0.10248500137343725">
    <ele>21.910000000000004</ele>
   </trkpt>
   <trkpt lat="38.549730000000004" lon="-0.10270000000000001">
    <ele>21.02</ele>
   </trkpt>
   <trkpt lat="38.54907" lon="-0.10298">
    <ele>19.810000000000002</ele>
   </trkpt>
   <trkpt lat="38.54869" lon="-0.10318000000000001">
    <ele>19.040000000000003</ele>
   </trkpt>
   <trkpt lat="38.54836" lon="-0.10347">
    <ele>18.85</ele>
   </trkpt>
   <trkpt lat="38.54793" lon="-0.10398">
    <ele>18.53</ele>
   </trkpt>
   <trkpt lat="38.547610000000006" lon="-0.10427000000000002">
    <ele>17.84</ele>
   </trkpt>
   <trkpt lat="38.547250000000005" lon="-0.10448">
    <ele>17.07</ele>
   </trkpt>
   <trkpt lat="38.5467250003026" lon="-0.10474000189072759">
    <ele>15.67</ele>
   </trkpt>
   <trkpt lat="38.546200000000006" lon="-0.10500000000000001">
    <ele>14.090000000000002</ele>
   </trkpt>
   <trkpt lat="38.54594" lon="-0.10515000000000001">
    <ele>13.540000000000001</ele>
   </trkpt>
   <trkpt lat="38.54572" lon="-0.10537">
    <ele>12.940000000000001</ele>
   </trkpt>
   <trkpt lat="38.545370000000005" lon="-0.10594">
    <ele>12.55</ele>
   </trkpt>
   <trkpt lat="38.545" lon="-0.10641">
    <ele>12.17</ele>
   </trkpt>
   <trkpt lat="38.54473" lon="-0.10671000000000001">
    <ele>12.090000000000002</ele>
   </trkpt>
   <trkpt lat="38.54457" lon="-0.10679000000000001">
    <ele>11.860000000000001</ele>
   </trkpt>
   <trkpt lat="38.544125000304184" lon="-0.10699000117728517">
    <ele>11.64</ele>
   </trkpt>
   <trkpt lat="38.54368" lon="-0.10719000000000001">
    <ele>11.250000000000002</ele>
   </trkpt>
   <trkpt lat="38.54294" lon="-0.10737000000000001">
    <ele>11.19</ele>
   </trkpt>
   <trkpt lat="38.5428" lon="-0.10744000000000001">
    <ele>11.030000000000001</ele>
   </trkpt>
   <trkpt lat="38.54254" lon="-0.10758000000000001">
    <ele>10.990000000000002</ele>
   </trkpt>
   <trkpt lat="38.54238" lon="-0.10772000000000001">
    <ele>10.92</ele>
   </trkpt>
   <trkpt lat="38.54236" lon="-0.10773">
    <ele>10.92</ele>
   </trkpt>
   <trkpt lat="38.54211" lon="-0.10805000000000001">
    <ele>10.360000000000001</ele>
   </trkpt>
   <trkpt lat="38.54196" lon="-0.10827">
    <ele>10.3</ele>
   </trkpt>
   <trkpt lat="38.541760000000004" lon="-0.10866">
    <ele>10.24</ele>
   </trkpt>
   <trkpt lat="38.541470000000004" lon="-0.10938">
    <ele>10.55</ele>
   </trkpt>
   <trkpt lat="38.541430000000005" lon="-0.10950000000000001">
    <ele>10.55</ele>
   </trkpt>
   <trkpt lat="38.541430000000005" lon="-0.10959">
    <ele>10.520000000000001</ele>
   </trkpt>
   <trkpt lat="38.54137" lon="-0.10965000000000001">
    <ele>10.520000000000001</ele>
   </trkpt>
   <trkpt lat="38.54131" lon="-0.10978">
    <ele>10.55</ele>
   </trkpt>
   <trkpt lat="38.54108500145781" lon="-0.11037000190500944">
    <ele>10.540000000000001</ele>
   </trkpt>
   <trkpt lat="38.54086" lon="-0.11096">
    <ele>10.650000000000002</ele>
   </trkpt>
   <trkpt lat="38.540635001188555" lon="-0.1115000018130402">
    <ele>11.0</ele>
   </trkpt>
   <trkpt lat="38.54041" lon="-0.11204000000000001">
    <ele>11.330000000000002</ele>
   </trkpt>
   <trkpt lat="38.540115001720224" lon="-0.11269000283468697">
    <ele>12.24</ele>
   </trkpt>
   <trkpt lat="38.539820000000006" lon="-0.11334000000000001">
    <ele>13.170000000000002</ele>
   </trkpt>
   <trkpt lat="38.539860000000004" lon="-0.11342">
    <ele>13.170000000000002</ele>
   </trkpt>
   <trkpt lat="38.539840000000005" lon="-0.11346">
    <ele>13.09</ele>
   </trkpt>
   <trkpt lat="38.53978" lon="-0.11346">
    <ele>13.110000000000001</ele>
   </trkpt>
   <trkpt lat="38.53943" lon="-0.11412000000000001">
    <ele>12.47</ele>
   </trkpt>
   <trkpt lat="38.539370000000005" lon="-0.11442000000000001">
    <ele>12.540000000000001</ele>
   </trkpt>
   <trkpt lat="38.539508021797786" lon="-0.11555199130473762">
    <ele>13.66</ele>
   </trkpt>
   <trkpt lat="38.53964603269631" lon="-0.11668398695359314">
    <ele>14.370000000000001</ele>
   </trkpt>
   <trkpt lat="38.53978403269547" lon="-0.11781598694626162">
    <ele>15.510000000000002</ele>
   </trkpt>
   <trkpt lat="38.53992202179518" lon="-0.11894799128243819">
    <ele>17.25</ele>
   </trkpt>
   <trkpt lat="38.540060000000004" lon="-0.12008">
    <ele>19.19</ele>
   </trkpt>
   <trkpt lat="38.54017" lon="-0.12012">
    <ele>19.53</ele>
   </trkpt>
   <trkpt lat="38.54023" lon="-0.12023">
    <ele>19.91</ele>
   </trkpt>
   <trkpt lat="38.541020000006945" lon="-0.12022000032944227">
    <ele>23.380000000000003</ele>
   </trkpt>
   <trkpt lat="38.541810000013065" lon="-0.12021000043921583">
    <ele>27.080000000000002</ele>
   </trkpt>
   <trkpt lat="38.54260000001831" lon="-0.12020000032930961">
    <ele>29.7</ele>
   </trkpt>
   <trkpt lat="38.54339" lon="-0.12019">
    <ele>32.92</ele>
   </trkpt>
   <trkpt lat="38.54356000000001" lon="-0.12013000000000001">
    <ele>33.160000000000004</ele>
   </trkpt>
   <trkpt lat="38.54372" lon="-0.11998">
    <ele>33.370000000000005</ele>
   </trkpt>
   <trkpt lat="38.54386" lon="-0.11992000000000001">
    <ele>33.57</ele>
   </trkpt>
   <trkpt lat="38.543960000000006" lon="-0.11993000000000001">
    <ele>33.57</ele>
   </trkpt>
   <trkpt lat="38.54404" lon="-0.11997000000000001">
    <ele>33.79</ele>
   </trkpt>
   <trkpt lat="38.54412000000001" lon="-0.12004000000000001">
    <ele>33.79</ele>
   </trkpt>
   <trkpt lat="38.54415" lon="-0.12010000000000001">
    <ele>33.79</ele>
   </trkpt>
   <trkpt lat="38.544180000000004" lon="-0.12026">
    <ele>33.79</ele>
   </trkpt>
   <trkpt lat="38.54412000000001" lon="-0.12047000000000001">
    <ele>33.6</ele>
   </trkpt>
   <trkpt lat="38.544090000000004" lon="-0.12051">
    <ele>33.6</ele>
   </trkpt>
   <trkpt lat="38.543980000000005" lon="-0.12061000000000001">
    <ele>32.900000000000006</ele>
   </trkpt>
   <trkpt lat="38.543850000000006" lon="-0.12066">
    <ele>32.900000000000006</ele>
   </trkpt>
   <trkpt lat="38.543730000000004" lon="-0.12066">
    <ele>32.690000000000005</ele>
   </trkpt>
   <trkpt lat="38.54366" lon="-0.12063000000000001">
    <ele>32.690000000000005</ele>
   </trkpt>
   <trkpt lat="38.543490000000006" lon="-0.12070000000000002">
    <ele>32.230000000000004</ele>
   </trkpt>
   <trkpt lat="38.54343" lon="-0.12076">
    <ele>31.93</ele>
   </trkpt>
   <trkpt lat="38.543290000000006" lon="-0.12090000000000001">
    <ele>31.580000000000002</ele>
   </trkpt>
   <trkpt lat="38.542655002658925" lon="-0.12170500723056907">
    <ele>28.93</ele>
   </trkpt>
   <trkpt lat="38.54202" lon="-0.12251000000000001">
    <ele>25.900000000000002</ele>
   </trkpt>
   <trkpt lat="38.541700000000006" lon="-0.12295">
    <ele>24.560000000000002</ele>
   </trkpt>
   <trkpt lat="38.54162" lon="-0.12309">
    <ele>24.35</ele>
   </trkpt>
   <trkpt lat="38.541540000000005" lon="-0.12337000000000001">
    <ele>23.950000000000003</ele>
   </trkpt>
   <trkpt lat="38.54153" lon="-0.12355000000000001">
    <ele>23.91</ele>
   </trkpt>
   <trkpt lat="38.54158" lon="-0.12387000000000001">
    <ele>24.240000000000002</ele>
   </trkpt>
   <trkpt lat="38.54193501109835" lon="-0.12480248620209879">
    <ele>27.26</ele>
   </trkpt>
   <trkpt lat="38.54229001480054" lon="-0.12573498160968646">
    <ele>29.92</ele>
   </trkpt>
   <trkpt lat="38.54264501110641" lon="-0.12666748622277924">
    <ele>32.550000000000004</ele>
   </trkpt>
   <trkpt lat="38.543000000000006" lon="-0.12760000000000002">
    <ele>34.81</ele>
   </trkpt>
   <trkpt lat="38.54327000398801" lon="-0.1282866614533025">
    <ele>36.730000000000004</ele>
   </trkpt>
   <trkpt lat="38.543540003965404" lon="-0.1289733280624151">
    <ele>37.51</ele>
   </trkpt>
   <trkpt lat="38.54381" lon="-0.12966">
    <ele>37.83</ele>
   </trkpt>
   <trkpt lat="38.543800000000005" lon="-0.12978">
    <ele>37.94</ele>
   </trkpt>
   <trkpt lat="38.54402" lon="-0.13039">
    <ele>38.07</ele>
   </trkpt>
   <trkpt lat="38.54404" lon="-0.13051000000000001">
    <ele>38.02</ele>
   </trkpt>
   <trkpt lat="38.54404" lon="-0.13056">
    <ele>38.02</ele>
   </trkpt>
   <trkpt lat="38.543910000000004" lon="-0.13135000000000002">
    <ele>38.35</ele>
   </trkpt>
   <trkpt lat="38.543820000000004" lon="-0.13164">
    <ele>39.339999999999996</ele>
   </trkpt>
   <trkpt lat="38.54357" lon="-0.13205">
    <ele>41.5</ele>
   </trkpt>
   <trkpt lat="38.54312" lon="-0.13251000000000002">
    <ele>41.67</ele>
   </trkpt>
   <trkpt lat="38.54252000234937" lon="-0.13303334204784006">
    <ele>38.42</ele>
   </trkpt>
   <trkpt lat="38.541920002369096" lon="-0.13355667536382754">
    <ele>33.59</ele>
   </trkpt>
   <trkpt lat="38.541320000000006" lon="-0.13408">
    <ele>30.88</ele>
   </trkpt>
   <trkpt lat="38.54121000000001" lon="-0.13416">
    <ele>28.090000000000003</ele>
   </trkpt>
   <trkpt lat="38.54065000000001" lon="-0.13463">
    <ele>25.85</ele>
   </trkpt>
   <trkpt lat="38.540510000000005" lon="-0.13478">
    <ele>25.650000000000002</ele>
   </trkpt>
   <trkpt lat="38.539882503884485" lon="-0.13533251446887698">
    <ele>20.6</ele>
   </trkpt>
   <trkpt lat="38.53925500517246" lon="-0.135885019297582">
    <ele>16.78</ele>
   </trkpt>
   <trkpt lat="38.538627503864014" lon="-0.13643751448646008">
    <ele>16.09</ele>
   </trkpt>
   <trkpt lat="38.538000000000004" lon="-0.13699">
    <ele>14.980000000000002</ele>
   </trkpt>
   <trkpt lat="38.537940000000006" lon="-0.13707">
    <ele>14.980000000000002</ele>
   </trkpt>
   <trkpt lat="38.53726" lon="-0.13767000000000001">
    <ele>13.83</ele>
   </trkpt>
   <trkpt lat="38.537290000000006" lon="-0.13782">
    <ele>13.790000000000001</ele>
   </trkpt>
   <trkpt lat="38.537220000000005" lon="-0.13803">
    <ele>13.680000000000001</ele>
   </trkpt>
   <trkpt lat="38.537200000000006" lon="-0.13865000000000002">
    <ele>13.450000000000001</ele>
   </trkpt>
   <trkpt lat="38.53719574326611" lon="-0.13971571466131055">
    <ele>13.38</ele>
   </trkpt>
   <trkpt lat="38.53719147687209" lon="-0.14078142919635078">
    <ele>13.32</ele>
   </trkpt>
   <trkpt lat="38.53718720081795" lon="-0.14184714360483455">
    <ele>13.260000000000002</ele>
   </trkpt>
   <trkpt lat="38.53718291510367" lon="-0.1429128578864757">
    <ele>13.01</ele>
   </trkpt>
   <trkpt lat="38.537178619729275" lon="-0.14397857204098796">
    <ele>13.01</ele>
   </trkpt>
   <trkpt lat="38.53717431469477" lon="-0.14504428606808517">
    <ele>13.38</ele>
   </trkpt>
   <trkpt lat="38.53717" lon="-0.14611000000000002">
    <ele>13.36</ele>
   </trkpt>
   <trkpt lat="38.537060000000004" lon="-0.14688">
    <ele>13.120000000000001</ele>
   </trkpt>
   <trkpt lat="38.53689000812116" lon="-0.14785667123720328">
    <ele>12.790000000000001</ele>
   </trkpt>
   <trkpt lat="38.536720008129066" lon="-0.14883333785833702">
    <ele>12.790000000000001</ele>
   </trkpt>
   <trkpt lat="38.536550000000005" lon="-0.14981">
    <ele>12.620000000000001</ele>
   </trkpt>
   <trkpt lat="38.53642500259889" lon="-0.1505900012835015">
    <ele>12.370000000000001</ele>
   </trkpt>
   <trkpt lat="38.536300000000004" lon="-0.15137">
    <ele>12.270000000000001</ele>
   </trkpt>
   <trkpt lat="38.53632" lon="-0.15149">
    <ele>12.270000000000001</ele>
   </trkpt>
   <trkpt lat="38.53634" lon="-0.15151">
    <ele>12.23</ele>
   </trkpt>
   <trkpt lat="38.536370000000005" lon="-0.15159">
    <ele>12.23</ele>
   </trkpt>
   <trkpt lat="38.536350000000006" lon="-0.15166000000000002">
    <ele>12.23</ele>
   </trkpt>
   <trkpt lat="38.53623" lon="-0.15185">
    <ele>12.120000000000001</ele>
   </trkpt>
   <trkpt lat="38.53607" lon="-0.1526">
    <ele>12.22</ele>
   </trkpt>
   <trkpt lat="38.53585500210251" lon="-0.15332000249373873">
    <ele>12.780000000000001</ele>
   </trkpt>
   <trkpt lat="38.53564" lon="-0.15404">
    <ele>13.57</ele>
   </trkpt>
   <trkpt lat="38.53545500139471" lon="-0.15461000142575293">
    <ele>14.910000000000002</ele>
   </trkpt>
   <trkpt lat="38.535270000000004" lon="-0.15518">
    <ele>15.340000000000002</ele>
   </trkpt>
   <trkpt lat="38.53505500149864" lon="-0.15578500197117132">
    <ele>16.0</ele>
   </trkpt>
   <trkpt lat="38.53484" lon="-0.15639">
    <ele>17.05</ele>
   </trkpt>
   <trkpt lat="38.534710000000004" lon="-0.15689">
    <ele>17.45</ele>
   </trkpt>
   <trkpt lat="38.53446500233131" lon="-0.15762500240132934">
    <ele>18.55</ele>
   </trkpt>
   <trkpt lat="38.534220000000005" lon="-0.15836">
    <ele>20.130000000000003</ele>
   </trkpt>
   <trkpt lat="38.53405000124139" lon="-0.15890500135756708">
    <ele>20.66</ele>
   </trkpt>
   <trkpt lat="38.53388" lon="-0.15945">
    <ele>21.59</ele>
   </trkpt>
   <trkpt lat="38.53388" lon="-0.15962">
    <ele>21.640000000000004</ele>
   </trkpt>
   <trkpt lat="38.5339" lon="-0.15966000000000002">
    <ele>21.7</ele>
   </trkpt>
   <trkpt lat="38.53389000000001" lon="-0.15975">
    <ele>21.76</ele>
   </trkpt>
   <trkpt lat="38.53385" lon="-0.15978">
    <ele>21.76</ele>
   </trkpt>
   <trkpt lat="38.53380000000001" lon="-0.15978">
    <ele>21.76</ele>
   </trkpt>
   <trkpt lat="38.53369" lon="-0.15992">
    <ele>22.230000000000004</ele>
   </trkpt>
   <trkpt lat="38.533370000000005" lon="-0.16098">
    <ele>23.950000000000003</ele>
   </trkpt>
   <trkpt lat="38.53332" lon="-0.16131">
    <ele>23.950000000000003</ele>
   </trkpt>
   <trkpt lat="38.53320001487503" lon="-0.16239000545593968">
    <ele>27.880000000000003</ele>
   </trkpt>
   <trkpt lat="38.53308001982947" lon="-0.16347000730941558">
    <ele>28.87</ele>
   </trkpt>
   <trkpt lat="38.5329600148634" lon="-0.16455000556015736">
    <ele>28.44</ele>
   </trkpt>
   <trkpt lat="38.53284" lon="-0.16563000000000003">
    <ele>25.470000000000002</ele>
   </trkpt>
   <trkpt lat="38.53275" lon="-0.16657000000000002">
    <ele>23.930000000000003</ele>
   </trkpt>
   <trkpt lat="38.53262601940149" lon="-0.16763800737161225">
    <ele>23.650000000000002</ele>
   </trkpt>
   <trkpt lat="38.53250202910163" lon="-0.16870601106223712">
    <ele>23.4</ele>
   </trkpt>
   <trkpt lat="38.53237802910049" lon="-0.16977401107161563">
    <ele>23.49</ele>
   </trkpt>
   <trkpt lat="38.532254019398174" lon="-0.17084200739948882">
    <ele>23.62</ele>
   </trkpt>
   <trkpt lat="38.53213" lon="-0.17191">
    <ele>23.76</ele>
   </trkpt>
   <trkpt lat="38.532140000000005" lon="-0.17207">
    <ele>24.580000000000002</ele>
   </trkpt>
   <trkpt lat="38.532160000000005" lon="-0.17216">
    <ele>24.580000000000002</ele>
   </trkpt>
   <trkpt lat="38.532230000000006" lon="-0.17221">
    <ele>24.580000000000002</ele>
   </trkpt>
   <trkpt lat="38.53228" lon="-0.1723">
    <ele>24.37</ele>
   </trkpt>
   <trkpt lat="38.53244" lon="-0.17237000000000002">
    <ele>24.380000000000003</ele>
   </trkpt>
   <trkpt lat="38.532630000000005" lon="-0.17241">
    <ele>24.51</ele>
   </trkpt>
   <trkpt lat="38.532830000000004" lon="-0.17239000000000002">
    <ele>25.080000000000002</ele>
   </trkpt>
   <trkpt lat="38.53343000010287" lon="-0.1722933349419278">
    <ele>27.37</ele>
   </trkpt>
   <trkpt lat="38.53403000012625" lon="-0.17219666827151403">
    <ele>33.010000000000005</ele>
   </trkpt>
   <trkpt lat="38.53463" lon="-0.1721">
    <ele>36.97</ele>
   </trkpt>
   <trkpt lat="38.534740000000006" lon="-0.17205">
    <ele>37.82000000000001</ele>
   </trkpt>
   <trkpt lat="38.53486" lon="-0.17186">
    <ele>38.330000000000005</ele>
   </trkpt>
   <trkpt lat="38.534980000000004" lon="-0.17175">
    <ele>38.330000000000005</ele>
   </trkpt>
   <trkpt lat="38.53506" lon="-0.17172">
    <ele>39.040000000000006</ele>
   </trkpt>
   <trkpt lat="38.53515" lon="-0.17174">
    <ele>39.040000000000006</ele>
   </trkpt>
   <trkpt lat="38.535230000000006" lon="-0.17177">
    <ele>39.690000000000005</ele>
   </trkpt>
   <trkpt lat="38.53530000000001" lon="-0.17185">
    <ele>39.690000000000005</ele>
   </trkpt>
   <trkpt lat="38.53535" lon="-0.17196">
    <ele>40.25</ele>
   </trkpt>
   <trkpt lat="38.53553" lon="-0.17213">
    <ele>41.72</ele>
   </trkpt>
   <trkpt lat="38.535990000000005" lon="-0.17235">
    <ele>45.68000000000001</ele>
   </trkpt>
   <trkpt lat="38.536500000000004" lon="-0.17265000000000003">
    <ele>49.49</ele>
   </trkpt>
   <trkpt lat="38.536950000000004" lon="-0.17297">
    <ele>49.7</ele>
   </trkpt>
   <trkpt lat="38.53735" lon="-0.17321">
    <ele>50.17</ele>
   </trkpt>
   <trkpt lat="38.53806" lon="-0.17349">
    <ele>53.43000000000001</ele>
   </trkpt>
   <trkpt lat="38.5382" lon="-0.17343">
    <ele>53.68000000000001</ele>
   </trkpt>
   <trkpt lat="38.538270000000004" lon="-0.17334000000000002">
    <ele>54.220000000000006</ele>
   </trkpt>
   <trkpt lat="38.53839" lon="-0.17328000000000002">
    <ele>54.510000000000005</ele>
   </trkpt>
   <trkpt lat="38.53846" lon="-0.17327">
    <ele>54.510000000000005</ele>
   </trkpt>
   <trkpt lat="38.538560000000004" lon="-0.1733">
    <ele>54.98</ele>
   </trkpt>
   <trkpt lat="38.53864" lon="-0.17337000000000002">
    <ele>55.370000000000005</ele>
   </trkpt>
   <trkpt lat="38.538720000000005" lon="-0.17351000000000003">
    <ele>56.470000000000006</ele>
   </trkpt>
   <trkpt lat="38.5388" lon="-0.1736">
    <ele>57.080000000000005</ele>
   </trkpt>
   <trkpt lat="38.53902" lon="-0.17365000000000003">
    <ele>57.720000000000006</ele>
   </trkpt>
   <trkpt lat="38.539755000289844" lon="-0.17385999788333537">
    <ele>65.32000000000001</ele>
   </trkpt>
   <trkpt lat="38.540490000000005" lon="-0.17407">
    <ele>70.54</ele>
   </trkpt>
   <trkpt lat="38.54074000000001" lon="-0.17419">
    <ele>71.19</ele>
   </trkpt>
   <trkpt lat="38.541540000000005" lon="-0.17464000000000002">
    <ele>69.70000000000002</ele>
   </trkpt>
   <trkpt lat="38.54202500037568" lon="-0.1749299980551788">
    <ele>69.23</ele>
   </trkpt>
   <trkpt lat="38.54251" lon="-0.17522000000000001">
    <ele>72.12</ele>
   </trkpt>
   <trkpt lat="38.54285" lon="-0.17547000000000001">
    <ele>74.59</ele>
   </trkpt>
   <trkpt lat="38.54359000296551" lon="-0.1760599878620348">
    <ele>82.59</ele>
   </trkpt>
   <trkpt lat="38.54433000297015" lon="-0.17664998786552566">
    <ele>88.32000000000001</ele>
   </trkpt>
   <trkpt lat="38.54507" lon="-0.17724">
    <ele>96.43</ele>
   </trkpt>
   <trkpt lat="38.54565" lon="-0.17774">
    <ele>100.26</ele>
   </trkpt>
   <trkpt lat="38.54606000076908" lon="-0.1781699975302229">
    <ele>103.19</ele>
   </trkpt>
   <trkpt lat="38.54647000000001" lon="-0.1786">
    <ele>107.14000000000001</ele>
   </trkpt>
   <trkpt lat="38.546870000000006" lon="-0.17913">
    <ele>112.62</ele>
   </trkpt>
   <trkpt lat="38.547240001311756" lon="-0.1796849971468438">
    <ele>118.36</ele>
   </trkpt>
   <trkpt lat="38.547610000000006" lon="-0.18024">
    <ele>122.34</ele>
   </trkpt>
   <trkpt lat="38.547740000000005" lon="-0.18034000000000003">
    <ele>122.52</ele>
   </trkpt>
   <trkpt lat="38.54791" lon="-0.18037">
    <ele>122.78000000000002</ele>
   </trkpt>
   <trkpt lat="38.548030000000004" lon="-0.18048">
    <ele>123.36000000000001</ele>
   </trkpt>
   <trkpt lat="38.548100000000005" lon="-0.18066000000000002">
    <ele>123.7</ele>
   </trkpt>
   <trkpt lat="38.54811" lon="-0.18077000000000001">
    <ele>123.7</ele>
   </trkpt>
   <trkpt lat="38.54806000000001" lon="-0.18095000000000003">
    <ele>124.27</ele>
   </trkpt>
   <trkpt lat="38.54797000000001" lon="-0.18107">
    <ele>124.4</ele>
   </trkpt>
   <trkpt lat="38.547850000000004" lon="-0.18114000000000002">
    <ele>124.64000000000001</ele>
   </trkpt>
   <trkpt lat="38.54778" lon="-0.18115">
    <ele>124.64000000000001</ele>
   </trkpt>
   <trkpt lat="38.54762" lon="-0.18109">
    <ele>123.06000000000002</ele>
   </trkpt>
   <trkpt lat="38.54755" lon="-0.18099">
    <ele>123.06000000000002</ele>
   </trkpt>
   <trkpt lat="38.54750000000001" lon="-0.18089000000000002">
    <ele>122.94000000000001</ele>
   </trkpt>
   <trkpt lat="38.54748" lon="-0.18073">
    <ele>122.59</ele>
   </trkpt>
   <trkpt lat="38.54750000000001" lon="-0.18062">
    <ele>122.59</ele>
   </trkpt>
   <trkpt lat="38.547540000000005" lon="-0.18050000000000002">
    <ele>121.91</ele>
   </trkpt>
   <trkpt lat="38.54751" lon="-0.18032">
    <ele>121.08</ele>
   </trkpt>
   <trkpt lat="38.54744" lon="-0.18018">
    <ele>120.07000000000001</ele>
   </trkpt>
   <trkpt lat="38.546910000000004" lon="-0.17937">
    <ele>110.61000000000001</ele>
   </trkpt>
   <trkpt lat="38.546510000000005" lon="-0.17882">
    <ele>105.09</ele>
   </trkpt>
   <trkpt lat="38.546060000000004" lon="-0.17829">
    <ele>99.61</ele>
   </trkpt>
   <trkpt lat="38.54583" lon="-0.17807">
    <ele>98.51</ele>
   </trkpt>
   <trkpt lat="38.54563" lon="-0.17786000000000002">
    <ele>97.09</ele>
   </trkpt>
   <trkpt lat="38.544955003839014" lon="-0.17731248459514426">
    <ele>92.6</ele>
   </trkpt>
   <trkpt lat="38.54428000512821" lon="-0.1767649794682327">
    <ele>86.14</ele>
   </trkpt>
   <trkpt lat="38.543605003867654" lon="-0.17621748461886277">
    <ele>80.74000000000001</ele>
   </trkpt>
   <trkpt lat="38.542930000000005" lon="-0.17567000000000002">
    <ele>75.65</ele>
   </trkpt>
   <trkpt lat="38.542480000000005" lon="-0.17533">
    <ele>71.97</ele>
   </trkpt>
   <trkpt lat="38.542010000000005" lon="-0.17504">
    <ele>67.96000000000001</ele>
   </trkpt>
   <trkpt lat="38.54136000051308" lon="-0.17466999661683463">
    <ele>67.74000000000001</ele>
   </trkpt>
   <trkpt lat="38.540710000000004" lon="-0.1743">
    <ele>70.27</ele>
   </trkpt>
   <trkpt lat="38.540470000000006" lon="-0.17419">
    <ele>69.24000000000001</ele>
   </trkpt>
   <trkpt lat="38.540020000000005" lon="-0.17405">
    <ele>65.57000000000001</ele>
   </trkpt>
   <trkpt lat="38.53951000016347" lon="-0.17391999910160374">
    <ele>62.00000000000001</ele>
   </trkpt>
   <trkpt lat="38.539" lon="-0.17379000000000003">
    <ele>58.480000000000004</ele>
   </trkpt>
   <trkpt lat="38.53886" lon="-0.17377">
    <ele>58.080000000000005</ele>
   </trkpt>
   <trkpt lat="38.538810000000005" lon="-0.17377">
    <ele>57.67</ele>
   </trkpt>
   <trkpt lat="38.53871" lon="-0.17383">
    <ele>57.20000000000001</ele>
   </trkpt>
   <trkpt lat="38.538650000000004" lon="-0.17394">
    <ele>56.300000000000004</ele>
   </trkpt>
   <trkpt lat="38.53858" lon="-0.17400000000000002">
    <ele>56.300000000000004</ele>
   </trkpt>
   <trkpt lat="38.538500000000006" lon="-0.17404000000000003">
    <ele>55.57</ele>
   </trkpt>
   <trkpt lat="38.53842" lon="-0.17405">
    <ele>55.57</ele>
   </trkpt>
   <trkpt lat="38.53833" lon="-0.17402">
    <ele>54.540000000000006</ele>
   </trkpt>
   <trkpt lat="38.53826" lon="-0.17397">
    <ele>54.540000000000006</ele>
   </trkpt>
   <trkpt lat="38.5382" lon="-0.17389000000000002">
    <ele>53.96</ele>
   </trkpt>
   <trkpt lat="38.538140000000006" lon="-0.17374">
    <ele>53.540000000000006</ele>
   </trkpt>
   <trkpt lat="38.53815" lon="-0.17353000000000002">
    <ele>53.49</ele>
   </trkpt>
   <trkpt lat="38.5382" lon="-0.17343">
    <ele>53.43000000000001</ele>
   </trkpt>
   <trkpt lat="38.538270000000004" lon="-0.17334000000000002">
    <ele>53.68000000000001</ele>
   </trkpt>
   <trkpt lat="38.53839" lon="-0.17328000000000002">
    <ele>54.220000000000006</ele>
   </trkpt>
   <trkpt lat="38.53846" lon="-0.17327">
    <ele>54.220000000000006</ele>
   </trkpt>
   <trkpt lat="38.538560000000004" lon="-0.1733">
    <ele>54.510000000000005</ele>
   </trkpt>
   <trkpt lat="38.53864" lon="-0.17337000000000002">
    <ele>54.98</ele>
   </trkpt>
   <trkpt lat="38.538720000000005" lon="-0.17351000000000003">
    <ele>55.370000000000005</ele>
   </trkpt>
   <trkpt lat="38.5388" lon="-0.1736">
    <ele>55.900000000000006</ele>
   </trkpt>
   <trkpt lat="38.53902" lon="-0.17365000000000003">
    <ele>57.720000000000006</ele>
   </trkpt>
   <trkpt lat="38.539755000289844" lon="-0.17385999788333537">
    <ele>63.29</ele>
   </trkpt>
   <trkpt lat="38.540490000000005" lon="-0.17407">
    <ele>70.07000000000001</ele>
   </trkpt>
   <trkpt lat="38.54074000000001" lon="-0.17419">
    <ele>71.09</ele>
   </trkpt>
   <trkpt lat="38.54093" lon="-0.17429">
    <ele>71.29</ele>
   </trkpt>
   <trkpt lat="38.541540000000005" lon="-0.17464000000000002">
    <ele>70.04</ele>
   </trkpt>
   <trkpt lat="38.54202500037568" lon="-0.1749299980551788">
    <ele>69.02000000000001</ele>
   </trkpt>
   <trkpt lat="38.54251" lon="-0.17522000000000001">
    <ele>71.41</ele>
   </trkpt>
   <trkpt lat="38.54285" lon="-0.17547000000000001">
    <ele>74.59</ele>
   </trkpt>
   <trkpt lat="38.54359000296551" lon="-0.1760599878620348">
    <ele>81.52000000000001</ele>
   </trkpt>
   <trkpt lat="38.54433000297015" lon="-0.17664998786552566">
    <ele>88.32000000000001</ele>
   </trkpt>
   <trkpt lat="38.54507" lon="-0.17724">
    <ele>95.25</ele>
   </trkpt>
   <trkpt lat="38.54565" lon="-0.17774">
    <ele>100.26</ele>
   </trkpt>
   <trkpt lat="38.54606000076908" lon="-0.1781699975302229">
    <ele>102.18</ele>
   </trkpt>
   <trkpt lat="38.54647000000001" lon="-0.1786">
    <ele>105.59</ele>
   </trkpt>
   <trkpt lat="38.546870000000006" lon="-0.17913">
    <ele>112.62</ele>
   </trkpt>
   <trkpt lat="38.547240001311756" lon="-0.1796849971468438">
    <ele>116.58</ele>
   </trkpt>
   <trkpt lat="38.547610000000006" lon="-0.18024">
    <ele>121.60000000000001</ele>
   </trkpt>
   <trkpt lat="38.547740000000005" lon="-0.18034000000000003">
    <ele>122.34</ele>
   </trkpt>
   <trkpt lat="38.54791" lon="-0.18037">
    <ele>122.65</ele>
   </trkpt>
   <trkpt lat="38.548030000000004" lon="-0.18048">
    <ele>122.78000000000002</ele>
   </trkpt>
   <trkpt lat="38.548100000000005" lon="-0.18066000000000002">
    <ele>123.36000000000001</ele>
   </trkpt>
   <trkpt lat="38.54811" lon="-0.18077000000000001">
    <ele>123.7</ele>
   </trkpt>
   <trkpt lat="38.54806000000001" lon="-0.18095000000000003">
    <ele>123.96000000000001</ele>
   </trkpt>
   <trkpt lat="38.54806000000001" lon="-0.18119000000000002">
    <ele>124.33000000000001</ele>
   </trkpt>
   <trkpt lat="38.548140000000004" lon="-0.18161000000000002">
    <ele>127.52000000000002</ele>
   </trkpt>
   <trkpt lat="38.548510003151264" lon="-0.1824749954764507">
    <ele>138.27</ele>
   </trkpt>
   <trkpt lat="38.548880000000004" lon="-0.18334">
    <ele>148.71</ele>
   </trkpt>
   <trkpt lat="38.549290000000006" lon="-0.18418">
    <ele>156.78</ele>
   </trkpt>
   <trkpt lat="38.549705002816296" lon="-0.18499499527881014">
    <ele>163.35000000000002</ele>
   </trkpt>
   <trkpt lat="38.55012" lon="-0.18581">
    <ele>172.17000000000002</ele>
   </trkpt>
   <trkpt lat="38.55048" lon="-0.18663000000000002">
    <ele>176.61</ele>
   </trkpt>
   <trkpt lat="38.55084" lon="-0.18759">
    <ele>177.78000000000003</ele>
   </trkpt>
   <trkpt lat="38.550920000000005" lon="-0.18774000000000002">
    <ele>177.95000000000002</ele>
   </trkpt>
   <trkpt lat="38.551030000000004" lon="-0.18788000000000002">
    <ele>178.17000000000002</ele>
   </trkpt>
   <trkpt lat="38.551210000000005" lon="-0.18793">
    <ele>178.27</ele>
   </trkpt>
   <trkpt lat="38.551320000000004" lon="-0.18808000000000002">
    <ele>178.55</ele>
   </trkpt>
   <trkpt lat="38.551350000000006" lon="-0.18828">
    <ele>178.8</ele>
   </trkpt>
   <trkpt lat="38.551350000000006" lon="-0.18846000000000002">
    <ele>178.8</ele>
   </trkpt>
   <trkpt lat="38.551410000000004" lon="-0.18876">
    <ele>179.11</ele>
   </trkpt>
   <trkpt lat="38.55151" lon="-0.18907000000000002">
    <ele>179.47000000000003</ele>
   </trkpt>
   <trkpt lat="38.55156" lon="-0.18932000000000002">
    <ele>179.71</ele>
   </trkpt>
   <trkpt lat="38.55162" lon="-0.18971000000000002">
    <ele>181.48</ele>
   </trkpt>
   <trkpt lat="38.551590000000004" lon="-0.18996000000000002">
    <ele>182.29</ele>
   </trkpt>
   <trkpt lat="38.55143000134243" lon="-0.19052500131142502">
    <ele>184.64000000000001</ele>
   </trkpt>
   <trkpt lat="38.55127" lon="-0.19109">
    <ele>186.04000000000002</ele>
   </trkpt>
   <trkpt lat="38.55124" lon="-0.19134">
    <ele>186.15</ele>
   </trkpt>
   <trkpt lat="38.551270001397135" lon="-0.19191499958557545">
    <ele>185.98</ele>
   </trkpt>
   <trkpt lat="38.551300000000005" lon="-0.19249000000000002">
    <ele>186.67</ele>
   </trkpt>
   <trkpt lat="38.55125" lon="-0.19315000000000002">
    <ele>187.81</ele>
   </trkpt>
   <trkpt lat="38.551140000000004" lon="-0.19392">
    <ele>189.31</ele>
   </trkpt>
   <trkpt lat="38.55113500158284" lon="-0.19453000001605708">
    <ele>190.29000000000002</ele>
   </trkpt>
   <trkpt lat="38.55113" lon="-0.19514">
    <ele>191.17000000000002</ele>
   </trkpt>
   <trkpt lat="38.55118" lon="-0.19558">
    <ele>191.59</ele>
   </trkpt>
   <trkpt lat="38.551210000000005" lon="-0.19569">
    <ele>191.59</ele>
   </trkpt>
   <trkpt lat="38.551370000000006" lon="-0.19594">
    <ele>191.74</ele>
   </trkpt>
   <trkpt lat="38.551390000000005" lon="-0.19605000000000003">
    <ele>191.74</ele>
   </trkpt>
   <trkpt lat="38.55136" lon="-0.19613000000000003">
    <ele>191.81</ele>
   </trkpt>
   <trkpt lat="38.551370000000006" lon="-0.19633">
    <ele>191.8</ele>
   </trkpt>
   <trkpt lat="38.55144000000001" lon="-0.19669">
    <ele>192.10999999999999</ele>
   </trkpt>
   <trkpt lat="38.5516" lon="-0.19715000000000002">
    <ele>193.0</ele>
   </trkpt>
   <trkpt lat="38.55190000431168" lon="-0.1978633273403699">
    <ele>193.20000000000002</ele>
   </trkpt>
   <trkpt lat="38.55220000429491" lon="-0.19857666063372664">
    <ele>191.07000000000002</ele>
   </trkpt>
   <trkpt lat="38.5525" lon="-0.19929000000000002">
    <ele>189.17</ele>
   </trkpt>
   <trkpt lat="38.552820000000004" lon="-0.2">
    <ele>187.97000000000003</ele>
   </trkpt>
   <trkpt lat="38.55308500196526" lon="-0.20067999748973622">
    <ele>187.56</ele>
   </trkpt>
   <trkpt lat="38.55335" lon="-0.20136">
    <ele>187.32000000000002</ele>
   </trkpt>
   <trkpt lat="38.55371" lon="-0.20203000000000002">
    <ele>186.94000000000003</ele>
   </trkpt>
   <trkpt lat="38.554050000000004" lon="-0.20258">
    <ele>186.52</ele>
   </trkpt>
   <trkpt lat="38.554680000000005" lon="-0.2033">
    <ele>184.27</ele>
   </trkpt>
   <trkpt lat="38.55503" lon="-0.20341">
    <ele>184.00000000000003</ele>
   </trkpt>
   <trkpt lat="38.55514" lon="-0.20341">
    <ele>183.96</ele>
   </trkpt>
   <trkpt lat="38.55527" lon="-0.20354000000000003">
    <ele>183.9</ele>
   </trkpt>
   <trkpt lat="38.55552" lon="-0.20394">
    <ele>181.20000000000002</ele>
   </trkpt>
   <trkpt lat="38.555800000000005" lon="-0.2041">
    <ele>179.9</ele>
   </trkpt>
   <trkpt lat="38.556370000641856" lon="-0.2043599959072212">
    <ele>178.15</ele>
   </trkpt>
   <trkpt lat="38.556940000708664" lon="-0.20461999593764313">
    <ele>178.16</ele>
   </trkpt>
   <trkpt lat="38.55751" lon="-0.20488">
    <ele>177.4</ele>
   </trkpt>
   <trkpt lat="38.55803500026947" lon="-0.20508999849897136">
    <ele>175.94</ele>
   </trkpt>
   <trkpt lat="38.55856" lon="-0.2053">
    <ele>174.8</ele>
   </trkpt>
   <trkpt lat="38.55875" lon="-0.20538">
    <ele>174.68</ele>
   </trkpt>
   <trkpt lat="38.559160000000006" lon="-0.20565000000000003">
    <ele>175.11</ele>
   </trkpt>
   <trkpt lat="38.559340000000006" lon="-0.2058">
    <ele>175.19</ele>
   </trkpt>
   <trkpt lat="38.55957" lon="-0.20594">
    <ele>177.65</ele>
   </trkpt>
   <trkpt lat="38.55973" lon="-0.20597000000000001">
    <ele>180.71</ele>
   </trkpt>
   <trkpt lat="38.56036" lon="-0.20605">
    <ele>185.97000000000003</ele>
   </trkpt>
   <trkpt lat="38.56094" lon="-0.20616">
    <ele>192.48000000000002</ele>
   </trkpt>
   <trkpt lat="38.561710000000005" lon="-0.20619">
    <ele>195.09</ele>
   </trkpt>
   <trkpt lat="38.56181" lon="-0.20617000000000002">
    <ele>195.20000000000002</ele>
   </trkpt>
   <trkpt lat="38.5619" lon="-0.20609000000000002">
    <ele>195.53</ele>
   </trkpt>
   <trkpt lat="38.561980000000005" lon="-0.20607">
    <ele>195.53</ele>
   </trkpt>
   <trkpt lat="38.56206" lon="-0.20608">
    <ele>195.67000000000002</ele>
   </trkpt>
   <trkpt lat="38.56217" lon="-0.20619">
    <ele>195.66000000000003</ele>
   </trkpt>
   <trkpt lat="38.56219" lon="-0.20623000000000002">
    <ele>195.66000000000003</ele>
   </trkpt>
   <trkpt lat="38.562535000766" lon="-0.2066399980924133">
    <ele>193.25</ele>
   </trkpt>
   <trkpt lat="38.56288" lon="-0.20705">
    <ele>191.88000000000002</ele>
   </trkpt>
   <trkpt lat="38.56304" lon="-0.20727">
    <ele>192.3</ele>
   </trkpt>
   <trkpt lat="38.56335500176347" lon="-0.2079099972378342">
    <ele>194.69000000000003</ele>
   </trkpt>
   <trkpt lat="38.56367" lon="-0.20855">
    <ele>198.99000000000004</ele>
   </trkpt>
   <trkpt lat="38.563810000000004" lon="-0.20866">
    <ele>199.47</ele>
   </trkpt>
   <trkpt lat="38.56421" lon="-0.20882">
    <ele>200.63</ele>
   </trkpt>
   <trkpt lat="38.564310000000006" lon="-0.20893">
    <ele>200.63</ele>
   </trkpt>
   <trkpt lat="38.564350000000005" lon="-0.20902">
    <ele>200.63</ele>
   </trkpt>
   <trkpt lat="38.564370000000004" lon="-0.20916">
    <ele>201.09</ele>
   </trkpt>
   <trkpt lat="38.564350000000005" lon="-0.20997000000000002">
    <ele>204.74</ele>
   </trkpt>
   <trkpt lat="38.564370000000004" lon="-0.21013">
    <ele>204.74</ele>
   </trkpt>
   <trkpt lat="38.564420000000005" lon="-0.21029">
    <ele>205.67000000000002</ele>
   </trkpt>
   <trkpt lat="38.56457" lon="-0.21027">
    <ele>206.04000000000002</ele>
   </trkpt>
   <trkpt lat="38.56468" lon="-0.21039000000000002">
    <ele>206.04000000000002</ele>
   </trkpt>
   <trkpt lat="38.564690000000006" lon="-0.21054">
    <ele>207.12000000000003</ele>
   </trkpt>
   <trkpt lat="38.564640000000004" lon="-0.21065">
    <ele>207.81000000000003</ele>
   </trkpt>
   <trkpt lat="38.56477" lon="-0.21075000000000002">
    <ele>207.67000000000002</ele>
   </trkpt>
   <trkpt lat="38.56499" lon="-0.21082">
    <ele>207.27</ele>
   </trkpt>
   <trkpt lat="38.565110000000004" lon="-0.2109">
    <ele>207.25</ele>
   </trkpt>
   <trkpt lat="38.56519" lon="-0.21099">
    <ele>207.3</ele>
   </trkpt>
   <trkpt lat="38.565380000000005" lon="-0.21138">
    <ele>208.15000000000003</ele>
   </trkpt>
   <trkpt lat="38.56591" lon="-0.21207">
    <ele>211.70000000000002</ele>
   </trkpt>
   <trkpt lat="38.566250000000004" lon="-0.21301">
    <ele>214.52</ele>
   </trkpt>
   <trkpt lat="38.566250000000004" lon="-0.21324">
    <ele>214.79</ele>
   </trkpt>
   <trkpt lat="38.566120000000005" lon="-0.21354">
    <ele>214.71</ele>
   </trkpt>
   <trkpt lat="38.566100000000006" lon="-0.21376">
    <ele>214.51</ele>
   </trkpt>
   <trkpt lat="38.56615" lon="-0.21413000000000001">
    <ele>213.94000000000003</ele>
   </trkpt>
   <trkpt lat="38.566340000000004" lon="-0.21484000000000003">
    <ele>212.12000000000003</ele>
   </trkpt>
   <trkpt lat="38.566340000000004" lon="-0.21498">
    <ele>211.94000000000003</ele>
   </trkpt>
   <trkpt lat="38.566320000000005" lon="-0.21512">
    <ele>211.88</ele>
   </trkpt>
   <trkpt lat="38.566210000000005" lon="-0.21545000000000003">
    <ele>211.9</ele>
   </trkpt>
   <trkpt lat="38.56616" lon="-0.21568">
    <ele>211.76</ele>
   </trkpt>
   <trkpt lat="38.56616" lon="-0.21585000000000001">
    <ele>211.76</ele>
   </trkpt>
   <trkpt lat="38.56622" lon="-0.21615">
    <ele>211.76</ele>
   </trkpt>
   <trkpt lat="38.566280000000006" lon="-0.21630000000000002">
    <ele>211.81000000000003</ele>
   </trkpt>
   <trkpt lat="38.56636" lon="-0.21637">
    <ele>212.55</ele>
   </trkpt>
   <trkpt lat="38.56678" lon="-0.21662">
    <ele>217.63000000000002</ele>
   </trkpt>
   <trkpt lat="38.566860000000005" lon="-0.21662">
    <ele>218.12</ele>
   </trkpt>
   <trkpt lat="38.56689" lon="-0.21659">
    <ele>218.54000000000002</ele>
   </trkpt>
   <trkpt lat="38.566950000000006" lon="-0.21648">
    <ele>219.15</ele>
   </trkpt>
   <trkpt lat="38.566930000000006" lon="-0.21593">
    <ele>220.72000000000003</ele>
   </trkpt>
   <trkpt lat="38.566950000000006" lon="-0.21571">
    <ele>221.69000000000003</ele>
   </trkpt>
   <trkpt lat="38.566990000000004" lon="-0.21557">
    <ele>222.79000000000002</ele>
   </trkpt>
   <trkpt lat="38.56711000000001" lon="-0.21535">
    <ele>224.08</ele>
   </trkpt>
   <trkpt lat="38.56758000000001" lon="-0.21476">
    <ele>227.82000000000002</ele>
   </trkpt>
   <trkpt lat="38.56785" lon="-0.21437">
    <ele>231.12</ele>
   </trkpt>
   <trkpt lat="38.567910000000005" lon="-0.21430000000000002">
    <ele>231.72</ele>
   </trkpt>
   <trkpt lat="38.56799" lon="-0.21426">
    <ele>232.42000000000002</ele>
   </trkpt>
   <trkpt lat="38.568400000000004" lon="-0.21432">
    <ele>237.77</ele>
   </trkpt>
   <trkpt lat="38.568540000000006" lon="-0.21432">
    <ele>239.63</ele>
   </trkpt>
   <trkpt lat="38.5692" lon="-0.21406000000000003">
    <ele>248.44000000000003</ele>
   </trkpt>
   <trkpt lat="38.56926" lon="-0.21396">
    <ele>249.26</ele>
   </trkpt>
   <trkpt lat="38.569320000000005" lon="-0.21395000000000003">
    <ele>249.37</ele>
   </trkpt>
   <trkpt lat="38.56938" lon="-0.21399">
    <ele>249.37</ele>
   </trkpt>
   <trkpt lat="38.56942" lon="-0.2141">
    <ele>249.26</ele>
   </trkpt>
   <trkpt lat="38.5694" lon="-0.21417000000000003">
    <ele>249.26</ele>
   </trkpt>
   <trkpt lat="38.569410000000005" lon="-0.2146">
    <ele>248.72000000000003</ele>
   </trkpt>
   <trkpt lat="38.56938" lon="-0.2149">
    <ele>247.76</ele>
   </trkpt>
   <trkpt lat="38.569250000000004" lon="-0.21565">
    <ele>245.23000000000002</ele>
   </trkpt>
   <trkpt lat="38.56926" lon="-0.2164">
    <ele>244.06000000000003</ele>
   </trkpt>
   <trkpt lat="38.569370000000006" lon="-0.21679">
    <ele>244.4</ele>
   </trkpt>
   <trkpt lat="38.56971" lon="-0.21765">
    <ele>244.3</ele>
   </trkpt>
   <trkpt lat="38.57003" lon="-0.21831">
    <ele>241.85</ele>
   </trkpt>
   <trkpt lat="38.570170000000005" lon="-0.21854">
    <ele>240.05</ele>
   </trkpt>
   <trkpt lat="38.57052" lon="-0.2189">
    <ele>233.52</ele>
   </trkpt>
   <trkpt lat="38.570820000000005" lon="-0.21909">
    <ele>232.67000000000002</ele>
   </trkpt>
   <trkpt lat="38.57101" lon="-0.21919000000000002">
    <ele>230.92000000000002</ele>
   </trkpt>
   <trkpt lat="38.5715400003626" lon="-0.21942999828279777">
    <ele>227.43</ele>
   </trkpt>
   <trkpt lat="38.572070000000004" lon="-0.21967">
    <ele>222.29000000000002</ele>
   </trkpt>
   <trkpt lat="38.57244" lon="-0.21996000000000002">
    <ele>220.68</ele>
   </trkpt>
   <trkpt lat="38.572700000000005" lon="-0.22034">
    <ele>221.12</ele>
   </trkpt>
   <trkpt lat="38.57278" lon="-0.22051">
    <ele>221.3</ele>
   </trkpt>
   <trkpt lat="38.57285" lon="-0.22073">
    <ele>221.67</ele>
   </trkpt>
   <trkpt lat="38.572900000000004" lon="-0.22101">
    <ele>222.66000000000003</ele>
   </trkpt>
   <trkpt lat="38.57292" lon="-0.22137">
    <ele>225.03</ele>
   </trkpt>
   <trkpt lat="38.57289" lon="-0.22176">
    <ele>226.28</ele>
   </trkpt>
   <trkpt lat="38.57280000211076" lon="-0.2224650009111742">
    <ele>233.99000000000004</ele>
   </trkpt>
   <trkpt lat="38.57271" lon="-0.22317">
    <ele>239.59000000000003</ele>
   </trkpt>
   <trkpt lat="38.57273" lon="-0.22356">
    <ele>243.19000000000003</ele>
   </trkpt>
   <trkpt lat="38.57283" lon="-0.22403">
    <ele>249.49</ele>
   </trkpt>
   <trkpt lat="38.57323" lon="-0.22496000000000002">
    <ele>255.82999999999998</ele>
   </trkpt>
   <trkpt lat="38.573220000000006" lon="-0.22496000000000002">
    <ele>255.82999999999998</ele>
   </trkpt>
   <trkpt lat="38.57357000281361" lon="-0.22577499600149553">
    <ele>263.17</ele>
   </trkpt>
   <trkpt lat="38.57392" lon="-0.22659">
    <ele>267.32</ele>
   </trkpt>
   <trkpt lat="38.574040000000004" lon="-0.22684">
    <ele>267.69000000000005</ele>
   </trkpt>
   <trkpt lat="38.57434000087915" lon="-0.22728499819617867">
    <ele>267.41</ele>
   </trkpt>
   <trkpt lat="38.57464" lon="-0.22773000000000002">
    <ele>265.0</ele>
   </trkpt>
   <trkpt lat="38.57471" lon="-0.22786">
    <ele>265.0</ele>
   </trkpt>
   <trkpt lat="38.5748" lon="-0.22806">
    <ele>264.21</ele>
   </trkpt>
   <trkpt lat="38.57488" lon="-0.22831">
    <ele>263.82</ele>
   </trkpt>
   <trkpt lat="38.574940000000005" lon="-0.22858">
    <ele>263.70000000000005</ele>
   </trkpt>
   <trkpt lat="38.574980000000004" lon="-0.22909000000000002">
    <ele>263.98</ele>
   </trkpt>
   <trkpt lat="38.57493" lon="-0.22960000000000003">
    <ele>264.3</ele>
   </trkpt>
   <trkpt lat="38.57473334172406" lon="-0.23059333879379193">
    <ele>264.59000000000003</ele>
   </trkpt>
   <trkpt lat="38.574536675053054" lon="-0.23158667214891457">
    <ele>264.81000000000006</ele>
   </trkpt>
   <trkpt lat="38.57434000000001" lon="-0.23258">
    <ele>265.19000000000005</ele>
   </trkpt>
   <trkpt lat="38.574310000000004" lon="-0.233">
    <ele>265.09000000000003</ele>
   </trkpt>
   <trkpt lat="38.574310000000004" lon="-0.23325">
    <ele>265.09000000000003</ele>
   </trkpt>
   <trkpt lat="38.57437" lon="-0.23366">
    <ele>264.98</ele>
   </trkpt>
   <trkpt lat="38.57448" lon="-0.23401000000000002">
    <ele>264.66</ele>
   </trkpt>
   <trkpt lat="38.574600000000004" lon="-0.23433">
    <ele>263.68</ele>
   </trkpt>
   <trkpt lat="38.575040003090116" lon="-0.235174994925472">
    <ele>262.45</ele>
   </trkpt>
   <trkpt lat="38.575480000000006" lon="-0.23602">
    <ele>262.99</ele>
   </trkpt>
   <trkpt lat="38.575610000000005" lon="-0.23636000000000001">
    <ele>263.15</ele>
   </trkpt>
   <trkpt lat="38.575680000000006" lon="-0.23657000000000003">
    <ele>263.31000000000006</ele>
   </trkpt>
   <trkpt lat="38.57583" lon="-0.23736000000000002">
    <ele>263.66</ele>
   </trkpt>
   <trkpt lat="38.57602" lon="-0.23783">
    <ele>263.77</ele>
   </trkpt>
   <trkpt lat="38.576150000000005" lon="-0.23800000000000002">
    <ele>263.73</ele>
   </trkpt>
   <trkpt lat="38.57667666884837" lon="-0.2385066592347116">
    <ele>263.25000000000006</ele>
   </trkpt>
   <trkpt lat="38.577203335512614" lon="-0.23901332589894803">
    <ele>261.28000000000003</ele>
   </trkpt>
   <trkpt lat="38.57773" lon="-0.23952">
    <ele>258.81000000000006</ele>
   </trkpt>
   <trkpt lat="38.57813" lon="-0.23985">
    <ele>257.09999999999997</ele>
   </trkpt>
   <trkpt lat="38.578340000000004" lon="-0.24008000000000002">
    <ele>256.21999999999997</ele>
   </trkpt>
   <trkpt lat="38.578520000000005" lon="-0.24038">
    <ele>255.03000000000003</ele>
   </trkpt>
   <trkpt lat="38.57876" lon="-0.24108000000000002">
    <ele>252.9</ele>
   </trkpt>
   <trkpt lat="38.578810000000004" lon="-0.24155000000000001">
    <ele>251.63000000000002</ele>
   </trkpt>
   <trkpt lat="38.578810000000004" lon="-0.24185">
    <ele>250.91000000000003</ele>
   </trkpt>
   <trkpt lat="38.578770000000006" lon="-0.24221">
    <ele>250.37000000000003</ele>
   </trkpt>
   <trkpt lat="38.57855000396149" lon="-0.24317000276211226">
    <ele>247.57</ele>
   </trkpt>
   <trkpt lat="38.57833" lon="-0.24413">
    <ele>244.07</ele>
   </trkpt>
   <trkpt lat="38.57831" lon="-0.24432">
    <ele>243.46</ele>
   </trkpt>
   <trkpt lat="38.57831" lon="-0.24455000000000002">
    <ele>241.72000000000003</ele>
   </trkpt>
   <trkpt lat="38.57850334223725" lon="-0.24557332779223956">
    <ele>234.97</ele>
   </trkpt>
   <trkpt lat="38.57869667556454" lon="-0.24659666109339617">
    <ele>229.11</ele>
   </trkpt>
   <trkpt lat="38.57889" lon="-0.24762">
    <ele>227.60000000000002</ele>
   </trkpt>
   <trkpt lat="38.578950000000006" lon="-0.24815">
    <ele>227.43</ele>
   </trkpt>
   <trkpt lat="38.57891" lon="-0.24862">
    <ele>227.38000000000002</ele>
   </trkpt>
   <trkpt lat="38.57884000000001" lon="-0.24904">
    <ele>227.19000000000003</ele>
   </trkpt>
   <trkpt lat="38.57876" lon="-0.24935000000000002">
    <ele>227.19000000000003</ele>
   </trkpt>
   <trkpt lat="38.5786" lon="-0.24972000000000003">
    <ele>227.02</ele>
   </trkpt>
   <trkpt lat="38.578390000000006" lon="-0.25011">
    <ele>226.52</ele>
   </trkpt>
   <trkpt lat="38.578070000000004" lon="-0.25055">
    <ele>226.13000000000002</ele>
   </trkpt>
   <trkpt lat="38.57749333696968" lon="-0.2512000103895965">
    <ele>225.49</ele>
   </trkpt>
   <trkpt lat="38.57691667034456" lon="-0.2518500103426146">
    <ele>222.83</ele>
   </trkpt>
   <trkpt lat="38.57634" lon="-0.2525">
    <ele>221.08</ele>
   </trkpt>
   <trkpt lat="38.576100000000004" lon="-0.25282000000000004">
    <ele>220.26000000000002</ele>
   </trkpt>
   <trkpt lat="38.576" lon="-0.253">
    <ele>218.69000000000003</ele>
   </trkpt>
   <trkpt lat="38.575880000000005" lon="-0.25338">
    <ele>218.39000000000001</ele>
   </trkpt>
   <trkpt lat="38.57584000000001" lon="-0.25377">
    <ele>217.69000000000003</ele>
   </trkpt>
   <trkpt lat="38.57591500245671" lon="-0.25452999920205344">
    <ele>214.31000000000003</ele>
   </trkpt>
   <trkpt lat="38.575990000000004" lon="-0.25529">
    <ele>212.74</ele>
   </trkpt>
   <trkpt lat="38.57598" lon="-0.25551">
    <ele>211.51</ele>
   </trkpt>
   <trkpt lat="38.57589" lon="-0.25588">
    <ele>209.63</ele>
   </trkpt>
   <trkpt lat="38.5758" lon="-0.25615000000000004">
    <ele>206.94</ele>
   </trkpt>
   <trkpt lat="38.575525001337596" lon="-0.25671000213660466">
    <ele>202.42000000000002</ele>
   </trkpt>
   <trkpt lat="38.575250000000004" lon="-0.25727">
    <ele>199.59</ele>
   </trkpt>
   <trkpt lat="38.57508" lon="-0.25781000000000004">
    <ele>195.84</ele>
   </trkpt>
   <trkpt lat="38.57502" lon="-0.25788">
    <ele>194.91000000000003</ele>
   </trkpt>
   <trkpt lat="38.57471" lon="-0.25788">
    <ele>192.31</ele>
   </trkpt>
   <trkpt lat="38.57468" lon="-0.25791000000000003">
    <ele>192.31</ele>
   </trkpt>
   <trkpt lat="38.574630000000006" lon="-0.25799">
    <ele>190.96</ele>
   </trkpt>
   <trkpt lat="38.57459" lon="-0.2581">
    <ele>189.12</ele>
   </trkpt>
   <trkpt lat="38.57459" lon="-0.25827">
    <ele>188.09</ele>
   </trkpt>
   <trkpt lat="38.575025003830085" lon="-0.2592199942273537">
    <ele>195.0</ele>
   </trkpt>
   <trkpt lat="38.57546" lon="-0.26017">
    <ele>204.75</ele>
   </trkpt>
   <trkpt lat="38.575590000000005" lon="-0.26065000000000005">
    <ele>209.08</ele>
   </trkpt>
   <trkpt lat="38.575630000000004" lon="-0.26072">
    <ele>209.08</ele>
   </trkpt>
   <trkpt lat="38.57593" lon="-0.2611">
    <ele>213.21</ele>
   </trkpt>
   <trkpt lat="38.57607" lon="-0.26123">
    <ele>214.19000000000003</ele>
   </trkpt>
   <trkpt lat="38.57647" lon="-0.26153000000000004">
    <ele>221.53</ele>
   </trkpt>
   <trkpt lat="38.57714" lon="-0.26192000000000004">
    <ele>229.17000000000002</ele>
   </trkpt>
   <trkpt lat="38.57732" lon="-0.26204">
    <ele>230.86</ele>
   </trkpt>
   <trkpt lat="38.577470000000005" lon="-0.26216">
    <ele>232.09</ele>
   </trkpt>
   <trkpt lat="38.57761" lon="-0.26237000000000005">
    <ele>232.09</ele>
   </trkpt>
   <trkpt lat="38.57768" lon="-0.26254">
    <ele>236.12000000000003</ele>
   </trkpt>
   <trkpt lat="38.57771" lon="-0.26271">
    <ele>236.12000000000003</ele>
   </trkpt>
   <trkpt lat="38.577600000000004" lon="-0.26348000000000005">
    <ele>241.36</ele>
   </trkpt>
   <trkpt lat="38.577560000000005" lon="-0.26361">
    <ele>244.19000000000003</ele>
   </trkpt>
   <trkpt lat="38.57748" lon="-0.26375000000000004">
    <ele>244.19000000000003</ele>
   </trkpt>
   <trkpt lat="38.577110000000005" lon="-0.26413000000000003">
    <ele>248.23000000000002</ele>
   </trkpt>
   <trkpt lat="38.577290000000005" lon="-0.26454">
    <ele>249.14000000000001</ele>
   </trkpt>
   <trkpt lat="38.577400000000004" lon="-0.26476">
    <ele>249.14000000000001</ele>
   </trkpt>
   <trkpt lat="38.577490000000004" lon="-0.26487">
    <ele>249.60000000000002</ele>
   </trkpt>
   <trkpt lat="38.5777" lon="-0.26497000000000004">
    <ele>250.27000000000004</ele>
   </trkpt>
   <trkpt lat="38.578440000113886" lon="-0.2651249984055912">
    <ele>252.04999999999998</ele>
   </trkpt>
   <trkpt lat="38.57918" lon="-0.26528">
    <ele>254.14000000000001</ele>
   </trkpt>
   <trkpt lat="38.579370000000004" lon="-0.26537">
    <ele>254.20000000000005</ele>
   </trkpt>
   <trkpt lat="38.579510000000006" lon="-0.26548000000000005">
    <ele>254.20000000000005</ele>
   </trkpt>
   <trkpt lat="38.57963" lon="-0.2656">
    <ele>254.45000000000002</ele>
   </trkpt>
   <trkpt lat="38.57979" lon="-0.26583">
    <ele>254.46</ele>
   </trkpt>
   <trkpt lat="38.580070000000006" lon="-0.26655">
    <ele>253.36</ele>
   </trkpt>
   <trkpt lat="38.58019" lon="-0.26676">
    <ele>251.64000000000001</ele>
   </trkpt>
   <trkpt lat="38.58035" lon="-0.26693">
    <ele>250.16</ele>
   </trkpt>
   <trkpt lat="38.58052" lon="-0.26704">
    <ele>248.50000000000003</ele>
   </trkpt>
   <trkpt lat="38.58066" lon="-0.26708000000000004">
    <ele>247.99</ele>
   </trkpt>
   <trkpt lat="38.58081" lon="-0.26709000000000005">
    <ele>247.29</ele>
   </trkpt>
   <trkpt lat="38.58097" lon="-0.26708000000000004">
    <ele>247.18</ele>
   </trkpt>
   <trkpt lat="38.58111" lon="-0.26704">
    <ele>247.4</ele>
   </trkpt>
   <trkpt lat="38.58131" lon="-0.26696000000000003">
    <ele>247.83</ele>
   </trkpt>
   <trkpt lat="38.58146" lon="-0.26685000000000003">
    <ele>248.44000000000003</ele>
   </trkpt>
   <trkpt lat="38.58215000191215" lon="-0.26619500621036046">
    <ele>250.58</ele>
   </trkpt>
   <trkpt lat="38.582840000000004" lon="-0.26554">
    <ele>255.01000000000002</ele>
   </trkpt>
   <trkpt lat="38.583130000000004" lon="-0.26532">
    <ele>256.21</ele>
   </trkpt>
   <trkpt lat="38.58332" lon="-0.26521">
    <ele>257.65999999999997</ele>
   </trkpt>
   <trkpt lat="38.58410000000001" lon="-0.26512">
    <ele>259.71</ele>
   </trkpt>
   <trkpt lat="38.584250000000004" lon="-0.2651">
    <ele>260.27</ele>
   </trkpt>
   <trkpt lat="38.58453" lon="-0.26511">
    <ele>260.83</ele>
   </trkpt>
   <trkpt lat="38.584700000000005" lon="-0.26515">
    <ele>260.97</ele>
   </trkpt>
   <trkpt lat="38.585530000000006" lon="-0.26548000000000005">
    <ele>262.23</ele>
   </trkpt>
   <trkpt lat="38.58616666870283" lon="-0.26596665805288294">
    <ele>265.38</ele>
   </trkpt>
   <trkpt lat="38.58680333539042" lon="-0.2664533247354182">
    <ele>270.49</ele>
   </trkpt>
   <trkpt lat="38.58744" lon="-0.26694">
    <ele>272.84000000000003</ele>
   </trkpt>
   <trkpt lat="38.58791000031676" lon="-0.26718499842833665">
    <ele>275.18</ele>
   </trkpt>
   <trkpt lat="38.58838" lon="-0.26743">
    <ele>276.45000000000005</ele>
   </trkpt>
   <trkpt lat="38.58883" lon="-0.26769000000000004">
    <ele>278.07000000000005</ele>
   </trkpt>
   <trkpt lat="38.589040000000004" lon="-0.26782">
    <ele>278.84000000000003</ele>
   </trkpt>
   <trkpt lat="38.58948" lon="-0.26819000000000004">
    <ele>279.39000000000004</ele>
   </trkpt>
   <trkpt lat="38.589960000000005" lon="-0.26865">
    <ele>281.16</ele>
   </trkpt>
   <trkpt lat="38.590450000000004" lon="-0.2692">
    <ele>282.67</ele>
   </trkpt>
   <trkpt lat="38.590590000000006" lon="-0.26943">
    <ele>284.79</ele>
   </trkpt>
   <trkpt lat="38.59082" lon="-0.26989">
    <ele>285.2</ele>
   </trkpt>
   <trkpt lat="38.59119000331116" lon="-0.27077499538858074">
    <ele>286.78000000000003</ele>
   </trkpt>
   <trkpt lat="38.59156" lon="-0.27166">
    <ele>288.88</ele>
   </trkpt>
   <trkpt lat="38.591700001381454" lon="-0.27223999866267035">
    <ele>290.18000000000006</ele>
   </trkpt>
   <trkpt lat="38.591840000000005" lon="-0.27282">
    <ele>292.67</ele>
   </trkpt>
   <trkpt lat="38.59201" lon="-0.27330000000000004">
    <ele>294.38000000000005</ele>
   </trkpt>
   <trkpt lat="38.59221" lon="-0.27353">
    <ele>295.64</ele>
   </trkpt>
   <trkpt lat="38.592310000000005" lon="-0.27363000000000004">
    <ele>295.64</ele>
   </trkpt>
   <trkpt lat="38.59255" lon="-0.27380000000000004">
    <ele>296.64</ele>
   </trkpt>
   <trkpt lat="38.592800000000004" lon="-0.27387">
    <ele>297.15000000000003</ele>
   </trkpt>
   <trkpt lat="38.593500000000006" lon="-0.27393">
    <ele>301.50000000000006</ele>
   </trkpt>
   <trkpt lat="38.59396" lon="-0.27399">
    <ele>302.64</ele>
   </trkpt>
   <trkpt lat="38.59441" lon="-0.27409">
    <ele>305.91</ele>
   </trkpt>
   <trkpt lat="38.595180000000006" lon="-0.27437">
    <ele>314.76000000000005</ele>
   </trkpt>
   <trkpt lat="38.595330000000004" lon="-0.27437">
    <ele>314.76000000000005</ele>
   </trkpt>
   <trkpt lat="38.59552" lon="-0.27431">
    <ele>317.38000000000005</ele>
   </trkpt>
   <trkpt lat="38.595965000121765" lon="-0.2739750023445221">
    <ele>322.63</ele>
   </trkpt>
   <trkpt lat="38.596410000000006" lon="-0.27364000000000005">
    <ele>325.48</ele>
   </trkpt>
   <trkpt lat="38.59684" lon="-0.27325000000000005">
    <ele>328.41</ele>
   </trkpt>
   <trkpt lat="38.596940000000004" lon="-0.27305">
    <ele>330.41</ele>
   </trkpt>
   <trkpt lat="38.59713" lon="-0.27255">
    <ele>331.46000000000004</ele>
   </trkpt>
   <trkpt lat="38.597350000000006" lon="-0.27192">
    <ele>333.18</ele>
   </trkpt>
   <trkpt lat="38.59742" lon="-0.27187">
    <ele>333.5</ele>
   </trkpt>
   <trkpt lat="38.597500000000004" lon="-0.27187">
    <ele>333.64000000000004</ele>
   </trkpt>
   <trkpt lat="38.597770000000004" lon="-0.27193">
    <ele>334.33</ele>
   </trkpt>
   <trkpt lat="38.597930000000005" lon="-0.27203000000000005">
    <ele>334.69000000000005</ele>
   </trkpt>
   <trkpt lat="38.598180000000006" lon="-0.27233">
    <ele>336.71</ele>
   </trkpt>
   <trkpt lat="38.598440000000004" lon="-0.27302000000000004">
    <ele>341.23</ele>
   </trkpt>
   <trkpt lat="38.598530000000004" lon="-0.2732">
    <ele>342.56</ele>
   </trkpt>
   <trkpt lat="38.598710000000004" lon="-0.27342">
    <ele>344.33000000000004</ele>
   </trkpt>
   <trkpt lat="38.59884" lon="-0.27349">
    <ele>344.33000000000004</ele>
   </trkpt>
   <trkpt lat="38.59897" lon="-0.27353">
    <ele>345.58000000000004</ele>
   </trkpt>
   <trkpt lat="38.599160000000005" lon="-0.27353">
    <ele>347.01000000000005</ele>
   </trkpt>
   <trkpt lat="38.599380000000004" lon="-0.27341000000000004">
    <ele>347.96000000000004</ele>
   </trkpt>
   <trkpt lat="38.59976" lon="-0.27315">
    <ele>349.85</ele>
   </trkpt>
   <trkpt lat="38.599940000000004" lon="-0.27298">
    <ele>350.96999999999997</ele>
   </trkpt>
   <trkpt lat="38.60042" lon="-0.2722">
    <ele>355.85</ele>
   </trkpt>
   <trkpt lat="38.60051" lon="-0.27199">
    <ele>357.97</ele>
   </trkpt>
   <trkpt lat="38.600675001603" lon="-0.2713750014374428">
    <ele>360.14</ele>
   </trkpt>
   <trkpt lat="38.600840000000005" lon="-0.27076">
    <ele>362.82000000000005</ele>
   </trkpt>
   <trkpt lat="38.6009" lon="-0.27061">
    <ele>363.45000000000005</ele>
   </trkpt>
   <trkpt lat="38.60101" lon="-0.27052000000000004">
    <ele>363.84000000000003</ele>
   </trkpt>
   <trkpt lat="38.601110000000006" lon="-0.27048">
    <ele>364.2</ele>
   </trkpt>
   <trkpt lat="38.60121" lon="-0.27053000000000005">
    <ele>364.50000000000006</ele>
   </trkpt>
   <trkpt lat="38.60132" lon="-0.27061">
    <ele>364.88000000000005</ele>
   </trkpt>
   <trkpt lat="38.60137" lon="-0.27069000000000004">
    <ele>364.9</ele>
   </trkpt>
   <trkpt lat="38.60146" lon="-0.27093">
    <ele>365.34000000000003</ele>
   </trkpt>
   <trkpt lat="38.601580000000006" lon="-0.27137">
    <ele>365.68</ele>
   </trkpt>
   <trkpt lat="38.60170500131387" lon="-0.2719249990477377">
    <ele>366.86</ele>
   </trkpt>
   <trkpt lat="38.60183" lon="-0.27248">
    <ele>368.06000000000006</ele>
   </trkpt>
   <trkpt lat="38.601910000000004" lon="-0.2727">
    <ele>368.14000000000004</ele>
   </trkpt>
   <trkpt lat="38.602120000000006" lon="-0.27308000000000004">
    <ele>368.11</ele>
   </trkpt>
   <trkpt lat="38.602250000000005" lon="-0.27324000000000004">
    <ele>368.1</ele>
   </trkpt>
   <trkpt lat="38.602380000000004" lon="-0.27331">
    <ele>368.13</ele>
   </trkpt>
   <trkpt lat="38.6026" lon="-0.27338">
    <ele>368.22</ele>
   </trkpt>
   <trkpt lat="38.60284" lon="-0.27348">
    <ele>368.13</ele>
   </trkpt>
   <trkpt lat="38.60298" lon="-0.27349">
    <ele>368.11</ele>
   </trkpt>
   <trkpt lat="38.60307" lon="-0.27348">
    <ele>368.12</ele>
   </trkpt>
   <trkpt lat="38.603210000000004" lon="-0.27343">
    <ele>368.20000000000005</ele>
   </trkpt>
   <trkpt lat="38.603930000000005" lon="-0.27297000000000005">
    <ele>368.64000000000004</ele>
   </trkpt>
   <trkpt lat="38.60417" lon="-0.27282">
    <ele>368.71000000000004</ele>
   </trkpt>
   <trkpt lat="38.60455" lon="-0.27266">
    <ele>369.33000000000004</ele>
   </trkpt>
   <trkpt lat="38.6049" lon="-0.27263000000000004">
    <ele>370.49</ele>
   </trkpt>
   <trkpt lat="38.605050000000006" lon="-0.27264000000000005">
    <ele>371.01</ele>
   </trkpt>
   <trkpt lat="38.60517" lon="-0.27268000000000003">
    <ele>371.14000000000004</ele>
   </trkpt>
   <trkpt lat="38.605340000000005" lon="-0.27281">
    <ele>371.75</ele>
   </trkpt>
   <trkpt lat="38.60571" lon="-0.27313000000000004">
    <ele>372.14000000000004</ele>
   </trkpt>
   <trkpt lat="38.60596" lon="-0.27330000000000004">
    <ele>372.14000000000004</ele>
   </trkpt>
   <trkpt lat="38.60618" lon="-0.27342">
    <ele>372.45</ele>
   </trkpt>
   <trkpt lat="38.606570000000005" lon="-0.27358000000000005">
    <ele>372.70000000000005</ele>
   </trkpt>
   <trkpt lat="38.60671" lon="-0.27353">
    <ele>372.68</ele>
   </trkpt>
   <trkpt lat="38.606770000000004" lon="-0.27348">
    <ele>372.68</ele>
   </trkpt>
   <trkpt lat="38.607110000000006" lon="-0.27313000000000004">
    <ele>372.61000000000007</ele>
   </trkpt>
   <trkpt lat="38.60714" lon="-0.27309">
    <ele>372.62</ele>
   </trkpt>
   <trkpt lat="38.607150000000004" lon="-0.27299">
    <ele>372.62</ele>
   </trkpt>
   <trkpt lat="38.607130000000005" lon="-0.27292">
    <ele>372.51</ele>
   </trkpt>
   <trkpt lat="38.607020000000006" lon="-0.27276">
    <ele>372.53000000000003</ele>
   </trkpt>
   <trkpt lat="38.60676" lon="-0.27251000000000003">
    <ele>373.01</ele>
   </trkpt>
   <trkpt lat="38.60663" lon="-0.27236000000000005">
    <ele>373.6700000000001</ele>
   </trkpt>
   <trkpt lat="38.60656" lon="-0.27213000000000004">
    <ele>374.97</ele>
   </trkpt>
   <trkpt lat="38.606550000000006" lon="-0.27194">
    <ele>375.48</ele>
   </trkpt>
   <trkpt lat="38.606590000000004" lon="-0.27107000000000003">
    <ele>379.5</ele>
   </trkpt>
   <trkpt lat="38.60661" lon="-0.27097000000000004">
    <ele>379.5</ele>
   </trkpt>
   <trkpt lat="38.60669" lon="-0.27076">
    <ele>382.43000000000006</ele>
   </trkpt>
   <trkpt lat="38.60678" lon="-0.2707">
    <ele>382.43000000000006</ele>
   </trkpt>
   <trkpt lat="38.60699" lon="-0.2707">
    <ele>384.29</ele>
   </trkpt>
   <trkpt lat="38.60719" lon="-0.27075000000000005">
    <ele>385.43000000000006</ele>
   </trkpt>
   <trkpt lat="38.607530000000004" lon="-0.27086000000000005">
    <ele>387.76000000000005</ele>
   </trkpt>
   <trkpt lat="38.60761" lon="-0.27087">
    <ele>387.76000000000005</ele>
   </trkpt>
   <trkpt lat="38.607760000000006" lon="-0.27081">
    <ele>388.24</ele>
   </trkpt>
   <trkpt lat="38.608000000000004" lon="-0.2706">
    <ele>390.61</ele>
   </trkpt>
   <trkpt lat="38.608050000000006" lon="-0.27059">
    <ele>390.61</ele>
   </trkpt>
   <trkpt lat="38.6081" lon="-0.27061">
    <ele>391.65000000000003</ele>
   </trkpt>
   <trkpt lat="38.608160000000005" lon="-0.2707">
    <ele>391.65000000000003</ele>
   </trkpt>
   <trkpt lat="38.608160000000005" lon="-0.27081">
    <ele>392.28000000000003</ele>
   </trkpt>
   <trkpt lat="38.6081" lon="-0.27093">
    <ele>392.85</ele>
   </trkpt>
   <trkpt lat="38.60801" lon="-0.27099">
    <ele>394.12</ele>
   </trkpt>
   <trkpt lat="38.60777" lon="-0.27109">
    <ele>395.56</ele>
   </trkpt>
   <trkpt lat="38.607580000000006" lon="-0.2712">
    <ele>397.83</ele>
   </trkpt>
   <trkpt lat="38.607510000000005" lon="-0.27126">
    <ele>397.83</ele>
   </trkpt>
   <trkpt lat="38.607490000000006" lon="-0.27133">
    <ele>397.83</ele>
   </trkpt>
   <trkpt lat="38.607490001715796" lon="-0.27196500016757186">
    <ele>398.93</ele>
   </trkpt>
   <trkpt lat="38.607490000000006" lon="-0.2726">
    <ele>399.29</ele>
   </trkpt>
   <trkpt lat="38.60752" lon="-0.27283">
    <ele>399.45000000000005</ele>
   </trkpt>
   <trkpt lat="38.607600000000005" lon="-0.27298">
    <ele>399.45000000000005</ele>
   </trkpt>
   <trkpt lat="38.607690000000005" lon="-0.27308000000000004">
    <ele>399.45000000000005</ele>
   </trkpt>
   <trkpt lat="38.608050000000006" lon="-0.27355">
    <ele>399.88</ele>
   </trkpt>
   <trkpt lat="38.60812000000001" lon="-0.2737">
    <ele>401.81000000000006</ele>
   </trkpt>
   <trkpt lat="38.60821" lon="-0.27380000000000004">
    <ele>401.81000000000006</ele>
   </trkpt>
   <trkpt lat="38.60857" lon="-0.27389">
    <ele>404.0</ele>
   </trkpt>
   <trkpt lat="38.60882" lon="-0.27391000000000004">
    <ele>406.45000000000005</ele>
   </trkpt>
   <trkpt lat="38.60893" lon="-0.27387">
    <ele>407.9200000000001</ele>
   </trkpt>
   <trkpt lat="38.609080000000006" lon="-0.27380000000000004">
    <ele>409.69000000000005</ele>
   </trkpt>
   <trkpt lat="38.60918" lon="-0.27369000000000004">
    <ele>409.95000000000005</ele>
   </trkpt>
   <trkpt lat="38.60929" lon="-0.27365">
    <ele>410.39000000000004</ele>
   </trkpt>
   <trkpt lat="38.609370000000006" lon="-0.27367">
    <ele>410.39000000000004</ele>
   </trkpt>
   <trkpt lat="38.6096" lon="-0.27414">
    <ele>414.84000000000003</ele>
   </trkpt>
   <trkpt lat="38.609640000000006" lon="-0.27426">
    <ele>415.55</ele>
   </trkpt>
   <trkpt lat="38.60962" lon="-0.27443">
    <ele>416.21000000000004</ele>
   </trkpt>
   <trkpt lat="38.609390000000005" lon="-0.27548">
    <ele>420.24000000000007</ele>
   </trkpt>
   <trkpt lat="38.60942" lon="-0.27614">
    <ele>422.23</ele>
   </trkpt>
   <trkpt lat="38.609460000000006" lon="-0.27646000000000004">
    <ele>423.12000000000006</ele>
   </trkpt>
   <trkpt lat="38.609730000000006" lon="-0.27703">
    <ele>425.71000000000004</ele>
   </trkpt>
   <trkpt lat="38.60976" lon="-0.27713000000000004">
    <ele>427.44000000000005</ele>
   </trkpt>
   <trkpt lat="38.60976" lon="-0.27724000000000004">
    <ele>427.44000000000005</ele>
   </trkpt>
   <trkpt lat="38.609730000000006" lon="-0.27735000000000004">
    <ele>428.08</ele>
   </trkpt>
   <trkpt lat="38.609550000000006" lon="-0.27775">
    <ele>430.39000000000004</ele>
   </trkpt>
   <trkpt lat="38.60951" lon="-0.27806000000000003">
    <ele>431.97</ele>
   </trkpt>
   <trkpt lat="38.60952" lon="-0.2782">
    <ele>433.09000000000003</ele>
   </trkpt>
   <trkpt lat="38.609570000000005" lon="-0.27839">
    <ele>434.2300000000001</ele>
   </trkpt>
   <trkpt lat="38.609930000000006" lon="-0.27909">
    <ele>438.64000000000004</ele>
   </trkpt>
   <trkpt lat="38.6101" lon="-0.27915">
    <ele>440.77000000000004</ele>
   </trkpt>
   <trkpt lat="38.61018" lon="-0.27915">
    <ele>440.77000000000004</ele>
   </trkpt>
   <trkpt lat="38.6103" lon="-0.27913000000000004">
    <ele>440.77000000000004</ele>
   </trkpt>
   <trkpt lat="38.61099" lon="-0.27880000000000005">
    <ele>447.13</ele>
   </trkpt>
   <trkpt lat="38.611470000000004" lon="-0.2787">
    <ele>450.01</ele>
   </trkpt>
   <trkpt lat="38.611670000000004" lon="-0.2787">
    <ele>451.85</ele>
   </trkpt>
   <trkpt lat="38.611920000000005" lon="-0.27877">
    <ele>453.79</ele>
   </trkpt>
   <trkpt lat="38.61206000000001" lon="-0.27880000000000005">
    <ele>454.38000000000005</ele>
   </trkpt>
   <trkpt lat="38.61213" lon="-0.27875">
    <ele>455.36</ele>
   </trkpt>
   <trkpt lat="38.612410000000004" lon="-0.27853">
    <ele>457.72</ele>
   </trkpt>
   <trkpt lat="38.61247" lon="-0.27849">
    <ele>457.72</ele>
   </trkpt>
   <trkpt lat="38.61271" lon="-0.27853">
    <ele>459.65000000000003</ele>
   </trkpt>
   <trkpt lat="38.61276" lon="-0.27853">
    <ele>459.65000000000003</ele>
   </trkpt>
   <trkpt lat="38.612880000000004" lon="-0.27842">
    <ele>460.91</ele>
   </trkpt>
   <trkpt lat="38.613080000000004" lon="-0.27815">
    <ele>462.67</ele>
   </trkpt>
   <trkpt lat="38.613130000000005" lon="-0.27813000000000004">
    <ele>463.96000000000004</ele>
   </trkpt>
   <trkpt lat="38.613240000000005" lon="-0.2781">
    <ele>463.96000000000004</ele>
   </trkpt>
   <trkpt lat="38.613290000000006" lon="-0.27814">
    <ele>464.95000000000005</ele>
   </trkpt>
   <trkpt lat="38.613330000000005" lon="-0.27819000000000005">
    <ele>464.95000000000005</ele>
   </trkpt>
   <trkpt lat="38.61337" lon="-0.27832">
    <ele>465.57000000000005</ele>
   </trkpt>
   <trkpt lat="38.61339" lon="-0.27853">
    <ele>466.41</ele>
   </trkpt>
   <trkpt lat="38.613400000000006" lon="-0.27909">
    <ele>469.29</ele>
   </trkpt>
   <trkpt lat="38.613440000000004" lon="-0.27921">
    <ele>469.72</ele>
   </trkpt>
   <trkpt lat="38.61357" lon="-0.27948">
    <ele>470.53000000000003</ele>
   </trkpt>
   <trkpt lat="38.613620000000004" lon="-0.27969000000000005">
    <ele>471.29</ele>
   </trkpt>
   <trkpt lat="38.613600000000005" lon="-0.28019000000000005">
    <ele>472.16</ele>
   </trkpt>
   <trkpt lat="38.613550000000004" lon="-0.28047">
    <ele>472.66</ele>
   </trkpt>
   <trkpt lat="38.61339" lon="-0.28098">
    <ele>473.22</ele>
   </trkpt>
   <trkpt lat="38.613260000000004" lon="-0.28124000000000005">
    <ele>473.22</ele>
   </trkpt>
   <trkpt lat="38.612950000000005" lon="-0.28164">
    <ele>473.89000000000004</ele>
   </trkpt>
   <trkpt lat="38.61291000000001" lon="-0.28181">
    <ele>473.89000000000004</ele>
   </trkpt>
   <trkpt lat="38.612930000000006" lon="-0.28187">
    <ele>474.41</ele>
   </trkpt>
   <trkpt lat="38.61300000000001" lon="-0.28198">
    <ele>474.41</ele>
   </trkpt>
   <trkpt lat="38.61305" lon="-0.28202000000000005">
    <ele>474.41</ele>
   </trkpt>
   <trkpt lat="38.613150000000005" lon="-0.28202000000000005">
    <ele>474.48</ele>
   </trkpt>
   <trkpt lat="38.61327" lon="-0.28197">
    <ele>474.96000000000004</ele>
   </trkpt>
   <trkpt lat="38.613730000000004" lon="-0.28169">
    <ele>476.67</ele>
   </trkpt>
   <trkpt lat="38.613870000000006" lon="-0.28169">
    <ele>477.26</ele>
   </trkpt>
   <trkpt lat="38.614000000000004" lon="-0.2817">
    <ele>477.59000000000003</ele>
   </trkpt>
   <trkpt lat="38.614050000000006" lon="-0.28175">
    <ele>477.99</ele>
   </trkpt>
   <trkpt lat="38.614110000000004" lon="-0.28186">
    <ele>478.49</ele>
   </trkpt>
   <trkpt lat="38.61412" lon="-0.28203">
    <ele>479.07000000000005</ele>
   </trkpt>
   <trkpt lat="38.6141" lon="-0.2823">
    <ele>482.11</ele>
   </trkpt>
   <trkpt lat="38.61404" lon="-0.28253">
    <ele>482.11</ele>
   </trkpt>
   <trkpt lat="38.614050000000006" lon="-0.28269">
    <ele>483.39000000000004</ele>
   </trkpt>
   <trkpt lat="38.614090000000004" lon="-0.2828">
    <ele>483.39000000000004</ele>
   </trkpt>
   <trkpt lat="38.614320000000006" lon="-0.28303">
    <ele>485.30000000000007</ele>
   </trkpt>
   <trkpt lat="38.61442" lon="-0.28308">
    <ele>486.67</ele>
   </trkpt>
   <trkpt lat="38.61450000000001" lon="-0.28308">
    <ele>487.74000000000007</ele>
   </trkpt>
   <trkpt lat="38.61468" lon="-0.28315">
    <ele>488.43</ele>
   </trkpt>
   <trkpt lat="38.6148" lon="-0.28332">
    <ele>489.40000000000003</ele>
   </trkpt>
   <trkpt lat="38.615065001362396" lon="-0.2838599982527681">
    <ele>492.98</ele>
   </trkpt>
   <trkpt lat="38.61533" lon="-0.28440000000000004">
    <ele>497.05</ele>
   </trkpt>
   <trkpt lat="38.615460000000006" lon="-0.28475">
    <ele>498.81</ele>
   </trkpt>
   <trkpt lat="38.61549" lon="-0.28486">
    <ele>498.81</ele>
   </trkpt>
   <trkpt lat="38.615500000000004" lon="-0.28508">
    <ele>500.32</ele>
   </trkpt>
   <trkpt lat="38.61534" lon="-0.28569">
    <ele>504.4200000000001</ele>
   </trkpt>
   <trkpt lat="38.615280000000006" lon="-0.28647">
    <ele>507.32</ele>
   </trkpt>
   <trkpt lat="38.61522" lon="-0.28697">
    <ele>510.2300000000001</ele>
   </trkpt>
   <trkpt lat="38.61524" lon="-0.28714">
    <ele>513.0300000000001</ele>
   </trkpt>
   <trkpt lat="38.61534" lon="-0.28747">
    <ele>514.0400000000001</ele>
   </trkpt>
   <trkpt lat="38.61535000000001" lon="-0.28769">
    <ele>514.95</ele>
   </trkpt>
   <trkpt lat="38.615320000000004" lon="-0.2878">
    <ele>515.73</ele>
   </trkpt>
   <trkpt lat="38.61524" lon="-0.28798">
    <ele>516.35</ele>
   </trkpt>
   <trkpt lat="38.615170000000006" lon="-0.28808">
    <ele>516.6800000000001</ele>
   </trkpt>
   <trkpt lat="38.61493" lon="-0.28824">
    <ele>517.4000000000001</ele>
   </trkpt>
   <trkpt lat="38.614720000000005" lon="-0.2883">
    <ele>518.3100000000001</ele>
   </trkpt>
   <trkpt lat="38.614670000000004" lon="-0.28836">
    <ele>518.4700000000001</ele>
   </trkpt>
   <trkpt lat="38.61462" lon="-0.28845000000000004">
    <ele>518.85</ele>
   </trkpt>
   <trkpt lat="38.6146" lon="-0.28856000000000004">
    <ele>519.2800000000001</ele>
   </trkpt>
   <trkpt lat="38.61469" lon="-0.2887">
    <ele>520.26</ele>
   </trkpt>
   <trkpt lat="38.61498" lon="-0.28886">
    <ele>522.11</ele>
   </trkpt>
   <trkpt lat="38.61535000000001" lon="-0.28913">
    <ele>525.07</ele>
   </trkpt>
   <trkpt lat="38.615460000000006" lon="-0.28924">
    <ele>525.07</ele>
   </trkpt>
   <trkpt lat="38.615550000000006" lon="-0.28935">
    <ele>526.24</ele>
   </trkpt>
   <trkpt lat="38.615590000000005" lon="-0.28959">
    <ele>526.24</ele>
   </trkpt>
   <trkpt lat="38.61558" lon="-0.2903">
    <ele>528.71</ele>
   </trkpt>
   <trkpt lat="38.61558" lon="-0.29031">
    <ele>528.71</ele>
   </trkpt>
   <trkpt lat="38.61562" lon="-0.29058">
    <ele>529.2800000000001</ele>
   </trkpt>
   <trkpt lat="38.61596" lon="-0.29119">
    <ele>531.66</ele>
   </trkpt>
   <trkpt lat="38.616040000000005" lon="-0.2913">
    <ele>533.63</ele>
   </trkpt>
   <trkpt lat="38.61627" lon="-0.29152">
    <ele>535.47</ele>
   </trkpt>
   <trkpt lat="38.6163" lon="-0.29163">
    <ele>535.79</ele>
   </trkpt>
   <trkpt lat="38.6163" lon="-0.29179000000000005">
    <ele>536.0400000000001</ele>
   </trkpt>
   <trkpt lat="38.61625" lon="-0.29189000000000004">
    <ele>536.0400000000001</ele>
   </trkpt>
   <trkpt lat="38.616020000000006" lon="-0.29206000000000004">
    <ele>536.22</ele>
   </trkpt>
   <trkpt lat="38.615930000000006" lon="-0.29218000000000005">
    <ele>536.54</ele>
   </trkpt>
   <trkpt lat="38.615860000000005" lon="-0.29235">
    <ele>537.07</ele>
   </trkpt>
   <trkpt lat="38.615840000000006" lon="-0.29251000000000005">
    <ele>537.91</ele>
   </trkpt>
   <trkpt lat="38.61589" lon="-0.29302">
    <ele>541.5300000000001</ele>
   </trkpt>
   <trkpt lat="38.61587" lon="-0.29331">
    <ele>543.01</ele>
   </trkpt>
   <trkpt lat="38.61592" lon="-0.29363">
    <ele>545.6700000000001</ele>
   </trkpt>
   <trkpt lat="38.615990000000004" lon="-0.2938">
    <ele>546.25</ele>
   </trkpt>
   <trkpt lat="38.616170000000004" lon="-0.29406000000000004">
    <ele>547.09</ele>
   </trkpt>
   <trkpt lat="38.61621" lon="-0.29413">
    <ele>547.06</ele>
   </trkpt>
   <trkpt lat="38.61627" lon="-0.29440000000000005">
    <ele>546.5500000000001</ele>
   </trkpt>
   <trkpt lat="38.61638000000001" lon="-0.29469">
    <ele>546.35</ele>
   </trkpt>
   <trkpt lat="38.61661" lon="-0.29507">
    <ele>546.91</ele>
   </trkpt>
   <trkpt lat="38.616670000000006" lon="-0.29523000000000005">
    <ele>547.2800000000001</ele>
   </trkpt>
   <trkpt lat="38.61666" lon="-0.29539000000000004">
    <ele>548.32</ele>
   </trkpt>
   <trkpt lat="38.61652" lon="-0.29567000000000004">
    <ele>550.13</ele>
   </trkpt>
   <trkpt lat="38.6165" lon="-0.29585">
    <ele>550.13</ele>
   </trkpt>
   <trkpt lat="38.616690000000006" lon="-0.29683000000000004">
    <ele>555.9000000000001</ele>
   </trkpt>
   <trkpt lat="38.616760000000006" lon="-0.29707">
    <ele>558.3800000000001</ele>
   </trkpt>
   <trkpt lat="38.616800000000005" lon="-0.29714">
    <ele>558.3800000000001</ele>
   </trkpt>
   <trkpt lat="38.61712" lon="-0.29747">
    <ele>562.4200000000001</ele>
   </trkpt>
   <trkpt lat="38.617230000000006" lon="-0.29763">
    <ele>564.03</ele>
   </trkpt>
   <trkpt lat="38.61726" lon="-0.29779">
    <ele>565.4100000000001</ele>
   </trkpt>
   <trkpt lat="38.61726" lon="-0.29814">
    <ele>566.83</ele>
   </trkpt>
   <trkpt lat="38.6173" lon="-0.29834000000000005">
    <ele>567.33</ele>
   </trkpt>
   <trkpt lat="38.617340000000006" lon="-0.2984">
    <ele>567.4100000000001</ele>
   </trkpt>
   <trkpt lat="38.617540000000005" lon="-0.29863">
    <ele>567.2</ele>
   </trkpt>
   <trkpt lat="38.617830000000005" lon="-0.29884000000000005">
    <ele>566.4100000000001</ele>
   </trkpt>
   <trkpt lat="38.618300000000005" lon="-0.29902">
    <ele>564.7</ele>
   </trkpt>
   <trkpt lat="38.618460000000006" lon="-0.29907">
    <ele>563.64</ele>
   </trkpt>
   <trkpt lat="38.618930000000006" lon="-0.29907">
    <ele>561.1</ele>
   </trkpt>
   <trkpt lat="38.619550000000004" lon="-0.29889000000000004">
    <ele>559.7700000000001</ele>
   </trkpt>
   <trkpt lat="38.620020000000004" lon="-0.29872000000000004">
    <ele>559.58</ele>
   </trkpt>
   <trkpt lat="38.620720000000006" lon="-0.2983">
    <ele>559.6300000000001</ele>
   </trkpt>
   <trkpt lat="38.621010000000005" lon="-0.29808">
    <ele>559.3800000000001</ele>
   </trkpt>
   <trkpt lat="38.621390000000005" lon="-0.29789000000000004">
    <ele>559.55</ele>
   </trkpt>
   <trkpt lat="38.621700000000004" lon="-0.29763">
    <ele>561.24</ele>
   </trkpt>
   <trkpt lat="38.6221" lon="-0.29745000000000005">
    <ele>563.8700000000001</ele>
   </trkpt>
   <trkpt lat="38.622310000000006" lon="-0.29737">
    <ele>564.9200000000001</ele>
   </trkpt>
   <trkpt lat="38.62248" lon="-0.29735">
    <ele>565.0200000000001</ele>
   </trkpt>
   <trkpt lat="38.622710000000005" lon="-0.2974">
    <ele>564.83</ele>
   </trkpt>
   <trkpt lat="38.62306" lon="-0.29735">
    <ele>564.16</ele>
   </trkpt>
   <trkpt lat="38.62314000000001" lon="-0.29729">
    <ele>564.3000000000001</ele>
   </trkpt>
   <trkpt lat="38.623310000000004" lon="-0.29702">
    <ele>565.97</ele>
   </trkpt>
   <trkpt lat="38.62368" lon="-0.29664">
    <ele>568.6600000000001</ele>
   </trkpt>
   <trkpt lat="38.623960000000004" lon="-0.29652">
    <ele>570.69</ele>
   </trkpt>
   <trkpt lat="38.624050000000004" lon="-0.29652">
    <ele>570.69</ele>
   </trkpt>
   <trkpt lat="38.6242" lon="-0.29663">
    <ele>571.44</ele>
   </trkpt>
   <trkpt lat="38.624430000000004" lon="-0.29697">
    <ele>574.83</ele>
   </trkpt>
   <trkpt lat="38.624810000000004" lon="-0.29724">
    <ele>578.21</ele>
   </trkpt>
   <trkpt lat="38.624970000000005" lon="-0.29739000000000004">
    <ele>578.99</ele>
   </trkpt>
   <trkpt lat="38.62516" lon="-0.29761000000000004">
    <ele>579.6800000000001</ele>
   </trkpt>
   <trkpt lat="38.62523" lon="-0.29775">
    <ele>579.73</ele>
   </trkpt>
   <trkpt lat="38.62532" lon="-0.29812000000000005">
    <ele>579.6300000000001</ele>
   </trkpt>
   <trkpt lat="38.6255" lon="-0.29868">
    <ele>579.7500000000001</ele>
   </trkpt>
   <trkpt lat="38.62557" lon="-0.29883000000000004">
    <ele>579.8199999999999</ele>
   </trkpt>
   <trkpt lat="38.62565" lon="-0.2989">
    <ele>579.95</ele>
   </trkpt>
   <trkpt lat="38.62583" lon="-0.29901">
    <ele>580.65</ele>
   </trkpt>
   <trkpt lat="38.626250000000006" lon="-0.29908">
    <ele>583.3900000000001</ele>
   </trkpt>
   <trkpt lat="38.62632" lon="-0.29908">
    <ele>584.19</ele>
   </trkpt>
   <trkpt lat="38.626380000000005" lon="-0.29907">
    <ele>585.07</ele>
   </trkpt>
   <trkpt lat="38.62662" lon="-0.29886">
    <ele>587.48</ele>
   </trkpt>
   <trkpt lat="38.62669" lon="-0.29885">
    <ele>588.3900000000001</ele>
   </trkpt>
   <trkpt lat="38.626720000000006" lon="-0.29886">
    <ele>588.52</ele>
   </trkpt>
   <trkpt lat="38.626780000000004" lon="-0.29894000000000004">
    <ele>588.9000000000001</ele>
   </trkpt>
   <trkpt lat="38.6268" lon="-0.29901">
    <ele>588.95</ele>
   </trkpt>
   <trkpt lat="38.62677" lon="-0.29912">
    <ele>588.95</ele>
   </trkpt>
   <trkpt lat="38.6266" lon="-0.29945000000000005">
    <ele>592.0200000000001</ele>
   </trkpt>
   <trkpt lat="38.62657" lon="-0.29961000000000004">
    <ele>592.74</ele>
   </trkpt>
   <trkpt lat="38.62657" lon="-0.29972000000000004">
    <ele>592.74</ele>
   </trkpt>
   <trkpt lat="38.6266" lon="-0.29996">
    <ele>594.99</ele>
   </trkpt>
   <trkpt lat="38.626720000000006" lon="-0.30057">
    <ele>598.72</ele>
   </trkpt>
   <trkpt lat="38.62682" lon="-0.30139000000000005">
    <ele>605.16</ele>
   </trkpt>
   <trkpt lat="38.62693" lon="-0.30179">
    <ele>606.63</ele>
   </trkpt>
   <trkpt lat="38.62698" lon="-0.3019">
    <ele>608.51</ele>
   </trkpt>
   <trkpt lat="38.627050000000004" lon="-0.30201">
    <ele>608.51</ele>
   </trkpt>
   <trkpt lat="38.62716" lon="-0.30207">
    <ele>610.96</ele>
   </trkpt>
   <trkpt lat="38.627480000000006" lon="-0.30227000000000004">
    <ele>613.3100000000001</ele>
   </trkpt>
   <trkpt lat="38.6276" lon="-0.30229">
    <ele>613.3100000000001</ele>
   </trkpt>
   <trkpt lat="38.62774" lon="-0.30229">
    <ele>616.26</ele>
   </trkpt>
   <trkpt lat="38.62836" lon="-0.30191">
    <ele>621.68</ele>
   </trkpt>
   <trkpt lat="38.628420000000006" lon="-0.3019">
    <ele>622.02</ele>
   </trkpt>
   <trkpt lat="38.628530000000005" lon="-0.30195000000000005">
    <ele>622.6</ele>
   </trkpt>
   <trkpt lat="38.62858000000001" lon="-0.30202">
    <ele>623.02</ele>
   </trkpt>
   <trkpt lat="38.62857" lon="-0.30212">
    <ele>623.29</ele>
   </trkpt>
   <trkpt lat="38.62854" lon="-0.30218">
    <ele>623.4300000000001</ele>
   </trkpt>
   <trkpt lat="38.62829" lon="-0.30234">
    <ele>623.6700000000001</ele>
   </trkpt>
   <trkpt lat="38.628170000000004" lon="-0.30251">
    <ele>624.0300000000001</ele>
   </trkpt>
   <trkpt lat="38.62809" lon="-0.30267000000000005">
    <ele>624.4300000000001</ele>
   </trkpt>
   <trkpt lat="38.628060000000005" lon="-0.30284">
    <ele>624.9</ele>
   </trkpt>
   <trkpt lat="38.62812" lon="-0.30301">
    <ele>625.29</ele>
   </trkpt>
   <trkpt lat="38.628420000000006" lon="-0.30362">
    <ele>629.48</ele>
   </trkpt>
   <trkpt lat="38.628490000000006" lon="-0.30384">
    <ele>633.87</ele>
   </trkpt>
   <trkpt lat="38.62852" lon="-0.30401">
    <ele>633.87</ele>
   </trkpt>
   <trkpt lat="38.628510000000006" lon="-0.30422000000000005">
    <ele>635.5400000000001</ele>
   </trkpt>
   <trkpt lat="38.62848" lon="-0.3044">
    <ele>636.33</ele>
   </trkpt>
   <trkpt lat="38.62823" lon="-0.3048">
    <ele>640.29</ele>
   </trkpt>
   <trkpt lat="38.62801" lon="-0.30501">
    <ele>641.19</ele>
   </trkpt>
   <trkpt lat="38.627840000000006" lon="-0.30507">
    <ele>641.73</ele>
   </trkpt>
   <trkpt lat="38.62744" lon="-0.30511000000000005">
    <ele>644.6800000000001</ele>
   </trkpt>
   <trkpt lat="38.627370000000006" lon="-0.30513">
    <ele>644.6800000000001</ele>
   </trkpt>
   <trkpt lat="38.627320000000005" lon="-0.30523">
    <ele>645.22</ele>
   </trkpt>
   <trkpt lat="38.62731" lon="-0.30528000000000005">
    <ele>645.22</ele>
   </trkpt>
   <trkpt lat="38.6274" lon="-0.30573">
    <ele>648.4300000000001</ele>
   </trkpt>
   <trkpt lat="38.627460000000006" lon="-0.3059">
    <ele>648.4300000000001</ele>
   </trkpt>
   <trkpt lat="38.627610000000004" lon="-0.30606">
    <ele>650.24</ele>
   </trkpt>
   <trkpt lat="38.628190000000004" lon="-0.30651">
    <ele>653.15</ele>
   </trkpt>
   <trkpt lat="38.628440000000005" lon="-0.30667">
    <ele>654.99</ele>
   </trkpt>
   <trkpt lat="38.628840000000004" lon="-0.30705000000000005">
    <ele>657.5600000000001</ele>
   </trkpt>
   <trkpt lat="38.628870000000006" lon="-0.30712">
    <ele>657.5600000000001</ele>
   </trkpt>
   <trkpt lat="38.62894" lon="-0.30752">
    <ele>658.24</ele>
   </trkpt>
   <trkpt lat="38.62895" lon="-0.30772000000000005">
    <ele>658.24</ele>
   </trkpt>
   <trkpt lat="38.6289" lon="-0.30823">
    <ele>658.1</ele>
   </trkpt>
   <trkpt lat="38.628930000000004" lon="-0.3084">
    <ele>658.22</ele>
   </trkpt>
   <trkpt lat="38.62899" lon="-0.30851">
    <ele>658.66</ele>
   </trkpt>
   <trkpt lat="38.62904" lon="-0.30856">
    <ele>659.12</ele>
   </trkpt>
   <trkpt lat="38.62928" lon="-0.30867">
    <ele>660.6800000000001</ele>
   </trkpt>
   <trkpt lat="38.62942" lon="-0.30879">
    <ele>660.6800000000001</ele>
   </trkpt>
   <trkpt lat="38.629580000000004" lon="-0.30896">
    <ele>662.4000000000001</ele>
   </trkpt>
   <trkpt lat="38.629740000000005" lon="-0.30927000000000004">
    <ele>664.45</ele>
   </trkpt>
   <trkpt lat="38.62977" lon="-0.30939">
    <ele>664.6200000000001</ele>
   </trkpt>
   <trkpt lat="38.62977" lon="-0.30956">
    <ele>665.0100000000001</ele>
   </trkpt>
   <trkpt lat="38.629720000000006" lon="-0.30979">
    <ele>665.87</ele>
   </trkpt>
   <trkpt lat="38.629630000000006" lon="-0.30996">
    <ele>665.87</ele>
   </trkpt>
   <trkpt lat="38.629560000000005" lon="-0.31005000000000005">
    <ele>665.87</ele>
   </trkpt>
   <trkpt lat="38.62944" lon="-0.31012">
    <ele>666.7700000000001</ele>
   </trkpt>
   <trkpt lat="38.62933" lon="-0.31011000000000005">
    <ele>666.7700000000001</ele>
   </trkpt>
   <trkpt lat="38.62914000000001" lon="-0.31001">
    <ele>667.47</ele>
   </trkpt>
   <trkpt lat="38.62901" lon="-0.31">
    <ele>667.88</ele>
   </trkpt>
   <trkpt lat="38.628840000000004" lon="-0.31005000000000005">
    <ele>669.0600000000001</ele>
   </trkpt>
   <trkpt lat="38.628710000000005" lon="-0.31016000000000005">
    <ele>669.98</ele>
   </trkpt>
   <trkpt lat="38.628640000000004" lon="-0.31028">
    <ele>670.73</ele>
   </trkpt>
   <trkpt lat="38.62856" lon="-0.31067">
    <ele>673.95</ele>
   </trkpt>
   <trkpt lat="38.62839" lon="-0.31089">
    <ele>676.1400000000001</ele>
   </trkpt>
   <trkpt lat="38.628310000000006" lon="-0.31094000000000005">
    <ele>676.1400000000001</ele>
   </trkpt>
   <trkpt lat="38.62811000000001" lon="-0.31085">
    <ele>679.01</ele>
   </trkpt>
   <trkpt lat="38.628" lon="-0.31084">
    <ele>680.51</ele>
   </trkpt>
   <trkpt lat="38.62773" lon="-0.31089">
    <ele>684.09</ele>
   </trkpt>
   <trkpt lat="38.627500000000005" lon="-0.31095">
    <ele>684.83</ele>
   </trkpt>
   <trkpt lat="38.627410000000005" lon="-0.31095">
    <ele>685.48</ele>
   </trkpt>
   <trkpt lat="38.627320000000005" lon="-0.31089">
    <ele>685.48</ele>
   </trkpt>
   <trkpt lat="38.62717000000001" lon="-0.31073">
    <ele>686.8700000000001</ele>
   </trkpt>
   <trkpt lat="38.627100000000006" lon="-0.31069">
    <ele>687.47</ele>
   </trkpt>
   <trkpt lat="38.62718" lon="-0.31056">
    <ele>687.64</ele>
   </trkpt>
   <trkpt lat="38.62724" lon="-0.31051">
    <ele>687.7800000000001</ele>
   </trkpt>
   <trkpt lat="38.62747" lon="-0.31046">
    <ele>688.59</ele>
   </trkpt>
   <trkpt lat="38.627770000000005" lon="-0.31034">
    <ele>691.0</ele>
   </trkpt>
   <trkpt lat="38.628060000000005" lon="-0.31032000000000004">
    <ele>691.9000000000001</ele>
   </trkpt>
   <trkpt lat="38.6281" lon="-0.31024">
    <ele>691.91</ele>
   </trkpt>
   <trkpt lat="38.6281" lon="-0.31017">
    <ele>691.8700000000001</ele>
   </trkpt>
   <trkpt lat="38.628060000000005" lon="-0.31011000000000005">
    <ele>691.8700000000001</ele>
   </trkpt>
   <trkpt lat="38.627840000000006" lon="-0.31006">
    <ele>691.33</ele>
   </trkpt>
   <trkpt lat="38.62771" lon="-0.31">
    <ele>691.21</ele>
   </trkpt>
   <trkpt lat="38.627460000000006" lon="-0.30983000000000005">
    <ele>691.32</ele>
   </trkpt>
   <trkpt lat="38.627370000000006" lon="-0.30973">
    <ele>691.6500000000001</ele>
   </trkpt>
   <trkpt lat="38.62724" lon="-0.30946">
    <ele>692.4200000000001</ele>
   </trkpt>
   <trkpt lat="38.627190000000006" lon="-0.30927000000000004">
    <ele>693.2600000000001</ele>
   </trkpt>
   <trkpt lat="38.62718" lon="-0.30901">
    <ele>695.1700000000001</ele>
   </trkpt>
   <trkpt lat="38.627140000000004" lon="-0.30889">
    <ele>695.5400000000001</ele>
   </trkpt>
   <trkpt lat="38.62711" lon="-0.30884">
    <ele>696.1700000000001</ele>
   </trkpt>
   <trkpt lat="38.627050000000004" lon="-0.30882000000000004">
    <ele>696.46</ele>
   </trkpt>
   <trkpt lat="38.62688" lon="-0.30883000000000005">
    <ele>697.67</ele>
   </trkpt>
   <trkpt lat="38.626720000000006" lon="-0.30877000000000004">
    <ele>698.22</ele>
   </trkpt>
   <trkpt lat="38.62666" lon="-0.30867">
    <ele>698.3600000000001</ele>
   </trkpt>
   <trkpt lat="38.62664" lon="-0.30860000000000004">
    <ele>698.6000000000001</ele>
   </trkpt>
   <trkpt lat="38.62666" lon="-0.30845">
    <ele>698.79</ele>
   </trkpt>
   <trkpt lat="38.626760000000004" lon="-0.30823">
    <ele>698.4800000000001</ele>
   </trkpt>
   <trkpt lat="38.62688" lon="-0.30778">
    <ele>696.64</ele>
   </trkpt>
   <trkpt lat="38.62689" lon="-0.30757">
    <ele>695.5400000000001</ele>
   </trkpt>
   <trkpt lat="38.626850000000005" lon="-0.30746">
    <ele>695.5400000000001</ele>
   </trkpt>
   <trkpt lat="38.62677" lon="-0.3074">
    <ele>694.58</ele>
   </trkpt>
   <trkpt lat="38.626540000000006" lon="-0.30728">
    <ele>693.71</ele>
   </trkpt>
   <trkpt lat="38.62614000000001" lon="-0.30695">
    <ele>691.97</ele>
   </trkpt>
   <trkpt lat="38.62588" lon="-0.30696">
    <ele>689.7200000000001</ele>
   </trkpt>
   <trkpt lat="38.62577" lon="-0.30694000000000005">
    <ele>689.37</ele>
   </trkpt>
   <trkpt lat="38.6257" lon="-0.30684">
    <ele>689.37</ele>
   </trkpt>
   <trkpt lat="38.62565" lon="-0.30669">
    <ele>689.57</ele>
   </trkpt>
   <trkpt lat="38.62563" lon="-0.30652">
    <ele>690.06</ele>
   </trkpt>
   <trkpt lat="38.62563" lon="-0.30634">
    <ele>690.13</ele>
   </trkpt>
   <trkpt lat="38.62566" lon="-0.30618">
    <ele>690.21</ele>
   </trkpt>
   <trkpt lat="38.625640000000004" lon="-0.30606">
    <ele>690.18</ele>
   </trkpt>
   <trkpt lat="38.62554" lon="-0.30584">
    <ele>690.11</ele>
   </trkpt>
   <trkpt lat="38.62523" lon="-0.3053">
    <ele>689.35</ele>
   </trkpt>
   <trkpt lat="38.62520000000001" lon="-0.30516000000000004">
    <ele>689.35</ele>
   </trkpt>
   <trkpt lat="38.62520000000001" lon="-0.30500000000000005">
    <ele>689.4</ele>
   </trkpt>
   <trkpt lat="38.62523" lon="-0.30484">
    <ele>689.5</ele>
   </trkpt>
   <trkpt lat="38.62527" lon="-0.30472000000000005">
    <ele>689.6600000000001</ele>
   </trkpt>
   <trkpt lat="38.62541" lon="-0.30446">
    <ele>689.98</ele>
   </trkpt>
   <trkpt lat="38.62547" lon="-0.30429">
    <ele>690.3800000000001</ele>
   </trkpt>
   <trkpt lat="38.625530000000005" lon="-0.30379">
    <ele>692.7</ele>
   </trkpt>
   <trkpt lat="38.625510000000006" lon="-0.30367000000000005">
    <ele>692.7</ele>
   </trkpt>
   <trkpt lat="38.625350000000005" lon="-0.30345">
    <ele>693.62</ele>
   </trkpt>
   <trkpt lat="38.62527" lon="-0.30318">
    <ele>694.01</ele>
   </trkpt>
   <trkpt lat="38.62523" lon="-0.30291">
    <ele>693.9900000000001</ele>
   </trkpt>
   <trkpt lat="38.62523" lon="-0.3029">
    <ele>693.9900000000001</ele>
   </trkpt>
   <trkpt lat="38.6251" lon="-0.30251">
    <ele>692.64</ele>
   </trkpt>
   <trkpt lat="38.62509" lon="-0.30235">
    <ele>692.34</ele>
   </trkpt>
   <trkpt lat="38.62512" lon="-0.30201">
    <ele>692.4300000000001</ele>
   </trkpt>
   <trkpt lat="38.625040000000006" lon="-0.30155000000000004">
    <ele>693.1</ele>
   </trkpt>
   <trkpt lat="38.624970000000005" lon="-0.3014">
    <ele>693.25</ele>
   </trkpt>
   <trkpt lat="38.624880000000005" lon="-0.30135">
    <ele>693.23</ele>
   </trkpt>
   <trkpt lat="38.624610000000004" lon="-0.3013">
    <ele>692.72</ele>
   </trkpt>
   <trkpt lat="38.62447" lon="-0.30123">
    <ele>691.62</ele>
   </trkpt>
   <trkpt lat="38.624370000000006" lon="-0.30117000000000005">
    <ele>691.62</ele>
   </trkpt>
   <trkpt lat="38.62431" lon="-0.30107">
    <ele>690.25</ele>
   </trkpt>
   <trkpt lat="38.62426000000001" lon="-0.3009">
    <ele>689.6800000000001</ele>
   </trkpt>
   <trkpt lat="38.62417000000001" lon="-0.30068">
    <ele>688.1700000000001</ele>
   </trkpt>
   <trkpt lat="38.624100000000006" lon="-0.3004">
    <ele>688.1700000000001</ele>
   </trkpt>
   <trkpt lat="38.624" lon="-0.30029">
    <ele>685.5100000000001</ele>
   </trkpt>
   <trkpt lat="38.62389" lon="-0.30023">
    <ele>684.96</ele>
   </trkpt>
   <trkpt lat="38.62379" lon="-0.30023">
    <ele>684.96</ele>
   </trkpt>
   <trkpt lat="38.62351" lon="-0.30024">
    <ele>682.8900000000001</ele>
   </trkpt>
   <trkpt lat="38.62341" lon="-0.30029">
    <ele>682.1700000000001</ele>
   </trkpt>
   <trkpt lat="38.62294" lon="-0.30078000000000005">
    <ele>680.45</ele>
   </trkpt>
   <trkpt lat="38.622870000000006" lon="-0.3009">
    <ele>679.6300000000001</ele>
   </trkpt>
   <trkpt lat="38.62283" lon="-0.30101">
    <ele>679.6300000000001</ele>
   </trkpt>
   <trkpt lat="38.622730000000004" lon="-0.30157">
    <ele>678.8400000000001</ele>
   </trkpt>
   <trkpt lat="38.62275" lon="-0.30200000000000005">
    <ele>678.1600000000001</ele>
   </trkpt>
   <trkpt lat="38.622730000000004" lon="-0.3024">
    <ele>678.0200000000001</ele>
   </trkpt>
   <trkpt lat="38.62277" lon="-0.30262">
    <ele>677.3</ele>
   </trkpt>
   <trkpt lat="38.62276000000001" lon="-0.30273">
    <ele>677.3</ele>
   </trkpt>
   <trkpt lat="38.62272" lon="-0.30279">
    <ele>676.96</ele>
   </trkpt>
   <trkpt lat="38.62265" lon="-0.30284">
    <ele>676.96</ele>
   </trkpt>
   <trkpt lat="38.62254" lon="-0.30286">
    <ele>676.96</ele>
   </trkpt>
   <trkpt lat="38.62196" lon="-0.3029">
    <ele>675.5300000000001</ele>
   </trkpt>
   <trkpt lat="38.62174" lon="-0.30294000000000004">
    <ele>675.85</ele>
   </trkpt>
   <trkpt lat="38.621590000000005" lon="-0.30301">
    <ele>676.59</ele>
   </trkpt>
   <trkpt lat="38.621550000000006" lon="-0.30311000000000005">
    <ele>676.59</ele>
   </trkpt>
   <trkpt lat="38.621520000000004" lon="-0.30327000000000004">
    <ele>676.91</ele>
   </trkpt>
   <trkpt lat="38.62151" lon="-0.30346">
    <ele>677.1</ele>
   </trkpt>
   <trkpt lat="38.621520000000004" lon="-0.30362">
    <ele>677.0400000000001</ele>
   </trkpt>
   <trkpt lat="38.621680000000005" lon="-0.30423">
    <ele>676.0100000000001</ele>
   </trkpt>
   <trkpt lat="38.621700000000004" lon="-0.30439000000000005">
    <ele>675.88</ele>
   </trkpt>
   <trkpt lat="38.621680000000005" lon="-0.30455000000000004">
    <ele>675.7500000000001</ele>
   </trkpt>
   <trkpt lat="38.62163" lon="-0.30468">
    <ele>675.76</ele>
   </trkpt>
   <trkpt lat="38.621550000000006" lon="-0.30479">
    <ele>675.8400000000001</ele>
   </trkpt>
   <trkpt lat="38.62131" lon="-0.30495">
    <ele>676.25</ele>
   </trkpt>
   <trkpt lat="38.62125" lon="-0.30501">
    <ele>676.74</ele>
   </trkpt>
   <trkpt lat="38.621210000000005" lon="-0.30512">
    <ele>676.74</ele>
   </trkpt>
   <trkpt lat="38.6212" lon="-0.30523">
    <ele>677.12</ele>
   </trkpt>
   <trkpt lat="38.621210000000005" lon="-0.30534">
    <ele>677.12</ele>
   </trkpt>
   <trkpt lat="38.621340000000004" lon="-0.30562">
    <ele>677.2800000000001</ele>
   </trkpt>
   <trkpt lat="38.62144" lon="-0.30591">
    <ele>676.9900000000001</ele>
   </trkpt>
   <trkpt lat="38.62144" lon="-0.30601">
    <ele>676.9900000000001</ele>
   </trkpt>
   <trkpt lat="38.62138" lon="-0.30629">
    <ele>676.5600000000001</ele>
   </trkpt>
   <trkpt lat="38.62136" lon="-0.30668">
    <ele>675.52</ele>
   </trkpt>
   <trkpt lat="38.62138" lon="-0.30679">
    <ele>675.44</ele>
   </trkpt>
   <trkpt lat="38.621460000000006" lon="-0.30696">
    <ele>675.33</ele>
   </trkpt>
   <trkpt lat="38.62147" lon="-0.30706">
    <ele>675.1400000000001</ele>
   </trkpt>
   <trkpt lat="38.62145" lon="-0.30716000000000004">
    <ele>675.1400000000001</ele>
   </trkpt>
   <trkpt lat="38.6214" lon="-0.30724">
    <ele>675.03</ele>
   </trkpt>
   <trkpt lat="38.62131" lon="-0.30733000000000005">
    <ele>674.7800000000001</ele>
   </trkpt>
   <trkpt lat="38.62118" lon="-0.30735">
    <ele>674.5500000000001</ele>
   </trkpt>
   <trkpt lat="38.621050000000004" lon="-0.30734">
    <ele>674.12</ele>
   </trkpt>
   <trkpt lat="38.62095" lon="-0.30729">
    <ele>673.73</ele>
   </trkpt>
   <trkpt lat="38.62053" lon="-0.30696">
    <ele>670.6700000000001</ele>
   </trkpt>
   <trkpt lat="38.62015" lon="-0.30678000000000005">
    <ele>669.09</ele>
   </trkpt>
   <trkpt lat="38.619730000000004" lon="-0.30679">
    <ele>668.7900000000001</ele>
   </trkpt>
   <trkpt lat="38.61952" lon="-0.30694000000000005">
    <ele>668.5600000000001</ele>
   </trkpt>
   <trkpt lat="38.61941" lon="-0.30699000000000004">
    <ele>668.54</ele>
   </trkpt>
   <trkpt lat="38.61918" lon="-0.30702">
    <ele>668.54</ele>
   </trkpt>
   <trkpt lat="38.61892" lon="-0.30717">
    <ele>668.7900000000001</ele>
   </trkpt>
   <trkpt lat="38.618840000000006" lon="-0.30727000000000004">
    <ele>668.7900000000001</ele>
   </trkpt>
   <trkpt lat="38.6188" lon="-0.30734">
    <ele>668.95</ele>
   </trkpt>
   <trkpt lat="38.618730000000006" lon="-0.30762">
    <ele>669.22</ele>
   </trkpt>
   <trkpt lat="38.61872" lon="-0.30777000000000004">
    <ele>669.3800000000001</ele>
   </trkpt>
   <trkpt lat="38.618770000000005" lon="-0.30800000000000005">
    <ele>669.33</ele>
   </trkpt>
   <trkpt lat="38.61885" lon="-0.30806">
    <ele>669.19</ele>
   </trkpt>
   <trkpt lat="38.618950000000005" lon="-0.30810000000000004">
    <ele>669.08</ele>
   </trkpt>
   <trkpt lat="38.61912" lon="-0.30821000000000004">
    <ele>668.2900000000001</ele>
   </trkpt>
   <trkpt lat="38.619440000000004" lon="-0.30846">
    <ele>667.61</ele>
   </trkpt>
   <trkpt lat="38.6195" lon="-0.30855000000000005">
    <ele>667.61</ele>
   </trkpt>
   <trkpt lat="38.61954" lon="-0.30862">
    <ele>667.33</ele>
   </trkpt>
   <trkpt lat="38.619600000000005" lon="-0.30900000000000005">
    <ele>667.08</ele>
   </trkpt>
   <trkpt lat="38.61976000000001" lon="-0.30939">
    <ele>667.1700000000001</ele>
   </trkpt>
   <trkpt lat="38.619780000000006" lon="-0.30951">
    <ele>667.19</ele>
   </trkpt>
   <trkpt lat="38.61976000000001" lon="-0.30957">
    <ele>667.19</ele>
   </trkpt>
   <trkpt lat="38.6197" lon="-0.30967">
    <ele>667.19</ele>
   </trkpt>
   <trkpt lat="38.619530000000005" lon="-0.30973">
    <ele>667.0500000000001</ele>
   </trkpt>
   <trkpt lat="38.619350000000004" lon="-0.30977000000000005">
    <ele>667.0400000000001</ele>
   </trkpt>
   <trkpt lat="38.6191" lon="-0.30973">
    <ele>667.1800000000001</ele>
   </trkpt>
   <trkpt lat="38.618990000000004" lon="-0.30977000000000005">
    <ele>667.1800000000001</ele>
   </trkpt>
   <trkpt lat="38.618840000000006" lon="-0.30985">
    <ele>667.58</ele>
   </trkpt>
   <trkpt lat="38.61874" lon="-0.30996">
    <ele>667.72</ele>
   </trkpt>
   <trkpt lat="38.61867" lon="-0.31007">
    <ele>667.76</ele>
   </trkpt>
   <trkpt lat="38.618640000000006" lon="-0.31021000000000004">
    <ele>667.74</ele>
   </trkpt>
   <trkpt lat="38.61856" lon="-0.31084">
    <ele>667.37</ele>
   </trkpt>
   <trkpt lat="38.61863" lon="-0.31123">
    <ele>666.88</ele>
   </trkpt>
   <trkpt lat="38.61871" lon="-0.31157">
    <ele>665.82</ele>
   </trkpt>
   <trkpt lat="38.61871" lon="-0.31168">
    <ele>665.82</ele>
   </trkpt>
   <trkpt lat="38.61865" lon="-0.31182000000000004">
    <ele>665.0200000000001</ele>
   </trkpt>
   <trkpt lat="38.618570000000005" lon="-0.31184">
    <ele>665.0200000000001</ele>
   </trkpt>
   <trkpt lat="38.618460000000006" lon="-0.31183000000000005">
    <ele>665.0200000000001</ele>
   </trkpt>
   <trkpt lat="38.618010000000005" lon="-0.31157">
    <ele>663.73</ele>
   </trkpt>
   <trkpt lat="38.617830000000005" lon="-0.31145">
    <ele>663.2</ele>
   </trkpt>
   <trkpt lat="38.617580000000004" lon="-0.31111000000000005">
    <ele>662.15</ele>
   </trkpt>
   <trkpt lat="38.61739" lon="-0.31062">
    <ele>660.1300000000001</ele>
   </trkpt>
   <trkpt lat="38.61731" lon="-0.31051">
    <ele>659.76</ele>
   </trkpt>
   <trkpt lat="38.61721" lon="-0.3105">
    <ele>659.76</ele>
   </trkpt>
   <trkpt lat="38.61703" lon="-0.31054000000000004">
    <ele>658.5300000000001</ele>
   </trkpt>
   <trkpt lat="38.61693" lon="-0.31060000000000004">
    <ele>658.1600000000001</ele>
   </trkpt>
   <trkpt lat="38.61686" lon="-0.31068">
    <ele>657.66</ele>
   </trkpt>
   <trkpt lat="38.61674" lon="-0.311">
    <ele>656.75</ele>
   </trkpt>
   <trkpt lat="38.61652" lon="-0.31145">
    <ele>656.03</ele>
   </trkpt>
   <trkpt lat="38.61647" lon="-0.31162">
    <ele>655.72</ele>
   </trkpt>
   <trkpt lat="38.61647" lon="-0.31178">
    <ele>655.1600000000001</ele>
   </trkpt>
   <trkpt lat="38.616530000000004" lon="-0.31195">
    <ele>654.5600000000001</ele>
   </trkpt>
   <trkpt lat="38.616530000000004" lon="-0.31205000000000005">
    <ele>653.19</ele>
   </trkpt>
   <trkpt lat="38.61648" lon="-0.31211">
    <ele>653.19</ele>
   </trkpt>
   <trkpt lat="38.61639" lon="-0.31217">
    <ele>653.19</ele>
   </trkpt>
   <trkpt lat="38.616020000000006" lon="-0.31223">
    <ele>650.17</ele>
   </trkpt>
   <trkpt lat="38.61594" lon="-0.31229">
    <ele>649.54</ele>
   </trkpt>
   <trkpt lat="38.6158" lon="-0.31249000000000005">
    <ele>648.48</ele>
   </trkpt>
   <trkpt lat="38.615730000000006" lon="-0.31251">
    <ele>648.11</ele>
   </trkpt>
   <trkpt lat="38.615640000000006" lon="-0.3125">
    <ele>648.11</ele>
   </trkpt>
   <trkpt lat="38.615570000000005" lon="-0.31244000000000005">
    <ele>648.11</ele>
   </trkpt>
   <trkpt lat="38.61542" lon="-0.31206">
    <ele>646.5300000000001</ele>
   </trkpt>
   <trkpt lat="38.61534" lon="-0.31193000000000004">
    <ele>646.14</ele>
   </trkpt>
   <trkpt lat="38.61527" lon="-0.31184">
    <ele>645.09</ele>
   </trkpt>
   <trkpt lat="38.615190000000005" lon="-0.31178">
    <ele>645.09</ele>
   </trkpt>
   <trkpt lat="38.61511" lon="-0.31178">
    <ele>645.09</ele>
   </trkpt>
   <trkpt lat="38.61497000000001" lon="-0.31184">
    <ele>643.72</ele>
   </trkpt>
   <trkpt lat="38.61486" lon="-0.31189">
    <ele>643.3100000000001</ele>
   </trkpt>
   <trkpt lat="38.61478" lon="-0.31196">
    <ele>642.94</ele>
   </trkpt>
   <trkpt lat="38.61446" lon="-0.31235">
    <ele>641.57</ele>
   </trkpt>
   <trkpt lat="38.61400500064461" lon="-0.31273500243017266">
    <ele>640.78</ele>
   </trkpt>
   <trkpt lat="38.613550000000004" lon="-0.31312">
    <ele>639.47</ele>
   </trkpt>
   <trkpt lat="38.613490000000006" lon="-0.31323">
    <ele>639.47</ele>
   </trkpt>
   <trkpt lat="38.61346" lon="-0.31335">
    <ele>639.1300000000001</ele>
   </trkpt>
   <trkpt lat="38.61334" lon="-0.31423">
    <ele>638.93</ele>
   </trkpt>
   <trkpt lat="38.61334" lon="-0.31466000000000005">
    <ele>639.02</ele>
   </trkpt>
   <trkpt lat="38.61339" lon="-0.31485">
    <ele>638.8900000000001</ele>
   </trkpt>
   <trkpt lat="38.613530000000004" lon="-0.31517">
    <ele>637.73</ele>
   </trkpt>
   <trkpt lat="38.613530000000004" lon="-0.31527000000000005">
    <ele>636.84</ele>
   </trkpt>
   <trkpt lat="38.61348" lon="-0.31537000000000004">
    <ele>636.84</ele>
   </trkpt>
   <trkpt lat="38.61309" lon="-0.31572">
    <ele>633.7100000000002</ele>
   </trkpt>
   <trkpt lat="38.613020000000006" lon="-0.31572">
    <ele>633.7100000000002</ele>
   </trkpt>
   <trkpt lat="38.61272" lon="-0.31561">
    <ele>630.74</ele>
   </trkpt>
   <trkpt lat="38.61224" lon="-0.3155">
    <ele>628.5400000000001</ele>
   </trkpt>
   <trkpt lat="38.61143500012358" lon="-0.315389998775597">
    <ele>626.12</ele>
   </trkpt>
   <trkpt lat="38.61063" lon="-0.31528">
    <ele>626.5</ele>
   </trkpt>
   <trkpt lat="38.610510000000005" lon="-0.31528">
    <ele>626.33</ele>
   </trkpt>
   <trkpt lat="38.61039" lon="-0.31531000000000003">
    <ele>626.11</ele>
   </trkpt>
   <trkpt lat="38.610260000000004" lon="-0.31544">
    <ele>625.7600000000001</ele>
   </trkpt>
   <trkpt lat="38.60999" lon="-0.31582000000000005">
    <ele>623.1600000000001</ele>
   </trkpt>
   <trkpt lat="38.609680000000004" lon="-0.31648000000000004">
    <ele>621.2500000000001</ele>
   </trkpt>
   <trkpt lat="38.60956" lon="-0.31667">
    <ele>620.84</ele>
   </trkpt>
   <trkpt lat="38.609440000000006" lon="-0.31678">
    <ele>619.0300000000001</ele>
   </trkpt>
   <trkpt lat="38.60906000000001" lon="-0.31727000000000005">
    <ele>616.85</ele>
   </trkpt>
   <trkpt lat="38.60882" lon="-0.31768">
    <ele>613.92</ele>
   </trkpt>
   <trkpt lat="38.608830000000005" lon="-0.31767">
    <ele>613.92</ele>
   </trkpt>
   <trkpt lat="38.60853" lon="-0.31806">
    <ele>612.19</ele>
   </trkpt>
   <trkpt lat="38.60828" lon="-0.31861">
    <ele>608.14</ele>
   </trkpt>
   <trkpt lat="38.60817" lon="-0.31882000000000005">
    <ele>607.25</ele>
   </trkpt>
   <trkpt lat="38.60801" lon="-0.31901">
    <ele>604.99</ele>
   </trkpt>
   <trkpt lat="38.6077" lon="-0.31926000000000004">
    <ele>603.1200000000001</ele>
   </trkpt>
   <trkpt lat="38.60757" lon="-0.31928">
    <ele>602.4200000000001</ele>
   </trkpt>
   <trkpt lat="38.60746" lon="-0.31928">
    <ele>600.95</ele>
   </trkpt>
   <trkpt lat="38.607130000000005" lon="-0.31904000000000005">
    <ele>597.4</ele>
   </trkpt>
   <trkpt lat="38.607040000000005" lon="-0.31905">
    <ele>597.4</ele>
   </trkpt>
   <trkpt lat="38.606970000000004" lon="-0.31911">
    <ele>597.4</ele>
   </trkpt>
   <trkpt lat="38.606930000000006" lon="-0.31917">
    <ele>596.53</ele>
   </trkpt>
   <trkpt lat="38.606930000000006" lon="-0.31928">
    <ele>595.7600000000001</ele>
   </trkpt>
   <trkpt lat="38.60712" lon="-0.31977">
    <ele>594.7300000000001</ele>
   </trkpt>
   <trkpt lat="38.607200000000006" lon="-0.31987000000000004">
    <ele>593.2</ele>
   </trkpt>
   <trkpt lat="38.607330000000005" lon="-0.31994">
    <ele>593.2</ele>
   </trkpt>
   <trkpt lat="38.607510000000005" lon="-0.32022">
    <ele>592.11</ele>
   </trkpt>
   <trkpt lat="38.60757" lon="-0.32034">
    <ele>592.11</ele>
   </trkpt>
   <trkpt lat="38.60761" lon="-0.32055">
    <ele>589.5100000000001</ele>
   </trkpt>
   <trkpt lat="38.607620000000004" lon="-0.32078">
    <ele>589.5100000000001</ele>
   </trkpt>
   <trkpt lat="38.6075" lon="-0.32161">
    <ele>585.2900000000001</ele>
   </trkpt>
   <trkpt lat="38.60745" lon="-0.32176000000000005">
    <ele>585.2900000000001</ele>
   </trkpt>
   <trkpt lat="38.607350000000004" lon="-0.32189">
    <ele>583.5400000000001</ele>
   </trkpt>
   <trkpt lat="38.607220000000005" lon="-0.32204000000000005">
    <ele>582.5100000000001</ele>
   </trkpt>
   <trkpt lat="38.606930000000006" lon="-0.32216">
    <ele>580.5400000000001</ele>
   </trkpt>
   <trkpt lat="38.60681" lon="-0.32216">
    <ele>580.5400000000001</ele>
   </trkpt>
   <trkpt lat="38.606480000000005" lon="-0.32211">
    <ele>578.0500000000001</ele>
   </trkpt>
   <trkpt lat="38.606320000000004" lon="-0.32215000000000005">
    <ele>577.43</ele>
   </trkpt>
   <trkpt lat="38.606230000000004" lon="-0.32211">
    <ele>577.32</ele>
   </trkpt>
   <trkpt lat="38.60605" lon="-0.322">
    <ele>577.48</ele>
   </trkpt>
   <trkpt lat="38.605990000000006" lon="-0.32198000000000004">
    <ele>577.8000000000001</ele>
   </trkpt>
   <trkpt lat="38.60593" lon="-0.32199000000000005">
    <ele>577.8000000000001</ele>
   </trkpt>
   <trkpt lat="38.60589" lon="-0.32205">
    <ele>577.8000000000001</ele>
   </trkpt>
   <trkpt lat="38.60587" lon="-0.32216">
    <ele>577.43</ele>
   </trkpt>
   <trkpt lat="38.605900000000005" lon="-0.32227">
    <ele>577.2900000000001</ele>
   </trkpt>
   <trkpt lat="38.606010000000005" lon="-0.32249">
    <ele>577.2900000000001</ele>
   </trkpt>
   <trkpt lat="38.606230000000004" lon="-0.32272">
    <ele>577.95</ele>
   </trkpt>
   <trkpt lat="38.606260000000006" lon="-0.32281000000000004">
    <ele>578.7500000000001</ele>
   </trkpt>
   <trkpt lat="38.606260000000006" lon="-0.32288">
    <ele>578.7500000000001</ele>
   </trkpt>
   <trkpt lat="38.606170000000006" lon="-0.32314000000000004">
    <ele>579.7500000000001</ele>
   </trkpt>
   <trkpt lat="38.606" lon="-0.32349">
    <ele>580.79</ele>
   </trkpt>
   <trkpt lat="38.605880000000006" lon="-0.32404000000000005">
    <ele>583.43</ele>
   </trkpt>
   <trkpt lat="38.60578" lon="-0.32427">
    <ele>585.0200000000001</ele>
   </trkpt>
   <trkpt lat="38.60569" lon="-0.32444">
    <ele>586.0200000000001</ele>
   </trkpt>
   <trkpt lat="38.605610000000006" lon="-0.32454000000000005">
    <ele>587.4</ele>
   </trkpt>
   <trkpt lat="38.60544" lon="-0.32456">
    <ele>588.49</ele>
   </trkpt>
   <trkpt lat="38.60535" lon="-0.3245">
    <ele>588.6800000000001</ele>
   </trkpt>
   <trkpt lat="38.60528" lon="-0.32442000000000004">
    <ele>589.5</ele>
   </trkpt>
   <trkpt lat="38.60519" lon="-0.32433">
    <ele>589.5</ele>
   </trkpt>
   <trkpt lat="38.604910000000004" lon="-0.32416">
    <ele>591.62</ele>
   </trkpt>
   <trkpt lat="38.60481" lon="-0.32399">
    <ele>593.26</ele>
   </trkpt>
   <trkpt lat="38.60465000000001" lon="-0.32381000000000004">
    <ele>593.83</ele>
   </trkpt>
   <trkpt lat="38.60455" lon="-0.3236">
    <ele>595.6800000000001</ele>
   </trkpt>
   <trkpt lat="38.604470000000006" lon="-0.3235">
    <ele>595.6800000000001</ele>
   </trkpt>
   <trkpt lat="38.604350000000004" lon="-0.32344">
    <ele>597.58</ele>
   </trkpt>
   <trkpt lat="38.60427" lon="-0.32332000000000005">
    <ele>597.8800000000001</ele>
   </trkpt>
   <trkpt lat="38.60417" lon="-0.32305">
    <ele>598.96</ele>
   </trkpt>
   <trkpt lat="38.60409000000001" lon="-0.32294">
    <ele>599.1899999999999</ele>
   </trkpt>
   <trkpt lat="38.603970000000004" lon="-0.32266">
    <ele>599.21</ele>
   </trkpt>
   <trkpt lat="38.603880000000004" lon="-0.32253000000000004">
    <ele>599.02</ele>
   </trkpt>
   <trkpt lat="38.603750000000005" lon="-0.32243000000000005">
    <ele>598.7300000000001</ele>
   </trkpt>
   <trkpt lat="38.60363" lon="-0.32238">
    <ele>598.65</ele>
   </trkpt>
   <trkpt lat="38.603530000000006" lon="-0.32237000000000005">
    <ele>598.6100000000001</ele>
   </trkpt>
   <trkpt lat="38.603440000000006" lon="-0.32238">
    <ele>598.6100000000001</ele>
   </trkpt>
   <trkpt lat="38.603390000000005" lon="-0.32244">
    <ele>598.6100000000001</ele>
   </trkpt>
   <trkpt lat="38.603350000000006" lon="-0.32255">
    <ele>598.71</ele>
   </trkpt>
   <trkpt lat="38.60331" lon="-0.32294">
    <ele>598.8500000000001</ele>
   </trkpt>
   <trkpt lat="38.6032" lon="-0.32332000000000005">
    <ele>598.8500000000001</ele>
   </trkpt>
   <trkpt lat="38.603170000000006" lon="-0.32381000000000004">
    <ele>598.94</ele>
   </trkpt>
   <trkpt lat="38.603080000000006" lon="-0.32416">
    <ele>599.04</ele>
   </trkpt>
   <trkpt lat="38.603060000000006" lon="-0.32442000000000004">
    <ele>599.02</ele>
   </trkpt>
   <trkpt lat="38.60302" lon="-0.32449">
    <ele>598.98</ele>
   </trkpt>
   <trkpt lat="38.60295" lon="-0.32455">
    <ele>598.84</ele>
   </trkpt>
   <trkpt lat="38.602650000000004" lon="-0.32471000000000005">
    <ele>597.7800000000001</ele>
   </trkpt>
   <trkpt lat="38.60257" lon="-0.32477">
    <ele>597.7800000000001</ele>
   </trkpt>
   <trkpt lat="38.60249" lon="-0.32493000000000005">
    <ele>597.13</ele>
   </trkpt>
   <trkpt lat="38.60222" lon="-0.32527">
    <ele>594.1700000000001</ele>
   </trkpt>
   <trkpt lat="38.60199" lon="-0.32571">
    <ele>592.43</ele>
   </trkpt>
   <trkpt lat="38.601910000000004" lon="-0.32583">
    <ele>590.9300000000001</ele>
   </trkpt>
   <trkpt lat="38.60183" lon="-0.32588">
    <ele>590.9300000000001</ele>
   </trkpt>
   <trkpt lat="38.601490000000005" lon="-0.32592000000000004">
    <ele>588.1</ele>
   </trkpt>
   <trkpt lat="38.600910000000006" lon="-0.32632">
    <ele>583.73</ele>
   </trkpt>
   <trkpt lat="38.600640000000006" lon="-0.3266">
    <ele>582.34</ele>
   </trkpt>
   <trkpt lat="38.600570000000005" lon="-0.32661">
    <ele>582.34</ele>
   </trkpt>
   <trkpt lat="38.60054" lon="-0.3266">
    <ele>581.59</ele>
   </trkpt>
   <trkpt lat="38.60045" lon="-0.32649">
    <ele>581.59</ele>
   </trkpt>
   <trkpt lat="38.600410000000004" lon="-0.32637000000000005">
    <ele>579.73</ele>
   </trkpt>
   <trkpt lat="38.6004" lon="-0.32621">
    <ele>579.73</ele>
   </trkpt>
   <trkpt lat="38.600500000000004" lon="-0.32559000000000005">
    <ele>576.89</ele>
   </trkpt>
   <trkpt lat="38.60054" lon="-0.32517">
    <ele>575.4800000000001</ele>
   </trkpt>
   <trkpt lat="38.60056" lon="-0.32489">
    <ele>574.85</ele>
   </trkpt>
   <trkpt lat="38.600570000000005" lon="-0.32426000000000005">
    <ele>572.2</ele>
   </trkpt>
   <trkpt lat="38.60063" lon="-0.32355">
    <ele>569.76</ele>
   </trkpt>
   <trkpt lat="38.6006" lon="-0.32326000000000005">
    <ele>567.72</ele>
   </trkpt>
   <trkpt lat="38.600570000000005" lon="-0.32315000000000005">
    <ele>567.72</ele>
   </trkpt>
   <trkpt lat="38.60049" lon="-0.32305">
    <ele>567.0400000000001</ele>
   </trkpt>
   <trkpt lat="38.600410000000004" lon="-0.32299">
    <ele>566.7</ele>
   </trkpt>
   <trkpt lat="38.600300000000004" lon="-0.32299">
    <ele>566.33</ele>
   </trkpt>
   <trkpt lat="38.59978" lon="-0.32316">
    <ele>565.4100000000001</ele>
   </trkpt>
   <trkpt lat="38.59948" lon="-0.32322">
    <ele>564.4200000000001</ele>
   </trkpt>
   <trkpt lat="38.599340000000005" lon="-0.32327">
    <ele>564.4200000000001</ele>
   </trkpt>
   <trkpt lat="38.5989" lon="-0.32354000000000005">
    <ele>563.44</ele>
   </trkpt>
   <trkpt lat="38.598850000000006" lon="-0.32355">
    <ele>562.73</ele>
   </trkpt>
   <trkpt lat="38.59877" lon="-0.32355">
    <ele>562.73</ele>
   </trkpt>
   <trkpt lat="38.59872" lon="-0.32349">
    <ele>562.73</ele>
   </trkpt>
   <trkpt lat="38.5987" lon="-0.32338">
    <ele>562.33</ele>
   </trkpt>
   <trkpt lat="38.59879" lon="-0.32311">
    <ele>561.74</ele>
   </trkpt>
   <trkpt lat="38.598780000000005" lon="-0.32299">
    <ele>561.1700000000001</ele>
   </trkpt>
   <trkpt lat="38.598760000000006" lon="-0.32294">
    <ele>561.1700000000001</ele>
   </trkpt>
   <trkpt lat="38.59845" lon="-0.32255">
    <ele>559.46</ele>
   </trkpt>
   <trkpt lat="38.59834" lon="-0.32244">
    <ele>558.44</ele>
   </trkpt>
   <trkpt lat="38.598040000000005" lon="-0.32242000000000004">
    <ele>556.61</ele>
   </trkpt>
   <trkpt lat="38.597950000000004" lon="-0.32237000000000005">
    <ele>556.61</ele>
   </trkpt>
   <trkpt lat="38.59772" lon="-0.32216">
    <ele>554.8100000000001</ele>
   </trkpt>
   <trkpt lat="38.597530000000006" lon="-0.32212">
    <ele>553.44</ele>
   </trkpt>
   <trkpt lat="38.597150000000006" lon="-0.32227">
    <ele>553.44</ele>
   </trkpt>
   <trkpt lat="38.59691" lon="-0.32221000000000005">
    <ele>550.96</ele>
   </trkpt>
   <trkpt lat="38.596590000000006" lon="-0.32203000000000004">
    <ele>549.28</ele>
   </trkpt>
   <trkpt lat="38.59646" lon="-0.32204000000000005">
    <ele>548.69</ele>
   </trkpt>
   <trkpt lat="38.59639000000001" lon="-0.32208000000000003">
    <ele>548.69</ele>
   </trkpt>
   <trkpt lat="38.59633" lon="-0.32221000000000005">
    <ele>546.51</ele>
   </trkpt>
   <trkpt lat="38.59631" lon="-0.32227">
    <ele>546.51</ele>
   </trkpt>
   <trkpt lat="38.59626" lon="-0.32283">
    <ele>542.72</ele>
   </trkpt>
   <trkpt lat="38.596160000000005" lon="-0.32311">
    <ele>540.83</ele>
   </trkpt>
   <trkpt lat="38.59608" lon="-0.32322">
    <ele>539.82</ele>
   </trkpt>
   <trkpt lat="38.595740000000006" lon="-0.32356">
    <ele>536.88</ele>
   </trkpt>
   <trkpt lat="38.595620000000004" lon="-0.32381000000000004">
    <ele>534.4100000000001</ele>
   </trkpt>
   <trkpt lat="38.59555" lon="-0.32383">
    <ele>534.4100000000001</ele>
   </trkpt>
   <trkpt lat="38.5955" lon="-0.32377">
    <ele>534.4100000000001</ele>
   </trkpt>
   <trkpt lat="38.59546" lon="-0.3236">
    <ele>530.82</ele>
   </trkpt>
   <trkpt lat="38.595420000000004" lon="-0.32349">
    <ele>530.82</ele>
   </trkpt>
   <trkpt lat="38.59519" lon="-0.32328">
    <ele>527.93</ele>
   </trkpt>
   <trkpt lat="38.595150000000004" lon="-0.32322">
    <ele>527.93</ele>
   </trkpt>
   <trkpt lat="38.595110000000005" lon="-0.32311">
    <ele>527.93</ele>
   </trkpt>
   <trkpt lat="38.5951" lon="-0.32294">
    <ele>526.72</ele>
   </trkpt>
   <trkpt lat="38.59517000159195" lon="-0.3223300005183935">
    <ele>520.8900000000001</ele>
   </trkpt>
   <trkpt lat="38.595240000000004" lon="-0.32172">
    <ele>517.94</ele>
   </trkpt>
   <trkpt lat="38.595240000000004" lon="-0.32154000000000005">
    <ele>517.94</ele>
   </trkpt>
   <trkpt lat="38.595220000000005" lon="-0.32138">
    <ele>516.5600000000001</ele>
   </trkpt>
   <trkpt lat="38.59501000131814" lon="-0.3208249983964315">
    <ele>510.92</ele>
   </trkpt>
   <trkpt lat="38.594800000000006" lon="-0.32027">
    <ele>510.01000000000005</ele>
   </trkpt>
   <trkpt lat="38.59472" lon="-0.32012">
    <ele>510.01000000000005</ele>
   </trkpt>
   <trkpt lat="38.594570000000004" lon="-0.32">
    <ele>507.8</ele>
   </trkpt>
   <trkpt lat="38.59451" lon="-0.31989">
    <ele>507.8</ele>
   </trkpt>
   <trkpt lat="38.594500000000004" lon="-0.31983">
    <ele>506.57000000000005</ele>
   </trkpt>
   <trkpt lat="38.5946" lon="-0.31894">
    <ele>502.89000000000004</ele>
   </trkpt>
   <trkpt lat="38.594590000000004" lon="-0.31879">
    <ele>502.26000000000005</ele>
   </trkpt>
   <trkpt lat="38.594500000000004" lon="-0.31844">
    <ele>501.4700000000001</ele>
   </trkpt>
   <trkpt lat="38.594530000000006" lon="-0.31810000000000005">
    <ele>501.14000000000004</ele>
   </trkpt>
   <trkpt lat="38.594480000000004" lon="-0.31801">
    <ele>500.74000000000007</ele>
   </trkpt>
   <trkpt lat="38.594390000000004" lon="-0.318">
    <ele>500.74000000000007</ele>
   </trkpt>
   <trkpt lat="38.59429" lon="-0.31805">
    <ele>500.74000000000007</ele>
   </trkpt>
   <trkpt lat="38.594120000000004" lon="-0.31823">
    <ele>499.78000000000003</ele>
   </trkpt>
   <trkpt lat="38.59388000136036" lon="-0.31880500203334977">
    <ele>498.49</ele>
   </trkpt>
   <trkpt lat="38.59364" lon="-0.31938000000000005">
    <ele>496.11</ele>
   </trkpt>
   <trkpt lat="38.593160000000005" lon="-0.32025000000000003">
    <ele>490.12000000000006</ele>
   </trkpt>
   <trkpt lat="38.59293" lon="-0.32055">
    <ele>486.9100000000001</ele>
   </trkpt>
   <trkpt lat="38.59284" lon="-0.32059000000000004">
    <ele>486.15000000000003</ele>
   </trkpt>
   <trkpt lat="38.59277" lon="-0.32054000000000005">
    <ele>485.53000000000003</ele>
   </trkpt>
   <trkpt lat="38.59275" lon="-0.32044">
    <ele>485.53000000000003</ele>
   </trkpt>
   <trkpt lat="38.592850000000006" lon="-0.32006">
    <ele>483.01000000000005</ele>
   </trkpt>
   <trkpt lat="38.592830000000006" lon="-0.31933">
    <ele>479.43</ele>
   </trkpt>
   <trkpt lat="38.592850000000006" lon="-0.31916">
    <ele>478.22</ele>
   </trkpt>
   <trkpt lat="38.5929" lon="-0.31894">
    <ele>476.46000000000004</ele>
   </trkpt>
   <trkpt lat="38.592970001671254" lon="-0.3183100007710886">
    <ele>473.28000000000003</ele>
   </trkpt>
   <trkpt lat="38.59304" lon="-0.31768">
    <ele>469.71</ele>
   </trkpt>
   <trkpt lat="38.59304" lon="-0.31751">
    <ele>469.71</ele>
   </trkpt>
   <trkpt lat="38.592690000000005" lon="-0.31717">
    <ele>466.29</ele>
   </trkpt>
   <trkpt lat="38.59264" lon="-0.31705">
    <ele>465.5</ele>
   </trkpt>
   <trkpt lat="38.59252" lon="-0.31662">
    <ele>463.37000000000006</ele>
   </trkpt>
   <trkpt lat="38.59248" lon="-0.31656">
    <ele>462.3</ele>
   </trkpt>
   <trkpt lat="38.59239" lon="-0.31656">
    <ele>462.3</ele>
   </trkpt>
   <trkpt lat="38.59158" lon="-0.31672">
    <ele>453.87000000000006</ele>
   </trkpt>
   <trkpt lat="38.59136" lon="-0.31684">
    <ele>451.53000000000003</ele>
   </trkpt>
   <trkpt lat="38.591280000000005" lon="-0.31698000000000004">
    <ele>451.83</ele>
   </trkpt>
   <trkpt lat="38.591260000000005" lon="-0.31715000000000004">
    <ele>451.86</ele>
   </trkpt>
   <trkpt lat="38.59076000026322" lon="-0.3169099983373296">
    <ele>448.85</ele>
   </trkpt>
   <trkpt lat="38.59026" lon="-0.31667">
    <ele>447.82000000000005</ele>
   </trkpt>
   <trkpt lat="38.59019" lon="-0.31660000000000005">
    <ele>447.82000000000005</ele>
   </trkpt>
   <trkpt lat="38.590160000000004" lon="-0.31648000000000004">
    <ele>447.51</ele>
   </trkpt>
   <trkpt lat="38.5902" lon="-0.31622">
    <ele>447.15000000000003</ele>
   </trkpt>
   <trkpt lat="38.59026" lon="-0.31606">
    <ele>447.05000000000007</ele>
   </trkpt>
   <trkpt lat="38.590590000000006" lon="-0.31567">
    <ele>447.05000000000007</ele>
   </trkpt>
   <trkpt lat="38.59107" lon="-0.31483">
    <ele>447.79</ele>
   </trkpt>
   <trkpt lat="38.591170000000005" lon="-0.31461">
    <ele>448.61000000000007</ele>
   </trkpt>
   <trkpt lat="38.5912" lon="-0.31437000000000004">
    <ele>448.99000000000007</ele>
   </trkpt>
   <trkpt lat="38.591170000000005" lon="-0.31324">
    <ele>454.27000000000004</ele>
   </trkpt>
   <trkpt lat="38.591260000000005" lon="-0.3124">
    <ele>459.13000000000005</ele>
   </trkpt>
   <trkpt lat="38.59129" lon="-0.31227000000000005">
    <ele>460.67</ele>
   </trkpt>
   <trkpt lat="38.59134" lon="-0.31217">
    <ele>461.42</ele>
   </trkpt>
   <trkpt lat="38.59143" lon="-0.31210000000000004">
    <ele>462.45000000000005</ele>
   </trkpt>
   <trkpt lat="38.591840000000005" lon="-0.31195">
    <ele>465.65000000000003</ele>
   </trkpt>
   <trkpt lat="38.592270000000006" lon="-0.31173">
    <ele>467.61</ele>
   </trkpt>
   <trkpt lat="38.59234" lon="-0.31167">
    <ele>467.73</ele>
   </trkpt>
   <trkpt lat="38.592530000000004" lon="-0.31145">
    <ele>467.77</ele>
   </trkpt>
   <trkpt lat="38.59272" lon="-0.31132000000000004">
    <ele>467.74</ele>
   </trkpt>
   <trkpt lat="38.592780000000005" lon="-0.31116000000000005">
    <ele>467.86000000000007</ele>
   </trkpt>
   <trkpt lat="38.59277" lon="-0.31106">
    <ele>467.86000000000007</ele>
   </trkpt>
   <trkpt lat="38.59268" lon="-0.31092000000000003">
    <ele>467.89000000000004</ele>
   </trkpt>
   <trkpt lat="38.5925" lon="-0.31082000000000004">
    <ele>467.75000000000006</ele>
   </trkpt>
   <trkpt lat="38.59235" lon="-0.31078">
    <ele>467.75000000000006</ele>
   </trkpt>
   <trkpt lat="38.59205" lon="-0.31078">
    <ele>468.15</ele>
   </trkpt>
   <trkpt lat="38.59197" lon="-0.31056">
    <ele>468.15</ele>
   </trkpt>
   <trkpt lat="38.591910000000006" lon="-0.31013">
    <ele>468.58000000000004</ele>
   </trkpt>
   <trkpt lat="38.59194" lon="-0.30978">
    <ele>468.68</ele>
   </trkpt>
   <trkpt lat="38.5921" lon="-0.30895">
    <ele>469.12</ele>
   </trkpt>
   <trkpt lat="38.592090000000006" lon="-0.30878">
    <ele>468.61</ele>
   </trkpt>
   <trkpt lat="38.592060000000004" lon="-0.30868">
    <ele>468.05</ele>
   </trkpt>
   <trkpt lat="38.59196" lon="-0.30856">
    <ele>467.37000000000006</ele>
   </trkpt>
   <trkpt lat="38.59187" lon="-0.30849000000000004">
    <ele>466.21</ele>
   </trkpt>
   <trkpt lat="38.59143" lon="-0.30824">
    <ele>461.91</ele>
   </trkpt>
   <trkpt lat="38.591350000000006" lon="-0.30818">
    <ele>461.26000000000005</ele>
   </trkpt>
   <trkpt lat="38.59127" lon="-0.30811000000000005">
    <ele>461.26000000000005</ele>
   </trkpt>
   <trkpt lat="38.59116" lon="-0.3079">
    <ele>459.15000000000003</ele>
   </trkpt>
   <trkpt lat="38.59111" lon="-0.30784">
    <ele>459.15000000000003</ele>
   </trkpt>
   <trkpt lat="38.59098" lon="-0.30784">
    <ele>457.78000000000003</ele>
   </trkpt>
   <trkpt lat="38.59082" lon="-0.30797">
    <ele>456.34000000000003</ele>
   </trkpt>
   <trkpt lat="38.590720000000005" lon="-0.30811000000000005">
    <ele>455.1600000000001</ele>
   </trkpt>
   <trkpt lat="38.59056" lon="-0.30831000000000003">
    <ele>453.6600000000001</ele>
   </trkpt>
   <trkpt lat="38.590390000000006" lon="-0.30860000000000004">
    <ele>450.3</ele>
   </trkpt>
   <trkpt lat="38.59022" lon="-0.30872000000000005">
    <ele>450.3</ele>
   </trkpt>
   <trkpt lat="38.590090000000004" lon="-0.30873">
    <ele>450.3</ele>
   </trkpt>
   <trkpt lat="38.58973" lon="-0.30871000000000004">
    <ele>447.11000000000007</ele>
   </trkpt>
   <trkpt lat="38.589040000000004" lon="-0.30878">
    <ele>441.26000000000005</ele>
   </trkpt>
   <trkpt lat="38.58856999997335" lon="-0.30892000094917904">
    <ele>439.55000000000007</ele>
   </trkpt>
   <trkpt lat="38.588100000000004" lon="-0.30906">
    <ele>436.64000000000004</ele>
   </trkpt>
   <trkpt lat="38.588010000000004" lon="-0.30905000000000005">
    <ele>436.64000000000004</ele>
   </trkpt>
   <trkpt lat="38.587970000000006" lon="-0.30901">
    <ele>436.25</ele>
   </trkpt>
   <trkpt lat="38.58796" lon="-0.30895">
    <ele>436.25</ele>
   </trkpt>
   <trkpt lat="38.588060000000006" lon="-0.30891">
    <ele>435.34000000000003</ele>
   </trkpt>
   <trkpt lat="38.58861" lon="-0.30862">
    <ele>433.95000000000005</ele>
   </trkpt>
   <trkpt lat="38.58909500030013" lon="-0.3083400019106341">
    <ele>432.35</ele>
   </trkpt>
   <trkpt lat="38.589580000000005" lon="-0.30806">
    <ele>432.16</ele>
   </trkpt>
   <trkpt lat="38.58973" lon="-0.3079">
    <ele>432.56000000000006</ele>
   </trkpt>
   <trkpt lat="38.589830000000006" lon="-0.30766000000000004">
    <ele>433.04</ele>
   </trkpt>
   <trkpt lat="38.589870000000005" lon="-0.30751">
    <ele>433.2300000000001</ele>
   </trkpt>
   <trkpt lat="38.589890000000004" lon="-0.30739000000000005">
    <ele>433.2300000000001</ele>
   </trkpt>
   <trkpt lat="38.58986" lon="-0.30717">
    <ele>433.3</ele>
   </trkpt>
   <trkpt lat="38.589760000000005" lon="-0.30700000000000005">
    <ele>433.27000000000004</ele>
   </trkpt>
   <trkpt lat="38.589510000000004" lon="-0.30679">
    <ele>433.07</ele>
   </trkpt>
   <trkpt lat="38.58946" lon="-0.30673">
    <ele>433.07</ele>
   </trkpt>
   <trkpt lat="38.58943" lon="-0.30663">
    <ele>432.89000000000004</ele>
   </trkpt>
   <trkpt lat="38.58944" lon="-0.30645">
    <ele>432.58</ele>
   </trkpt>
   <trkpt lat="38.58948" lon="-0.30635">
    <ele>432.58</ele>
   </trkpt>
   <trkpt lat="38.58964" lon="-0.30623">
    <ele>432.14000000000004</ele>
   </trkpt>
   <trkpt lat="38.589920000000006" lon="-0.30610000000000004">
    <ele>431.56000000000006</ele>
   </trkpt>
   <trkpt lat="38.590030000000006" lon="-0.30606">
    <ele>431.56000000000006</ele>
   </trkpt>
   <trkpt lat="38.590180000000004" lon="-0.30607">
    <ele>431.31</ele>
   </trkpt>
   <trkpt lat="38.590590000000006" lon="-0.30628000000000005">
    <ele>431.32000000000005</ele>
   </trkpt>
   <trkpt lat="38.590700000000005" lon="-0.30627000000000004">
    <ele>431.48</ele>
   </trkpt>
   <trkpt lat="38.590790000000005" lon="-0.30617">
    <ele>431.68</ele>
   </trkpt>
   <trkpt lat="38.59084" lon="-0.30599000000000004">
    <ele>432.46</ele>
   </trkpt>
   <trkpt lat="38.59085" lon="-0.30579">
    <ele>432.46</ele>
   </trkpt>
   <trkpt lat="38.590720000000005" lon="-0.30538000000000004">
    <ele>433.32000000000005</ele>
   </trkpt>
   <trkpt lat="38.590720000000005" lon="-0.30512">
    <ele>433.61</ele>
   </trkpt>
   <trkpt lat="38.59104000000001" lon="-0.30416000000000004">
    <ele>435.63</ele>
   </trkpt>
   <trkpt lat="38.59118" lon="-0.30391">
    <ele>435.91</ele>
   </trkpt>
   <trkpt lat="38.59142000000001" lon="-0.30363">
    <ele>437.75</ele>
   </trkpt>
   <trkpt lat="38.59151000000001" lon="-0.30347">
    <ele>437.75</ele>
   </trkpt>
   <trkpt lat="38.59154" lon="-0.30338000000000004">
    <ele>438.26000000000005</ele>
   </trkpt>
   <trkpt lat="38.59154" lon="-0.30327000000000004">
    <ele>438.26000000000005</ele>
   </trkpt>
   <trkpt lat="38.591480000000004" lon="-0.30312">
    <ele>438.99000000000007</ele>
   </trkpt>
   <trkpt lat="38.59141" lon="-0.30304000000000003">
    <ele>439.38000000000005</ele>
   </trkpt>
   <trkpt lat="38.591150000000006" lon="-0.30298">
    <ele>440.6</ele>
   </trkpt>
   <trkpt lat="38.591060000000006" lon="-0.30301">
    <ele>440.6</ele>
   </trkpt>
   <trkpt lat="38.59098" lon="-0.30295">
    <ele>440.6</ele>
   </trkpt>
   <trkpt lat="38.590830000000004" lon="-0.30285">
    <ele>440.96000000000004</ele>
   </trkpt>
   <trkpt lat="38.590770000000006" lon="-0.30279">
    <ele>440.96000000000004</ele>
   </trkpt>
   <trkpt lat="38.590700000000005" lon="-0.30261000000000005">
    <ele>439.68</ele>
   </trkpt>
   <trkpt lat="38.59067" lon="-0.3023">
    <ele>437.91</ele>
   </trkpt>
   <trkpt lat="38.59055" lon="-0.30152">
    <ele>436.98</ele>
   </trkpt>
   <trkpt lat="38.590540000000004" lon="-0.30129">
    <ele>436.84000000000003</ele>
   </trkpt>
   <trkpt lat="38.590590000000006" lon="-0.30106000000000005">
    <ele>436.84000000000003</ele>
   </trkpt>
   <trkpt lat="38.590830000000004" lon="-0.30063">
    <ele>436.88000000000005</ele>
   </trkpt>
   <trkpt lat="38.59087" lon="-0.30051">
    <ele>437.04</ele>
   </trkpt>
   <trkpt lat="38.590790000000005" lon="-0.29984000000000005">
    <ele>438.11000000000007</ele>
   </trkpt>
   <trkpt lat="38.5908" lon="-0.29962">
    <ele>437.96</ele>
   </trkpt>
   <trkpt lat="38.59085" lon="-0.29951">
    <ele>437.62</ele>
   </trkpt>
   <trkpt lat="38.59089" lon="-0.29947">
    <ele>437.62</ele>
   </trkpt>
   <trkpt lat="38.59145" lon="-0.29911000000000004">
    <ele>435.69</ele>
   </trkpt>
   <trkpt lat="38.591550000000005" lon="-0.29897">
    <ele>435.35</ele>
   </trkpt>
   <trkpt lat="38.591590000000004" lon="-0.29885">
    <ele>435.3</ele>
   </trkpt>
   <trkpt lat="38.591590000000004" lon="-0.29879">
    <ele>435.34000000000003</ele>
   </trkpt>
   <trkpt lat="38.591530000000006" lon="-0.29851">
    <ele>435.82000000000005</ele>
   </trkpt>
   <trkpt lat="38.59152" lon="-0.29836">
    <ele>435.82000000000005</ele>
   </trkpt>
   <trkpt lat="38.59154" lon="-0.29828000000000005">
    <ele>436.54</ele>
   </trkpt>
   <trkpt lat="38.591590000000004" lon="-0.29817000000000005">
    <ele>436.54</ele>
   </trkpt>
   <trkpt lat="38.591750000000005" lon="-0.29806000000000005">
    <ele>436.89000000000004</ele>
   </trkpt>
   <trkpt lat="38.591930000000005" lon="-0.29785">
    <ele>437.87</ele>
   </trkpt>
   <trkpt lat="38.592060000000004" lon="-0.29775">
    <ele>438.22</ele>
   </trkpt>
   <trkpt lat="38.59246" lon="-0.29789000000000004">
    <ele>439.59000000000003</ele>
   </trkpt>
   <trkpt lat="38.59255" lon="-0.29785">
    <ele>439.66</ele>
   </trkpt>
   <trkpt lat="38.59261" lon="-0.29778000000000004">
    <ele>439.6700000000001</ele>
   </trkpt>
   <trkpt lat="38.592650000000006" lon="-0.29757">
    <ele>439.65000000000003</ele>
   </trkpt>
   <trkpt lat="38.592620000000004" lon="-0.29718">
    <ele>439.37</ele>
   </trkpt>
   <trkpt lat="38.59263" lon="-0.29674">
    <ele>438.93</ele>
   </trkpt>
   <trkpt lat="38.592600000000004" lon="-0.29664">
    <ele>438.93</ele>
   </trkpt>
   <trkpt lat="38.59252" lon="-0.29661000000000004">
    <ele>438.85</ele>
   </trkpt>
   <trkpt lat="38.59244" lon="-0.29660000000000003">
    <ele>438.85</ele>
   </trkpt>
   <trkpt lat="38.592180000000006" lon="-0.29679">
    <ele>438.48</ele>
   </trkpt>
   <trkpt lat="38.592040000000004" lon="-0.29685">
    <ele>438.37</ele>
   </trkpt>
   <trkpt lat="38.59197" lon="-0.29683000000000004">
    <ele>438.3</ele>
   </trkpt>
   <trkpt lat="38.59179" lon="-0.29669">
    <ele>438.27000000000004</ele>
   </trkpt>
   <trkpt lat="38.591620000000006" lon="-0.29668">
    <ele>438.27000000000004</ele>
   </trkpt>
   <trkpt lat="38.59141" lon="-0.29672000000000004">
    <ele>438.29</ele>
   </trkpt>
   <trkpt lat="38.59127" lon="-0.29668">
    <ele>438.29</ele>
   </trkpt>
   <trkpt lat="38.59116" lon="-0.29657">
    <ele>438.41</ele>
   </trkpt>
   <trkpt lat="38.591100000000004" lon="-0.29646">
    <ele>438.41</ele>
   </trkpt>
   <trkpt lat="38.59103" lon="-0.29595000000000005">
    <ele>437.81</ele>
   </trkpt>
   <trkpt lat="38.590920000000004" lon="-0.29574">
    <ele>437.29</ele>
   </trkpt>
   <trkpt lat="38.5908" lon="-0.29563">
    <ele>436.4</ele>
   </trkpt>
   <trkpt lat="38.59024" lon="-0.29536">
    <ele>432.57</ele>
   </trkpt>
   <trkpt lat="38.59011" lon="-0.29523000000000005">
    <ele>431.62000000000006</ele>
   </trkpt>
   <trkpt lat="38.59001000000001" lon="-0.29497">
    <ele>430.77000000000004</ele>
   </trkpt>
   <trkpt lat="38.58995" lon="-0.29479">
    <ele>430.11</ele>
   </trkpt>
   <trkpt lat="38.589870000000005" lon="-0.29463">
    <ele>429.82000000000005</ele>
   </trkpt>
   <trkpt lat="38.58941" lon="-0.29400000000000004">
    <ele>428.48</ele>
   </trkpt>
   <trkpt lat="38.589220000000005" lon="-0.29367000000000004">
    <ele>428.92</ele>
   </trkpt>
   <trkpt lat="38.58899" lon="-0.29319">
    <ele>430.86</ele>
   </trkpt>
   <trkpt lat="38.588930000000005" lon="-0.29296">
    <ele>431.19</ele>
   </trkpt>
   <trkpt lat="38.58892" lon="-0.29274">
    <ele>431.69</ele>
   </trkpt>
   <trkpt lat="38.589020000000005" lon="-0.29185">
    <ele>429.28000000000003</ele>
   </trkpt>
   <trkpt lat="38.589020000000005" lon="-0.29164">
    <ele>428.92</ele>
   </trkpt>
   <trkpt lat="38.588950000000004" lon="-0.29151000000000005">
    <ele>428.73</ele>
   </trkpt>
   <trkpt lat="38.58867" lon="-0.29119">
    <ele>428.69</ele>
   </trkpt>
   <trkpt lat="38.58859" lon="-0.29102">
    <ele>428.69</ele>
   </trkpt>
   <trkpt lat="38.58859" lon="-0.29092">
    <ele>428.69</ele>
   </trkpt>
   <trkpt lat="38.588680000000004" lon="-0.29052">
    <ele>427.46000000000004</ele>
   </trkpt>
   <trkpt lat="38.58867" lon="-0.29009">
    <ele>425.61</ele>
   </trkpt>
   <trkpt lat="38.588680000000004" lon="-0.28981">
    <ele>423.48</ele>
   </trkpt>
   <trkpt lat="38.588640000000005" lon="-0.28969">
    <ele>423.48</ele>
   </trkpt>
   <trkpt lat="38.588440000000006" lon="-0.28937">
    <ele>419.62000000000006</ele>
   </trkpt>
   <trkpt lat="38.58834" lon="-0.28912000000000004">
    <ele>419.62000000000006</ele>
   </trkpt>
   <trkpt lat="38.58832" lon="-0.28896000000000005">
    <ele>419.11</ele>
   </trkpt>
   <trkpt lat="38.588390000000004" lon="-0.28858">
    <ele>417.77000000000004</ele>
   </trkpt>
   <trkpt lat="38.588390000000004" lon="-0.28847">
    <ele>417.77000000000004</ele>
   </trkpt>
   <trkpt lat="38.588350000000005" lon="-0.2883">
    <ele>417.23</ele>
   </trkpt>
   <trkpt lat="38.58823" lon="-0.28796000000000005">
    <ele>416.92</ele>
   </trkpt>
   <trkpt lat="38.58812" lon="-0.28774000000000005">
    <ele>416.43</ele>
   </trkpt>
   <trkpt lat="38.588" lon="-0.28757000000000005">
    <ele>415.62000000000006</ele>
   </trkpt>
   <trkpt lat="38.58773" lon="-0.2873">
    <ele>413.06</ele>
   </trkpt>
   <trkpt lat="38.58766" lon="-0.28715">
    <ele>413.06</ele>
   </trkpt>
   <trkpt lat="38.587520000000005" lon="-0.28669">
    <ele>410.04</ele>
   </trkpt>
   <trkpt lat="38.587500000000006" lon="-0.28624000000000005">
    <ele>408.79</ele>
   </trkpt>
   <trkpt lat="38.58746" lon="-0.28602">
    <ele>407.97</ele>
   </trkpt>
   <trkpt lat="38.5874" lon="-0.28592">
    <ele>407.61</ele>
   </trkpt>
   <trkpt lat="38.58728" lon="-0.28584000000000004">
    <ele>406.73</ele>
   </trkpt>
   <trkpt lat="38.58719" lon="-0.2858">
    <ele>406.19000000000005</ele>
   </trkpt>
   <trkpt lat="38.58704" lon="-0.28579000000000004">
    <ele>404.93</ele>
   </trkpt>
   <trkpt lat="38.586920000000006" lon="-0.28575">
    <ele>403.89000000000004</ele>
   </trkpt>
   <trkpt lat="38.58684" lon="-0.28568000000000005">
    <ele>403.22</ele>
   </trkpt>
   <trkpt lat="38.58681" lon="-0.28563000000000005">
    <ele>403.22</ele>
   </trkpt>
   <trkpt lat="38.586780000000005" lon="-0.28548">
    <ele>402.32</ele>
   </trkpt>
   <trkpt lat="38.586740000000006" lon="-0.28490000000000004">
    <ele>398.72</ele>
   </trkpt>
   <trkpt lat="38.586710000000004" lon="-0.28476">
    <ele>398.72</ele>
   </trkpt>
   <trkpt lat="38.58661" lon="-0.28464">
    <ele>397.41</ele>
   </trkpt>
   <trkpt lat="38.58643" lon="-0.28453">
    <ele>396.92</ele>
   </trkpt>
   <trkpt lat="38.58628" lon="-0.28447">
    <ele>396.22</ele>
   </trkpt>
   <trkpt lat="38.58617" lon="-0.28448">
    <ele>395.93000000000006</ele>
   </trkpt>
   <trkpt lat="38.58579" lon="-0.28462000000000004">
    <ele>395.56</ele>
   </trkpt>
   <trkpt lat="38.58549" lon="-0.28453">
    <ele>394.75000000000006</ele>
   </trkpt>
   <trkpt lat="38.585330000000006" lon="-0.28452000000000005">
    <ele>394.36</ele>
   </trkpt>
   <trkpt lat="38.58525" lon="-0.28455">
    <ele>393.67</ele>
   </trkpt>
   <trkpt lat="38.585060000000006" lon="-0.28478000000000003">
    <ele>393.07000000000005</ele>
   </trkpt>
   <trkpt lat="38.58491" lon="-0.28491">
    <ele>393.07000000000005</ele>
   </trkpt>
   <trkpt lat="38.58442500006639" lon="-0.28504500091484297">
    <ele>391.11</ele>
   </trkpt>
   <trkpt lat="38.583940000000005" lon="-0.28518000000000004">
    <ele>388.96000000000004</ele>
   </trkpt>
   <trkpt lat="38.583870000000005" lon="-0.28515">
    <ele>388.96000000000004</ele>
   </trkpt>
   <trkpt lat="38.58375" lon="-0.28509">
    <ele>388.02000000000004</ele>
   </trkpt>
   <trkpt lat="38.583510000000004" lon="-0.28486">
    <ele>386.64000000000004</ele>
   </trkpt>
   <trkpt lat="38.58296" lon="-0.28403">
    <ele>379.62</ele>
   </trkpt>
   <trkpt lat="38.582595001338085" lon="-0.28344999690439604">
    <ele>376.91</ele>
   </trkpt>
   <trkpt lat="38.58223" lon="-0.28287">
    <ele>374.29</ele>
   </trkpt>
   <trkpt lat="38.58184" lon="-0.2823">
    <ele>371.24</ele>
   </trkpt>
   <trkpt lat="38.58173" lon="-0.2822">
    <ele>369.87</ele>
   </trkpt>
   <trkpt lat="38.58158" lon="-0.28214">
    <ele>369.03000000000003</ele>
   </trkpt>
   <trkpt lat="38.580746666748944" lon="-0.2820333308562572">
    <ele>365.3</ele>
   </trkpt>
   <trkpt lat="38.57991333340109" lon="-0.2819266641877752">
    <ele>362.24</ele>
   </trkpt>
   <trkpt lat="38.579080000000005" lon="-0.28182">
    <ele>362.95000000000005</ele>
   </trkpt>
   <trkpt lat="38.57894" lon="-0.28179000000000004">
    <ele>362.95000000000005</ele>
   </trkpt>
   <trkpt lat="38.57887" lon="-0.28175">
    <ele>363.72</ele>
   </trkpt>
   <trkpt lat="38.57853" lon="-0.28136">
    <ele>364.2</ele>
   </trkpt>
   <trkpt lat="38.57842" lon="-0.28129000000000004">
    <ele>364.21000000000004</ele>
   </trkpt>
   <trkpt lat="38.57828000000001" lon="-0.28125">
    <ele>363.92</ele>
   </trkpt>
   <trkpt lat="38.57806" lon="-0.28126">
    <ele>362.72</ele>
   </trkpt>
   <trkpt lat="38.578010000000006" lon="-0.28125">
    <ele>362.72</ele>
   </trkpt>
   <trkpt lat="38.57793" lon="-0.28117000000000003">
    <ele>362.31</ele>
   </trkpt>
   <trkpt lat="38.577650000000006" lon="-0.2806">
    <ele>360.15000000000003</ele>
   </trkpt>
   <trkpt lat="38.57764" lon="-0.28042">
    <ele>359.58</ele>
   </trkpt>
   <trkpt lat="38.577670000000005" lon="-0.27980000000000005">
    <ele>357.37</ele>
   </trkpt>
   <trkpt lat="38.57761500207742" lon="-0.2791049997529664">
    <ele>356.23</ele>
   </trkpt>
   <trkpt lat="38.577560000000005" lon="-0.27841000000000005">
    <ele>355.69</ele>
   </trkpt>
   <trkpt lat="38.57748" lon="-0.27775">
    <ele>353.49</ele>
   </trkpt>
   <trkpt lat="38.57752" lon="-0.27732">
    <ele>350.98</ele>
   </trkpt>
   <trkpt lat="38.577490000000004" lon="-0.27697000000000005">
    <ele>347.90000000000003</ele>
   </trkpt>
   <trkpt lat="38.577490000000004" lon="-0.27676">
    <ele>347.90000000000003</ele>
   </trkpt>
   <trkpt lat="38.577630000000006" lon="-0.27565">
    <ele>341.57000000000005</ele>
   </trkpt>
   <trkpt lat="38.5778" lon="-0.27487">
    <ele>336.39000000000004</ele>
   </trkpt>
   <trkpt lat="38.57782" lon="-0.2746">
    <ele>335.71</ele>
   </trkpt>
   <trkpt lat="38.57777" lon="-0.27442">
    <ele>335.71</ele>
   </trkpt>
   <trkpt lat="38.5775" lon="-0.27413000000000004">
    <ele>331.53000000000003</ele>
   </trkpt>
   <trkpt lat="38.57715" lon="-0.27359">
    <ele>327.41</ele>
   </trkpt>
   <trkpt lat="38.577090000000005" lon="-0.27342">
    <ele>326.11</ele>
   </trkpt>
   <trkpt lat="38.576980000000006" lon="-0.27280000000000004">
    <ele>324.95</ele>
   </trkpt>
   <trkpt lat="38.57697" lon="-0.27259">
    <ele>325.04</ele>
   </trkpt>
   <trkpt lat="38.57701" lon="-0.27242">
    <ele>325.21</ele>
   </trkpt>
   <trkpt lat="38.57708" lon="-0.27224000000000004">
    <ele>325.31000000000006</ele>
   </trkpt>
   <trkpt lat="38.57755" lon="-0.27148">
    <ele>322.06</ele>
   </trkpt>
   <trkpt lat="38.57764" lon="-0.27137">
    <ele>322.06</ele>
   </trkpt>
   <trkpt lat="38.577740000000006" lon="-0.27126">
    <ele>320.41</ele>
   </trkpt>
   <trkpt lat="38.578140000000005" lon="-0.27093">
    <ele>318.17</ele>
   </trkpt>
   <trkpt lat="38.57861500054005" lon="-0.2705650024342762">
    <ele>315.19</ele>
   </trkpt>
   <trkpt lat="38.57909" lon="-0.2702">
    <ele>312.77000000000004</ele>
   </trkpt>
   <trkpt lat="38.579240000000006" lon="-0.27009">
    <ele>311.33000000000004</ele>
   </trkpt>
   <trkpt lat="38.57934" lon="-0.27009">
    <ele>310.84</ele>
   </trkpt>
   <trkpt lat="38.579460000000005" lon="-0.2701">
    <ele>310.16</ele>
   </trkpt>
   <trkpt lat="38.57961" lon="-0.27022">
    <ele>310.21000000000004</ele>
   </trkpt>
   <trkpt lat="38.5799" lon="-0.27054">
    <ele>312.0</ele>
   </trkpt>
   <trkpt lat="38.57997" lon="-0.27059">
    <ele>312.0</ele>
   </trkpt>
   <trkpt lat="38.580090000000006" lon="-0.27059">
    <ele>312.46000000000004</ele>
   </trkpt>
   <trkpt lat="38.58028" lon="-0.27048">
    <ele>312.44000000000005</ele>
   </trkpt>
   <trkpt lat="38.58053" lon="-0.27016">
    <ele>310.31</ele>
   </trkpt>
   <trkpt lat="38.580600000000004" lon="-0.27011">
    <ele>310.31</ele>
   </trkpt>
   <trkpt lat="38.580940000000005" lon="-0.2701">
    <ele>308.34</ele>
   </trkpt>
   <trkpt lat="38.581070000000004" lon="-0.27008000000000004">
    <ele>307.52</ele>
   </trkpt>
   <trkpt lat="38.581390000000006" lon="-0.26986000000000004">
    <ele>306.33000000000004</ele>
   </trkpt>
   <trkpt lat="38.58174" lon="-0.26969000000000004">
    <ele>305.34</ele>
   </trkpt>
   <trkpt lat="38.58184" lon="-0.26959">
    <ele>304.78000000000003</ele>
   </trkpt>
   <trkpt lat="38.581970000000005" lon="-0.26937">
    <ele>304.46</ele>
   </trkpt>
   <trkpt lat="38.582170000000005" lon="-0.26877">
    <ele>303.00000000000006</ele>
   </trkpt>
   <trkpt lat="38.58227" lon="-0.26865">
    <ele>303.00000000000006</ele>
   </trkpt>
   <trkpt lat="38.582460000000005" lon="-0.26848">
    <ele>298.6</ele>
   </trkpt>
   <trkpt lat="38.58254" lon="-0.26837">
    <ele>298.6</ele>
   </trkpt>
   <trkpt lat="38.582660000000004" lon="-0.26794">
    <ele>297.88000000000005</ele>
   </trkpt>
   <trkpt lat="38.58272" lon="-0.26783">
    <ele>296.34000000000003</ele>
   </trkpt>
   <trkpt lat="38.58278" lon="-0.26778">
    <ele>296.34000000000003</ele>
   </trkpt>
   <trkpt lat="38.582840000000004" lon="-0.26776">
    <ele>296.34000000000003</ele>
   </trkpt>
   <trkpt lat="38.5831" lon="-0.26778">
    <ele>294.98</ele>
   </trkpt>
   <trkpt lat="38.58324" lon="-0.26776">
    <ele>293.7</ele>
   </trkpt>
   <trkpt lat="38.58332" lon="-0.26766">
    <ele>293.08</ele>
   </trkpt>
   <trkpt lat="38.583470000000005" lon="-0.26739">
    <ele>291.52</ele>
   </trkpt>
   <trkpt lat="38.58352" lon="-0.26733">
    <ele>290.99</ele>
   </trkpt>
   <trkpt lat="38.58366" lon="-0.26726">
    <ele>289.76</ele>
   </trkpt>
   <trkpt lat="38.58402" lon="-0.26715">
    <ele>287.96000000000004</ele>
   </trkpt>
   <trkpt lat="38.584160000000004" lon="-0.26707000000000003">
    <ele>287.96000000000004</ele>
   </trkpt>
   <trkpt lat="38.58428" lon="-0.26697000000000004">
    <ele>287.96000000000004</ele>
   </trkpt>
   <trkpt lat="38.584410000000005" lon="-0.26676">
    <ele>284.32</ele>
   </trkpt>
   <trkpt lat="38.584630000000004" lon="-0.2661">
    <ele>281.49</ele>
   </trkpt>
   <trkpt lat="38.58473" lon="-0.26595">
    <ele>281.32</ele>
   </trkpt>
   <trkpt lat="38.584830000000004" lon="-0.26588">
    <ele>280.36</ele>
   </trkpt>
   <trkpt lat="38.58532" lon="-0.26586000000000004">
    <ele>277.31</ele>
   </trkpt>
   <trkpt lat="38.585460000000005" lon="-0.26587">
    <ele>276.74</ele>
   </trkpt>
   <trkpt lat="38.58579" lon="-0.26615">
    <ele>275.7</ele>
   </trkpt>
   <trkpt lat="38.58588" lon="-0.26617">
    <ele>275.27</ele>
   </trkpt>
   <trkpt lat="38.58614" lon="-0.26621">
    <ele>274.46000000000004</ele>
   </trkpt>
   <trkpt lat="38.58623" lon="-0.26626">
    <ele>274.2</ele>
   </trkpt>
   <trkpt lat="38.586310000000005" lon="-0.26636000000000004">
    <ele>273.74</ele>
   </trkpt>
   <trkpt lat="38.58646" lon="-0.26666">
    <ele>273.0</ele>
   </trkpt>
   <trkpt lat="38.58655" lon="-0.26671">
    <ele>272.6</ele>
   </trkpt>
   <trkpt lat="38.58663000000001" lon="-0.26672">
    <ele>272.19000000000005</ele>
   </trkpt>
   <trkpt lat="38.58675" lon="-0.26667">
    <ele>271.25000000000006</ele>
   </trkpt>
   <trkpt lat="38.586830000000006" lon="-0.2666">
    <ele>270.49</ele>
   </trkpt>
   <trkpt lat="38.58688" lon="-0.26652000000000003">
    <ele>270.49</ele>
   </trkpt>
   <trkpt lat="38.586205001085" lon="-0.26599999506162414">
    <ele>265.38</ele>
   </trkpt>
   <trkpt lat="38.585530000000006" lon="-0.26548000000000005">
    <ele>262.23</ele>
   </trkpt>
   <trkpt lat="38.584700000000005" lon="-0.26515">
    <ele>260.97</ele>
   </trkpt>
   <trkpt lat="38.58453" lon="-0.26511">
    <ele>260.83</ele>
   </trkpt>
   <trkpt lat="38.584250000000004" lon="-0.2651">
    <ele>260.12</ele>
   </trkpt>
   <trkpt lat="38.5837850001763" lon="-0.26515500033679473">
    <ele>258.28000000000003</ele>
   </trkpt>
   <trkpt lat="38.58332" lon="-0.26521">
    <ele>257.65999999999997</ele>
   </trkpt>
   <trkpt lat="38.583130000000004" lon="-0.26532">
    <ele>256.21</ele>
   </trkpt>
   <trkpt lat="38.582840000000004" lon="-0.26554">
    <ele>255.01000000000002</ele>
   </trkpt>
   <trkpt lat="38.58215000173824" lon="-0.266195006375436">
    <ele>250.58</ele>
   </trkpt>
   <trkpt lat="38.58146" lon="-0.26685000000000003">
    <ele>248.21</ele>
   </trkpt>
   <trkpt lat="38.58131" lon="-0.26696000000000003">
    <ele>247.83</ele>
   </trkpt>
   <trkpt lat="38.58111" lon="-0.26704">
    <ele>247.3</ele>
   </trkpt>
   <trkpt lat="38.58097" lon="-0.26708000000000004">
    <ele>247.17000000000002</ele>
   </trkpt>
   <trkpt lat="38.58081" lon="-0.26709000000000005">
    <ele>247.58</ele>
   </trkpt>
   <trkpt lat="38.58066" lon="-0.26708000000000004">
    <ele>248.23000000000002</ele>
   </trkpt>
   <trkpt lat="38.58052" lon="-0.26704">
    <ele>249.12</ele>
   </trkpt>
   <trkpt lat="38.58035" lon="-0.26693">
    <ele>251.64000000000001</ele>
   </trkpt>
   <trkpt lat="38.58019" lon="-0.26676">
    <ele>253.36</ele>
   </trkpt>
   <trkpt lat="38.580070000000006" lon="-0.26655">
    <ele>253.48000000000005</ele>
   </trkpt>
   <trkpt lat="38.57979" lon="-0.26583">
    <ele>254.45000000000002</ele>
   </trkpt>
   <trkpt lat="38.57963" lon="-0.2656">
    <ele>254.20000000000005</ele>
   </trkpt>
   <trkpt lat="38.579510000000006" lon="-0.26548000000000005">
    <ele>254.20000000000005</ele>
   </trkpt>
   <trkpt lat="38.579370000000004" lon="-0.26537">
    <ele>254.14000000000001</ele>
   </trkpt>
   <trkpt lat="38.57918" lon="-0.26528">
    <ele>254.06</ele>
   </trkpt>
   <trkpt lat="38.578440000090524" lon="-0.26512499840069537">
    <ele>252.04999999999998</ele>
   </trkpt>
   <trkpt lat="38.5777" lon="-0.26497000000000004">
    <ele>249.60000000000002</ele>
   </trkpt>
   <trkpt lat="38.577490000000004" lon="-0.26487">
    <ele>249.4</ele>
   </trkpt>
   <trkpt lat="38.577400000000004" lon="-0.26476">
    <ele>249.14000000000001</ele>
   </trkpt>
   <trkpt lat="38.577290000000005" lon="-0.26454">
    <ele>248.61</ele>
   </trkpt>
   <trkpt lat="38.577110000000005" lon="-0.26413000000000003">
    <ele>248.07000000000002</ele>
   </trkpt>
   <trkpt lat="38.576890000000006" lon="-0.26383">
    <ele>246.36</ele>
   </trkpt>
   <trkpt lat="38.57654" lon="-0.26359000000000005">
    <ele>245.73000000000002</ele>
   </trkpt>
   <trkpt lat="38.57602" lon="-0.26331000000000004">
    <ele>245.01000000000002</ele>
   </trkpt>
   <trkpt lat="38.575900000000004" lon="-0.26326">
    <ele>244.93</ele>
   </trkpt>
   <trkpt lat="38.575680000000006" lon="-0.26326">
    <ele>244.51000000000002</ele>
   </trkpt>
   <trkpt lat="38.575165000085605" lon="-0.26334500060030885">
    <ele>244.3</ele>
   </trkpt>
   <trkpt lat="38.574650000000005" lon="-0.26343">
    <ele>244.37000000000003</ele>
   </trkpt>
   <trkpt lat="38.574270000000006" lon="-0.26336000000000004">
    <ele>244.43</ele>
   </trkpt>
   <trkpt lat="38.573930000000004" lon="-0.26321">
    <ele>244.62000000000003</ele>
   </trkpt>
   <trkpt lat="38.5737" lon="-0.26320000000000005">
    <ele>244.36</ele>
   </trkpt>
   <trkpt lat="38.573330000000006" lon="-0.26328">
    <ele>242.99</ele>
   </trkpt>
   <trkpt lat="38.57314" lon="-0.26337000000000005">
    <ele>241.69</ele>
   </trkpt>
   <trkpt lat="38.57289" lon="-0.2635">
    <ele>239.35</ele>
   </trkpt>
   <trkpt lat="38.572590000000005" lon="-0.26376">
    <ele>237.81</ele>
   </trkpt>
   <trkpt lat="38.57237000000001" lon="-0.26388">
    <ele>235.70000000000002</ele>
   </trkpt>
   <trkpt lat="38.57222" lon="-0.26392000000000004">
    <ele>234.15000000000003</ele>
   </trkpt>
   <trkpt lat="38.57198" lon="-0.26393">
    <ele>232.53</ele>
   </trkpt>
   <trkpt lat="38.57166" lon="-0.26388">
    <ele>230.81</ele>
   </trkpt>
   <trkpt lat="38.5715" lon="-0.26383">
    <ele>230.07000000000002</ele>
   </trkpt>
   <trkpt lat="38.571290000000005" lon="-0.26371">
    <ele>228.14000000000001</ele>
   </trkpt>
   <trkpt lat="38.5711" lon="-0.26349">
    <ele>224.97000000000003</ele>
   </trkpt>
   <trkpt lat="38.57085" lon="-0.26306">
    <ele>221.71</ele>
   </trkpt>
   <trkpt lat="38.570600000000006" lon="-0.26267">
    <ele>218.83</ele>
   </trkpt>
   <trkpt lat="38.5703" lon="-0.26249">
    <ele>216.44000000000003</ele>
   </trkpt>
   <trkpt lat="38.57003" lon="-0.26243">
    <ele>213.83</ele>
   </trkpt>
   <trkpt lat="38.569660000000006" lon="-0.26243">
    <ele>211.18</ele>
   </trkpt>
   <trkpt lat="38.569390000000006" lon="-0.26248000000000005">
    <ele>210.57</ele>
   </trkpt>
   <trkpt lat="38.569160000000004" lon="-0.26256">
    <ele>208.68</ele>
   </trkpt>
   <trkpt lat="38.56863000043458" lon="-0.262910002638764">
    <ele>205.35</ele>
   </trkpt>
   <trkpt lat="38.5681" lon="-0.26326">
    <ele>201.97</ele>
   </trkpt>
   <trkpt lat="38.56752" lon="-0.2636">
    <ele>200.31</ele>
   </trkpt>
   <trkpt lat="38.56682000035911" lon="-0.26391000304182805">
    <ele>200.34</ele>
   </trkpt>
   <trkpt lat="38.566120000000005" lon="-0.26422">
    <ele>200.19</ele>
   </trkpt>
   <trkpt lat="38.56606" lon="-0.26422">
    <ele>199.8</ele>
   </trkpt>
   <trkpt lat="38.56598" lon="-0.26421">
    <ele>199.38000000000002</ele>
   </trkpt>
   <trkpt lat="38.56591" lon="-0.26416">
    <ele>199.38000000000002</ele>
   </trkpt>
   <trkpt lat="38.56586" lon="-0.2641">
    <ele>198.91</ele>
   </trkpt>
   <trkpt lat="38.56559000220991" lon="-0.2633799973075474">
    <ele>194.73000000000002</ele>
   </trkpt>
   <trkpt lat="38.56532" lon="-0.26266">
    <ele>191.28</ele>
   </trkpt>
   <trkpt lat="38.565180000000005" lon="-0.26247000000000004">
    <ele>190.55</ele>
   </trkpt>
   <trkpt lat="38.56497" lon="-0.26238">
    <ele>190.28</ele>
   </trkpt>
   <trkpt lat="38.56454" lon="-0.26232">
    <ele>189.9</ele>
   </trkpt>
   <trkpt lat="38.56436" lon="-0.26232">
    <ele>189.97000000000003</ele>
   </trkpt>
   <trkpt lat="38.564260000000004" lon="-0.26239">
    <ele>189.97000000000003</ele>
   </trkpt>
   <trkpt lat="38.56407" lon="-0.26271">
    <ele>190.0</ele>
   </trkpt>
   <trkpt lat="38.56396" lon="-0.26280000000000003">
    <ele>190.12</ele>
   </trkpt>
   <trkpt lat="38.56336" lon="-0.26288">
    <ele>189.72000000000003</ele>
   </trkpt>
   <trkpt lat="38.56308000000001" lon="-0.26280000000000003">
    <ele>189.12</ele>
   </trkpt>
   <trkpt lat="38.562920000000005" lon="-0.26278">
    <ele>188.69000000000003</ele>
   </trkpt>
   <trkpt lat="38.56279" lon="-0.26287000000000005">
    <ele>188.32000000000002</ele>
   </trkpt>
   <trkpt lat="38.56269" lon="-0.26299">
    <ele>187.98000000000002</ele>
   </trkpt>
   <trkpt lat="38.562560000000005" lon="-0.26326">
    <ele>186.62</ele>
   </trkpt>
   <trkpt lat="38.56226" lon="-0.26393">
    <ele>184.93</ele>
   </trkpt>
   <trkpt lat="38.561960002346275" lon="-0.264680003246555">
    <ele>182.18</ele>
   </trkpt>
   <trkpt lat="38.56166" lon="-0.26543">
    <ele>180.45000000000002</ele>
   </trkpt>
   <trkpt lat="38.56161" lon="-0.26577">
    <ele>179.94000000000003</ele>
   </trkpt>
   <trkpt lat="38.56163" lon="-0.26614000000000004">
    <ele>179.71</ele>
   </trkpt>
   <trkpt lat="38.56159" lon="-0.26636000000000004">
    <ele>179.75000000000003</ele>
   </trkpt>
   <trkpt lat="38.56156" lon="-0.26643">
    <ele>179.75000000000003</ele>
   </trkpt>
   <trkpt lat="38.561440000000005" lon="-0.26662">
    <ele>179.79</ele>
   </trkpt>
   <trkpt lat="38.560950000000005" lon="-0.26722">
    <ele>179.41</ele>
   </trkpt>
   <trkpt lat="38.56076" lon="-0.26741000000000004">
    <ele>179.27</ele>
   </trkpt>
   <trkpt lat="38.56056" lon="-0.26754">
    <ele>178.56000000000003</ele>
   </trkpt>
   <trkpt lat="38.55991" lon="-0.26776">
    <ele>174.5</ele>
   </trkpt>
   <trkpt lat="38.559630000000006" lon="-0.26787">
    <ele>173.13</ele>
   </trkpt>
   <trkpt lat="38.55931" lon="-0.26791000000000004">
    <ele>170.90000000000003</ele>
   </trkpt>
   <trkpt lat="38.5589" lon="-0.26798">
    <ele>169.22</ele>
   </trkpt>
   <trkpt lat="38.55859" lon="-0.26808000000000004">
    <ele>167.96000000000004</ele>
   </trkpt>
   <trkpt lat="38.55843" lon="-0.26821">
    <ele>167.34</ele>
   </trkpt>
   <trkpt lat="38.5581" lon="-0.26859">
    <ele>166.67000000000002</ele>
   </trkpt>
   <trkpt lat="38.55753" lon="-0.26887">
    <ele>165.15</ele>
   </trkpt>
   <trkpt lat="38.55709" lon="-0.26921">
    <ele>164.45000000000002</ele>
   </trkpt>
   <trkpt lat="38.55695" lon="-0.26930000000000004">
    <ele>164.45000000000002</ele>
   </trkpt>
   <trkpt lat="38.556650000000005" lon="-0.26937">
    <ele>164.21</ele>
   </trkpt>
   <trkpt lat="38.55612" lon="-0.26943">
    <ele>163.38000000000002</ele>
   </trkpt>
   <trkpt lat="38.555780000000006" lon="-0.26954">
    <ele>163.08</ele>
   </trkpt>
   <trkpt lat="38.555290000365666" lon="-0.26981000180973075">
    <ele>162.94</ele>
   </trkpt>
   <trkpt lat="38.5548" lon="-0.27008000000000004">
    <ele>162.87</ele>
   </trkpt>
   <trkpt lat="38.554700000000004" lon="-0.27009">
    <ele>162.73000000000002</ele>
   </trkpt>
   <trkpt lat="38.55442" lon="-0.27004">
    <ele>162.56</ele>
   </trkpt>
   <trkpt lat="38.55424" lon="-0.26988">
    <ele>162.36</ele>
   </trkpt>
   <trkpt lat="38.553940000000004" lon="-0.26948">
    <ele>161.38000000000002</ele>
   </trkpt>
   <trkpt lat="38.553540000000005" lon="-0.26879000000000003">
    <ele>158.95000000000002</ele>
   </trkpt>
   <trkpt lat="38.553430000000006" lon="-0.26862">
    <ele>158.35999999999999</ele>
   </trkpt>
   <trkpt lat="38.5533" lon="-0.26848">
    <ele>157.35999999999999</ele>
   </trkpt>
   <trkpt lat="38.55288" lon="-0.26818000000000003">
    <ele>152.94000000000003</ele>
   </trkpt>
   <trkpt lat="38.552200000573244" lon="-0.26782999671654883">
    <ele>147.26</ele>
   </trkpt>
   <trkpt lat="38.551520000000004" lon="-0.26748">
    <ele>141.62000000000003</ele>
   </trkpt>
   <trkpt lat="38.55127" lon="-0.26725000000000004">
    <ele>140.58</ele>
   </trkpt>
   <trkpt lat="38.551170000000006" lon="-0.26697000000000004">
    <ele>140.05</ele>
   </trkpt>
   <trkpt lat="38.5512" lon="-0.26597000000000004">
    <ele>139.37</ele>
   </trkpt>
   <trkpt lat="38.5512" lon="-0.26570000000000005">
    <ele>138.20000000000002</ele>
   </trkpt>
   <trkpt lat="38.55115" lon="-0.26544">
    <ele>138.20000000000002</ele>
   </trkpt>
   <trkpt lat="38.55084" lon="-0.26470000000000005">
    <ele>137.54000000000002</ele>
   </trkpt>
   <trkpt lat="38.55048000291883" lon="-0.26386999581843346">
    <ele>139.6</ele>
   </trkpt>
   <trkpt lat="38.55012" lon="-0.26304">
    <ele>143.08</ele>
   </trkpt>
   <trkpt lat="38.550000000000004" lon="-0.26266">
    <ele>146.08</ele>
   </trkpt>
   <trkpt lat="38.54992" lon="-0.26231000000000004">
    <ele>150.07</ele>
   </trkpt>
   <trkpt lat="38.54981000202274" lon="-0.26161999893061955">
    <ele>154.17</ele>
   </trkpt>
   <trkpt lat="38.5497" lon="-0.26093">
    <ele>157.5</ele>
   </trkpt>
   <trkpt lat="38.54966" lon="-0.26077">
    <ele>158.96</ele>
   </trkpt>
   <trkpt lat="38.54956" lon="-0.2605">
    <ele>162.69</ele>
   </trkpt>
   <trkpt lat="38.54937" lon="-0.26022">
    <ele>163.73000000000002</ele>
   </trkpt>
   <trkpt lat="38.54928" lon="-0.26016">
    <ele>163.73000000000002</ele>
   </trkpt>
   <trkpt lat="38.5491" lon="-0.26005">
    <ele>165.69</ele>
   </trkpt>
   <trkpt lat="38.54887" lon="-0.25999">
    <ele>166.98000000000002</ele>
   </trkpt>
   <trkpt lat="38.548750000000005" lon="-0.25999">
    <ele>167.34</ele>
   </trkpt>
   <trkpt lat="38.54856" lon="-0.26005">
    <ele>167.83</ele>
   </trkpt>
   <trkpt lat="38.54806000000001" lon="-0.26026000000000005">
    <ele>166.18</ele>
   </trkpt>
   <trkpt lat="38.54753" lon="-0.26044">
    <ele>162.47</ele>
   </trkpt>
   <trkpt lat="38.54695500006493" lon="-0.2606100013764892">
    <ele>156.96</ele>
   </trkpt>
   <trkpt lat="38.546380000000006" lon="-0.26078">
    <ele>151.02</ele>
   </trkpt>
   <trkpt lat="38.545506666798175" lon="-0.2609266702376006">
    <ele>144.64000000000001</ele>
   </trkpt>
   <trkpt lat="38.544633333413366" lon="-0.26107333691284623">
    <ele>138.89000000000001</ele>
   </trkpt>
   <trkpt lat="38.543760000000006" lon="-0.26122">
    <ele>130.19</ele>
   </trkpt>
   <trkpt lat="38.54352" lon="-0.26124">
    <ele>129.03</ele>
   </trkpt>
   <trkpt lat="38.543400000000005" lon="-0.26122">
    <ele>128.38000000000002</ele>
   </trkpt>
   <trkpt lat="38.5433" lon="-0.26117">
    <ele>128.07999999999998</ele>
   </trkpt>
   <trkpt lat="38.543200000000006" lon="-0.26104">
    <ele>127.82000000000001</ele>
   </trkpt>
   <trkpt lat="38.54316" lon="-0.26093">
    <ele>127.60000000000002</ele>
   </trkpt>
   <trkpt lat="38.542983343114294" lon="-0.25985666128271107">
    <ele>127.44</ele>
   </trkpt>
   <trkpt lat="38.542806676429336" lon="-0.2587833278384437">
    <ele>131.58</ele>
   </trkpt>
   <trkpt lat="38.54263" lon="-0.25771">
    <ele>136.07000000000002</ele>
   </trkpt>
   <trkpt lat="38.542550000000006" lon="-0.25733">
    <ele>138.69</ele>
   </trkpt>
   <trkpt lat="38.54243" lon="-0.25694">
    <ele>139.58</ele>
   </trkpt>
   <trkpt lat="38.54216" lon="-0.2564">
    <ele>139.74</ele>
   </trkpt>
   <trkpt lat="38.541776670301346" lon="-0.25574665970927174">
    <ele>139.62000000000003</ele>
   </trkpt>
   <trkpt lat="38.541393336971986" lon="-0.25509332638278914">
    <ele>139.59</ele>
   </trkpt>
   <trkpt lat="38.54101" lon="-0.25444">
    <ele>139.3</ele>
   </trkpt>
   <trkpt lat="38.540620000000004" lon="-0.25396">
    <ele>139.16</ele>
   </trkpt>
   <trkpt lat="38.54008" lon="-0.25334">
    <ele>139.0</ele>
   </trkpt>
   <trkpt lat="38.53985" lon="-0.25301">
    <ele>138.3</ele>
   </trkpt>
   <trkpt lat="38.539730000000006" lon="-0.25279">
    <ele>138.3</ele>
   </trkpt>
   <trkpt lat="38.53943333758107" lon="-0.2520833275045828">
    <ele>136.54000000000002</ele>
   </trkpt>
   <trkpt lat="38.539136670914566" lon="-0.251376660838353">
    <ele>134.54000000000002</ele>
   </trkpt>
   <trkpt lat="38.53884" lon="-0.25067">
    <ele>132.5</ele>
   </trkpt>
   <trkpt lat="38.53858000145858" lon="-0.2500899979658552">
    <ele>130.10000000000002</ele>
   </trkpt>
   <trkpt lat="38.538320000000006" lon="-0.24951">
    <ele>127.38000000000002</ele>
   </trkpt>
   <trkpt lat="38.538120000000006" lon="-0.24921000000000001">
    <ele>126.0</ele>
   </trkpt>
   <trkpt lat="38.53786" lon="-0.24887">
    <ele>124.39000000000001</ele>
   </trkpt>
   <trkpt lat="38.53735000098627" lon="-0.24837499643642008">
    <ele>120.22</ele>
   </trkpt>
   <trkpt lat="38.536840000000005" lon="-0.24788000000000002">
    <ele>117.43</ele>
   </trkpt>
   <trkpt lat="38.536460000000005" lon="-0.24763000000000002">
    <ele>115.67</ele>
   </trkpt>
   <trkpt lat="38.536080000000005" lon="-0.24749000000000002">
    <ele>114.85000000000001</ele>
   </trkpt>
   <trkpt lat="38.53582" lon="-0.24742000000000003">
    <ele>113.02000000000001</ele>
   </trkpt>
   <trkpt lat="38.535340000000005" lon="-0.24738000000000002">
    <ele>111.4</ele>
   </trkpt>
   <trkpt lat="38.534710000085305" lon="-0.2474566680051275">
    <ele>109.29</ele>
   </trkpt>
   <trkpt lat="38.53408000012062" lon="-0.24753333466747954">
    <ele>106.97000000000001</ele>
   </trkpt>
   <trkpt lat="38.53345" lon="-0.24761000000000002">
    <ele>105.38000000000001</ele>
   </trkpt>
   <trkpt lat="38.53294500003496" lon="-0.24769000056030763">
    <ele>102.86</ele>
   </trkpt>
   <trkpt lat="38.53244" lon="-0.24777000000000002">
    <ele>100.64</ele>
   </trkpt>
   <trkpt lat="38.532270000000004" lon="-0.24774000000000002">
    <ele>100.26</ele>
   </trkpt>
   <trkpt lat="38.531780000000005" lon="-0.24754">
    <ele>97.98</ele>
   </trkpt>
   <trkpt lat="38.531760000000006" lon="-0.24760000000000001">
    <ele>98.64</ele>
   </trkpt>
   <trkpt lat="38.5317" lon="-0.24760000000000001">
    <ele>98.87</ele>
   </trkpt>
   <trkpt lat="38.531650000000006" lon="-0.24757">
    <ele>98.87</ele>
   </trkpt>
   <trkpt lat="38.53166" lon="-0.24748000000000003">
    <ele>98.2</ele>
   </trkpt>
   <trkpt lat="38.531040000000004" lon="-0.24718">
    <ele>95.58000000000001</ele>
   </trkpt>
   <trkpt lat="38.530860000000004" lon="-0.24713000000000002">
    <ele>95.15</ele>
   </trkpt>
   <trkpt lat="38.53022" lon="-0.24704">
    <ele>94.51</ele>
   </trkpt>
   <trkpt lat="38.53011" lon="-0.24701">
    <ele>94.46</ele>
   </trkpt>
   <trkpt lat="38.530010000000004" lon="-0.24693">
    <ele>94.47000000000001</ele>
   </trkpt>
   <trkpt lat="38.52978" lon="-0.24668">
    <ele>94.61000000000001</ele>
   </trkpt>
   <trkpt lat="38.529590000000006" lon="-0.24643">
    <ele>94.79</ele>
   </trkpt>
   <trkpt lat="38.52949" lon="-0.24621">
    <ele>95.02000000000001</ele>
   </trkpt>
   <trkpt lat="38.5294" lon="-0.24571">
    <ele>95.24000000000001</ele>
   </trkpt>
   <trkpt lat="38.529430000000005" lon="-0.24468">
    <ele>96.34</ele>
   </trkpt>
   <trkpt lat="38.529410000000006" lon="-0.24446">
    <ele>96.27000000000001</ele>
   </trkpt>
   <trkpt lat="38.52937" lon="-0.24427000000000001">
    <ele>96.07000000000001</ele>
   </trkpt>
   <trkpt lat="38.52928" lon="-0.24402000000000001">
    <ele>95.80000000000001</ele>
   </trkpt>
   <trkpt lat="38.529090000000004" lon="-0.24369000000000002">
    <ele>95.12</ele>
   </trkpt>
   <trkpt lat="38.52875" lon="-0.24340000000000003">
    <ele>93.49</ele>
   </trkpt>
   <trkpt lat="38.52817000139592" lon="-0.24298665996286228">
    <ele>89.14000000000001</ele>
   </trkpt>
   <trkpt lat="38.527590001338815" lon="-0.24257332658891548">
    <ele>81.72</ele>
   </trkpt>
   <trkpt lat="38.527010000000004" lon="-0.24216000000000001">
    <ele>79.74000000000001</ele>
   </trkpt>
   <trkpt lat="38.52666" lon="-0.24188">
    <ele>77.43</ele>
   </trkpt>
   <trkpt lat="38.52611" lon="-0.24134000000000003">
    <ele>76.19000000000001</ele>
   </trkpt>
   <trkpt lat="38.526030000000006" lon="-0.24135">
    <ele>76.4</ele>
   </trkpt>
   <trkpt lat="38.525780000000005" lon="-0.24151000000000003">
    <ele>73.72000000000001</ele>
   </trkpt>
   <trkpt lat="38.52561" lon="-0.24177">
    <ele>72.79</ele>
   </trkpt>
   <trkpt lat="38.525360000000006" lon="-0.24205000000000002">
    <ele>71.02</ele>
   </trkpt>
   <trkpt lat="38.52505" lon="-0.24230000000000002">
    <ele>69.54</ele>
   </trkpt>
   <trkpt lat="38.524710000000006" lon="-0.24252">
    <ele>67.85000000000001</ele>
   </trkpt>
   <trkpt lat="38.52434" lon="-0.24269000000000002">
    <ele>66.67</ele>
   </trkpt>
   <trkpt lat="38.524150000000006" lon="-0.24277">
    <ele>65.72</ele>
   </trkpt>
   <trkpt lat="38.523770000000006" lon="-0.24282">
    <ele>63.15000000000001</ele>
   </trkpt>
   <trkpt lat="38.52357000000001" lon="-0.24283000000000002">
    <ele>63.15000000000001</ele>
   </trkpt>
   <trkpt lat="38.52319" lon="-0.24280000000000002">
    <ele>61.74</ele>
   </trkpt>
   <trkpt lat="38.52297" lon="-0.24273000000000003">
    <ele>60.95</ele>
   </trkpt>
   <trkpt lat="38.52243" lon="-0.24252">
    <ele>59.870000000000005</ele>
   </trkpt>
   <trkpt lat="38.521720000631596" lon="-0.2421149959672654">
    <ele>58.92000000000001</ele>
   </trkpt>
   <trkpt lat="38.521010000000004" lon="-0.24171">
    <ele>57.56</ele>
   </trkpt>
   <trkpt lat="38.52076" lon="-0.24154000000000003">
    <ele>57.56</ele>
   </trkpt>
   <trkpt lat="38.52053" lon="-0.24141">
    <ele>56.96</ele>
   </trkpt>
   <trkpt lat="38.520250000000004" lon="-0.24113">
    <ele>56.64</ele>
   </trkpt>
   <trkpt lat="38.52" lon="-0.24085">
    <ele>55.970000000000006</ele>
   </trkpt>
   <trkpt lat="38.519550001637114" lon="-0.24022999612749502">
    <ele>55.13</ele>
   </trkpt>
   <trkpt lat="38.5191" lon="-0.23961000000000002">
    <ele>54.31</ele>
   </trkpt>
   <trkpt lat="38.51892" lon="-0.23933000000000001">
    <ele>53.720000000000006</ele>
   </trkpt>
   <trkpt lat="38.518730000000005" lon="-0.23883000000000001">
    <ele>52.71000000000001</ele>
   </trkpt>
   <trkpt lat="38.51867" lon="-0.23850000000000002">
    <ele>52.34</ele>
   </trkpt>
   <trkpt lat="38.51865" lon="-0.23816">
    <ele>50.82</ele>
   </trkpt>
   <trkpt lat="38.518640000000005" lon="-0.23713">
    <ele>49.49</ele>
   </trkpt>
   <trkpt lat="38.51859" lon="-0.23697000000000001">
    <ele>49.57</ele>
   </trkpt>
   <trkpt lat="38.5185" lon="-0.23687000000000002">
    <ele>49.580000000000005</ele>
   </trkpt>
   <trkpt lat="38.518420000000006" lon="-0.23688">
    <ele>49.580000000000005</ele>
   </trkpt>
   <trkpt lat="38.51827" lon="-0.23686000000000001">
    <ele>49.39</ele>
   </trkpt>
   <trkpt lat="38.51818" lon="-0.2368">
    <ele>49.39</ele>
   </trkpt>
   <trkpt lat="38.51807" lon="-0.23666">
    <ele>48.96</ele>
   </trkpt>
   <trkpt lat="38.51803" lon="-0.23653000000000002">
    <ele>48.96</ele>
   </trkpt>
   <trkpt lat="38.518010000000004" lon="-0.23636000000000001">
    <ele>48.830000000000005</ele>
   </trkpt>
   <trkpt lat="38.51784" lon="-0.23611000000000001">
    <ele>48.470000000000006</ele>
   </trkpt>
   <trkpt lat="38.517210000000006" lon="-0.23586000000000001">
    <ele>47.56</ele>
   </trkpt>
   <trkpt lat="38.5167" lon="-0.23558">
    <ele>46.78</ele>
   </trkpt>
   <trkpt lat="38.516510000000004" lon="-0.23537000000000002">
    <ele>46.64</ele>
   </trkpt>
   <trkpt lat="38.51634000000001" lon="-0.23513">
    <ele>46.21</ele>
   </trkpt>
   <trkpt lat="38.51585" lon="-0.23477">
    <ele>45.24</ele>
   </trkpt>
   <trkpt lat="38.515170002283554" lon="-0.23434498794421255">
    <ele>43.89000000000001</ele>
   </trkpt>
   <trkpt lat="38.51449000303099" lon="-0.23391998391728086">
    <ele>42.080000000000005</ele>
   </trkpt>
   <trkpt lat="38.513810002242415" lon="-0.2334949879188759">
    <ele>40.85</ele>
   </trkpt>
   <trkpt lat="38.513130000000004" lon="-0.23307000000000003">
    <ele>40.2</ele>
   </trkpt>
   <trkpt lat="38.513020000000004" lon="-0.23308">
    <ele>39.870000000000005</ele>
   </trkpt>
   <trkpt lat="38.512910000000005" lon="-0.23313000000000003">
    <ele>39.870000000000005</ele>
   </trkpt>
   <trkpt lat="38.512840000000004" lon="-0.23322">
    <ele>39.540000000000006</ele>
   </trkpt>
   <trkpt lat="38.51265" lon="-0.23328000000000002">
    <ele>39.370000000000005</ele>
   </trkpt>
   <trkpt lat="38.512480000000004" lon="-0.23316">
    <ele>39.190000000000005</ele>
   </trkpt>
   <trkpt lat="38.51243" lon="-0.23306000000000002">
    <ele>39.080000000000005</ele>
   </trkpt>
   <trkpt lat="38.51240000000001" lon="-0.23283">
    <ele>39.11000000000001</ele>
   </trkpt>
   <trkpt lat="38.512440000000005" lon="-0.23271000000000003">
    <ele>39.11000000000001</ele>
   </trkpt>
   <trkpt lat="38.5125" lon="-0.23261">
    <ele>39.17</ele>
   </trkpt>
   <trkpt lat="38.51258" lon="-0.23255">
    <ele>39.220000000000006</ele>
   </trkpt>
   <trkpt lat="38.51267" lon="-0.23253000000000001">
    <ele>39.220000000000006</ele>
   </trkpt>
   <trkpt lat="38.51285" lon="-0.23259000000000002">
    <ele>39.42</ele>
   </trkpt>
   <trkpt lat="38.51314" lon="-0.23201000000000002">
    <ele>38.93000000000001</ele>
   </trkpt>
   <trkpt lat="38.51308" lon="-0.23172">
    <ele>38.470000000000006</ele>
   </trkpt>
   <trkpt lat="38.51301" lon="-0.23158">
    <ele>38.14</ele>
   </trkpt>
   <trkpt lat="38.51279" lon="-0.23133">
    <ele>37.69</ele>
   </trkpt>
   <trkpt lat="38.513147507911704" lon="-0.23054251172862186">
    <ele>36.88</ele>
   </trkpt>
   <trkpt lat="38.51350501054977" lon="-0.2297550156365404">
    <ele>36.69</ele>
   </trkpt>
   <trkpt lat="38.513862507914084" lon="-0.22896751172369323">
    <ele>35.7</ele>
   </trkpt>
   <trkpt lat="38.51422" lon="-0.22818000000000002">
    <ele>35.81</ele>
   </trkpt>
   <trkpt lat="38.514430000000004" lon="-0.2277">
    <ele>37.07000000000001</ele>
   </trkpt>
   <trkpt lat="38.51451" lon="-0.22762000000000002">
    <ele>37.07000000000001</ele>
   </trkpt>
   <trkpt lat="38.51471" lon="-0.22761">
    <ele>37.89</ele>
   </trkpt>
   <trkpt lat="38.514970000000005" lon="-0.22747">
    <ele>39.190000000000005</ele>
   </trkpt>
   <trkpt lat="38.515170000000005" lon="-0.22725">
    <ele>39.96</ele>
   </trkpt>
   <trkpt lat="38.51529" lon="-0.22706">
    <ele>41.09</ele>
   </trkpt>
   <trkpt lat="38.51559" lon="-0.22638000000000003">
    <ele>43.160000000000004</ele>
   </trkpt>
   <trkpt lat="38.51584500087174" lon="-0.22590000190340445">
    <ele>45.63</ele>
   </trkpt>
   <trkpt lat="38.5161" lon="-0.22542">
    <ele>46.48</ele>
   </trkpt>
   <trkpt lat="38.516405003468684" lon="-0.2245200037407652">
    <ele>50.04</ele>
   </trkpt>
   <trkpt lat="38.51671" lon="-0.22362">
    <ele>52.2</ele>
   </trkpt>
   <trkpt lat="38.51691" lon="-0.22285000000000002">
    <ele>54.400000000000006</ele>
   </trkpt>
   <trkpt lat="38.516870000000004" lon="-0.22279000000000002">
    <ele>54.540000000000006</ele>
   </trkpt>
   <trkpt lat="38.516870000000004" lon="-0.22273">
    <ele>54.540000000000006</ele>
   </trkpt>
   <trkpt lat="38.5169" lon="-0.22267">
    <ele>54.84</ele>
   </trkpt>
   <trkpt lat="38.516960000000005" lon="-0.22266000000000002">
    <ele>55.11000000000001</ele>
   </trkpt>
   <trkpt lat="38.51712000135732" lon="-0.22210500106858289">
    <ele>55.830000000000005</ele>
   </trkpt>
   <trkpt lat="38.51728000000001" lon="-0.22155000000000002">
    <ele>56.89</ele>
   </trkpt>
   <trkpt lat="38.5174" lon="-0.22071000000000002">
    <ele>58.870000000000005</ele>
   </trkpt>
   <trkpt lat="38.5174" lon="-0.22034">
    <ele>60.660000000000004</ele>
   </trkpt>
   <trkpt lat="38.517320000000005" lon="-0.2197">
    <ele>61.27</ele>
   </trkpt>
   <trkpt lat="38.516980000000004" lon="-0.21876">
    <ele>61.2</ele>
   </trkpt>
   <trkpt lat="38.51677" lon="-0.21812">
    <ele>58.84</ele>
   </trkpt>
   <trkpt lat="38.516600000000004" lon="-0.21738000000000002">
    <ele>55.150000000000006</ele>
   </trkpt>
   <trkpt lat="38.5165" lon="-0.21707">
    <ele>53.33</ele>
   </trkpt>
   <trkpt lat="38.516290000000005" lon="-0.21671">
    <ele>51.510000000000005</ele>
   </trkpt>
   <trkpt lat="38.51601" lon="-0.21626">
    <ele>48.53</ele>
   </trkpt>
   <trkpt lat="38.51565" lon="-0.21574000000000002">
    <ele>43.440000000000005</ele>
   </trkpt>
   <trkpt lat="38.51547" lon="-0.21528000000000003">
    <ele>41.68</ele>
   </trkpt>
   <trkpt lat="38.51538" lon="-0.21496">
    <ele>41.06</ele>
   </trkpt>
   <trkpt lat="38.5154" lon="-0.21457">
    <ele>40.040000000000006</ele>
   </trkpt>
   <trkpt lat="38.515545001833885" lon="-0.2139150012756397">
    <ele>37.14000000000001</ele>
   </trkpt>
   <trkpt lat="38.515690000000006" lon="-0.21326">
    <ele>36.86000000000001</ele>
   </trkpt>
   <trkpt lat="38.515600000000006" lon="-0.21305000000000002">
    <ele>37.4</ele>
   </trkpt>
   <trkpt lat="38.51556" lon="-0.21303000000000002">
    <ele>37.53</ele>
   </trkpt>
   <trkpt lat="38.515480000000004" lon="-0.21297000000000002">
    <ele>37.56</ele>
   </trkpt>
   <trkpt lat="38.51547" lon="-0.21288">
    <ele>37.55</ele>
   </trkpt>
   <trkpt lat="38.5155" lon="-0.21275000000000002">
    <ele>37.42</ele>
   </trkpt>
   <trkpt lat="38.51558" lon="-0.21268">
    <ele>37.2</ele>
   </trkpt>
   <trkpt lat="38.51574" lon="-0.21239000000000002">
    <ele>36.84</ele>
   </trkpt>
   <trkpt lat="38.516148774443565" lon="-0.2114837860233191">
    <ele>34.690000000000005</ele>
   </trkpt>
   <trkpt lat="38.51655754190327" lon="-0.21057756175517692">
    <ele>31.92</ele>
   </trkpt>
   <trkpt lat="38.516966302378954" lon="-0.20967132719548182">
    <ele>30.61</ele>
   </trkpt>
   <trkpt lat="38.51737505587045" lon="-0.20876508234414196">
    <ele>29.060000000000002</ele>
   </trkpt>
   <trkpt lat="38.51778380237755" lon="-0.20785882720106572">
    <ele>28.040000000000003</ele>
   </trkpt>
   <trkpt lat="38.51819254190009" lon="-0.20695256176616136">
    <ele>28.330000000000002</ele>
   </trkpt>
   <trkpt lat="38.51860127443789" lon="-0.20604628603933725">
    <ele>30.01</ele>
   </trkpt>
   <trkpt lat="38.51901" lon="-0.20514000000000002">
    <ele>30.770000000000003</ele>
   </trkpt>
   <trkpt lat="38.518930000000005" lon="-0.20505">
    <ele>30.480000000000004</ele>
   </trkpt>
   <trkpt lat="38.5189" lon="-0.20496">
    <ele>30.480000000000004</ele>
   </trkpt>
   <trkpt lat="38.518890000000006" lon="-0.20483">
    <ele>30.480000000000004</ele>
   </trkpt>
   <trkpt lat="38.518930000000005" lon="-0.20466">
    <ele>30.330000000000002</ele>
   </trkpt>
   <trkpt lat="38.519000000000005" lon="-0.20456000000000002">
    <ele>30.330000000000002</ele>
   </trkpt>
   <trkpt lat="38.519090000000006" lon="-0.20452">
    <ele>29.640000000000004</ele>
   </trkpt>
   <trkpt lat="38.51916000000001" lon="-0.20450000000000002">
    <ele>29.640000000000004</ele>
   </trkpt>
   <trkpt lat="38.519310000000004" lon="-0.20455">
    <ele>29.19</ele>
   </trkpt>
   <trkpt lat="38.519380000000005" lon="-0.20434000000000002">
    <ele>28.23</ele>
   </trkpt>
   <trkpt lat="38.51961500125477" lon="-0.2038300013421606">
    <ele>26.240000000000002</ele>
   </trkpt>
   <trkpt lat="38.519850000000005" lon="-0.20332000000000003">
    <ele>25.39</ele>
   </trkpt>
   <trkpt lat="38.52007500113548" lon="-0.20281500146396583">
    <ele>25.69</ele>
   </trkpt>
   <trkpt lat="38.520300000000006" lon="-0.20231000000000002">
    <ele>26.89</ele>
   </trkpt>
   <trkpt lat="38.52035" lon="-0.202">
    <ele>27.13</ele>
   </trkpt>
   <trkpt lat="38.52028" lon="-0.20183">
    <ele>27.860000000000003</ele>
   </trkpt>
   <trkpt lat="38.520270000000004" lon="-0.20174">
    <ele>27.860000000000003</ele>
   </trkpt>
   <trkpt lat="38.520320000000005" lon="-0.20155">
    <ele>28.51</ele>
   </trkpt>
   <trkpt lat="38.52037" lon="-0.20147">
    <ele>28.51</ele>
   </trkpt>
   <trkpt lat="38.52044" lon="-0.20141">
    <ele>28.830000000000002</ele>
   </trkpt>
   <trkpt lat="38.520520000000005" lon="-0.20138">
    <ele>29.200000000000003</ele>
   </trkpt>
   <trkpt lat="38.52062" lon="-0.20139">
    <ele>29.200000000000003</ele>
   </trkpt>
   <trkpt lat="38.520810000000004" lon="-0.20120000000000002">
    <ele>30.03</ele>
   </trkpt>
   <trkpt lat="38.52121500331316" lon="-0.20032000490769725">
    <ele>31.310000000000002</ele>
   </trkpt>
   <trkpt lat="38.521620000000006" lon="-0.19944">
    <ele>31.330000000000002</ele>
   </trkpt>
   <trkpt lat="38.52196000488036" lon="-0.1986800072515431">
    <ele>30.8</ele>
   </trkpt>
   <trkpt lat="38.52230000484857" lon="-0.1979200073227016">
    <ele>30.300000000000004</ele>
   </trkpt>
   <trkpt lat="38.52264" lon="-0.19716000000000003">
    <ele>30.430000000000003</ele>
   </trkpt>
   <trkpt lat="38.52253" lon="-0.197">
    <ele>30.330000000000002</ele>
   </trkpt>
   <trkpt lat="38.522510000000004" lon="-0.19692">
    <ele>30.330000000000002</ele>
   </trkpt>
   <trkpt lat="38.52255" lon="-0.19669">
    <ele>30.35</ele>
   </trkpt>
   <trkpt lat="38.52261" lon="-0.19661">
    <ele>30.35</ele>
   </trkpt>
   <trkpt lat="38.52268" lon="-0.19656">
    <ele>30.480000000000004</ele>
   </trkpt>
   <trkpt lat="38.522760000000005" lon="-0.19653">
    <ele>30.480000000000004</ele>
   </trkpt>
   <trkpt lat="38.522920000000006" lon="-0.19657000000000002">
    <ele>30.480000000000004</ele>
   </trkpt>
   <trkpt lat="38.523330003731495" lon="-0.19563500529446973">
    <ele>30.67</ele>
   </trkpt>
   <trkpt lat="38.523740000000004" lon="-0.1947">
    <ele>31.84</ele>
   </trkpt>
   <trkpt lat="38.52418001569198" lon="-0.19374002344172525">
    <ele>33.63</ele>
   </trkpt>
   <trkpt lat="38.524620023546376" lon="-0.19278003514485034">
    <ele>35.09</ele>
   </trkpt>
   <trkpt lat="38.52506002356297" lon="-0.19182003510925588">
    <ele>37.42</ele>
   </trkpt>
   <trkpt lat="38.52550001574152" lon="-0.19086002333482247">
    <ele>40.150000000000006</ele>
   </trkpt>
   <trkpt lat="38.525940000000006" lon="-0.1899">
    <ele>42.84</ele>
   </trkpt>
   <trkpt lat="38.526300008113196" lon="-0.18910251196970032">
    <ele>44.65</ele>
   </trkpt>
   <trkpt lat="38.52666001081741" lon="-0.1883050159602424">
    <ele>46.760000000000005</ele>
   </trkpt>
   <trkpt lat="38.527020008112515" lon="-0.1875075119715634">
    <ele>48.53</ele>
   </trkpt>
   <trkpt lat="38.52738" lon="-0.18671000000000001">
    <ele>49.160000000000004</ele>
   </trkpt>
   <trkpt lat="38.52756" lon="-0.18625000000000003">
    <ele>48.81</ele>
   </trkpt>
   <trkpt lat="38.527950003203316" lon="-0.1853800047494975">
    <ele>45.910000000000004</ele>
   </trkpt>
   <trkpt lat="38.52834" lon="-0.18451">
    <ele>43.86</ele>
   </trkpt>
   <trkpt lat="38.52837" lon="-0.18443">
    <ele>43.86</ele>
   </trkpt>
   <trkpt lat="38.52837" lon="-0.18426">
    <ele>43.86</ele>
   </trkpt>
   <trkpt lat="38.52832" lon="-0.1841">
    <ele>43.68</ele>
   </trkpt>
   <trkpt lat="38.52832" lon="-0.18393">
    <ele>43.57</ele>
   </trkpt>
   <trkpt lat="38.52839" lon="-0.18379">
    <ele>43.49</ele>
   </trkpt>
   <trkpt lat="38.528490000000005" lon="-0.18367000000000003">
    <ele>43.32</ele>
   </trkpt>
   <trkpt lat="38.52861" lon="-0.18364000000000003">
    <ele>43.22</ele>
   </trkpt>
   <trkpt lat="38.528670000000005" lon="-0.18365">
    <ele>43.22</ele>
   </trkpt>
   <trkpt lat="38.52877" lon="-0.18357">
    <ele>41.940000000000005</ele>
   </trkpt>
   <trkpt lat="38.528850000000006" lon="-0.18345">
    <ele>41.39</ele>
   </trkpt>
   <trkpt lat="38.529260007009604" lon="-0.18254334362562225">
    <ele>39.400000000000006</ele>
   </trkpt>
   <trkpt lat="38.52967000702781" lon="-0.1816366769188609">
    <ele>37.82000000000001</ele>
   </trkpt>
   <trkpt lat="38.530080000000005" lon="-0.18073">
    <ele>35.97</ele>
   </trkpt>
   <trkpt lat="38.5302" lon="-0.1804">
    <ele>35.53000000000001</ele>
   </trkpt>
   <trkpt lat="38.53051000421603" lon="-0.1796966727073276">
    <ele>34.230000000000004</ele>
   </trkpt>
   <trkpt lat="38.530820004224836" lon="-0.1789933393541171">
    <ele>32.75</ele>
   </trkpt>
   <trkpt lat="38.531130000000005" lon="-0.17829">
    <ele>31.790000000000006</ele>
   </trkpt>
   <trkpt lat="38.53137" lon="-0.17757">
    <ele>30.35</ele>
   </trkpt>
   <trkpt lat="38.53143" lon="-0.17726">
    <ele>30.060000000000002</ele>
   </trkpt>
   <trkpt lat="38.53153333834221" lon="-0.17649333546319762">
    <ele>29.080000000000002</ele>
   </trkpt>
   <trkpt lat="38.5316366716853" lon="-0.17572666872417833">
    <ele>27.37</ele>
   </trkpt>
   <trkpt lat="38.531740000000006" lon="-0.17496">
    <ele>26.930000000000003</ele>
   </trkpt>
   <trkpt lat="38.531800000000004" lon="-0.17467000000000002">
    <ele>26.72</ele>
   </trkpt>
   <trkpt lat="38.53189500313246" lon="-0.17381500091548407">
    <ele>25.62</ele>
   </trkpt>
   <trkpt lat="38.53199" lon="-0.17296">
    <ele>24.75</ele>
   </trkpt>
   <trkpt lat="38.53195" lon="-0.17271">
    <ele>24.3</ele>
   </trkpt>
   <trkpt lat="38.531890000000004" lon="-0.17264000000000002">
    <ele>24.3</ele>
   </trkpt>
   <trkpt lat="38.531850000000006" lon="-0.17258">
    <ele>24.3</ele>
   </trkpt>
   <trkpt lat="38.53182" lon="-0.17244">
    <ele>23.900000000000002</ele>
   </trkpt>
   <trkpt lat="38.53184" lon="-0.17235">
    <ele>23.900000000000002</ele>
   </trkpt>
   <trkpt lat="38.53188" lon="-0.17224">
    <ele>23.78</ele>
   </trkpt>
   <trkpt lat="38.53197" lon="-0.17216">
    <ele>23.42</ele>
   </trkpt>
   <trkpt lat="38.53204" lon="-0.17199">
    <ele>23.22</ele>
   </trkpt>
   <trkpt lat="38.53208" lon="-0.17178000000000002">
    <ele>22.830000000000002</ele>
   </trkpt>
   <trkpt lat="38.53219000761452" lon="-0.17083333629372063">
    <ele>22.47</ele>
   </trkpt>
   <trkpt lat="38.53230000760691" lon="-0.16988666969264887">
    <ele>22.63</ele>
   </trkpt>
   <trkpt lat="38.532410000000006" lon="-0.16894">
    <ele>22.660000000000004</ele>
   </trkpt>
   <trkpt lat="38.53244" lon="-0.16890000000000002">
    <ele>22.63</ele>
   </trkpt>
   <trkpt lat="38.532548353963115" lon="-0.16791500741690202">
    <ele>22.38</ele>
   </trkpt>
   <trkpt lat="38.53265669967435" lon="-0.16693001186705525">
    <ele>22.910000000000004</ele>
   </trkpt>
   <trkpt lat="38.532765037133665" lon="-0.16594501335066517">
    <ele>24.220000000000002</ele>
   </trkpt>
   <trkpt lat="38.532873366341015" lon="-0.16496001186793727">
    <ele>26.03</ele>
   </trkpt>
   <trkpt lat="38.53298168729632" lon="-0.1639750074190771">
    <ele>27.64</ele>
   </trkpt>
   <trkpt lat="38.53309" lon="-0.16299000000000002">
    <ele>27.92</ele>
   </trkpt>
   <trkpt lat="38.53321500433258" lon="-0.16198000179944932">
    <ele>24.200000000000003</ele>
   </trkpt>
   <trkpt lat="38.53334" lon="-0.16097">
    <ele>22.44</ele>
   </trkpt>
   <trkpt lat="38.53351500126501" lon="-0.16041500149242524">
    <ele>21.88</ele>
   </trkpt>
   <trkpt lat="38.53369" lon="-0.15986">
    <ele>21.240000000000002</ele>
   </trkpt>
   <trkpt lat="38.53372" lon="-0.15981">
    <ele>21.240000000000002</ele>
   </trkpt>
   <trkpt lat="38.533770000000004" lon="-0.15976">
    <ele>21.25</ele>
   </trkpt>
   <trkpt lat="38.533750000000005" lon="-0.15967">
    <ele>21.25</ele>
   </trkpt>
   <trkpt lat="38.53378" lon="-0.15961">
    <ele>21.02</ele>
   </trkpt>
   <trkpt lat="38.533820000000006" lon="-0.15959">
    <ele>21.02</ele>
   </trkpt>
   <trkpt lat="38.53383" lon="-0.15953">
    <ele>20.89</ele>
   </trkpt>
   <trkpt lat="38.5341333409179" lon="-0.15858667457211761">
    <ele>19.990000000000002</ele>
   </trkpt>
   <trkpt lat="38.53443667426716" lon="-0.15764334118937595">
    <ele>18.330000000000002</ele>
   </trkpt>
   <trkpt lat="38.534740000000006" lon="-0.1567">
    <ele>16.94</ele>
   </trkpt>
   <trkpt lat="38.53477" lon="-0.15652000000000002">
    <ele>16.94</ele>
   </trkpt>
   <trkpt lat="38.534960000000005" lon="-0.156">
    <ele>15.63</ele>
   </trkpt>
   <trkpt lat="38.53524500315587" lon="-0.15513500350602435">
    <ele>14.690000000000001</ele>
   </trkpt>
   <trkpt lat="38.53553" lon="-0.15427000000000002">
    <ele>13.410000000000002</ele>
   </trkpt>
   <trkpt lat="38.53573000170969" lon="-0.15363500178160605">
    <ele>12.730000000000002</ele>
   </trkpt>
   <trkpt lat="38.53593" lon="-0.15300000000000002">
    <ele>12.350000000000001</ele>
   </trkpt>
   <trkpt lat="38.53605" lon="-0.15259">
    <ele>12.120000000000001</ele>
   </trkpt>
   <trkpt lat="38.53614" lon="-0.15216000000000002">
    <ele>12.010000000000002</ele>
   </trkpt>
   <trkpt lat="38.5362" lon="-0.15184">
    <ele>12.0</ele>
   </trkpt>
   <trkpt lat="38.536170000000006" lon="-0.15156">
    <ele>12.090000000000002</ele>
   </trkpt>
   <trkpt lat="38.53627" lon="-0.15135">
    <ele>12.25</ele>
   </trkpt>
   <trkpt lat="38.53643401502806" lon="-0.1504100085880429">
    <ele>12.23</ele>
   </trkpt>
   <trkpt lat="38.536598022540794" lon="-0.1494700128898318">
    <ele>12.560000000000002</ele>
   </trkpt>
   <trkpt lat="38.536762022538106" lon="-0.14853001290551837">
    <ele>12.63</ele>
   </trkpt>
   <trkpt lat="38.53692601501993" lon="-0.14759000863525432">
    <ele>12.790000000000001</ele>
   </trkpt>
   <trkpt lat="38.537090000000006" lon="-0.14665">
    <ele>13.450000000000001</ele>
   </trkpt>
   <trkpt lat="38.537150000000004" lon="-0.14601">
    <ele>13.56</ele>
   </trkpt>
   <trkpt lat="38.53715574703278" lon="-0.1448771434005306">
    <ele>13.57</ele>
   </trkpt>
   <trkpt lat="38.537161483149866" lon="-0.14374428662022035">
    <ele>13.27</ele>
   </trkpt>
   <trkpt lat="38.53716720835126" lon="-0.14261142965941298">
    <ele>13.430000000000001</ele>
   </trkpt>
   <trkpt lat="38.53717292263697" lon="-0.14147857251845225">
    <ele>13.53</ele>
   </trkpt>
   <trkpt lat="38.537178626006984" lon="-0.14034571519768188">
    <ele>13.620000000000001</ele>
   </trkpt>
   <trkpt lat="38.53718431846131" lon="-0.13921285769744562">
    <ele>13.540000000000001</ele>
   </trkpt>
   <trkpt lat="38.53719" lon="-0.13808">
    <ele>13.9</ele>
   </trkpt>
   <trkpt lat="38.537220000000005" lon="-0.13796">
    <ele>13.9</ele>
   </trkpt>
   <trkpt lat="38.53719" lon="-0.13773000000000002">
    <ele>13.83</ele>
   </trkpt>
   <trkpt lat="38.53756500041811" lon="-0.13740000175994194">
    <ele>14.770000000000001</ele>
   </trkpt>
   <trkpt lat="38.537940000000006" lon="-0.13707">
    <ele>15.320000000000002</ele>
   </trkpt>
   <trkpt lat="38.538000000000004" lon="-0.13699">
    <ele>15.320000000000002</ele>
   </trkpt>
   <trkpt lat="38.538627503904735" lon="-0.13643751445060362">
    <ele>16.26</ele>
   </trkpt>
   <trkpt lat="38.53925500521318" lon="-0.1358850192617252">
    <ele>17.5</ele>
   </trkpt>
   <trkpt lat="38.53988250392521" lon="-0.13533251443301977">
    <ele>22.35</ele>
   </trkpt>
   <trkpt lat="38.540510000000005" lon="-0.13478">
    <ele>25.85</ele>
   </trkpt>
   <trkpt lat="38.54065000000001" lon="-0.13463">
    <ele>25.85</ele>
   </trkpt>
   <trkpt lat="38.54121000000001" lon="-0.13416">
    <ele>30.88</ele>
   </trkpt>
   <trkpt lat="38.541320000000006" lon="-0.13408">
    <ele>30.88</ele>
   </trkpt>
   <trkpt lat="38.54192000230978" lon="-0.13355667541556604">
    <ele>34.71</ele>
   </trkpt>
   <trkpt lat="38.54252000229005" lon="-0.1330333420995789">
    <ele>38.42</ele>
   </trkpt>
   <trkpt lat="38.54312" lon="-0.13251000000000002">
    <ele>41.86</ele>
   </trkpt>
   <trkpt lat="38.54357" lon="-0.13205">
    <ele>39.910000000000004</ele>
   </trkpt>
   <trkpt lat="38.543820000000004" lon="-0.13164">
    <ele>38.830000000000005</ele>
   </trkpt>
   <trkpt lat="38.543910000000004" lon="-0.13135000000000002">
    <ele>38.11000000000001</ele>
   </trkpt>
   <trkpt lat="38.54404" lon="-0.13056">
    <ele>38.01</ele>
   </trkpt>
   <trkpt lat="38.54404" lon="-0.13051000000000001">
    <ele>38.01</ele>
   </trkpt>
   <trkpt lat="38.54402" lon="-0.13039">
    <ele>38.01</ele>
   </trkpt>
   <trkpt lat="38.54368500335406" lon="-0.12949999581515906">
    <ele>37.64</ele>
   </trkpt>
   <trkpt lat="38.543350000000004" lon="-0.12861">
    <ele>37.06</ele>
   </trkpt>
   <trkpt lat="38.54310500158458" lon="-0.1279999979270842">
    <ele>35.69</ele>
   </trkpt>
   <trkpt lat="38.542860000000005" lon="-0.12739">
    <ele>33.800000000000004</ele>
   </trkpt>
   <trkpt lat="38.542525010268555" lon="-0.12649248743516917">
    <ele>31.67</ele>
   </trkpt>
   <trkpt lat="38.54219001368543" lon="-0.1255949832311516">
    <ele>29.450000000000003</ele>
   </trkpt>
   <trkpt lat="38.54185501025078" lon="-0.12469748738794008">
    <ele>26.660000000000004</ele>
   </trkpt>
   <trkpt lat="38.541520000000006" lon="-0.12380000000000001">
    <ele>24.39</ele>
   </trkpt>
   <trkpt lat="38.54149" lon="-0.12348">
    <ele>24.220000000000002</ele>
   </trkpt>
   <trkpt lat="38.541560000000004" lon="-0.12313">
    <ele>24.41</ele>
   </trkpt>
   <trkpt lat="38.54164" lon="-0.12298">
    <ele>24.82</ele>
   </trkpt>
   <trkpt lat="38.54222" lon="-0.12216">
    <ele>27.05</ele>
   </trkpt>
   <trkpt lat="38.542190000000005" lon="-0.12212">
    <ele>27.590000000000003</ele>
   </trkpt>
   <trkpt lat="38.542633336002" lon="-0.1215600069023817">
    <ele>29.060000000000002</ele>
   </trkpt>
   <trkpt lat="38.54307666933657" lon="-0.12100000690089026">
    <ele>31.67</ele>
   </trkpt>
   <trkpt lat="38.54352" lon="-0.12044">
    <ele>33.0</ele>
   </trkpt>
   <trkpt lat="38.543510000000005" lon="-0.12036000000000001">
    <ele>33.25</ele>
   </trkpt>
   <trkpt lat="38.54352" lon="-0.12023">
    <ele>33.25</ele>
   </trkpt>
   <trkpt lat="38.54356000000001" lon="-0.12013000000000001">
    <ele>33.370000000000005</ele>
   </trkpt>
   <trkpt lat="38.54372" lon="-0.11998">
    <ele>33.370000000000005</ele>
   </trkpt>
   <trkpt lat="38.544000000000004" lon="-0.11986000000000001">
    <ele>33.92</ele>
   </trkpt>
   <trkpt lat="38.544250000000005" lon="-0.11955">
    <ele>34.29</ele>
   </trkpt>
   <trkpt lat="38.544635000893024" lon="-0.11903500307138005">
    <ele>34.480000000000004</ele>
   </trkpt>
   <trkpt lat="38.54502" lon="-0.11852000000000001">
    <ele>34.63</ele>
   </trkpt>
   <trkpt lat="38.545550006020655" lon="-0.11783251521372154">
    <ele>35.01</ele>
   </trkpt>
   <trkpt lat="38.54608000802097" lon="-0.11714502029377748">
    <ele>35.230000000000004</ele>
   </trkpt>
   <trkpt lat="38.546610006000805" lon="-0.11645751523990297">
    <ele>35.43</ele>
   </trkpt>
   <trkpt lat="38.547140000000006" lon="-0.11577000000000001">
    <ele>35.9</ele>
   </trkpt>
   <trkpt lat="38.547430000000006" lon="-0.1154">
    <ele>36.09</ele>
   </trkpt>
   <trkpt lat="38.548025002705565" lon="-0.1146150063838351">
    <ele>37.57000000000001</ele>
   </trkpt>
   <trkpt lat="38.54862" lon="-0.11383000000000001">
    <ele>38.61000000000001</ele>
   </trkpt>
   <trkpt lat="38.5491400058126" lon="-0.11315501464584692">
    <ele>39.07</ele>
   </trkpt>
   <trkpt lat="38.54966000774962" lon="-0.11248001952874474">
    <ele>39.0</ele>
   </trkpt>
   <trkpt lat="38.55018000581092" lon="-0.11180501464844322">
    <ele>38.98</ele>
   </trkpt>
   <trkpt lat="38.550700000000006" lon="-0.11113">
    <ele>39.32</ele>
   </trkpt>
   <trkpt lat="38.55126000936506" lon="-0.11038802311948344">
    <ele>40.1</ele>
   </trkpt>
   <trkpt lat="38.55182001404695" lon="-0.10964603468058196">
    <ele>40.660000000000004</ele>
   </trkpt>
   <trkpt lat="38.55238001404554" lon="-0.10890403468298032">
    <ele>40.580000000000005</ele>
   </trkpt>
   <trkpt lat="38.55294000936067" lon="-0.10816202312636337">
    <ele>39.760000000000005</ele>
   </trkpt>
   <trkpt lat="38.5535" lon="-0.10742000000000002">
    <ele>38.61000000000001</ele>
   </trkpt>
   <trkpt lat="38.5539833367037" lon="-0.10679334172112474">
    <ele>37.84</ele>
   </trkpt>
   <trkpt lat="38.55446667006677" lon="-0.10616667501600112">
    <ele>37.98</ele>
   </trkpt>
   <trkpt lat="38.554950000000005" lon="-0.10554000000000001">
    <ele>39.52</ele>
   </trkpt>
   <trkpt lat="38.55532" lon="-0.10505">
    <ele>40.019999999999996</ele>
   </trkpt>
   <trkpt lat="38.555690000000006" lon="-0.10459">
    <ele>40.449999999999996</ele>
   </trkpt>
   <trkpt lat="38.55606000125903" lon="-0.1040900023090895">
    <ele>40.77</ele>
   </trkpt>
   <trkpt lat="38.556430000000006" lon="-0.10359000000000002">
    <ele>41.03</ele>
   </trkpt>
   <trkpt lat="38.556400000000004" lon="-0.10350000000000001">
    <ele>41.080000000000005</ele>
   </trkpt>
   <trkpt lat="38.556430000000006" lon="-0.1034">
    <ele>41.080000000000005</ele>
   </trkpt>
   <trkpt lat="38.55646" lon="-0.10336000000000001">
    <ele>41.080000000000005</ele>
   </trkpt>
   <trkpt lat="38.556540000000005" lon="-0.10336000000000001">
    <ele>41.080000000000005</ele>
   </trkpt>
   <trkpt lat="38.556610000000006" lon="-0.10338000000000001">
    <ele>41.1</ele>
   </trkpt>
   <trkpt lat="38.557190000000006" lon="-0.10259000000000001">
    <ele>41.17</ele>
   </trkpt>
   <trkpt lat="38.55763000126561" lon="-0.10203500345345101">
    <ele>40.830000000000005</ele>
   </trkpt>
   <trkpt lat="38.55807" lon="-0.10148000000000001">
    <ele>40.480000000000004</ele>
   </trkpt>
   <trkpt lat="38.55865601017977" lon="-0.10070602525754886">
    <ele>39.96</ele>
   </trkpt>
   <trkpt lat="38.55924201526346" lon="-0.09993203789512123">
    <ele>39.64</ele>
   </trkpt>
   <trkpt lat="38.559828015250865" lon="-0.09915803791235628">
    <ele>39.63</ele>
   </trkpt>
   <trkpt lat="38.56041401014182" lon="-0.09838402530889315">
    <ele>39.830000000000005</ele>
   </trkpt>
   <trkpt lat="38.561" lon="-0.09761">
    <ele>40.120000000000005</ele>
   </trkpt>
   <trkpt lat="38.561360000904166" lon="-0.09715000229883321">
    <ele>40.300000000000004</ele>
   </trkpt>
   <trkpt lat="38.56172" lon="-0.09669000000000001">
    <ele>40.43</ele>
   </trkpt>
   <trkpt lat="38.56183" lon="-0.0965">
    <ele>40.870000000000005</ele>
   </trkpt>
   <trkpt lat="38.562290000000004" lon="-0.09595000000000001">
    <ele>41.18</ele>
   </trkpt>
   <trkpt lat="38.56246" lon="-0.09578">
    <ele>41.09</ele>
   </trkpt>
   <trkpt lat="38.562810000000006" lon="-0.09552000000000001">
    <ele>40.440000000000005</ele>
   </trkpt>
   <trkpt lat="38.56329" lon="-0.09521">
    <ele>40.36</ele>
   </trkpt>
   <trkpt lat="38.56356" lon="-0.09495">
    <ele>40.260000000000005</ele>
   </trkpt>
   <trkpt lat="38.56383" lon="-0.09459000000000001">
    <ele>40.190000000000005</ele>
   </trkpt>
   <trkpt lat="38.56425000300154" lon="-0.0937500049089357">
    <ele>39.690000000000005</ele>
   </trkpt>
   <trkpt lat="38.56467000000001" lon="-0.09291">
    <ele>39.120000000000005</ele>
   </trkpt>
   <trkpt lat="38.5651" lon="-0.09226000000000001">
    <ele>38.71</ele>
   </trkpt>
   <trkpt lat="38.56563000433313" lon="-0.09154667718318509">
    <ele>37.790000000000006</ele>
   </trkpt>
   <trkpt lat="38.566160004337355" lon="-0.09083334384432017">
    <ele>36.97</ele>
   </trkpt>
   <trkpt lat="38.56669" lon="-0.09012">
    <ele>36.64000000000001</ele>
   </trkpt>
   <trkpt lat="38.56722333728001" lon="-0.08943667684339598">
    <ele>36.01</ele>
   </trkpt>
   <trkpt lat="38.56775667058753" lon="-0.08875334354329137">
    <ele>35.730000000000004</ele>
   </trkpt>
   <trkpt lat="38.568290000000005" lon="-0.08807000000000001">
    <ele>35.7</ele>
   </trkpt>
   <trkpt lat="38.56837" lon="-0.08776">
    <ele>35.18</ele>
   </trkpt>
   <trkpt lat="38.56833" lon="-0.08765">
    <ele>35.18</ele>
   </trkpt>
   <trkpt lat="38.56833" lon="-0.08752">
    <ele>34.92</ele>
   </trkpt>
   <trkpt lat="38.56835" lon="-0.0874">
    <ele>34.92</ele>
   </trkpt>
   <trkpt lat="38.568400000000004" lon="-0.08729">
    <ele>34.86</ele>
   </trkpt>
   <trkpt lat="38.56848" lon="-0.08718000000000001">
    <ele>34.83</ele>
   </trkpt>
   <trkpt lat="38.56864" lon="-0.08711">
    <ele>34.86</ele>
   </trkpt>
   <trkpt lat="38.56882" lon="-0.08713000000000001">
    <ele>34.760000000000005</ele>
   </trkpt>
   <trkpt lat="38.569120000000005" lon="-0.08699000000000001">
    <ele>34.21</ele>
   </trkpt>
   <trkpt lat="38.56970287204999" lon="-0.08622575148815965">
    <ele>32.82</ele>
   </trkpt>
   <trkpt lat="38.57028573913072" lon="-0.0854614905767605">
    <ele>31.43</ele>
   </trkpt>
   <trkpt lat="38.57086860124204" lon="-0.08469721726544827">
    <ele>30.7</ele>
   </trkpt>
   <trkpt lat="38.571451458383734" lon="-0.08393293155386874">
    <ele>30.11</ele>
   </trkpt>
   <trkpt lat="38.572034310555644" lon="-0.08316863344166768">
    <ele>27.26</ele>
   </trkpt>
   <trkpt lat="38.57261715775757" lon="-0.08240432292849081">
    <ele>25.92</ele>
   </trkpt>
   <trkpt lat="38.5732" lon="-0.08164">
    <ele>25.59</ele>
   </trkpt>
   <trkpt lat="38.57339" lon="-0.08144000000000001">
    <ele>25.470000000000002</ele>
   </trkpt>
   <trkpt lat="38.57336" lon="-0.08133000000000001">
    <ele>25.470000000000002</ele>
   </trkpt>
   <trkpt lat="38.57340000000001" lon="-0.08124">
    <ele>25.470000000000002</ele>
   </trkpt>
   <trkpt lat="38.57347" lon="-0.08121">
    <ele>25.470000000000002</ele>
   </trkpt>
   <trkpt lat="38.573550000000004" lon="-0.08124">
    <ele>25.470000000000002</ele>
   </trkpt>
   <trkpt lat="38.573730000000005" lon="-0.08093">
    <ele>25.42</ele>
   </trkpt>
   <trkpt lat="38.57415333590235" lon="-0.08038000648810352">
    <ele>25.44</ele>
   </trkpt>
   <trkpt lat="38.57457666923106" lon="-0.0798300064941949">
    <ele>25.59</ele>
   </trkpt>
   <trkpt lat="38.575" lon="-0.07928">
    <ele>25.630000000000003</ele>
   </trkpt>
   <trkpt lat="38.575050000000005" lon="-0.0791">
    <ele>25.290000000000003</ele>
   </trkpt>
   <trkpt lat="38.575050000000005" lon="-0.07902">
    <ele>24.12</ele>
   </trkpt>
   <trkpt lat="38.57490000000001" lon="-0.07875">
    <ele>22.520000000000003</ele>
   </trkpt>
   <trkpt lat="38.57453" lon="-0.07828">
    <ele>21.800000000000004</ele>
   </trkpt>
   <trkpt lat="38.57426" lon="-0.07785">
    <ele>20.830000000000002</ele>
   </trkpt>
   <trkpt lat="38.57397000315837" lon="-0.07698999656425676">
    <ele>19.51</ele>
   </trkpt>
   <trkpt lat="38.57368" lon="-0.07613">
    <ele>18.13</ele>
   </trkpt>
   <trkpt lat="38.57365" lon="-0.07595">
    <ele>17.93</ele>
   </trkpt>
   <trkpt lat="38.573530000000005" lon="-0.07559">
    <ele>17.240000000000002</ele>
   </trkpt>
   <trkpt lat="38.57336" lon="-0.07535">
    <ele>17.02</ele>
   </trkpt>
   <trkpt lat="38.57314" lon="-0.07518000000000001">
    <ele>16.98</ele>
   </trkpt>
   <trkpt lat="38.572790000000005" lon="-0.07500000000000001">
    <ele>17.2</ele>
   </trkpt>
   <trkpt lat="38.57262" lon="-0.07493000000000001">
    <ele>17.14</ele>
   </trkpt>
   <trkpt lat="38.57256" lon="-0.07493000000000001">
    <ele>17.14</ele>
   </trkpt>
   <trkpt lat="38.57251" lon="-0.07488">
    <ele>16.87</ele>
   </trkpt>
   <trkpt lat="38.572500000000005" lon="-0.07481">
    <ele>16.87</ele>
   </trkpt>
   <trkpt lat="38.57258" lon="-0.07457000000000001">
    <ele>16.42</ele>
   </trkpt>
   <trkpt lat="38.572570000000006" lon="-0.07427">
    <ele>16.130000000000003</ele>
   </trkpt>
   <trkpt lat="38.5724" lon="-0.07328000000000001">
    <ele>15.690000000000003</ele>
   </trkpt>
   <trkpt lat="38.57230500171196" lon="-0.07264499913800608">
    <ele>15.61</ele>
   </trkpt>
   <trkpt lat="38.572210000000005" lon="-0.07201">
    <ele>15.410000000000002</ele>
   </trkpt>
   <trkpt lat="38.572050000000004" lon="-0.07105">
    <ele>16.73</ele>
   </trkpt>
   <trkpt lat="38.571850000000005" lon="-0.07058">
    <ele>17.87</ele>
   </trkpt>
   <trkpt lat="38.571690000000004" lon="-0.07032000000000001">
    <ele>18.09</ele>
   </trkpt>
   <trkpt lat="38.57159" lon="-0.07008">
    <ele>18.12</ele>
   </trkpt>
   <trkpt lat="38.571540000000006" lon="-0.06987">
    <ele>18.160000000000004</ele>
   </trkpt>
   <trkpt lat="38.57147500214209" lon="-0.06915999933230764">
    <ele>17.95</ele>
   </trkpt>
   <trkpt lat="38.57141" lon="-0.06845000000000001">
    <ele>18.240000000000002</ele>
   </trkpt>
   <trkpt lat="38.571400000000004" lon="-0.06833">
    <ele>18.240000000000002</ele>
   </trkpt>
   <trkpt lat="38.57144" lon="-0.06811">
    <ele>18.03</ele>
   </trkpt>
   <trkpt lat="38.571570001582685" lon="-0.0675050009753592">
    <ele>17.92</ele>
   </trkpt>
   <trkpt lat="38.5717" lon="-0.0669">
    <ele>17.43</ele>
   </trkpt>
   <trkpt lat="38.5718" lon="-0.06657">
    <ele>17.040000000000003</ele>
   </trkpt>
   <trkpt lat="38.57184" lon="-0.0665">
    <ele>16.03</ele>
   </trkpt>
   <trkpt lat="38.571920000000006" lon="-0.06644">
    <ele>16.03</ele>
   </trkpt>
   <trkpt lat="38.5725050004617" lon="-0.06608000298650266">
    <ele>13.860000000000001</ele>
   </trkpt>
   <trkpt lat="38.57309" lon="-0.06572">
    <ele>10.870000000000001</ele>
   </trkpt>
   <trkpt lat="38.57323" lon="-0.06570000000000001">
    <ele>9.99</ele>
   </trkpt>
   <trkpt lat="38.574020000000004" lon="-0.0659">
    <ele>8.51</ele>
   </trkpt>
   <trkpt lat="38.574110000000005" lon="-0.06480000000000001">
    <ele>7.53</ele>
   </trkpt>
  </trkseg>
 </trk>
</gpx>
