<?xml version="1.0" encoding="UTF-8"?>
<gpx creator="StravaGPX" version="1.1" xmlns="http://www.topografix.com/GPX/1/1" xmlns:xsi="http://www.w3.org/2001/XMLSchema-instance" xsi:schemaLocation="http://www.topografix.com/GPX/1/1 http://www.topografix.com/GPX/1/1/gpx.xsd">
 <metadata>
  <name>🔴Rit 7: Grensverleggend Klimmen via Pinos</name>
  <author>
   <name>Roel Terro ⚡️Forza Fortuna 🧡</name>
   <link href="https://www.strava.com/athletes/3097444"/>
  </author>
  <copyright author="OpenStreetMap contributors">
   <year>2020</year>
   <license>https://www.openstreetmap.org/copyright</license>
  </copyright>
  <link href="https://www.strava.com/routes/3538195225088601130"/>
 </metadata>
 <trk>
  <name>🔴Rit 7: Grensverleggend Klimmen via Pinos</name>
  <link href="https://www.strava.com/routes/3538195225088601130"/>
  <type>cycling</type>
  <trkseg>
   <trkpt lat="38.57356" lon="-0.06479">
    <ele>7.760000000000001</ele>
   </trkpt>
   <trkpt lat="38.574110000000005" lon="-0.06479">
    <ele>7.5200000000000005</ele>
   </trkpt>
   <trkpt lat="38.57479500004866" lon="-0.06480499985801436">
    <ele>7.65</ele>
   </trkpt>
   <trkpt lat="38.575480000000006" lon="-0.06482">
    <ele>7.630000000000001</ele>
   </trkpt>
   <trkpt lat="38.576080000000005" lon="-0.06473000000000001">
    <ele>7.73</ele>
   </trkpt>
   <trkpt lat="38.576840000000004" lon="-0.06464">
    <ele>8.100000000000001</ele>
   </trkpt>
   <trkpt lat="38.5769" lon="-0.06462000000000001">
    <ele>8.110000000000001</ele>
   </trkpt>
   <trkpt lat="38.57696" lon="-0.06453">
    <ele>8.360000000000001</ele>
   </trkpt>
   <trkpt lat="38.57705" lon="-0.06455000000000001">
    <ele>8.360000000000001</ele>
   </trkpt>
   <trkpt lat="38.577070000000006" lon="-0.06468">
    <ele>8.26</ele>
   </trkpt>
   <trkpt lat="38.577020000000005" lon="-0.06475">
    <ele>8.26</ele>
   </trkpt>
   <trkpt lat="38.57699" lon="-0.06474">
    <ele>8.26</ele>
   </trkpt>
   <trkpt lat="38.57705" lon="-0.06489">
    <ele>8.17</ele>
   </trkpt>
   <trkpt lat="38.577505001225326" lon="-0.06541999667814756">
    <ele>8.15</ele>
   </trkpt>
   <trkpt lat="38.577960000000004" lon="-0.06595000000000001">
    <ele>8.63</ele>
   </trkpt>
   <trkpt lat="38.57836000089201" lon="-0.0663899976249726">
    <ele>8.48</ele>
   </trkpt>
   <trkpt lat="38.57876" lon="-0.06683">
    <ele>8.56</ele>
   </trkpt>
   <trkpt lat="38.57883" lon="-0.06693">
    <ele>8.56</ele>
   </trkpt>
   <trkpt lat="38.57896" lon="-0.06695000000000001">
    <ele>8.48</ele>
   </trkpt>
   <trkpt lat="38.579130000000006" lon="-0.06676">
    <ele>8.3</ele>
   </trkpt>
   <trkpt lat="38.579716672254236" lon="-0.06595001322498006">
    <ele>8.51</ele>
   </trkpt>
   <trkpt lat="38.580303338926186" lon="-0.06514001321790219">
    <ele>8.76</ele>
   </trkpt>
   <trkpt lat="38.580890000000004" lon="-0.06433000000000001">
    <ele>8.84</ele>
   </trkpt>
   <trkpt lat="38.581160000000004" lon="-0.06403">
    <ele>8.63</ele>
   </trkpt>
   <trkpt lat="38.581900000000005" lon="-0.06347">
    <ele>8.57</ele>
   </trkpt>
   <trkpt lat="38.58205" lon="-0.06326000000000001">
    <ele>8.450000000000001</ele>
   </trkpt>
   <trkpt lat="38.58213000000001" lon="-0.0631">
    <ele>8.31</ele>
   </trkpt>
   <trkpt lat="38.582170000000005" lon="-0.06292">
    <ele>8.31</ele>
   </trkpt>
   <trkpt lat="38.58218" lon="-0.06275">
    <ele>8.25</ele>
   </trkpt>
   <trkpt lat="38.582150000000006" lon="-0.06237">
    <ele>8.350000000000001</ele>
   </trkpt>
   <trkpt lat="38.58216" lon="-0.062270000000000006">
    <ele>8.350000000000001</ele>
   </trkpt>
   <trkpt lat="38.5822" lon="-0.06219">
    <ele>8.350000000000001</ele>
   </trkpt>
   <trkpt lat="38.58218" lon="-0.062110000000000005">
    <ele>8.180000000000001</ele>
   </trkpt>
   <trkpt lat="38.58229" lon="-0.062000000000000006">
    <ele>8.180000000000001</ele>
   </trkpt>
   <trkpt lat="38.582750000000004" lon="-0.061720000000000004">
    <ele>8.040000000000001</ele>
   </trkpt>
   <trkpt lat="38.5834250011962" lon="-0.0612000048522014">
    <ele>8.0</ele>
   </trkpt>
   <trkpt lat="38.58410000000001" lon="-0.060680000000000005">
    <ele>8.13</ele>
   </trkpt>
   <trkpt lat="38.58487333522939" lon="-0.06020334362264442">
    <ele>7.840000000000002</ele>
   </trkpt>
   <trkpt lat="38.585646668525534" lon="-0.05972667697908342">
    <ele>7.790000000000001</ele>
   </trkpt>
   <trkpt lat="38.586420000000004" lon="-0.059250000000000004">
    <ele>7.53</ele>
   </trkpt>
   <trkpt lat="38.58704333475184" lon="-0.0588500069079988">
    <ele>7.25</ele>
   </trkpt>
   <trkpt lat="38.587666668142255" lon="-0.05845000687145768">
    <ele>6.78</ele>
   </trkpt>
   <trkpt lat="38.58829" lon="-0.058050000000000004">
    <ele>5.9799999999999995</ele>
   </trkpt>
   <trkpt lat="38.58887500072562" lon="-0.05771500258727636">
    <ele>6.23</ele>
   </trkpt>
   <trkpt lat="38.58946" lon="-0.05738000000000001">
    <ele>6.3100000000000005</ele>
   </trkpt>
   <trkpt lat="38.589760000000005" lon="-0.05716">
    <ele>6.53</ele>
   </trkpt>
   <trkpt lat="38.590250000000005" lon="-0.056720000000000007">
    <ele>6.55</ele>
   </trkpt>
   <trkpt lat="38.59084500323527" lon="-0.056215012572154145">
    <ele>6.61</ele>
   </trkpt>
   <trkpt lat="38.591440004300566" lon="-0.055710016774256244">
    <ele>6.68</ele>
   </trkpt>
   <trkpt lat="38.59203500319578" lon="-0.05520501260601981">
    <ele>6.73</ele>
   </trkpt>
   <trkpt lat="38.59263" lon="-0.054700000000000006">
    <ele>6.7700000000000005</ele>
   </trkpt>
   <trkpt lat="38.5927" lon="-0.054560000000000004">
    <ele>6.53</ele>
   </trkpt>
   <trkpt lat="38.5927" lon="-0.05446">
    <ele>6.49</ele>
   </trkpt>
   <trkpt lat="38.59275" lon="-0.054400000000000004">
    <ele>6.57</ele>
   </trkpt>
   <trkpt lat="38.59311" lon="-0.05428">
    <ele>7.12</ele>
   </trkpt>
   <trkpt lat="38.59353" lon="-0.05385">
    <ele>7.78</ele>
   </trkpt>
   <trkpt lat="38.59393" lon="-0.053340000000000005">
    <ele>8.31</ele>
   </trkpt>
   <trkpt lat="38.594010000000004" lon="-0.053380000000000004">
    <ele>8.67</ele>
   </trkpt>
   <trkpt lat="38.59432" lon="-0.0534">
    <ele>9.97</ele>
   </trkpt>
   <trkpt lat="38.594620000000006" lon="-0.053380000000000004">
    <ele>11.290000000000001</ele>
   </trkpt>
   <trkpt lat="38.594750000000005" lon="-0.05339000000000001">
    <ele>11.83</ele>
   </trkpt>
   <trkpt lat="38.59525" lon="-0.05272">
    <ele>12.190000000000001</ele>
   </trkpt>
   <trkpt lat="38.59574750528567" lon="-0.052077513337296204">
    <ele>12.450000000000001</ele>
   </trkpt>
   <trkpt lat="38.59624500705868" lon="-0.051435017768955815">
    <ele>12.84</ele>
   </trkpt>
   <trkpt lat="38.59674250531889" lon="-0.05079251329475967">
    <ele>12.860000000000001</ele>
   </trkpt>
   <trkpt lat="38.597240000000006" lon="-0.05015000000000001">
    <ele>11.05</ele>
   </trkpt>
   <trkpt lat="38.59759000101848" lon="-0.04967500223676286">
    <ele>10.32</ele>
   </trkpt>
   <trkpt lat="38.59794" lon="-0.0492">
    <ele>9.47</ele>
   </trkpt>
   <trkpt lat="38.598040000000005" lon="-0.04911">
    <ele>9.36</ele>
   </trkpt>
   <trkpt lat="38.59847000060479" lon="-0.04886000130067575">
    <ele>8.83</ele>
   </trkpt>
   <trkpt lat="38.5989" lon="-0.04861000000000001">
    <ele>8.63</ele>
   </trkpt>
   <trkpt lat="38.59939500030397" lon="-0.04830500216004483">
    <ele>8.530000000000001</ele>
   </trkpt>
   <trkpt lat="38.59989" lon="-0.048">
    <ele>9.07</ele>
   </trkpt>
   <trkpt lat="38.60030500075246" lon="-0.04759000233392641">
    <ele>8.97</ele>
   </trkpt>
   <trkpt lat="38.60072" lon="-0.04718000000000001">
    <ele>8.860000000000001</ele>
   </trkpt>
   <trkpt lat="38.601240000000004" lon="-0.046700000000000005">
    <ele>8.66</ele>
   </trkpt>
   <trkpt lat="38.60163" lon="-0.046270000000000006">
    <ele>8.67</ele>
   </trkpt>
   <trkpt lat="38.60226500163516" lon="-0.045675005143896774">
    <ele>9.120000000000001</ele>
   </trkpt>
   <trkpt lat="38.602900000000005" lon="-0.04508">
    <ele>9.7</ele>
   </trkpt>
   <trkpt lat="38.60325" lon="-0.04469">
    <ele>9.950000000000001</ele>
   </trkpt>
   <trkpt lat="38.60338" lon="-0.0446">
    <ele>9.99</ele>
   </trkpt>
   <trkpt lat="38.60383" lon="-0.04415">
    <ele>10.3</ele>
   </trkpt>
   <trkpt lat="38.604478006714245" lon="-0.04352202268166547">
    <ele>11.410000000000002</ele>
   </trkpt>
   <trkpt lat="38.60512601007244" lon="-0.042894034022009433">
    <ele>12.360000000000001</ele>
   </trkpt>
   <trkpt lat="38.60577401007443" lon="-0.042266034020622754">
    <ele>12.4</ele>
   </trkpt>
   <trkpt lat="38.60642200672009" lon="-0.04163802267709624">
    <ele>12.48</ele>
   </trkpt>
   <trkpt lat="38.60707" lon="-0.041010000000000005">
    <ele>12.32</ele>
   </trkpt>
   <trkpt lat="38.60774716721607" lon="-0.040346509982980415">
    <ele>10.820000000000002</ele>
   </trkpt>
   <trkpt lat="38.608424330685686" lon="-0.03968300744258437">
    <ele>10.88</ele>
   </trkpt>
   <trkpt lat="38.60910149040867" lon="-0.03901949237834124">
    <ele>11.420000000000002</ele>
   </trkpt>
   <trkpt lat="38.60977864638485" lon="-0.03835596478978036">
    <ele>11.070000000000002</ele>
   </trkpt>
   <trkpt lat="38.610455798614076" lon="-0.037692424676431045">
    <ele>10.57</ele>
   </trkpt>
   <trkpt lat="38.6111329470962" lon="-0.03702887203782261">
    <ele>10.530000000000001</ele>
   </trkpt>
   <trkpt lat="38.611810091831046" lon="-0.036365306873484354">
    <ele>10.97</ele>
   </trkpt>
   <trkpt lat="38.612487232818445" lon="-0.03570172918294555">
    <ele>12.31</ele>
   </trkpt>
   <trkpt lat="38.61316437005824" lon="-0.03503813896573546">
    <ele>15.040000000000001</ele>
   </trkpt>
   <trkpt lat="38.61384150355029" lon="-0.03437453622138333">
    <ele>16.57</ele>
   </trkpt>
   <trkpt lat="38.614518633294416" lon="-0.0337109209494184">
    <ele>15.67</ele>
   </trkpt>
   <trkpt lat="38.615195759290444" lon="-0.03304729314936988">
    <ele>14.430000000000001</ele>
   </trkpt>
   <trkpt lat="38.61587288153823" lon="-0.03238365282076699">
    <ele>13.760000000000002</ele>
   </trkpt>
   <trkpt lat="38.616550000000004" lon="-0.031720000000000005">
    <ele>13.370000000000001</ele>
   </trkpt>
   <trkpt lat="38.617245005819676" lon="-0.031045019618044713">
    <ele>12.42</ele>
   </trkpt>
   <trkpt lat="38.6179400077617" lon="-0.030370026155767012">
    <ele>12.14</ele>
   </trkpt>
   <trkpt lat="38.61863500582592" lon="-0.02969501961266103">
    <ele>12.63</ele>
   </trkpt>
   <trkpt lat="38.619330000000005" lon="-0.02902">
    <ele>13.4</ele>
   </trkpt>
   <trkpt lat="38.61972000061304" lon="-0.02862500219944949">
    <ele>14.33</ele>
   </trkpt>
   <trkpt lat="38.620110000000004" lon="-0.02823">
    <ele>15.76</ele>
   </trkpt>
   <trkpt lat="38.62046" lon="-0.027920000000000004">
    <ele>17.75</ele>
   </trkpt>
   <trkpt lat="38.62095" lon="-0.027540000000000002">
    <ele>20.86</ele>
   </trkpt>
   <trkpt lat="38.621714004120335" lon="-0.02704802096541227">
    <ele>25.5</ele>
   </trkpt>
   <trkpt lat="38.62247800618054" lon="-0.02655603144864334">
    <ele>29.280000000000005</ele>
   </trkpt>
   <trkpt lat="38.623242006180504" lon="-0.026064031449211506">
    <ele>32.330000000000005</ele>
   </trkpt>
   <trkpt lat="38.62400600412014" lon="-0.025572020966635044">
    <ele>36.13</ele>
   </trkpt>
   <trkpt lat="38.624770000000005" lon="-0.02508">
    <ele>38.790000000000006</ele>
   </trkpt>
   <trkpt lat="38.624990000000004" lon="-0.02492">
    <ele>39.85</ele>
   </trkpt>
   <trkpt lat="38.62514" lon="-0.02475">
    <ele>40.13</ele>
   </trkpt>
   <trkpt lat="38.62521" lon="-0.024640000000000002">
    <ele>40.260000000000005</ele>
   </trkpt>
   <trkpt lat="38.6253" lon="-0.024390000000000002">
    <ele>40.39</ele>
   </trkpt>
   <trkpt lat="38.62539334207446" lon="-0.02337666929206725">
    <ele>38.44</ele>
   </trkpt>
   <trkpt lat="38.625486675408965" lon="-0.0223633359461551">
    <ele>38.25000000000001</ele>
   </trkpt>
   <trkpt lat="38.62558000000001" lon="-0.02135">
    <ele>39.03</ele>
   </trkpt>
   <trkpt lat="38.625620000000005" lon="-0.021230000000000002">
    <ele>39.150000000000006</ele>
   </trkpt>
   <trkpt lat="38.625690000000006" lon="-0.021070000000000002">
    <ele>39.23</ele>
   </trkpt>
   <trkpt lat="38.626360000000005" lon="-0.02042">
    <ele>38.540000000000006</ele>
   </trkpt>
   <trkpt lat="38.62677500041163" lon="-0.020160001427145514">
    <ele>38.85</ele>
   </trkpt>
   <trkpt lat="38.627190000000006" lon="-0.0199">
    <ele>39.339999999999996</ele>
   </trkpt>
   <trkpt lat="38.627680000000005" lon="-0.0195">
    <ele>40.480000000000004</ele>
   </trkpt>
   <trkpt lat="38.62833333541966" lon="-0.019006675646052525">
    <ele>42.61</ele>
   </trkpt>
   <trkpt lat="38.628986668767794" lon="-0.018513342301679735">
    <ele>43.800000000000004</ele>
   </trkpt>
   <trkpt lat="38.62964" lon="-0.01802">
    <ele>45.4</ele>
   </trkpt>
   <trkpt lat="38.629830000000005" lon="-0.01793">
    <ele>46.410000000000004</ele>
   </trkpt>
   <trkpt lat="38.63004" lon="-0.017920000000000002">
    <ele>46.75000000000001</ele>
   </trkpt>
   <trkpt lat="38.630430000000004" lon="-0.01797">
    <ele>47.46</ele>
   </trkpt>
   <trkpt lat="38.630590000000005" lon="-0.01796">
    <ele>47.46</ele>
   </trkpt>
   <trkpt lat="38.63076" lon="-0.017910000000000002">
    <ele>47.41</ele>
   </trkpt>
   <trkpt lat="38.63087" lon="-0.01776">
    <ele>47.470000000000006</ele>
   </trkpt>
   <trkpt lat="38.630950000000006" lon="-0.01752">
    <ele>47.46</ele>
   </trkpt>
   <trkpt lat="38.63092" lon="-0.01711">
    <ele>47.82</ele>
   </trkpt>
   <trkpt lat="38.63073" lon="-0.016810000000000002">
    <ele>49.61</ele>
   </trkpt>
   <trkpt lat="38.63051" lon="-0.016560000000000002">
    <ele>52.620000000000005</ele>
   </trkpt>
   <trkpt lat="38.63046000000001" lon="-0.01644">
    <ele>53.52</ele>
   </trkpt>
   <trkpt lat="38.630430000000004" lon="-0.01626">
    <ele>54.080000000000005</ele>
   </trkpt>
   <trkpt lat="38.630430000000004" lon="-0.01616">
    <ele>54.080000000000005</ele>
   </trkpt>
   <trkpt lat="38.63046000000001" lon="-0.01601">
    <ele>54.080000000000005</ele>
   </trkpt>
   <trkpt lat="38.630720000000004" lon="-0.01535">
    <ele>59.86</ele>
   </trkpt>
   <trkpt lat="38.630750000000006" lon="-0.015330000000000002">
    <ele>59.86</ele>
   </trkpt>
   <trkpt lat="38.63083" lon="-0.01531">
    <ele>62.38</ele>
   </trkpt>
   <trkpt lat="38.63096" lon="-0.01535">
    <ele>64.14999999999999</ele>
   </trkpt>
   <trkpt lat="38.63103" lon="-0.0154">
    <ele>65.54</ele>
   </trkpt>
   <trkpt lat="38.631060000000005" lon="-0.015470000000000001">
    <ele>66.87</ele>
   </trkpt>
   <trkpt lat="38.631080000000004" lon="-0.01574">
    <ele>70.76</ele>
   </trkpt>
   <trkpt lat="38.63111" lon="-0.01581">
    <ele>70.76</ele>
   </trkpt>
   <trkpt lat="38.63118" lon="-0.01583">
    <ele>70.76</ele>
   </trkpt>
   <trkpt lat="38.63123" lon="-0.01581">
    <ele>70.76</ele>
   </trkpt>
   <trkpt lat="38.63129" lon="-0.01573">
    <ele>74.56</ele>
   </trkpt>
   <trkpt lat="38.6313" lon="-0.015550000000000001">
    <ele>74.79</ele>
   </trkpt>
   <trkpt lat="38.631220000000006" lon="-0.015240000000000002">
    <ele>74.86000000000001</ele>
   </trkpt>
   <trkpt lat="38.631170000000004" lon="-0.0151">
    <ele>78.24000000000001</ele>
   </trkpt>
   <trkpt lat="38.631150000000005" lon="-0.01484">
    <ele>80.38000000000001</ele>
   </trkpt>
   <trkpt lat="38.631240000000005" lon="-0.01442">
    <ele>84.7</ele>
   </trkpt>
   <trkpt lat="38.631330000000005" lon="-0.014300000000000002">
    <ele>86.24000000000001</ele>
   </trkpt>
   <trkpt lat="38.631510000000006" lon="-0.01438">
    <ele>87.34</ele>
   </trkpt>
   <trkpt lat="38.632160000000006" lon="-0.015090000000000001">
    <ele>91.33000000000001</ele>
   </trkpt>
   <trkpt lat="38.63224" lon="-0.015130000000000001">
    <ele>91.33000000000001</ele>
   </trkpt>
   <trkpt lat="38.63279000010931" lon="-0.015134999962632529">
    <ele>98.01</ele>
   </trkpt>
   <trkpt lat="38.633340000000004" lon="-0.01514">
    <ele>101.57000000000001</ele>
   </trkpt>
   <trkpt lat="38.63282499996356" lon="-0.015134999963726135">
    <ele>94.9</ele>
   </trkpt>
   <trkpt lat="38.632310000000004" lon="-0.015130000000000001">
    <ele>91.33000000000001</ele>
   </trkpt>
   <trkpt lat="38.63215" lon="-0.01523">
    <ele>90.61000000000001</ele>
   </trkpt>
   <trkpt lat="38.63206" lon="-0.01531">
    <ele>90.18</ele>
   </trkpt>
   <trkpt lat="38.63196000000001" lon="-0.015470000000000001">
    <ele>88.77</ele>
   </trkpt>
   <trkpt lat="38.631840000000004" lon="-0.015560000000000001">
    <ele>82.86</ele>
   </trkpt>
   <trkpt lat="38.63176" lon="-0.015560000000000001">
    <ele>82.86</ele>
   </trkpt>
   <trkpt lat="38.63141" lon="-0.015340000000000001">
    <ele>76.94000000000001</ele>
   </trkpt>
   <trkpt lat="38.63136" lon="-0.015320000000000002">
    <ele>76.94000000000001</ele>
   </trkpt>
   <trkpt lat="38.63132" lon="-0.015380000000000001">
    <ele>76.94000000000001</ele>
   </trkpt>
   <trkpt lat="38.63129" lon="-0.01573">
    <ele>70.76</ele>
   </trkpt>
   <trkpt lat="38.63123" lon="-0.01581">
    <ele>70.76</ele>
   </trkpt>
   <trkpt lat="38.63118" lon="-0.01583">
    <ele>70.76</ele>
   </trkpt>
   <trkpt lat="38.63111" lon="-0.01581">
    <ele>70.76</ele>
   </trkpt>
   <trkpt lat="38.631080000000004" lon="-0.01574">
    <ele>66.87</ele>
   </trkpt>
   <trkpt lat="38.631060000000005" lon="-0.015470000000000001">
    <ele>65.54</ele>
   </trkpt>
   <trkpt lat="38.63101" lon="-0.015380000000000001">
    <ele>64.14999999999999</ele>
   </trkpt>
   <trkpt lat="38.630950000000006" lon="-0.015370000000000002">
    <ele>64.68</ele>
   </trkpt>
   <trkpt lat="38.63083" lon="-0.015390000000000001">
    <ele>62.24</ele>
   </trkpt>
   <trkpt lat="38.63074" lon="-0.01531">
    <ele>58.34</ele>
   </trkpt>
   <trkpt lat="38.63074" lon="-0.01518">
    <ele>59.13</ele>
   </trkpt>
   <trkpt lat="38.630720000000004" lon="-0.015090000000000001">
    <ele>59.97</ele>
   </trkpt>
   <trkpt lat="38.63064" lon="-0.014920000000000001">
    <ele>60.86000000000001</ele>
   </trkpt>
   <trkpt lat="38.63056" lon="-0.01488">
    <ele>60.86000000000001</ele>
   </trkpt>
   <trkpt lat="38.63022" lon="-0.014790000000000001">
    <ele>63.300000000000004</ele>
   </trkpt>
   <trkpt lat="38.630100000000006" lon="-0.014750000000000001">
    <ele>64.17</ele>
   </trkpt>
   <trkpt lat="38.62998" lon="-0.01459">
    <ele>65.78</ele>
   </trkpt>
   <trkpt lat="38.62986" lon="-0.014320000000000001">
    <ele>66.77000000000001</ele>
   </trkpt>
   <trkpt lat="38.62984" lon="-0.013980000000000001">
    <ele>67.94</ele>
   </trkpt>
   <trkpt lat="38.629870000000004" lon="-0.013790000000000002">
    <ele>68.58</ele>
   </trkpt>
   <trkpt lat="38.62988" lon="-0.013500000000000002">
    <ele>68.82000000000001</ele>
   </trkpt>
   <trkpt lat="38.62991" lon="-0.01336">
    <ele>68.79</ele>
   </trkpt>
   <trkpt lat="38.63002" lon="-0.01314">
    <ele>68.72</ele>
   </trkpt>
   <trkpt lat="38.63017" lon="-0.01297">
    <ele>68.29</ele>
   </trkpt>
   <trkpt lat="38.63031" lon="-0.012860000000000002">
    <ele>67.62</ele>
   </trkpt>
   <trkpt lat="38.63046000000001" lon="-0.012830000000000001">
    <ele>67.62</ele>
   </trkpt>
   <trkpt lat="38.63074" lon="-0.012830000000000001">
    <ele>65.21000000000001</ele>
   </trkpt>
   <trkpt lat="38.630930000000006" lon="-0.01288">
    <ele>64.63000000000001</ele>
   </trkpt>
   <trkpt lat="38.63138" lon="-0.01305">
    <ele>62.67</ele>
   </trkpt>
   <trkpt lat="38.63203" lon="-0.01319">
    <ele>61.230000000000004</ele>
   </trkpt>
   <trkpt lat="38.63214" lon="-0.013200000000000002">
    <ele>61.28000000000001</ele>
   </trkpt>
   <trkpt lat="38.63232" lon="-0.01318">
    <ele>61.300000000000004</ele>
   </trkpt>
   <trkpt lat="38.632400000000004" lon="-0.0131">
    <ele>61.36000000000001</ele>
   </trkpt>
   <trkpt lat="38.63251" lon="-0.01297">
    <ele>61.53000000000001</ele>
   </trkpt>
   <trkpt lat="38.63257" lon="-0.0128">
    <ele>61.68000000000001</ele>
   </trkpt>
   <trkpt lat="38.632580000000004" lon="-0.012580000000000001">
    <ele>61.69</ele>
   </trkpt>
   <trkpt lat="38.632560000000005" lon="-0.01237">
    <ele>61.59</ele>
   </trkpt>
   <trkpt lat="38.63251" lon="-0.0122">
    <ele>61.370000000000005</ele>
   </trkpt>
   <trkpt lat="38.63218000587634" lon="-0.011369992390150192">
    <ele>60.440000000000005</ele>
   </trkpt>
   <trkpt lat="38.63185000588874" lon="-0.010539992421440011">
    <ele>60.25000000000001</ele>
   </trkpt>
   <trkpt lat="38.63152" lon="-0.009710000000000002">
    <ele>60.82000000000001</ele>
   </trkpt>
   <trkpt lat="38.63143" lon="-0.0094">
    <ele>60.95</ele>
   </trkpt>
   <trkpt lat="38.63141" lon="-0.0091">
    <ele>61.190000000000005</ele>
   </trkpt>
   <trkpt lat="38.6315" lon="-0.00817">
    <ele>61.480000000000004</ele>
   </trkpt>
   <trkpt lat="38.63148" lon="-0.00803">
    <ele>61.540000000000006</ele>
   </trkpt>
   <trkpt lat="38.631350000000005" lon="-0.0074600000000000005">
    <ele>62.550000000000004</ele>
   </trkpt>
   <trkpt lat="38.63134" lon="-0.00734">
    <ele>63.09</ele>
   </trkpt>
   <trkpt lat="38.631350000000005" lon="-0.00693">
    <ele>64.41000000000001</ele>
   </trkpt>
   <trkpt lat="38.63141" lon="-0.0061600000000000005">
    <ele>67.09</ele>
   </trkpt>
   <trkpt lat="38.63157" lon="-0.00553">
    <ele>71.06000000000002</ele>
   </trkpt>
   <trkpt lat="38.63165" lon="-0.005090000000000001">
    <ele>72.69</ele>
   </trkpt>
   <trkpt lat="38.63167" lon="-0.0047">
    <ele>73.34</ele>
   </trkpt>
   <trkpt lat="38.631640000000004" lon="-0.00428">
    <ele>73.45</ele>
   </trkpt>
   <trkpt lat="38.63165" lon="-0.00411">
    <ele>73.38</ele>
   </trkpt>
   <trkpt lat="38.63177" lon="-0.0036200000000000004">
    <ele>72.77</ele>
   </trkpt>
   <trkpt lat="38.631840000000004" lon="-0.00284">
    <ele>70.3</ele>
   </trkpt>
   <trkpt lat="38.63199" lon="-0.0022600000000000003">
    <ele>69.11</ele>
   </trkpt>
   <trkpt lat="38.631980000000006" lon="-0.00216">
    <ele>68.86</ele>
   </trkpt>
   <trkpt lat="38.63179" lon="-0.00167">
    <ele>68.84000000000002</ele>
   </trkpt>
   <trkpt lat="38.631710000000005" lon="-0.00141">
    <ele>69.21000000000001</ele>
   </trkpt>
   <trkpt lat="38.63174" lon="-0.00099">
    <ele>69.37</ele>
   </trkpt>
   <trkpt lat="38.63179" lon="-0.00071">
    <ele>70.10000000000001</ele>
   </trkpt>
   <trkpt lat="38.6319" lon="-0.0004900000000000001">
    <ele>70.38000000000001</ele>
   </trkpt>
   <trkpt lat="38.632625001767174" lon="0.00014999354874593846">
    <ele>71.83</ele>
   </trkpt>
   <trkpt lat="38.63335" lon="0.00079">
    <ele>75.22000000000001</ele>
   </trkpt>
   <trkpt lat="38.633700000426046" lon="0.0011599980279731734">
    <ele>78.0</ele>
   </trkpt>
   <trkpt lat="38.63405" lon="0.0015300000000000001">
    <ele>80.86</ele>
   </trkpt>
   <trkpt lat="38.63418" lon="0.00169">
    <ele>81.79</ele>
   </trkpt>
   <trkpt lat="38.63425" lon="0.0018800000000000002">
    <ele>82.19000000000001</ele>
   </trkpt>
   <trkpt lat="38.634260000000005" lon="0.0021000000000000003">
    <ele>82.88000000000001</ele>
   </trkpt>
   <trkpt lat="38.634185001569406" lon="0.0027050005395639885">
    <ele>83.67</ele>
   </trkpt>
   <trkpt lat="38.63411" lon="0.0033100000000000004">
    <ele>84.33</ele>
   </trkpt>
   <trkpt lat="38.634150000000005" lon="0.00413">
    <ele>84.74000000000001</ele>
   </trkpt>
   <trkpt lat="38.6342" lon="0.004430000000000001">
    <ele>84.82000000000001</ele>
   </trkpt>
   <trkpt lat="38.63425" lon="0.00459">
    <ele>84.82000000000001</ele>
   </trkpt>
   <trkpt lat="38.63438" lon="0.0048400000000000006">
    <ele>85.09000000000002</ele>
   </trkpt>
   <trkpt lat="38.63448" lon="0.00496">
    <ele>85.09000000000002</ele>
   </trkpt>
   <trkpt lat="38.63472" lon="0.00513">
    <ele>85.37</ele>
   </trkpt>
   <trkpt lat="38.634890000000006" lon="0.005200000000000001">
    <ele>85.63000000000001</ele>
   </trkpt>
   <trkpt lat="38.635516666923515" lon="0.005359997212385109">
    <ele>86.19</ele>
   </trkpt>
   <trkpt lat="38.63614333362911" lon="0.005519997222287405">
    <ele>86.79</ele>
   </trkpt>
   <trkpt lat="38.636770000000006" lon="0.00568">
    <ele>88.14000000000001</ele>
   </trkpt>
   <trkpt lat="38.63702" lon="0.00583">
    <ele>88.82000000000001</ele>
   </trkpt>
   <trkpt lat="38.637370000000004" lon="0.0061">
    <ele>89.85000000000001</ele>
   </trkpt>
   <trkpt lat="38.637840000000004" lon="0.006500000000000001">
    <ele>93.22000000000001</ele>
   </trkpt>
   <trkpt lat="38.6381" lon="0.00668">
    <ele>94.74000000000001</ele>
   </trkpt>
   <trkpt lat="38.63835" lon="0.006880000000000001">
    <ele>95.71000000000001</ele>
   </trkpt>
   <trkpt lat="38.638540000000006" lon="0.0071">
    <ele>96.03</ele>
   </trkpt>
   <trkpt lat="38.63868" lon="0.007320000000000001">
    <ele>96.96000000000001</ele>
   </trkpt>
   <trkpt lat="38.638850000000005" lon="0.007680000000000001">
    <ele>98.75</ele>
   </trkpt>
   <trkpt lat="38.638960000000004" lon="0.00782">
    <ele>98.75</ele>
   </trkpt>
   <trkpt lat="38.63927" lon="0.00805">
    <ele>100.43</ele>
   </trkpt>
   <trkpt lat="38.63942" lon="0.00822">
    <ele>101.66000000000001</ele>
   </trkpt>
   <trkpt lat="38.639880000000005" lon="0.009130000000000001">
    <ele>106.12</ele>
   </trkpt>
   <trkpt lat="38.639950000000006" lon="0.009380000000000001">
    <ele>107.11000000000001</ele>
   </trkpt>
   <trkpt lat="38.63999000629479" lon="0.010239999017539685">
    <ele>111.13000000000001</ele>
   </trkpt>
   <trkpt lat="38.64003000629374" lon="0.01109999899510257">
    <ele>113.32000000000001</ele>
   </trkpt>
   <trkpt lat="38.64007" lon="0.01196">
    <ele>117.46000000000001</ele>
   </trkpt>
   <trkpt lat="38.640040000000006" lon="0.012180000000000002">
    <ele>118.94</ele>
   </trkpt>
   <trkpt lat="38.63996" lon="0.01247">
    <ele>120.23</ele>
   </trkpt>
   <trkpt lat="38.639680000000006" lon="0.013210000000000001">
    <ele>124.2</ele>
   </trkpt>
   <trkpt lat="38.63956" lon="0.01357">
    <ele>125.96000000000001</ele>
   </trkpt>
   <trkpt lat="38.639540000000004" lon="0.01374">
    <ele>126.0</ele>
   </trkpt>
   <trkpt lat="38.639570005225664" lon="0.014523332738352565">
    <ele>123.96000000000001</ele>
   </trkpt>
   <trkpt lat="38.63960000522799" lon="0.015306666132530783">
    <ele>119.62</ele>
   </trkpt>
   <trkpt lat="38.639630000000004" lon="0.01609">
    <ele>115.92</ele>
   </trkpt>
   <trkpt lat="38.63961333929154" lon="0.016926667085981503">
    <ele>110.78</ele>
   </trkpt>
   <trkpt lat="38.63959667262427" lon="0.017763333782911388">
    <ele>106.15</ele>
   </trkpt>
   <trkpt lat="38.63958" lon="0.018600000000000002">
    <ele>103.54</ele>
   </trkpt>
   <trkpt lat="38.639590000000005" lon="0.01872">
    <ele>103.02000000000001</ele>
   </trkpt>
   <trkpt lat="38.63964" lon="0.018940000000000002">
    <ele>102.65</ele>
   </trkpt>
   <trkpt lat="38.63984000000001" lon="0.01938">
    <ele>102.03</ele>
   </trkpt>
   <trkpt lat="38.63987" lon="0.019510000000000003">
    <ele>102.03</ele>
   </trkpt>
   <trkpt lat="38.639900000000004" lon="0.019690000000000003">
    <ele>101.76</ele>
   </trkpt>
   <trkpt lat="38.63989" lon="0.019880000000000002">
    <ele>101.28</ele>
   </trkpt>
   <trkpt lat="38.63972500247112" lon="0.020650002017233177">
    <ele>100.48000000000002</ele>
   </trkpt>
   <trkpt lat="38.63956" lon="0.02142">
    <ele>99.97</ele>
   </trkpt>
   <trkpt lat="38.63953" lon="0.021670000000000002">
    <ele>99.65</ele>
   </trkpt>
   <trkpt lat="38.639570000000006" lon="0.021920000000000002">
    <ele>99.58</ele>
   </trkpt>
   <trkpt lat="38.63967" lon="0.022140000000000003">
    <ele>99.51</ele>
   </trkpt>
   <trkpt lat="38.64024400844441" lon="0.022843977454604168">
    <ele>99.39</ele>
   </trkpt>
   <trkpt lat="38.640818012670096" lon="0.023547966185654152">
    <ele>98.5</ele>
   </trkpt>
   <trkpt lat="38.6413920126769" lon="0.02425196619347935">
    <ele>97.11</ele>
   </trkpt>
   <trkpt lat="38.64196600846466" lon="0.02495597747840914">
    <ele>94.76</ele>
   </trkpt>
   <trkpt lat="38.642540000000004" lon="0.025660000000000002">
    <ele>92.37</ele>
   </trkpt>
   <trkpt lat="38.64276" lon="0.02595">
    <ele>90.89000000000001</ele>
   </trkpt>
   <trkpt lat="38.64287" lon="0.02619">
    <ele>90.89000000000001</ele>
   </trkpt>
   <trkpt lat="38.642900000000004" lon="0.026350000000000002">
    <ele>90.89000000000001</ele>
   </trkpt>
   <trkpt lat="38.642920000000004" lon="0.026600000000000002">
    <ele>89.92000000000002</ele>
   </trkpt>
   <trkpt lat="38.64287500165661" lon="0.027225000476202608">
    <ele>88.9</ele>
   </trkpt>
   <trkpt lat="38.642830000000004" lon="0.027850000000000003">
    <ele>87.27</ele>
   </trkpt>
   <trkpt lat="38.642860000000006" lon="0.028100000000000003">
    <ele>87.27</ele>
   </trkpt>
   <trkpt lat="38.64298" lon="0.028460000000000003">
    <ele>86.39</ele>
   </trkpt>
   <trkpt lat="38.6432" lon="0.02876">
    <ele>85.4</ele>
   </trkpt>
   <trkpt lat="38.64373000195045" lon="0.029236659630484815">
    <ele>83.51</ele>
   </trkpt>
   <trkpt lat="38.644260001966764" lon="0.0297133263117268">
    <ele>82.68</ele>
   </trkpt>
   <trkpt lat="38.64479" lon="0.03019">
    <ele>82.2</ele>
   </trkpt>
   <trkpt lat="38.64499" lon="0.030390000000000004">
    <ele>81.75</ele>
   </trkpt>
   <trkpt lat="38.645160000000004" lon="0.030660000000000003">
    <ele>81.57000000000001</ele>
   </trkpt>
   <trkpt lat="38.645270000000004" lon="0.03104">
    <ele>81.09</ele>
   </trkpt>
   <trkpt lat="38.64529" lon="0.03139">
    <ele>80.78</ele>
   </trkpt>
   <trkpt lat="38.64526" lon="0.03162">
    <ele>79.98</ele>
   </trkpt>
   <trkpt lat="38.64493" lon="0.03266">
    <ele>79.42</ele>
   </trkpt>
   <trkpt lat="38.644890000000004" lon="0.03293">
    <ele>79.32</ele>
   </trkpt>
   <trkpt lat="38.6449" lon="0.03314">
    <ele>79.33000000000001</ele>
   </trkpt>
   <trkpt lat="38.644960000000005" lon="0.033400000000000006">
    <ele>79.42999999999999</ele>
   </trkpt>
   <trkpt lat="38.645070000000004" lon="0.03364">
    <ele>79.64</ele>
   </trkpt>
   <trkpt lat="38.64517" lon="0.03379">
    <ele>79.55000000000001</ele>
   </trkpt>
   <trkpt lat="38.645735001941695" lon="0.03446499468050207">
    <ele>78.17999999999999</ele>
   </trkpt>
   <trkpt lat="38.646300000000004" lon="0.035140000000000005">
    <ele>76.50000000000001</ele>
   </trkpt>
   <trkpt lat="38.646840000000005" lon="0.035750000000000004">
    <ele>75.05</ele>
   </trkpt>
   <trkpt lat="38.64726" lon="0.03613">
    <ele>74.3</ele>
   </trkpt>
   <trkpt lat="38.6479000012881" lon="0.03667499515218681">
    <ele>72.86000000000001</ele>
   </trkpt>
   <trkpt lat="38.648540000000004" lon="0.03722">
    <ele>72.34</ele>
   </trkpt>
   <trkpt lat="38.64898" lon="0.03755">
    <ele>72.14000000000001</ele>
   </trkpt>
   <trkpt lat="38.649420000000006" lon="0.03771">
    <ele>71.66</ele>
   </trkpt>
   <trkpt lat="38.65017" lon="0.03781">
    <ele>70.99000000000001</ele>
   </trkpt>
   <trkpt lat="38.65041" lon="0.0378">
    <ele>70.63000000000001</ele>
   </trkpt>
   <trkpt lat="38.6509399998311" lon="0.037755000347975735">
    <ele>69.48</ele>
   </trkpt>
   <trkpt lat="38.65147" lon="0.03771">
    <ele>68.69</ele>
   </trkpt>
   <trkpt lat="38.65157000000001" lon="0.03773">
    <ele>68.69</ele>
   </trkpt>
   <trkpt lat="38.65187" lon="0.037720000000000004">
    <ele>68.13000000000001</ele>
   </trkpt>
   <trkpt lat="38.65267" lon="0.03764">
    <ele>67.37</ele>
   </trkpt>
   <trkpt lat="38.652890000000006" lon="0.0376">
    <ele>67.06</ele>
   </trkpt>
   <trkpt lat="38.653470000000006" lon="0.037570000000000006">
    <ele>65.89</ele>
   </trkpt>
   <trkpt lat="38.653830000000006" lon="0.03767">
    <ele>65.30000000000001</ele>
   </trkpt>
   <trkpt lat="38.65388" lon="0.037770000000000005">
    <ele>65.08</ele>
   </trkpt>
   <trkpt lat="38.65397" lon="0.03787">
    <ele>63.21</ele>
   </trkpt>
   <trkpt lat="38.65402" lon="0.0379">
    <ele>63.21</ele>
   </trkpt>
   <trkpt lat="38.65411" lon="0.03792">
    <ele>63.21</ele>
   </trkpt>
   <trkpt lat="38.6542" lon="0.037910000000000006">
    <ele>63.31</ele>
   </trkpt>
   <trkpt lat="38.65428" lon="0.037860000000000005">
    <ele>63.410000000000004</ele>
   </trkpt>
   <trkpt lat="38.65435" lon="0.037790000000000004">
    <ele>63.55000000000001</ele>
   </trkpt>
   <trkpt lat="38.65439000000001" lon="0.03769">
    <ele>63.55000000000001</ele>
   </trkpt>
   <trkpt lat="38.65449" lon="0.037590000000000005">
    <ele>63.55000000000001</ele>
   </trkpt>
   <trkpt lat="38.6548" lon="0.03744">
    <ele>63.78</ele>
   </trkpt>
   <trkpt lat="38.655460000000005" lon="0.037340000000000005">
    <ele>62.77</ele>
   </trkpt>
   <trkpt lat="38.655930000000005" lon="0.03719">
    <ele>61.160000000000004</ele>
   </trkpt>
   <trkpt lat="38.65664750122792" lon="0.03688250923209068">
    <ele>59.38</ele>
   </trkpt>
   <trkpt lat="38.65736500165085" lon="0.03657501230380747">
    <ele>57.63000000000001</ele>
   </trkpt>
   <trkpt lat="38.658082501268765" lon="0.03626750921487569">
    <ele>55.84</ele>
   </trkpt>
   <trkpt lat="38.65880000000001" lon="0.035960000000000006">
    <ele>54.09</ele>
   </trkpt>
   <trkpt lat="38.65931500027129" lon="0.03576000139889536">
    <ele>53.56</ele>
   </trkpt>
   <trkpt lat="38.65983000000001" lon="0.03556">
    <ele>53.77</ele>
   </trkpt>
   <trkpt lat="38.66046" lon="0.03556">
    <ele>53.27</ele>
   </trkpt>
   <trkpt lat="38.66058" lon="0.03563">
    <ele>52.75000000000001</ele>
   </trkpt>
   <trkpt lat="38.66071" lon="0.035620000000000006">
    <ele>52.75000000000001</ele>
   </trkpt>
   <trkpt lat="38.66078" lon="0.035590000000000004">
    <ele>52.58</ele>
   </trkpt>
   <trkpt lat="38.660830000000004" lon="0.035530000000000006">
    <ele>52.58</ele>
   </trkpt>
   <trkpt lat="38.66089" lon="0.03536">
    <ele>52.50000000000001</ele>
   </trkpt>
   <trkpt lat="38.66107" lon="0.03515">
    <ele>52.52</ele>
   </trkpt>
   <trkpt lat="38.661190000000005" lon="0.03504">
    <ele>52.45</ele>
   </trkpt>
   <trkpt lat="38.66129" lon="0.034980000000000004">
    <ele>52.26</ele>
   </trkpt>
   <trkpt lat="38.66143" lon="0.034940000000000006">
    <ele>52.21000000000001</ele>
   </trkpt>
   <trkpt lat="38.66151" lon="0.034940000000000006">
    <ele>52.190000000000005</ele>
   </trkpt>
   <trkpt lat="38.66161" lon="0.03497">
    <ele>52.2</ele>
   </trkpt>
   <trkpt lat="38.661880000000004" lon="0.03518">
    <ele>52.34</ele>
   </trkpt>
   <trkpt lat="38.662020000000005" lon="0.035230000000000004">
    <ele>52.620000000000005</ele>
   </trkpt>
   <trkpt lat="38.66227000000001" lon="0.0352">
    <ele>53.1</ele>
   </trkpt>
   <trkpt lat="38.66271000039351" lon="0.034980001257988586">
    <ele>56.190000000000005</ele>
   </trkpt>
   <trkpt lat="38.66315" lon="0.034760000000000006">
    <ele>58.21</ele>
   </trkpt>
   <trkpt lat="38.663560000000004" lon="0.03467">
    <ele>60.10000000000001</ele>
   </trkpt>
   <trkpt lat="38.66384" lon="0.03467">
    <ele>62.18000000000001</ele>
   </trkpt>
   <trkpt lat="38.664100000000005" lon="0.034710000000000005">
    <ele>64.23</ele>
   </trkpt>
   <trkpt lat="38.664350000000006" lon="0.03479">
    <ele>64.23</ele>
   </trkpt>
   <trkpt lat="38.66447" lon="0.034850000000000006">
    <ele>66.79</ele>
   </trkpt>
   <trkpt lat="38.66461" lon="0.03495">
    <ele>66.79</ele>
   </trkpt>
   <trkpt lat="38.665005000548824" lon="0.035284998212331185">
    <ele>68.82000000000001</ele>
   </trkpt>
   <trkpt lat="38.665400000000005" lon="0.035620000000000006">
    <ele>72.66</ele>
   </trkpt>
   <trkpt lat="38.66557" lon="0.03585">
    <ele>73.99</ele>
   </trkpt>
   <trkpt lat="38.66578000159109" lon="0.036464998140552395">
    <ele>75.86000000000001</ele>
   </trkpt>
   <trkpt lat="38.66599" lon="0.03708">
    <ele>77.76</ele>
   </trkpt>
   <trkpt lat="38.66612000000001" lon="0.037270000000000005">
    <ele>78.73</ele>
   </trkpt>
   <trkpt lat="38.66621000000001" lon="0.037360000000000004">
    <ele>78.73</ele>
   </trkpt>
   <trkpt lat="38.66639" lon="0.037450000000000004">
    <ele>81.69000000000001</ele>
   </trkpt>
   <trkpt lat="38.666560000000004" lon="0.037480000000000006">
    <ele>82.47</ele>
   </trkpt>
   <trkpt lat="38.66667" lon="0.03747">
    <ele>83.44</ele>
   </trkpt>
   <trkpt lat="38.666940000000004" lon="0.037340000000000005">
    <ele>84.9</ele>
   </trkpt>
   <trkpt lat="38.66723" lon="0.037110000000000004">
    <ele>86.76</ele>
   </trkpt>
   <trkpt lat="38.66743" lon="0.037020000000000004">
    <ele>87.93</ele>
   </trkpt>
   <trkpt lat="38.66761" lon="0.03699">
    <ele>89.09</ele>
   </trkpt>
   <trkpt lat="38.66772" lon="0.037000000000000005">
    <ele>89.09</ele>
   </trkpt>
   <trkpt lat="38.667820000000006" lon="0.03705">
    <ele>89.74000000000001</ele>
   </trkpt>
   <trkpt lat="38.667930000000005" lon="0.03713">
    <ele>90.49</ele>
   </trkpt>
   <trkpt lat="38.668220000000005" lon="0.03749">
    <ele>91.88</ele>
   </trkpt>
   <trkpt lat="38.668620000000004" lon="0.038130000000000004">
    <ele>93.73</ele>
   </trkpt>
   <trkpt lat="38.66874" lon="0.03824">
    <ele>93.73</ele>
   </trkpt>
   <trkpt lat="38.668940000000006" lon="0.038360000000000005">
    <ele>95.41000000000001</ele>
   </trkpt>
   <trkpt lat="38.66937" lon="0.03851">
    <ele>97.2</ele>
   </trkpt>
   <trkpt lat="38.66968000000001" lon="0.03858">
    <ele>98.89</ele>
   </trkpt>
   <trkpt lat="38.66977" lon="0.03858">
    <ele>99.45</ele>
   </trkpt>
   <trkpt lat="38.66998" lon="0.03853">
    <ele>99.45</ele>
   </trkpt>
   <trkpt lat="38.67014" lon="0.038400000000000004">
    <ele>101.42</ele>
   </trkpt>
   <trkpt lat="38.670280000000005" lon="0.03819">
    <ele>101.42</ele>
   </trkpt>
   <trkpt lat="38.67045" lon="0.037930000000000005">
    <ele>102.68</ele>
   </trkpt>
   <trkpt lat="38.67062000000001" lon="0.0378">
    <ele>103.17000000000002</ele>
   </trkpt>
   <trkpt lat="38.670840000000005" lon="0.03771">
    <ele>104.18</ele>
   </trkpt>
   <trkpt lat="38.67103" lon="0.037700000000000004">
    <ele>104.54</ele>
   </trkpt>
   <trkpt lat="38.671130000000005" lon="0.03771">
    <ele>104.54</ele>
   </trkpt>
   <trkpt lat="38.67134" lon="0.037820000000000006">
    <ele>106.62</ele>
   </trkpt>
   <trkpt lat="38.671760000000006" lon="0.03823">
    <ele>107.82000000000001</ele>
   </trkpt>
   <trkpt lat="38.6719" lon="0.038340000000000006">
    <ele>109.56</ele>
   </trkpt>
   <trkpt lat="38.672070000000005" lon="0.03844">
    <ele>110.18</ele>
   </trkpt>
   <trkpt lat="38.67233" lon="0.038540000000000005">
    <ele>111.78</ele>
   </trkpt>
   <trkpt lat="38.67250000000001" lon="0.03855">
    <ele>111.78</ele>
   </trkpt>
   <trkpt lat="38.673030000000004" lon="0.038540000000000005">
    <ele>114.12</ele>
   </trkpt>
   <trkpt lat="38.673720000030194" lon="0.038493334232191444">
    <ele>116.91000000000001</ele>
   </trkpt>
   <trkpt lat="38.67441000004184" lon="0.03844666756475021">
    <ele>119.34000000000002</ele>
   </trkpt>
   <trkpt lat="38.6751" lon="0.038400000000000004">
    <ele>120.64000000000001</ele>
   </trkpt>
   <trkpt lat="38.67581000002907" lon="0.03834000059398803">
    <ele>122.33000000000001</ele>
   </trkpt>
   <trkpt lat="38.676520000000004" lon="0.03828">
    <ele>124.21000000000001</ele>
   </trkpt>
   <trkpt lat="38.67683" lon="0.038270000000000005">
    <ele>124.92000000000002</ele>
   </trkpt>
   <trkpt lat="38.677020000000006" lon="0.03828">
    <ele>126.15</ele>
   </trkpt>
   <trkpt lat="38.67723" lon="0.038380000000000004">
    <ele>126.15</ele>
   </trkpt>
   <trkpt lat="38.6779" lon="0.03898">
    <ele>131.43</ele>
   </trkpt>
   <trkpt lat="38.678020000000004" lon="0.03905">
    <ele>131.98000000000002</ele>
   </trkpt>
   <trkpt lat="38.678200000000004" lon="0.0391">
    <ele>131.98000000000002</ele>
   </trkpt>
   <trkpt lat="38.67837" lon="0.03912">
    <ele>134.32000000000002</ele>
   </trkpt>
   <trkpt lat="38.678520000000006" lon="0.039080000000000004">
    <ele>134.32000000000002</ele>
   </trkpt>
   <trkpt lat="38.678700000000006" lon="0.03896">
    <ele>137.66</ele>
   </trkpt>
   <trkpt lat="38.678790000000006" lon="0.03887">
    <ele>137.66</ele>
   </trkpt>
   <trkpt lat="38.67908000087341" lon="0.03841500185620247">
    <ele>140.1</ele>
   </trkpt>
   <trkpt lat="38.679370000000006" lon="0.03796">
    <ele>142.04</ele>
   </trkpt>
   <trkpt lat="38.679700000000004" lon="0.037660000000000006">
    <ele>143.57</ele>
   </trkpt>
   <trkpt lat="38.680515000305824" lon="0.037395003015595236">
    <ele>146.85</ele>
   </trkpt>
   <trkpt lat="38.68133" lon="0.03713">
    <ele>149.42000000000002</ele>
   </trkpt>
   <trkpt lat="38.68146" lon="0.037110000000000004">
    <ele>150.32</ele>
   </trkpt>
   <trkpt lat="38.68162" lon="0.037110000000000004">
    <ele>150.32</ele>
   </trkpt>
   <trkpt lat="38.68193" lon="0.037140000000000006">
    <ele>151.8</ele>
   </trkpt>
   <trkpt lat="38.68202" lon="0.037180000000000005">
    <ele>151.8</ele>
   </trkpt>
   <trkpt lat="38.68267" lon="0.037410000000000006">
    <ele>154.24</ele>
   </trkpt>
   <trkpt lat="38.68281" lon="0.037430000000000005">
    <ele>154.24</ele>
   </trkpt>
   <trkpt lat="38.68309" lon="0.03751">
    <ele>154.79000000000002</ele>
   </trkpt>
   <trkpt lat="38.683890000000005" lon="0.037820000000000006">
    <ele>157.60999999999999</ele>
   </trkpt>
   <trkpt lat="38.68435500036709" lon="0.03807499839241249">
    <ele>159.02</ele>
   </trkpt>
   <trkpt lat="38.68482" lon="0.03833">
    <ele>160.71</ele>
   </trkpt>
   <trkpt lat="38.68504" lon="0.03844">
    <ele>161.25</ele>
   </trkpt>
   <trkpt lat="38.685680000635024" lon="0.03880499677397105">
    <ele>162.85000000000002</ele>
   </trkpt>
   <trkpt lat="38.68632" lon="0.03917">
    <ele>166.06</ele>
   </trkpt>
   <trkpt lat="38.686550000000004" lon="0.039360000000000006">
    <ele>166.66</ele>
   </trkpt>
   <trkpt lat="38.68679" lon="0.03964">
    <ele>167.63</ele>
   </trkpt>
   <trkpt lat="38.6871750013875" lon="0.040224996746380116">
    <ele>169.65</ele>
   </trkpt>
   <trkpt lat="38.687560000000005" lon="0.040810000000000006">
    <ele>171.64000000000001</ele>
   </trkpt>
   <trkpt lat="38.68789" lon="0.04125">
    <ele>173.37000000000003</ele>
   </trkpt>
   <trkpt lat="38.68809" lon="0.04145">
    <ele>173.6</ele>
   </trkpt>
   <trkpt lat="38.68827" lon="0.04157">
    <ele>174.22</ele>
   </trkpt>
   <trkpt lat="38.68854" lon="0.04168">
    <ele>174.96</ele>
   </trkpt>
   <trkpt lat="38.688680000000005" lon="0.041710000000000004">
    <ele>175.25</ele>
   </trkpt>
   <trkpt lat="38.689" lon="0.041740000000000006">
    <ele>176.3</ele>
   </trkpt>
   <trkpt lat="38.68925" lon="0.04173">
    <ele>177.51</ele>
   </trkpt>
   <trkpt lat="38.689550000000004" lon="0.041690000000000005">
    <ele>179.26</ele>
   </trkpt>
   <trkpt lat="38.69004499995841" lon="0.04157500081842894">
    <ele>183.45</ele>
   </trkpt>
   <trkpt lat="38.690540000000006" lon="0.041460000000000004">
    <ele>185.19000000000003</ele>
   </trkpt>
   <trkpt lat="38.69121499994569" lon="0.041280001749638424">
    <ele>189.51000000000002</ele>
   </trkpt>
   <trkpt lat="38.69189" lon="0.041100000000000005">
    <ele>192.92000000000002</ele>
   </trkpt>
   <trkpt lat="38.692600000000006" lon="0.04095">
    <ele>195.91000000000003</ele>
   </trkpt>
   <trkpt lat="38.692840000000004" lon="0.04093">
    <ele>195.91000000000003</ele>
   </trkpt>
   <trkpt lat="38.693070000000006" lon="0.04095">
    <ele>196.56</ele>
   </trkpt>
   <trkpt lat="38.693723333480854" lon="0.04108333089697429">
    <ele>197.71</ele>
   </trkpt>
   <trkpt lat="38.69437666681029" lon="0.04121666422948096">
    <ele>199.89000000000001</ele>
   </trkpt>
   <trkpt lat="38.69503" lon="0.041350000000000005">
    <ele>202.65000000000003</ele>
   </trkpt>
   <trkpt lat="38.69540000000001" lon="0.041370000000000004">
    <ele>204.04000000000002</ele>
   </trkpt>
   <trkpt lat="38.69561" lon="0.04134">
    <ele>206.12000000000003</ele>
   </trkpt>
   <trkpt lat="38.695750000000004" lon="0.04129">
    <ele>206.12000000000003</ele>
   </trkpt>
   <trkpt lat="38.69644250149809" lon="0.040947509948356026">
    <ele>211.58</ele>
   </trkpt>
   <trkpt lat="38.697135001997225" lon="0.040605013264794966">
    <ele>214.36</ele>
   </trkpt>
   <trkpt lat="38.69782750149735" lon="0.04026250994903369">
    <ele>219.81</ele>
   </trkpt>
   <trkpt lat="38.69852" lon="0.039920000000000004">
    <ele>224.52</ele>
   </trkpt>
   <trkpt lat="38.69897" lon="0.03964">
    <ele>225.3</ele>
   </trkpt>
   <trkpt lat="38.69958500068013" lon="0.039220003660184785">
    <ele>225.21</ele>
   </trkpt>
   <trkpt lat="38.7002" lon="0.0388">
    <ele>224.84</ele>
   </trkpt>
   <trkpt lat="38.70067" lon="0.03855">
    <ele>225.02</ele>
   </trkpt>
   <trkpt lat="38.70084000000001" lon="0.03849">
    <ele>225.48000000000002</ele>
   </trkpt>
   <trkpt lat="38.70132" lon="0.03839">
    <ele>227.74</ele>
   </trkpt>
   <trkpt lat="38.70189999993483" lon="0.0383949999588846">
    <ele>230.16000000000003</ele>
   </trkpt>
   <trkpt lat="38.70248" lon="0.038400000000000004">
    <ele>234.88</ele>
   </trkpt>
   <trkpt lat="38.70306" lon="0.038450000000000005">
    <ele>238.16</ele>
   </trkpt>
   <trkpt lat="38.70365" lon="0.03848">
    <ele>243.35</ele>
   </trkpt>
   <trkpt lat="38.704170000000005" lon="0.038450000000000005">
    <ele>244.82</ele>
   </trkpt>
   <trkpt lat="38.70456" lon="0.038340000000000006">
    <ele>247.54</ele>
   </trkpt>
   <trkpt lat="38.705020000000005" lon="0.0381">
    <ele>252.03000000000003</ele>
   </trkpt>
   <trkpt lat="38.70543000037527" lon="0.03784500140099604">
    <ele>255.31000000000003</ele>
   </trkpt>
   <trkpt lat="38.70584" lon="0.037590000000000005">
    <ele>257.46000000000004</ele>
   </trkpt>
   <trkpt lat="38.705980000000004" lon="0.03755">
    <ele>258.14000000000004</ele>
   </trkpt>
   <trkpt lat="38.70626" lon="0.03753">
    <ele>258.89</ele>
   </trkpt>
   <trkpt lat="38.70667" lon="0.03746">
    <ele>259.91</ele>
   </trkpt>
   <trkpt lat="38.70684" lon="0.03747">
    <ele>260.08000000000004</ele>
   </trkpt>
   <trkpt lat="38.70729" lon="0.0376">
    <ele>260.38</ele>
   </trkpt>
   <trkpt lat="38.70782500016723" lon="0.037794998542780206">
    <ele>261.19000000000005</ele>
   </trkpt>
   <trkpt lat="38.708360000000006" lon="0.03799">
    <ele>262.61</ele>
   </trkpt>
   <trkpt lat="38.70881" lon="0.038090000000000006">
    <ele>263.59000000000003</ele>
   </trkpt>
   <trkpt lat="38.70938" lon="0.03814">
    <ele>264.97</ele>
   </trkpt>
   <trkpt lat="38.70956" lon="0.03817">
    <ele>265.49</ele>
   </trkpt>
   <trkpt lat="38.70966000000001" lon="0.03823">
    <ele>265.86</ele>
   </trkpt>
   <trkpt lat="38.7098" lon="0.03841">
    <ele>266.33</ele>
   </trkpt>
   <trkpt lat="38.709830000000004" lon="0.038540000000000005">
    <ele>266.5</ele>
   </trkpt>
   <trkpt lat="38.70989" lon="0.03862">
    <ele>266.5</ele>
   </trkpt>
   <trkpt lat="38.70993" lon="0.03864">
    <ele>266.62</ele>
   </trkpt>
   <trkpt lat="38.71003" lon="0.03864">
    <ele>266.62</ele>
   </trkpt>
   <trkpt lat="38.71011" lon="0.03858">
    <ele>266.5</ele>
   </trkpt>
   <trkpt lat="38.71016" lon="0.03848">
    <ele>266.5</ele>
   </trkpt>
   <trkpt lat="38.71014" lon="0.038310000000000004">
    <ele>266.5</ele>
   </trkpt>
   <trkpt lat="38.71009" lon="0.03823">
    <ele>266.59000000000003</ele>
   </trkpt>
   <trkpt lat="38.71005" lon="0.038200000000000005">
    <ele>266.59000000000003</ele>
   </trkpt>
   <trkpt lat="38.70998" lon="0.03799">
    <ele>266.54</ele>
   </trkpt>
   <trkpt lat="38.710010000000004" lon="0.03742">
    <ele>266.0</ele>
   </trkpt>
   <trkpt lat="38.71009" lon="0.037070000000000006">
    <ele>264.55</ele>
   </trkpt>
   <trkpt lat="38.710170000000005" lon="0.036860000000000004">
    <ele>264.22</ele>
   </trkpt>
   <trkpt lat="38.710280000000004" lon="0.03665">
    <ele>263.56</ele>
   </trkpt>
   <trkpt lat="38.710350000000005" lon="0.03654">
    <ele>263.28000000000003</ele>
   </trkpt>
   <trkpt lat="38.710510000000006" lon="0.03642">
    <ele>262.98</ele>
   </trkpt>
   <trkpt lat="38.71058" lon="0.036480000000000005">
    <ele>262.98</ele>
   </trkpt>
   <trkpt lat="38.71067" lon="0.036500000000000005">
    <ele>262.6</ele>
   </trkpt>
   <trkpt lat="38.71076" lon="0.036480000000000005">
    <ele>261.76000000000005</ele>
   </trkpt>
   <trkpt lat="38.710840000000005" lon="0.036430000000000004">
    <ele>261.76000000000005</ele>
   </trkpt>
   <trkpt lat="38.710910000000005" lon="0.036340000000000004">
    <ele>260.67</ele>
   </trkpt>
   <trkpt lat="38.710950000000004" lon="0.03613">
    <ele>260.8</ele>
   </trkpt>
   <trkpt lat="38.71092" lon="0.03601">
    <ele>260.97</ele>
   </trkpt>
   <trkpt lat="38.71087" lon="0.035910000000000004">
    <ele>261.28000000000003</ele>
   </trkpt>
   <trkpt lat="38.710800000000006" lon="0.03585">
    <ele>261.62</ele>
   </trkpt>
   <trkpt lat="38.71072" lon="0.03581">
    <ele>261.62</ele>
   </trkpt>
   <trkpt lat="38.71063" lon="0.03581">
    <ele>262.09000000000003</ele>
   </trkpt>
   <trkpt lat="38.710510000000006" lon="0.03551">
    <ele>263.14000000000004</ele>
   </trkpt>
   <trkpt lat="38.710215002754374" lon="0.034699996548649636">
    <ele>263.20000000000005</ele>
   </trkpt>
   <trkpt lat="38.709920000000004" lon="0.03389">
    <ele>261.97</ele>
   </trkpt>
   <trkpt lat="38.70991" lon="0.033870000000000004">
    <ele>261.95</ele>
   </trkpt>
   <trkpt lat="38.70967" lon="0.033150000000000006">
    <ele>261.29</ele>
   </trkpt>
   <trkpt lat="38.70955" lon="0.032420000000000004">
    <ele>261.24</ele>
   </trkpt>
   <trkpt lat="38.70947" lon="0.03211">
    <ele>261.26000000000005</ele>
   </trkpt>
   <trkpt lat="38.709270000000004" lon="0.03157">
    <ele>261.62</ele>
   </trkpt>
   <trkpt lat="38.70910000000001" lon="0.031200000000000002">
    <ele>261.56</ele>
   </trkpt>
   <trkpt lat="38.708980000000004" lon="0.031000000000000003">
    <ele>261.33</ele>
   </trkpt>
   <trkpt lat="38.708890000000004" lon="0.03088">
    <ele>261.03000000000003</ele>
   </trkpt>
   <trkpt lat="38.708510000000004" lon="0.03046">
    <ele>260.01</ele>
   </trkpt>
   <trkpt lat="38.708420000000004" lon="0.0302">
    <ele>259.64000000000004</ele>
   </trkpt>
   <trkpt lat="38.708420000000004" lon="0.029490000000000002">
    <ele>257.43000000000006</ele>
   </trkpt>
   <trkpt lat="38.70839" lon="0.029330000000000002">
    <ele>256.79</ele>
   </trkpt>
   <trkpt lat="38.70832" lon="0.02918">
    <ele>256.26000000000005</ele>
   </trkpt>
   <trkpt lat="38.70785000158047" lon="0.028574996050897652">
    <ele>256.18</ele>
   </trkpt>
   <trkpt lat="38.70738" lon="0.027970000000000002">
    <ele>258.18</ele>
   </trkpt>
   <trkpt lat="38.707035000818905" lon="0.02755499810036543">
    <ele>259.28000000000003</ele>
   </trkpt>
   <trkpt lat="38.70669" lon="0.02714">
    <ele>260.55</ele>
   </trkpt>
   <trkpt lat="38.706610000000005" lon="0.027010000000000003">
    <ele>260.55</ele>
   </trkpt>
   <trkpt lat="38.706570000000006" lon="0.02687">
    <ele>260.70000000000005</ele>
   </trkpt>
   <trkpt lat="38.70655" lon="0.026730000000000004">
    <ele>260.88</ele>
   </trkpt>
   <trkpt lat="38.70656" lon="0.026560000000000004">
    <ele>260.88</ele>
   </trkpt>
   <trkpt lat="38.7066" lon="0.02636">
    <ele>261.33</ele>
   </trkpt>
   <trkpt lat="38.706950000000006" lon="0.02544">
    <ele>262.44</ele>
   </trkpt>
   <trkpt lat="38.706970000000005" lon="0.025220000000000003">
    <ele>262.65</ele>
   </trkpt>
   <trkpt lat="38.70694" lon="0.02501">
    <ele>262.65</ele>
   </trkpt>
   <trkpt lat="38.706700000000005" lon="0.024690000000000004">
    <ele>263.26</ele>
   </trkpt>
   <trkpt lat="38.70666000000001" lon="0.02458">
    <ele>263.26</ele>
   </trkpt>
   <trkpt lat="38.706630000000004" lon="0.02442">
    <ele>263.58000000000004</ele>
   </trkpt>
   <trkpt lat="38.70662" lon="0.023880000000000002">
    <ele>264.62</ele>
   </trkpt>
   <trkpt lat="38.706630000000004" lon="0.0233">
    <ele>265.77</ele>
   </trkpt>
   <trkpt lat="38.70676" lon="0.02261">
    <ele>267.54</ele>
   </trkpt>
   <trkpt lat="38.70678" lon="0.022320000000000003">
    <ele>268.44</ele>
   </trkpt>
   <trkpt lat="38.706860000000006" lon="0.022000000000000002">
    <ele>269.05</ele>
   </trkpt>
   <trkpt lat="38.706860000000006" lon="0.02187">
    <ele>270.82</ele>
   </trkpt>
   <trkpt lat="38.706830000000004" lon="0.0217">
    <ele>270.82</ele>
   </trkpt>
   <trkpt lat="38.70673" lon="0.021290000000000003">
    <ele>272.75000000000006</ele>
   </trkpt>
   <trkpt lat="38.706680000000006" lon="0.02085">
    <ele>274.14</ele>
   </trkpt>
   <trkpt lat="38.706630000000004" lon="0.020730000000000002">
    <ele>274.8</ele>
   </trkpt>
   <trkpt lat="38.70647" lon="0.020560000000000002">
    <ele>275.58000000000004</ele>
   </trkpt>
   <trkpt lat="38.70642" lon="0.0204">
    <ele>275.89000000000004</ele>
   </trkpt>
   <trkpt lat="38.706450000000004" lon="0.020210000000000002">
    <ele>276.58000000000004</ele>
   </trkpt>
   <trkpt lat="38.70658" lon="0.019950000000000002">
    <ele>277.48</ele>
   </trkpt>
   <trkpt lat="38.70716" lon="0.01931">
    <ele>280.99</ele>
   </trkpt>
   <trkpt lat="38.707190000000004" lon="0.019270000000000002">
    <ele>280.99</ele>
   </trkpt>
   <trkpt lat="38.70727" lon="0.019090000000000003">
    <ele>281.34000000000003</ele>
   </trkpt>
   <trkpt lat="38.70731" lon="0.018840000000000003">
    <ele>281.74000000000007</ele>
   </trkpt>
   <trkpt lat="38.70722000000001" lon="0.0181">
    <ele>282.24000000000007</ele>
   </trkpt>
   <trkpt lat="38.707150000000006" lon="0.01787">
    <ele>282.32</ele>
   </trkpt>
   <trkpt lat="38.707080000000005" lon="0.017730000000000003">
    <ele>282.32</ele>
   </trkpt>
   <trkpt lat="38.70698" lon="0.0176">
    <ele>282.19</ele>
   </trkpt>
   <trkpt lat="38.70691" lon="0.01754">
    <ele>282.19</ele>
   </trkpt>
   <trkpt lat="38.706720000000004" lon="0.01745">
    <ele>281.85</ele>
   </trkpt>
   <trkpt lat="38.706500000000005" lon="0.01742">
    <ele>281.85</ele>
   </trkpt>
   <trkpt lat="38.70628000000001" lon="0.0175">
    <ele>281.89000000000004</ele>
   </trkpt>
   <trkpt lat="38.705720000447876" lon="0.017840002689812076">
    <ele>282.56</ele>
   </trkpt>
   <trkpt lat="38.70516000000001" lon="0.01818">
    <ele>283.23</ele>
   </trkpt>
   <trkpt lat="38.705020000000005" lon="0.018260000000000002">
    <ele>283.28000000000003</ele>
   </trkpt>
   <trkpt lat="38.704840000000004" lon="0.01828">
    <ele>283.22</ele>
   </trkpt>
   <trkpt lat="38.70465" lon="0.01818">
    <ele>282.68000000000006</ele>
   </trkpt>
   <trkpt lat="38.70456" lon="0.0181">
    <ele>282.68000000000006</ele>
   </trkpt>
   <trkpt lat="38.704420000000006" lon="0.01785">
    <ele>282.68000000000006</ele>
   </trkpt>
   <trkpt lat="38.70421" lon="0.01719">
    <ele>282.26</ele>
   </trkpt>
   <trkpt lat="38.70416" lon="0.01691">
    <ele>282.01000000000005</ele>
   </trkpt>
   <trkpt lat="38.70409" lon="0.016280000000000003">
    <ele>281.78000000000003</ele>
   </trkpt>
   <trkpt lat="38.704040000000006" lon="0.01608">
    <ele>281.76</ele>
   </trkpt>
   <trkpt lat="38.70364" lon="0.015590000000000001">
    <ele>281.87</ele>
   </trkpt>
   <trkpt lat="38.7034" lon="0.015050000000000001">
    <ele>281.88</ele>
   </trkpt>
   <trkpt lat="38.703300000000006" lon="0.014910000000000001">
    <ele>282.03</ele>
   </trkpt>
   <trkpt lat="38.70317" lon="0.014790000000000001">
    <ele>282.06</ele>
   </trkpt>
   <trkpt lat="38.702850000000005" lon="0.014620000000000001">
    <ele>281.96999999999997</ele>
   </trkpt>
   <trkpt lat="38.70268" lon="0.014400000000000001">
    <ele>281.6</ele>
   </trkpt>
   <trkpt lat="38.702560000000005" lon="0.014150000000000001">
    <ele>281.52000000000004</ele>
   </trkpt>
   <trkpt lat="38.702490000000004" lon="0.014050000000000002">
    <ele>281.48</ele>
   </trkpt>
   <trkpt lat="38.702290000000005" lon="0.013920000000000002">
    <ele>281.46999999999997</ele>
   </trkpt>
   <trkpt lat="38.702090000000005" lon="0.01395">
    <ele>281.67</ele>
   </trkpt>
   <trkpt lat="38.70183" lon="0.01412">
    <ele>281.7</ele>
   </trkpt>
   <trkpt lat="38.70159" lon="0.014240000000000001">
    <ele>281.72</ele>
   </trkpt>
   <trkpt lat="38.7013" lon="0.014280000000000001">
    <ele>281.6</ele>
   </trkpt>
   <trkpt lat="38.70111" lon="0.014230000000000001">
    <ele>281.38</ele>
   </trkpt>
   <trkpt lat="38.70089" lon="0.01403">
    <ele>280.69000000000005</ele>
   </trkpt>
   <trkpt lat="38.700790000000005" lon="0.01383">
    <ele>280.69000000000005</ele>
   </trkpt>
   <trkpt lat="38.700660000000006" lon="0.013430000000000001">
    <ele>278.72</ele>
   </trkpt>
   <trkpt lat="38.700570000000006" lon="0.013030000000000002">
    <ele>278.72</ele>
   </trkpt>
   <trkpt lat="38.70046" lon="0.012920000000000001">
    <ele>278.40000000000003</ele>
   </trkpt>
   <trkpt lat="38.700390000000006" lon="0.012910000000000001">
    <ele>278.37</ele>
   </trkpt>
   <trkpt lat="38.70024" lon="0.012990000000000002">
    <ele>278.36</ele>
   </trkpt>
   <trkpt lat="38.70006" lon="0.013240000000000002">
    <ele>278.44</ele>
   </trkpt>
   <trkpt lat="38.69984" lon="0.01348">
    <ele>278.63000000000005</ele>
   </trkpt>
   <trkpt lat="38.699650000000005" lon="0.013770000000000001">
    <ele>278.98</ele>
   </trkpt>
   <trkpt lat="38.69953" lon="0.01404">
    <ele>278.86</ele>
   </trkpt>
   <trkpt lat="38.69946" lon="0.014140000000000002">
    <ele>278.67</ele>
   </trkpt>
   <trkpt lat="38.699380000000005" lon="0.014190000000000001">
    <ele>278.67</ele>
   </trkpt>
   <trkpt lat="38.69912" lon="0.014240000000000001">
    <ele>277.98</ele>
   </trkpt>
   <trkpt lat="38.69897" lon="0.014260000000000002">
    <ele>277.71</ele>
   </trkpt>
   <trkpt lat="38.698570000000004" lon="0.014240000000000001">
    <ele>277.46000000000004</ele>
   </trkpt>
   <trkpt lat="38.698330000000006" lon="0.01421">
    <ele>277.39000000000004</ele>
   </trkpt>
   <trkpt lat="38.698100000000004" lon="0.014090000000000002">
    <ele>277.06</ele>
   </trkpt>
   <trkpt lat="38.69796" lon="0.01395">
    <ele>276.44</ele>
   </trkpt>
   <trkpt lat="38.69785" lon="0.013710000000000002">
    <ele>276.17</ele>
   </trkpt>
   <trkpt lat="38.697860000000006" lon="0.013590000000000001">
    <ele>276.17</ele>
   </trkpt>
   <trkpt lat="38.697990000000004" lon="0.01331">
    <ele>275.27</ele>
   </trkpt>
   <trkpt lat="38.69803" lon="0.013160000000000002">
    <ele>275.27</ele>
   </trkpt>
   <trkpt lat="38.698040000000006" lon="0.013030000000000002">
    <ele>274.2</ele>
   </trkpt>
   <trkpt lat="38.69802" lon="0.012940000000000002">
    <ele>274.2</ele>
   </trkpt>
   <trkpt lat="38.69776" lon="0.01254">
    <ele>273.92</ele>
   </trkpt>
   <trkpt lat="38.697630000000004" lon="0.01237">
    <ele>273.94</ele>
   </trkpt>
   <trkpt lat="38.697590000000005" lon="0.012320000000000001">
    <ele>273.94</ele>
   </trkpt>
   <trkpt lat="38.697520000000004" lon="0.01229">
    <ele>274.98</ele>
   </trkpt>
   <trkpt lat="38.69745" lon="0.01229">
    <ele>274.98</ele>
   </trkpt>
   <trkpt lat="38.6972" lon="0.01234">
    <ele>276.09</ele>
   </trkpt>
   <trkpt lat="38.697070000000004" lon="0.01233">
    <ele>276.49</ele>
   </trkpt>
   <trkpt lat="38.69661" lon="0.01221">
    <ele>279.52000000000004</ele>
   </trkpt>
   <trkpt lat="38.69648" lon="0.01213">
    <ele>280.59</ele>
   </trkpt>
   <trkpt lat="38.69642" lon="0.01204">
    <ele>281.34000000000003</ele>
   </trkpt>
   <trkpt lat="38.696380000000005" lon="0.01195">
    <ele>281.34000000000003</ele>
   </trkpt>
   <trkpt lat="38.69639" lon="0.011750000000000002">
    <ele>283.26</ele>
   </trkpt>
   <trkpt lat="38.696560000000005" lon="0.0111">
    <ele>288.35</ele>
   </trkpt>
   <trkpt lat="38.69659" lon="0.010950000000000001">
    <ele>289.08</ele>
   </trkpt>
   <trkpt lat="38.696580000000004" lon="0.01085">
    <ele>289.62000000000006</ele>
   </trkpt>
   <trkpt lat="38.696540000000006" lon="0.01077">
    <ele>289.95000000000005</ele>
   </trkpt>
   <trkpt lat="38.696450000000006" lon="0.010690000000000002">
    <ele>290.06000000000006</ele>
   </trkpt>
   <trkpt lat="38.69641" lon="0.01068">
    <ele>290.06000000000006</ele>
   </trkpt>
   <trkpt lat="38.696200000000005" lon="0.01072">
    <ele>290.62000000000006</ele>
   </trkpt>
   <trkpt lat="38.696090000000005" lon="0.01071">
    <ele>290.89000000000004</ele>
   </trkpt>
   <trkpt lat="38.69597" lon="0.01064">
    <ele>291.22</ele>
   </trkpt>
   <trkpt lat="38.6959" lon="0.01055">
    <ele>291.77000000000004</ele>
   </trkpt>
   <trkpt lat="38.69577" lon="0.01013">
    <ele>293.81</ele>
   </trkpt>
   <trkpt lat="38.6957" lon="0.009810000000000001">
    <ele>295.78999999999996</ele>
   </trkpt>
   <trkpt lat="38.6957" lon="0.009680000000000001">
    <ele>296.19</ele>
   </trkpt>
   <trkpt lat="38.695750000000004" lon="0.009340000000000001">
    <ele>298.87</ele>
   </trkpt>
   <trkpt lat="38.695730000000005" lon="0.009260000000000001">
    <ele>299.63</ele>
   </trkpt>
   <trkpt lat="38.695690000000006" lon="0.009200000000000002">
    <ele>299.96</ele>
   </trkpt>
   <trkpt lat="38.69563" lon="0.009160000000000001">
    <ele>300.50000000000006</ele>
   </trkpt>
   <trkpt lat="38.695550000000004" lon="0.009170000000000001">
    <ele>300.89000000000004</ele>
   </trkpt>
   <trkpt lat="38.694950000000006" lon="0.009430000000000001">
    <ele>304.4</ele>
   </trkpt>
   <trkpt lat="38.69473" lon="0.009460000000000001">
    <ele>304.4</ele>
   </trkpt>
   <trkpt lat="38.694480000000006" lon="0.00945">
    <ele>305.11</ele>
   </trkpt>
   <trkpt lat="38.69438" lon="0.00941">
    <ele>305.39000000000004</ele>
   </trkpt>
   <trkpt lat="38.69422" lon="0.00927">
    <ele>306.1</ele>
   </trkpt>
   <trkpt lat="38.69395" lon="0.008990000000000001">
    <ele>307.75</ele>
   </trkpt>
   <trkpt lat="38.69388" lon="0.008870000000000001">
    <ele>308.85</ele>
   </trkpt>
   <trkpt lat="38.693850000000005" lon="0.008700000000000001">
    <ele>309.68</ele>
   </trkpt>
   <trkpt lat="38.69393" lon="0.008270000000000001">
    <ele>312.41</ele>
   </trkpt>
   <trkpt lat="38.69388" lon="0.008150000000000001">
    <ele>313.03000000000003</ele>
   </trkpt>
   <trkpt lat="38.69382" lon="0.00812">
    <ele>313.41</ele>
   </trkpt>
   <trkpt lat="38.693760000000005" lon="0.00813">
    <ele>313.54</ele>
   </trkpt>
   <trkpt lat="38.693310000000004" lon="0.00829">
    <ele>314.6</ele>
   </trkpt>
   <trkpt lat="38.69319" lon="0.008310000000000001">
    <ele>315.0</ele>
   </trkpt>
   <trkpt lat="38.69303" lon="0.0083">
    <ele>316.09000000000003</ele>
   </trkpt>
   <trkpt lat="38.692890000000006" lon="0.00825">
    <ele>317.1</ele>
   </trkpt>
   <trkpt lat="38.692730000000005" lon="0.008110000000000001">
    <ele>317.55</ele>
   </trkpt>
   <trkpt lat="38.69256" lon="0.00783">
    <ele>319.25</ele>
   </trkpt>
   <trkpt lat="38.692460000000004" lon="0.00757">
    <ele>321.42</ele>
   </trkpt>
   <trkpt lat="38.69232" lon="0.0069700000000000005">
    <ele>324.75000000000006</ele>
   </trkpt>
   <trkpt lat="38.69227" lon="0.00689">
    <ele>325.02000000000004</ele>
   </trkpt>
   <trkpt lat="38.6922" lon="0.006860000000000001">
    <ele>325.47</ele>
   </trkpt>
   <trkpt lat="38.69211000000001" lon="0.006860000000000001">
    <ele>325.90000000000003</ele>
   </trkpt>
   <trkpt lat="38.69187" lon="0.007010000000000001">
    <ele>326.62</ele>
   </trkpt>
   <trkpt lat="38.691770000000005" lon="0.007050000000000001">
    <ele>326.99</ele>
   </trkpt>
   <trkpt lat="38.69164000000001" lon="0.00702">
    <ele>327.42</ele>
   </trkpt>
   <trkpt lat="38.69158" lon="0.006980000000000001">
    <ele>327.42</ele>
   </trkpt>
   <trkpt lat="38.691520000000004" lon="0.00689">
    <ele>328.83</ele>
   </trkpt>
   <trkpt lat="38.69144" lon="0.006710000000000001">
    <ele>329.28000000000003</ele>
   </trkpt>
   <trkpt lat="38.691250000000004" lon="0.00602">
    <ele>331.39</ele>
   </trkpt>
   <trkpt lat="38.6912" lon="0.00574">
    <ele>333.18</ele>
   </trkpt>
   <trkpt lat="38.69117" lon="0.005350000000000001">
    <ele>335.05</ele>
   </trkpt>
   <trkpt lat="38.69117" lon="0.00519">
    <ele>336.1</ele>
   </trkpt>
   <trkpt lat="38.6912" lon="0.0050100000000000006">
    <ele>337.67</ele>
   </trkpt>
   <trkpt lat="38.6914" lon="0.00428">
    <ele>343.09</ele>
   </trkpt>
   <trkpt lat="38.691410000000005" lon="0.0041400000000000005">
    <ele>343.79</ele>
   </trkpt>
   <trkpt lat="38.69138" lon="0.004050000000000001">
    <ele>344.08000000000004</ele>
   </trkpt>
   <trkpt lat="38.691340000000004" lon="0.0040100000000000005">
    <ele>344.54</ele>
   </trkpt>
   <trkpt lat="38.69126" lon="0.004">
    <ele>344.72</ele>
   </trkpt>
   <trkpt lat="38.69116" lon="0.00402">
    <ele>345.03</ele>
   </trkpt>
   <trkpt lat="38.69089" lon="0.004240000000000001">
    <ele>346.18000000000006</ele>
   </trkpt>
   <trkpt lat="38.69053" lon="0.00442">
    <ele>347.45000000000005</ele>
   </trkpt>
   <trkpt lat="38.69006" lon="0.004730000000000001">
    <ele>349.67</ele>
   </trkpt>
   <trkpt lat="38.68999" lon="0.004730000000000001">
    <ele>349.77000000000004</ele>
   </trkpt>
   <trkpt lat="38.68995" lon="0.004710000000000001">
    <ele>349.84000000000003</ele>
   </trkpt>
   <trkpt lat="38.6899" lon="0.00464">
    <ele>349.98</ele>
   </trkpt>
   <trkpt lat="38.68988" lon="0.00455">
    <ele>349.98</ele>
   </trkpt>
   <trkpt lat="38.68988" lon="0.004430000000000001">
    <ele>350.68000000000006</ele>
   </trkpt>
   <trkpt lat="38.689930000000004" lon="0.004030000000000001">
    <ele>351.99</ele>
   </trkpt>
   <trkpt lat="38.68995" lon="0.00369">
    <ele>352.92</ele>
   </trkpt>
   <trkpt lat="38.689935002061354" lon="0.002995000070893824">
    <ele>357.22</ele>
   </trkpt>
   <trkpt lat="38.68992" lon="0.0023000000000000004">
    <ele>361.01000000000005</ele>
   </trkpt>
   <trkpt lat="38.68994" lon="0.00159">
    <ele>365.74</ele>
   </trkpt>
   <trkpt lat="38.689980000000006" lon="0.00141">
    <ele>365.74</ele>
   </trkpt>
   <trkpt lat="38.690090000000005" lon="0.00125">
    <ele>367.97</ele>
   </trkpt>
   <trkpt lat="38.69012" lon="0.0011300000000000001">
    <ele>367.97</ele>
   </trkpt>
   <trkpt lat="38.69005000000001" lon="0.0006900000000000001">
    <ele>370.89000000000004</ele>
   </trkpt>
   <trkpt lat="38.690090000000005" lon="0.00058">
    <ele>371.54</ele>
   </trkpt>
   <trkpt lat="38.69019" lon="0.00047000000000000004">
    <ele>372.08000000000004</ele>
   </trkpt>
   <trkpt lat="38.69064" lon="0.00018">
    <ele>375.00000000000006</ele>
   </trkpt>
   <trkpt lat="38.69086" lon="-2.0e-05">
    <ele>376.22</ele>
   </trkpt>
   <trkpt lat="38.690940000000005" lon="-0.00015000000000000001">
    <ele>376.89000000000004</ele>
   </trkpt>
   <trkpt lat="38.69095" lon="-0.00022">
    <ele>376.97</ele>
   </trkpt>
   <trkpt lat="38.690920000000006" lon="-0.00031">
    <ele>377.00000000000006</ele>
   </trkpt>
   <trkpt lat="38.69084" lon="-0.00036">
    <ele>376.9</ele>
   </trkpt>
   <trkpt lat="38.690220000000004" lon="-0.00034">
    <ele>374.61000000000007</ele>
   </trkpt>
   <trkpt lat="38.68986" lon="-0.00042">
    <ele>373.3</ele>
   </trkpt>
   <trkpt lat="38.689710000000005" lon="-0.00054">
    <ele>373.18</ele>
   </trkpt>
   <trkpt lat="38.68965" lon="-0.00064">
    <ele>373.33000000000004</ele>
   </trkpt>
   <trkpt lat="38.68948" lon="-0.00107">
    <ele>374.52000000000004</ele>
   </trkpt>
   <trkpt lat="38.689400000000006" lon="-0.0011400000000000002">
    <ele>374.52000000000004</ele>
   </trkpt>
   <trkpt lat="38.689310000000006" lon="-0.0011">
    <ele>374.66</ele>
   </trkpt>
   <trkpt lat="38.68918" lon="-0.00097">
    <ele>374.78000000000003</ele>
   </trkpt>
   <trkpt lat="38.68898" lon="-0.00059">
    <ele>374.95</ele>
   </trkpt>
   <trkpt lat="38.68894" lon="-0.00046">
    <ele>375.08000000000004</ele>
   </trkpt>
   <trkpt lat="38.68878" lon="0.0004">
    <ele>375.8</ele>
   </trkpt>
   <trkpt lat="38.68873" lon="0.00054">
    <ele>375.84</ele>
   </trkpt>
   <trkpt lat="38.68865" lon="0.0006600000000000001">
    <ele>375.76000000000005</ele>
   </trkpt>
   <trkpt lat="38.688250000000004" lon="0.0011">
    <ele>375.57</ele>
   </trkpt>
   <trkpt lat="38.68813" lon="0.0012100000000000001">
    <ele>375.79</ele>
   </trkpt>
   <trkpt lat="38.68804" lon="0.0012200000000000002">
    <ele>375.79</ele>
   </trkpt>
   <trkpt lat="38.68782" lon="0.00119">
    <ele>375.82000000000005</ele>
   </trkpt>
   <trkpt lat="38.687740000000005" lon="0.0012200000000000002">
    <ele>375.82000000000005</ele>
   </trkpt>
   <trkpt lat="38.687490000000004" lon="0.0015">
    <ele>375.56</ele>
   </trkpt>
   <trkpt lat="38.687380000000005" lon="0.00184">
    <ele>375.64000000000004</ele>
   </trkpt>
   <trkpt lat="38.687270000000005" lon="0.00198">
    <ele>375.61000000000007</ele>
   </trkpt>
   <trkpt lat="38.68722" lon="0.00199">
    <ele>375.61000000000007</ele>
   </trkpt>
   <trkpt lat="38.68714000000001" lon="0.00197">
    <ele>375.61000000000007</ele>
   </trkpt>
   <trkpt lat="38.687050000000006" lon="0.0019100000000000002">
    <ele>375.46000000000004</ele>
   </trkpt>
   <trkpt lat="38.68674" lon="0.00144">
    <ele>375.68</ele>
   </trkpt>
   <trkpt lat="38.68659" lon="0.00125">
    <ele>375.71000000000004</ele>
   </trkpt>
   <trkpt lat="38.686420000000005" lon="0.00108">
    <ele>375.55000000000007</ele>
   </trkpt>
   <trkpt lat="38.68627" lon="0.00097">
    <ele>375.55000000000007</ele>
   </trkpt>
   <trkpt lat="38.686150000000005" lon="0.00092">
    <ele>375.44000000000005</ele>
   </trkpt>
   <trkpt lat="38.686080000000004" lon="0.0009100000000000001">
    <ele>375.44000000000005</ele>
   </trkpt>
   <trkpt lat="38.68596" lon="0.0009400000000000001">
    <ele>375.43</ele>
   </trkpt>
   <trkpt lat="38.68585" lon="0.00101">
    <ele>375.55000000000007</ele>
   </trkpt>
   <trkpt lat="38.68569" lon="0.0012300000000000002">
    <ele>375.71000000000004</ele>
   </trkpt>
   <trkpt lat="38.68562" lon="0.00128">
    <ele>376.08000000000004</ele>
   </trkpt>
   <trkpt lat="38.68554" lon="0.0013000000000000002">
    <ele>376.08000000000004</ele>
   </trkpt>
   <trkpt lat="38.68544" lon="0.00127">
    <ele>376.16</ele>
   </trkpt>
   <trkpt lat="38.68538" lon="0.00119">
    <ele>376.17</ele>
   </trkpt>
   <trkpt lat="38.685340000000004" lon="0.0010600000000000002">
    <ele>376.17</ele>
   </trkpt>
   <trkpt lat="38.685320000000004" lon="0.0009100000000000001">
    <ele>376.09000000000003</ele>
   </trkpt>
   <trkpt lat="38.685410000000005" lon="0.00023">
    <ele>375.82000000000005</ele>
   </trkpt>
   <trkpt lat="38.685480000000005" lon="-8.0e-05">
    <ele>375.82000000000005</ele>
   </trkpt>
   <trkpt lat="38.685680000000005" lon="-0.00079">
    <ele>375.43</ele>
   </trkpt>
   <trkpt lat="38.685750000000006" lon="-0.0009600000000000001">
    <ele>375.36</ele>
   </trkpt>
   <trkpt lat="38.68591" lon="-0.00117">
    <ele>375.36</ele>
   </trkpt>
   <trkpt lat="38.68607" lon="-0.00133">
    <ele>375.16</ele>
   </trkpt>
   <trkpt lat="38.686170000000004" lon="-0.00141">
    <ele>375.14000000000004</ele>
   </trkpt>
   <trkpt lat="38.68661" lon="-0.0015700000000000002">
    <ele>375.93</ele>
   </trkpt>
   <trkpt lat="38.68665" lon="-0.0016600000000000002">
    <ele>375.93</ele>
   </trkpt>
   <trkpt lat="38.68663" lon="-0.0017400000000000002">
    <ele>375.93</ele>
   </trkpt>
   <trkpt lat="38.686260000000004" lon="-0.00234">
    <ele>375.44000000000005</ele>
   </trkpt>
   <trkpt lat="38.68625" lon="-0.0024300000000000003">
    <ele>375.63</ele>
   </trkpt>
   <trkpt lat="38.68627" lon="-0.0026300000000000004">
    <ele>375.63</ele>
   </trkpt>
   <trkpt lat="38.686330000000005" lon="-0.00286">
    <ele>375.76000000000005</ele>
   </trkpt>
   <trkpt lat="38.6863" lon="-0.00299">
    <ele>375.76000000000005</ele>
   </trkpt>
   <trkpt lat="38.686170000000004" lon="-0.0031100000000000004">
    <ele>375.8</ele>
   </trkpt>
   <trkpt lat="38.68603" lon="-0.00316">
    <ele>375.8</ele>
   </trkpt>
   <trkpt lat="38.68587" lon="-0.00316">
    <ele>375.8</ele>
   </trkpt>
   <trkpt lat="38.68545" lon="-0.00301">
    <ele>375.66</ele>
   </trkpt>
   <trkpt lat="38.68529" lon="-0.00299">
    <ele>375.86</ele>
   </trkpt>
   <trkpt lat="38.68516" lon="-0.003">
    <ele>376.27000000000004</ele>
   </trkpt>
   <trkpt lat="38.685030000000005" lon="-0.00304">
    <ele>376.27000000000004</ele>
   </trkpt>
   <trkpt lat="38.68479000000001" lon="-0.0031500000000000005">
    <ele>376.48</ele>
   </trkpt>
   <trkpt lat="38.68451" lon="-0.0033200000000000005">
    <ele>376.52000000000004</ele>
   </trkpt>
   <trkpt lat="38.68403" lon="-0.0037">
    <ele>376.50000000000006</ele>
   </trkpt>
   <trkpt lat="38.683840000000004" lon="-0.00388">
    <ele>376.43</ele>
   </trkpt>
   <trkpt lat="38.68376000000001" lon="-0.00402">
    <ele>376.49000000000007</ele>
   </trkpt>
   <trkpt lat="38.68372" lon="-0.00417">
    <ele>376.49000000000007</ele>
   </trkpt>
   <trkpt lat="38.68365" lon="-0.00432">
    <ele>376.49000000000007</ele>
   </trkpt>
   <trkpt lat="38.683530000000005" lon="-0.00438">
    <ele>376.47</ele>
   </trkpt>
   <trkpt lat="38.683400000000006" lon="-0.00432">
    <ele>376.47</ele>
   </trkpt>
   <trkpt lat="38.683240000000005" lon="-0.00432">
    <ele>376.43</ele>
   </trkpt>
   <trkpt lat="38.68319" lon="-0.00436">
    <ele>376.43</ele>
   </trkpt>
   <trkpt lat="38.68314" lon="-0.004430000000000001">
    <ele>376.46000000000004</ele>
   </trkpt>
   <trkpt lat="38.682950000000005" lon="-0.00489">
    <ele>376.39000000000004</ele>
   </trkpt>
   <trkpt lat="38.68289" lon="-0.00529">
    <ele>376.06</ele>
   </trkpt>
   <trkpt lat="38.68271" lon="-0.0058000000000000005">
    <ele>375.84</ele>
   </trkpt>
   <trkpt lat="38.68247" lon="-0.00644">
    <ele>375.63</ele>
   </trkpt>
   <trkpt lat="38.682390000000005" lon="-0.0068000000000000005">
    <ele>375.43</ele>
   </trkpt>
   <trkpt lat="38.68247" lon="-0.0071">
    <ele>375.35</ele>
   </trkpt>
   <trkpt lat="38.68245" lon="-0.00725">
    <ele>375.07</ele>
   </trkpt>
   <trkpt lat="38.68233" lon="-0.00736">
    <ele>374.99000000000007</ele>
   </trkpt>
   <trkpt lat="38.681960000000004" lon="-0.00755">
    <ele>375.29</ele>
   </trkpt>
   <trkpt lat="38.681850000000004" lon="-0.0076500000000000005">
    <ele>375.35</ele>
   </trkpt>
   <trkpt lat="38.68182" lon="-0.0077">
    <ele>375.35</ele>
   </trkpt>
   <trkpt lat="38.6818" lon="-0.00782">
    <ele>375.39000000000004</ele>
   </trkpt>
   <trkpt lat="38.6818" lon="-0.00791">
    <ele>375.39000000000004</ele>
   </trkpt>
   <trkpt lat="38.68184" lon="-0.00809">
    <ele>375.49000000000007</ele>
   </trkpt>
   <trkpt lat="38.681830000000005" lon="-0.00829">
    <ele>375.49000000000007</ele>
   </trkpt>
   <trkpt lat="38.68179000000001" lon="-0.00838">
    <ele>375.46000000000004</ele>
   </trkpt>
   <trkpt lat="38.68169" lon="-0.00851">
    <ele>375.39000000000004</ele>
   </trkpt>
   <trkpt lat="38.681490000000004" lon="-0.00867">
    <ele>375.04</ele>
   </trkpt>
   <trkpt lat="38.681400000000004" lon="-0.00871">
    <ele>375.04</ele>
   </trkpt>
   <trkpt lat="38.68133" lon="-0.00871">
    <ele>375.04</ele>
   </trkpt>
   <trkpt lat="38.681290000000004" lon="-0.00868">
    <ele>374.94000000000005</ele>
   </trkpt>
   <trkpt lat="38.681230000000006" lon="-0.00859">
    <ele>374.94000000000005</ele>
   </trkpt>
   <trkpt lat="38.68103" lon="-0.008140000000000001">
    <ele>374.97</ele>
   </trkpt>
   <trkpt lat="38.68092" lon="-0.00808">
    <ele>374.97</ele>
   </trkpt>
   <trkpt lat="38.68084" lon="-0.00805">
    <ele>374.95</ele>
   </trkpt>
   <trkpt lat="38.68066" lon="-0.00812">
    <ele>374.95</ele>
   </trkpt>
   <trkpt lat="38.68057" lon="-0.00821">
    <ele>374.98</ele>
   </trkpt>
   <trkpt lat="38.68027" lon="-0.00871">
    <ele>375.13</ele>
   </trkpt>
   <trkpt lat="38.67987" lon="-0.00952">
    <ele>375.74</ele>
   </trkpt>
   <trkpt lat="38.679700000000004" lon="-0.00995">
    <ele>375.44000000000005</ele>
   </trkpt>
   <trkpt lat="38.679590000000005" lon="-0.01004">
    <ele>375.16</ele>
   </trkpt>
   <trkpt lat="38.67931" lon="-0.01016">
    <ele>374.37</ele>
   </trkpt>
   <trkpt lat="38.67893" lon="-0.01041">
    <ele>374.19</ele>
   </trkpt>
   <trkpt lat="38.678760000000004" lon="-0.01046">
    <ele>374.37</ele>
   </trkpt>
   <trkpt lat="38.67866" lon="-0.010450000000000001">
    <ele>374.58000000000004</ele>
   </trkpt>
   <trkpt lat="38.67831" lon="-0.010320000000000001">
    <ele>375.33000000000004</ele>
   </trkpt>
   <trkpt lat="38.67822" lon="-0.01037">
    <ele>375.33000000000004</ele>
   </trkpt>
   <trkpt lat="38.678160000000005" lon="-0.01041">
    <ele>375.58000000000004</ele>
   </trkpt>
   <trkpt lat="38.6781" lon="-0.010490000000000001">
    <ele>375.58000000000004</ele>
   </trkpt>
   <trkpt lat="38.678070000000005" lon="-0.01064">
    <ele>375.51</ele>
   </trkpt>
   <trkpt lat="38.678070000000005" lon="-0.010750000000000001">
    <ele>375.48</ele>
   </trkpt>
   <trkpt lat="38.678140000000006" lon="-0.01106">
    <ele>375.57</ele>
   </trkpt>
   <trkpt lat="38.67815" lon="-0.01119">
    <ele>375.57</ele>
   </trkpt>
   <trkpt lat="38.67813" lon="-0.011430000000000001">
    <ele>375.59000000000003</ele>
   </trkpt>
   <trkpt lat="38.677980000000005" lon="-0.01186">
    <ele>375.61000000000007</ele>
   </trkpt>
   <trkpt lat="38.67759" lon="-0.01254">
    <ele>375.98</ele>
   </trkpt>
   <trkpt lat="38.677550000000004" lon="-0.01271">
    <ele>375.99000000000007</ele>
   </trkpt>
   <trkpt lat="38.677580000000006" lon="-0.012830000000000001">
    <ele>375.93</ele>
   </trkpt>
   <trkpt lat="38.677640000000004" lon="-0.01289">
    <ele>375.93</ele>
   </trkpt>
   <trkpt lat="38.677910000000004" lon="-0.01305">
    <ele>375.50000000000006</ele>
   </trkpt>
   <trkpt lat="38.678180000000005" lon="-0.01331">
    <ele>375.25</ele>
   </trkpt>
   <trkpt lat="38.678360000000005" lon="-0.013470000000000001">
    <ele>375.25</ele>
   </trkpt>
   <trkpt lat="38.678450000000005" lon="-0.01349">
    <ele>375.25</ele>
   </trkpt>
   <trkpt lat="38.67859" lon="-0.01352">
    <ele>375.06</ele>
   </trkpt>
   <trkpt lat="38.67869" lon="-0.01352">
    <ele>375.06</ele>
   </trkpt>
   <trkpt lat="38.678790000000006" lon="-0.013470000000000001">
    <ele>375.04</ele>
   </trkpt>
   <trkpt lat="38.679080000000006" lon="-0.013300000000000001">
    <ele>375.46000000000004</ele>
   </trkpt>
   <trkpt lat="38.679230000000004" lon="-0.013260000000000001">
    <ele>375.46000000000004</ele>
   </trkpt>
   <trkpt lat="38.67954" lon="-0.01331">
    <ele>375.73</ele>
   </trkpt>
   <trkpt lat="38.67987" lon="-0.013540000000000002">
    <ele>376.12</ele>
   </trkpt>
   <trkpt lat="38.68012" lon="-0.013970000000000002">
    <ele>376.1</ele>
   </trkpt>
   <trkpt lat="38.68014" lon="-0.014110000000000001">
    <ele>375.91</ele>
   </trkpt>
   <trkpt lat="38.680130000000005" lon="-0.014320000000000001">
    <ele>375.88000000000005</ele>
   </trkpt>
   <trkpt lat="38.68003" lon="-0.014580000000000001">
    <ele>375.92</ele>
   </trkpt>
   <trkpt lat="38.67994" lon="-0.01468">
    <ele>376.15000000000003</ele>
   </trkpt>
   <trkpt lat="38.67985" lon="-0.01472">
    <ele>376.16</ele>
   </trkpt>
   <trkpt lat="38.67949" lon="-0.01476">
    <ele>375.99000000000007</ele>
   </trkpt>
   <trkpt lat="38.67938" lon="-0.01484">
    <ele>375.99000000000007</ele>
   </trkpt>
   <trkpt lat="38.67916" lon="-0.01518">
    <ele>375.98</ele>
   </trkpt>
   <trkpt lat="38.678610000000006" lon="-0.0154">
    <ele>376.03000000000003</ele>
   </trkpt>
   <trkpt lat="38.67851" lon="-0.01552">
    <ele>376.03000000000003</ele>
   </trkpt>
   <trkpt lat="38.678380000000004" lon="-0.0159">
    <ele>376.06</ele>
   </trkpt>
   <trkpt lat="38.67833" lon="-0.01592">
    <ele>376.06</ele>
   </trkpt>
   <trkpt lat="38.678290000000004" lon="-0.01597">
    <ele>376.02000000000004</ele>
   </trkpt>
   <trkpt lat="38.67822" lon="-0.015960000000000002">
    <ele>376.02000000000004</ele>
   </trkpt>
   <trkpt lat="38.6781" lon="-0.015880000000000002">
    <ele>376.06</ele>
   </trkpt>
   <trkpt lat="38.677760000000006" lon="-0.01548">
    <ele>375.97</ele>
   </trkpt>
   <trkpt lat="38.67765" lon="-0.015390000000000001">
    <ele>375.89000000000004</ele>
   </trkpt>
   <trkpt lat="38.677550000000004" lon="-0.01535">
    <ele>375.76000000000005</ele>
   </trkpt>
   <trkpt lat="38.677330000000005" lon="-0.015300000000000001">
    <ele>375.22</ele>
   </trkpt>
   <trkpt lat="38.67656" lon="-0.015260000000000001">
    <ele>374.55000000000007</ele>
   </trkpt>
   <trkpt lat="38.67636" lon="-0.015170000000000001">
    <ele>374.1700000000001</ele>
   </trkpt>
   <trkpt lat="38.676010000000005" lon="-0.01488">
    <ele>373.57</ele>
   </trkpt>
   <trkpt lat="38.67584" lon="-0.01471">
    <ele>373.24</ele>
   </trkpt>
   <trkpt lat="38.67571" lon="-0.01467">
    <ele>372.82000000000005</ele>
   </trkpt>
   <trkpt lat="38.6756" lon="-0.014750000000000001">
    <ele>372.05</ele>
   </trkpt>
   <trkpt lat="38.675430000000006" lon="-0.014960000000000001">
    <ele>371.15000000000003</ele>
   </trkpt>
   <trkpt lat="38.67533" lon="-0.01519">
    <ele>370.15000000000003</ele>
   </trkpt>
   <trkpt lat="38.67537" lon="-0.015470000000000001">
    <ele>369.02</ele>
   </trkpt>
   <trkpt lat="38.675520000000006" lon="-0.01614">
    <ele>367.87</ele>
   </trkpt>
   <trkpt lat="38.675850000000004" lon="-0.01685">
    <ele>365.79</ele>
   </trkpt>
   <trkpt lat="38.675920000000005" lon="-0.01712">
    <ele>365.65000000000003</ele>
   </trkpt>
   <trkpt lat="38.67588000000001" lon="-0.018080000000000002">
    <ele>365.61</ele>
   </trkpt>
   <trkpt lat="38.67591" lon="-0.01819">
    <ele>365.52</ele>
   </trkpt>
   <trkpt lat="38.676030000000004" lon="-0.01845">
    <ele>364.67</ele>
   </trkpt>
   <trkpt lat="38.67611" lon="-0.019030000000000002">
    <ele>362.56000000000006</ele>
   </trkpt>
   <trkpt lat="38.676080000000006" lon="-0.019190000000000002">
    <ele>362.43</ele>
   </trkpt>
   <trkpt lat="38.675990000000006" lon="-0.0193">
    <ele>362.55</ele>
   </trkpt>
   <trkpt lat="38.675810000000006" lon="-0.019360000000000002">
    <ele>363.09000000000003</ele>
   </trkpt>
   <trkpt lat="38.675700000000006" lon="-0.019280000000000002">
    <ele>363.38000000000005</ele>
   </trkpt>
   <trkpt lat="38.675650000000005" lon="-0.019190000000000002">
    <ele>363.38000000000005</ele>
   </trkpt>
   <trkpt lat="38.67559" lon="-0.018860000000000002">
    <ele>363.93</ele>
   </trkpt>
   <trkpt lat="38.67535" lon="-0.01854">
    <ele>364.13</ele>
   </trkpt>
   <trkpt lat="38.67501" lon="-0.01787">
    <ele>364.50000000000006</ele>
   </trkpt>
   <trkpt lat="38.674730000000004" lon="-0.01761">
    <ele>365.34000000000003</ele>
   </trkpt>
   <trkpt lat="38.67461" lon="-0.017550000000000003">
    <ele>366.09000000000003</ele>
   </trkpt>
   <trkpt lat="38.674400000000006" lon="-0.01746">
    <ele>367.18</ele>
   </trkpt>
   <trkpt lat="38.674110000000006" lon="-0.017390000000000003">
    <ele>368.95000000000005</ele>
   </trkpt>
   <trkpt lat="38.674020000000006" lon="-0.01743">
    <ele>369.29</ele>
   </trkpt>
   <trkpt lat="38.67394" lon="-0.017490000000000002">
    <ele>369.57</ele>
   </trkpt>
   <trkpt lat="38.67381" lon="-0.01761">
    <ele>369.76000000000005</ele>
   </trkpt>
   <trkpt lat="38.67376" lon="-0.01778">
    <ele>369.65000000000003</ele>
   </trkpt>
   <trkpt lat="38.673770000000005" lon="-0.017910000000000002">
    <ele>369.51</ele>
   </trkpt>
   <trkpt lat="38.67399" lon="-0.01846">
    <ele>369.34000000000003</ele>
   </trkpt>
   <trkpt lat="38.67407" lon="-0.0188">
    <ele>369.64000000000004</ele>
   </trkpt>
   <trkpt lat="38.674040000000005" lon="-0.019110000000000002">
    <ele>369.8</ele>
   </trkpt>
   <trkpt lat="38.673860000000005" lon="-0.02008">
    <ele>371.91</ele>
   </trkpt>
   <trkpt lat="38.673840000000006" lon="-0.02052">
    <ele>372.42</ele>
   </trkpt>
   <trkpt lat="38.673840000000006" lon="-0.02127">
    <ele>373.32000000000005</ele>
   </trkpt>
   <trkpt lat="38.673790000000004" lon="-0.02144">
    <ele>373.65000000000003</ele>
   </trkpt>
   <trkpt lat="38.673700000000004" lon="-0.02153">
    <ele>373.65000000000003</ele>
   </trkpt>
   <trkpt lat="38.673610000000004" lon="-0.021580000000000002">
    <ele>374.04</ele>
   </trkpt>
   <trkpt lat="38.67349" lon="-0.021580000000000002">
    <ele>374.21000000000004</ele>
   </trkpt>
   <trkpt lat="38.67334" lon="-0.021480000000000003">
    <ele>374.34</ele>
   </trkpt>
   <trkpt lat="38.673300000000005" lon="-0.021400000000000002">
    <ele>374.52000000000004</ele>
   </trkpt>
   <trkpt lat="38.673210000000005" lon="-0.02049">
    <ele>375.56</ele>
   </trkpt>
   <trkpt lat="38.67298" lon="-0.019700000000000002">
    <ele>376.66</ele>
   </trkpt>
   <trkpt lat="38.672880000000006" lon="-0.01949">
    <ele>376.85</ele>
   </trkpt>
   <trkpt lat="38.672720000000005" lon="-0.01932">
    <ele>377.52000000000004</ele>
   </trkpt>
   <trkpt lat="38.672430000000006" lon="-0.019110000000000002">
    <ele>378.69</ele>
   </trkpt>
   <trkpt lat="38.67226" lon="-0.019030000000000002">
    <ele>379.43000000000006</ele>
   </trkpt>
   <trkpt lat="38.671940000000006" lon="-0.01873">
    <ele>380.85</ele>
   </trkpt>
   <trkpt lat="38.67184" lon="-0.0187">
    <ele>380.95</ele>
   </trkpt>
   <trkpt lat="38.671760000000006" lon="-0.01871">
    <ele>380.93000000000006</ele>
   </trkpt>
   <trkpt lat="38.671640000000004" lon="-0.01888">
    <ele>380.86</ele>
   </trkpt>
   <trkpt lat="38.67156000000001" lon="-0.01905">
    <ele>380.51</ele>
   </trkpt>
   <trkpt lat="38.671440001313634" lon="-0.01960500091977654">
    <ele>380.48</ele>
   </trkpt>
   <trkpt lat="38.67132" lon="-0.02016">
    <ele>380.78</ele>
   </trkpt>
   <trkpt lat="38.671120001508825" lon="-0.020740001397962008">
    <ele>381.15000000000003</ele>
   </trkpt>
   <trkpt lat="38.67092" lon="-0.021320000000000002">
    <ele>381.08000000000004</ele>
   </trkpt>
   <trkpt lat="38.67081" lon="-0.021490000000000002">
    <ele>380.92</ele>
   </trkpt>
   <trkpt lat="38.670680000000004" lon="-0.021580000000000002">
    <ele>380.89</ele>
   </trkpt>
   <trkpt lat="38.67051" lon="-0.021750000000000002">
    <ele>380.99000000000007</ele>
   </trkpt>
   <trkpt lat="38.67027" lon="-0.02205">
    <ele>381.24</ele>
   </trkpt>
   <trkpt lat="38.67009" lon="-0.02244">
    <ele>381.84000000000003</ele>
   </trkpt>
   <trkpt lat="38.67002" lon="-0.022510000000000002">
    <ele>381.94000000000005</ele>
   </trkpt>
   <trkpt lat="38.669940000000004" lon="-0.022510000000000002">
    <ele>381.97</ele>
   </trkpt>
   <trkpt lat="38.669880000000006" lon="-0.02245">
    <ele>381.93000000000006</ele>
   </trkpt>
   <trkpt lat="38.669850000000004" lon="-0.02239">
    <ele>381.86</ele>
   </trkpt>
   <trkpt lat="38.66986" lon="-0.022330000000000003">
    <ele>381.76000000000005</ele>
   </trkpt>
   <trkpt lat="38.670080000000006" lon="-0.02188">
    <ele>380.67</ele>
   </trkpt>
   <trkpt lat="38.67014" lon="-0.021660000000000002">
    <ele>380.59000000000003</ele>
   </trkpt>
   <trkpt lat="38.67034" lon="-0.02068">
    <ele>381.69</ele>
   </trkpt>
   <trkpt lat="38.67033" lon="-0.02025">
    <ele>382.92</ele>
   </trkpt>
   <trkpt lat="38.670280000000005" lon="-0.020130000000000002">
    <ele>383.19</ele>
   </trkpt>
   <trkpt lat="38.67022" lon="-0.02007">
    <ele>383.64000000000004</ele>
   </trkpt>
   <trkpt lat="38.67014" lon="-0.020050000000000002">
    <ele>383.64000000000004</ele>
   </trkpt>
   <trkpt lat="38.670030000000004" lon="-0.020050000000000002">
    <ele>384.03000000000003</ele>
   </trkpt>
   <trkpt lat="38.6696" lon="-0.02033">
    <ele>385.62</ele>
   </trkpt>
   <trkpt lat="38.66946" lon="-0.02035">
    <ele>386.28000000000003</ele>
   </trkpt>
   <trkpt lat="38.669340000000005" lon="-0.02031">
    <ele>386.37000000000006</ele>
   </trkpt>
   <trkpt lat="38.66931" lon="-0.020220000000000002">
    <ele>386.37000000000006</ele>
   </trkpt>
   <trkpt lat="38.669270000000004" lon="-0.02016">
    <ele>386.61</ele>
   </trkpt>
   <trkpt lat="38.66919" lon="-0.01964">
    <ele>387.35</ele>
   </trkpt>
   <trkpt lat="38.66908" lon="-0.01915">
    <ele>388.59000000000003</ele>
   </trkpt>
   <trkpt lat="38.66902" lon="-0.01905">
    <ele>389.41</ele>
   </trkpt>
   <trkpt lat="38.668940000000006" lon="-0.01897">
    <ele>389.41</ele>
   </trkpt>
   <trkpt lat="38.66852" lon="-0.018840000000000003">
    <ele>390.57</ele>
   </trkpt>
   <trkpt lat="38.66837" lon="-0.01881">
    <ele>391.14000000000004</ele>
   </trkpt>
   <trkpt lat="38.66827" lon="-0.018850000000000002">
    <ele>391.3</ele>
   </trkpt>
   <trkpt lat="38.66816" lon="-0.018930000000000002">
    <ele>391.47</ele>
   </trkpt>
   <trkpt lat="38.6681" lon="-0.01899">
    <ele>391.48</ele>
   </trkpt>
   <trkpt lat="38.66809000000001" lon="-0.01914">
    <ele>391.40000000000003</ele>
   </trkpt>
   <trkpt lat="38.66819" lon="-0.01939">
    <ele>391.43000000000006</ele>
   </trkpt>
   <trkpt lat="38.66839" lon="-0.01972">
    <ele>392.37000000000006</ele>
   </trkpt>
   <trkpt lat="38.668440000000004" lon="-0.0199">
    <ele>392.37000000000006</ele>
   </trkpt>
   <trkpt lat="38.66846" lon="-0.020050000000000002">
    <ele>392.74</ele>
   </trkpt>
   <trkpt lat="38.66845" lon="-0.02048">
    <ele>393.91</ele>
   </trkpt>
   <trkpt lat="38.66841" lon="-0.020640000000000002">
    <ele>394.90000000000003</ele>
   </trkpt>
   <trkpt lat="38.66836" lon="-0.02074">
    <ele>395.6</ele>
   </trkpt>
   <trkpt lat="38.66823" lon="-0.02092">
    <ele>397.97</ele>
   </trkpt>
   <trkpt lat="38.66823" lon="-0.021">
    <ele>397.97</ele>
   </trkpt>
   <trkpt lat="38.66828" lon="-0.021070000000000002">
    <ele>397.97</ele>
   </trkpt>
   <trkpt lat="38.668350000000004" lon="-0.021070000000000002">
    <ele>400.66</ele>
   </trkpt>
   <trkpt lat="38.668440000000004" lon="-0.02093">
    <ele>400.66</ele>
   </trkpt>
   <trkpt lat="38.66854" lon="-0.02069">
    <ele>403.11</ele>
   </trkpt>
   <trkpt lat="38.66863" lon="-0.0204">
    <ele>406.29</ele>
   </trkpt>
   <trkpt lat="38.668710000000004" lon="-0.02034">
    <ele>407.0</ele>
   </trkpt>
   <trkpt lat="38.66877" lon="-0.020390000000000002">
    <ele>407.5</ele>
   </trkpt>
   <trkpt lat="38.66881" lon="-0.02043">
    <ele>407.5</ele>
   </trkpt>
   <trkpt lat="38.66893" lon="-0.021490000000000002">
    <ele>415.26</ele>
   </trkpt>
   <trkpt lat="38.66893" lon="-0.02168">
    <ele>416.88</ele>
   </trkpt>
   <trkpt lat="38.66883" lon="-0.02211">
    <ele>420.06000000000006</ele>
   </trkpt>
   <trkpt lat="38.668820000000004" lon="-0.02228">
    <ele>421.21000000000004</ele>
   </trkpt>
   <trkpt lat="38.6688700040977" lon="-0.023259999493608324">
    <ele>426.57000000000005</ele>
   </trkpt>
   <trkpt lat="38.66892" lon="-0.02424">
    <ele>432.53000000000003</ele>
   </trkpt>
   <trkpt lat="38.66902" lon="-0.024640000000000002">
    <ele>435.64000000000004</ele>
   </trkpt>
   <trkpt lat="38.66927500181384" lon="-0.025284997810775856">
    <ele>441.1700000000001</ele>
   </trkpt>
   <trkpt lat="38.66953" lon="-0.02593">
    <ele>447.29</ele>
   </trkpt>
   <trkpt lat="38.66977" lon="-0.026420000000000003">
    <ele>454.25000000000006</ele>
   </trkpt>
   <trkpt lat="38.66989000234329" lon="-0.027159998833757408">
    <ele>460.12</ele>
   </trkpt>
   <trkpt lat="38.670010000000005" lon="-0.0279">
    <ele>468.57000000000005</ele>
   </trkpt>
   <trkpt lat="38.67006000000001" lon="-0.028040000000000002">
    <ele>470.34000000000003</ele>
   </trkpt>
   <trkpt lat="38.67033" lon="-0.02857">
    <ele>476.07000000000005</ele>
   </trkpt>
   <trkpt lat="38.670440000000006" lon="-0.02884">
    <ele>477.91</ele>
   </trkpt>
   <trkpt lat="38.67065" lon="-0.029480000000000003">
    <ele>482.21000000000004</ele>
   </trkpt>
   <trkpt lat="38.670915000850954" lon="-0.029954998045312303">
    <ele>483.27000000000004</ele>
   </trkpt>
   <trkpt lat="38.67118" lon="-0.030430000000000002">
    <ele>484.11</ele>
   </trkpt>
   <trkpt lat="38.67127" lon="-0.030770000000000002">
    <ele>485.56000000000006</ele>
   </trkpt>
   <trkpt lat="38.671330000000005" lon="-0.03168">
    <ele>493.57000000000005</ele>
   </trkpt>
   <trkpt lat="38.671290000000006" lon="-0.03195">
    <ele>496.88000000000005</ele>
   </trkpt>
   <trkpt lat="38.67121" lon="-0.0322">
    <ele>502.31</ele>
   </trkpt>
   <trkpt lat="38.67119" lon="-0.03232">
    <ele>502.31</ele>
   </trkpt>
   <trkpt lat="38.67121" lon="-0.03241">
    <ele>504.93</ele>
   </trkpt>
   <trkpt lat="38.671260000000004" lon="-0.03254">
    <ele>507.49</ele>
   </trkpt>
   <trkpt lat="38.671350000000004" lon="-0.0327">
    <ele>509.8400000000001</ele>
   </trkpt>
   <trkpt lat="38.67186" lon="-0.03343">
    <ele>519.72</ele>
   </trkpt>
   <trkpt lat="38.67204" lon="-0.03386">
    <ele>522.6800000000001</ele>
   </trkpt>
   <trkpt lat="38.67228000252664" lon="-0.03462999742648197">
    <ele>525.4300000000001</ele>
   </trkpt>
   <trkpt lat="38.672520000000006" lon="-0.0354">
    <ele>529.1800000000001</ele>
   </trkpt>
   <trkpt lat="38.672850002351936" lon="-0.0361499964452971">
    <ele>539.1700000000001</ele>
   </trkpt>
   <trkpt lat="38.67318" lon="-0.0369">
    <ele>550.5500000000001</ele>
   </trkpt>
   <trkpt lat="38.673280000000005" lon="-0.03705">
    <ele>552.7800000000001</ele>
   </trkpt>
   <trkpt lat="38.67345" lon="-0.03717">
    <ele>555.1700000000001</ele>
   </trkpt>
   <trkpt lat="38.6739" lon="-0.03739">
    <ele>559.8000000000001</ele>
   </trkpt>
   <trkpt lat="38.67398" lon="-0.03742">
    <ele>560.18</ele>
   </trkpt>
   <trkpt lat="38.674200000000006" lon="-0.03737">
    <ele>560.37</ele>
   </trkpt>
   <trkpt lat="38.674640000000004" lon="-0.03708">
    <ele>560.0200000000001</ele>
   </trkpt>
   <trkpt lat="38.6751" lon="-0.03662">
    <ele>562.19</ele>
   </trkpt>
   <trkpt lat="38.67515" lon="-0.036590000000000004">
    <ele>562.19</ele>
   </trkpt>
   <trkpt lat="38.67524" lon="-0.0366">
    <ele>563.4800000000001</ele>
   </trkpt>
   <trkpt lat="38.67537" lon="-0.03671">
    <ele>564.44</ele>
   </trkpt>
   <trkpt lat="38.67542" lon="-0.03685">
    <ele>567.03</ele>
   </trkpt>
   <trkpt lat="38.67541000000001" lon="-0.03699">
    <ele>567.03</ele>
   </trkpt>
   <trkpt lat="38.67498500411065" lon="-0.03796500564333721">
    <ele>580.1800000000001</ele>
   </trkpt>
   <trkpt lat="38.67456000000001" lon="-0.03894">
    <ele>590.86</ele>
   </trkpt>
   <trkpt lat="38.674490000000006" lon="-0.03912">
    <ele>590.86</ele>
   </trkpt>
   <trkpt lat="38.67443" lon="-0.039360000000000006">
    <ele>593.37</ele>
   </trkpt>
   <trkpt lat="38.674400000000006" lon="-0.039720000000000005">
    <ele>597.1200000000001</ele>
   </trkpt>
   <trkpt lat="38.674440000000004" lon="-0.03998">
    <ele>601.3900000000001</ele>
   </trkpt>
   <trkpt lat="38.67457" lon="-0.040310000000000006">
    <ele>602.83</ele>
   </trkpt>
   <trkpt lat="38.675070000000005" lon="-0.04093">
    <ele>607.04</ele>
   </trkpt>
   <trkpt lat="38.67551" lon="-0.04186">
    <ele>615.3700000000001</ele>
   </trkpt>
   <trkpt lat="38.67557" lon="-0.04202">
    <ele>615.6600000000001</ele>
   </trkpt>
   <trkpt lat="38.67559" lon="-0.0422">
    <ele>615.53</ele>
   </trkpt>
   <trkpt lat="38.67553" lon="-0.0427">
    <ele>614.36</ele>
   </trkpt>
   <trkpt lat="38.67555" lon="-0.04288">
    <ele>613.83</ele>
   </trkpt>
   <trkpt lat="38.6756" lon="-0.043000000000000003">
    <ele>613.83</ele>
   </trkpt>
   <trkpt lat="38.67562" lon="-0.04301000000000001">
    <ele>613.72</ele>
   </trkpt>
   <trkpt lat="38.67602" lon="-0.04284">
    <ele>612.6600000000001</ele>
   </trkpt>
   <trkpt lat="38.676210000000005" lon="-0.042820000000000004">
    <ele>612.36</ele>
   </trkpt>
   <trkpt lat="38.67638" lon="-0.04284">
    <ele>612.24</ele>
   </trkpt>
   <trkpt lat="38.67649" lon="-0.042890000000000005">
    <ele>612.45</ele>
   </trkpt>
   <trkpt lat="38.676570000000005" lon="-0.043000000000000003">
    <ele>612.62</ele>
   </trkpt>
   <trkpt lat="38.6766" lon="-0.04311">
    <ele>612.85</ele>
   </trkpt>
   <trkpt lat="38.676610000000004" lon="-0.04331">
    <ele>613.5400000000001</ele>
   </trkpt>
   <trkpt lat="38.67665" lon="-0.04349">
    <ele>614.63</ele>
   </trkpt>
   <trkpt lat="38.676730000000006" lon="-0.043660000000000004">
    <ele>615.2200000000001</ele>
   </trkpt>
   <trkpt lat="38.67683" lon="-0.04374">
    <ele>615.5500000000001</ele>
   </trkpt>
   <trkpt lat="38.677060000000004" lon="-0.04388">
    <ele>616.08</ele>
   </trkpt>
   <trkpt lat="38.67765" lon="-0.04406">
    <ele>615.56</ele>
   </trkpt>
   <trkpt lat="38.67777" lon="-0.04413">
    <ele>615.24</ele>
   </trkpt>
   <trkpt lat="38.67824" lon="-0.044660000000000005">
    <ele>616.0500000000001</ele>
   </trkpt>
   <trkpt lat="38.67855" lon="-0.04494">
    <ele>617.44</ele>
   </trkpt>
   <trkpt lat="38.678610000000006" lon="-0.04497">
    <ele>617.74</ele>
   </trkpt>
   <trkpt lat="38.67887" lon="-0.044910000000000005">
    <ele>617.99</ele>
   </trkpt>
   <trkpt lat="38.67897" lon="-0.0449">
    <ele>617.73</ele>
   </trkpt>
   <trkpt lat="38.679170000000006" lon="-0.04481">
    <ele>617.36</ele>
   </trkpt>
   <trkpt lat="38.679790000000004" lon="-0.044340000000000004">
    <ele>617.14</ele>
   </trkpt>
   <trkpt lat="38.6799" lon="-0.04429">
    <ele>617.1000000000001</ele>
   </trkpt>
   <trkpt lat="38.680060000000005" lon="-0.04424">
    <ele>616.92</ele>
   </trkpt>
   <trkpt lat="38.68025" lon="-0.04433">
    <ele>616.34</ele>
   </trkpt>
   <trkpt lat="38.68028" lon="-0.04444">
    <ele>616.3100000000001</ele>
   </trkpt>
   <trkpt lat="38.680220000000006" lon="-0.04501">
    <ele>616.63</ele>
   </trkpt>
   <trkpt lat="38.68029000000001" lon="-0.045380000000000004">
    <ele>617.21</ele>
   </trkpt>
   <trkpt lat="38.68032" lon="-0.045470000000000003">
    <ele>617.1800000000001</ele>
   </trkpt>
   <trkpt lat="38.68037" lon="-0.045540000000000004">
    <ele>617.0300000000001</ele>
   </trkpt>
   <trkpt lat="38.680440000000004" lon="-0.04562">
    <ele>616.83</ele>
   </trkpt>
   <trkpt lat="38.680640000000004" lon="-0.04574">
    <ele>615.89</ele>
   </trkpt>
   <trkpt lat="38.680780000000006" lon="-0.04594">
    <ele>615.68</ele>
   </trkpt>
   <trkpt lat="38.680780000000006" lon="-0.046040000000000005">
    <ele>615.59</ele>
   </trkpt>
   <trkpt lat="38.68076000000001" lon="-0.04612">
    <ele>615.6</ele>
   </trkpt>
   <trkpt lat="38.68052" lon="-0.046490000000000004">
    <ele>616.84</ele>
   </trkpt>
   <trkpt lat="38.68041" lon="-0.04685">
    <ele>617.5400000000001</ele>
   </trkpt>
   <trkpt lat="38.68038000000001" lon="-0.04707">
    <ele>617.5400000000001</ele>
   </trkpt>
   <trkpt lat="38.680440000000004" lon="-0.04798">
    <ele>616.5400000000001</ele>
   </trkpt>
   <trkpt lat="38.680580000000006" lon="-0.04821">
    <ele>615.1600000000001</ele>
   </trkpt>
   <trkpt lat="38.680600000000005" lon="-0.04832">
    <ele>615.1600000000001</ele>
   </trkpt>
   <trkpt lat="38.68056" lon="-0.048690000000000004">
    <ele>613.1500000000001</ele>
   </trkpt>
   <trkpt lat="38.680620000000005" lon="-0.04891">
    <ele>611.8100000000001</ele>
   </trkpt>
   <trkpt lat="38.68068" lon="-0.04898">
    <ele>611.57</ele>
   </trkpt>
   <trkpt lat="38.68077" lon="-0.04905">
    <ele>611.0500000000001</ele>
   </trkpt>
   <trkpt lat="38.681090000000005" lon="-0.04909">
    <ele>608.74</ele>
   </trkpt>
   <trkpt lat="38.68119" lon="-0.04907">
    <ele>608.74</ele>
   </trkpt>
   <trkpt lat="38.681470000000004" lon="-0.04886">
    <ele>605.84</ele>
   </trkpt>
   <trkpt lat="38.681670000000004" lon="-0.04882">
    <ele>604.8</ele>
   </trkpt>
   <trkpt lat="38.68186" lon="-0.04886">
    <ele>604.0000000000001</ele>
   </trkpt>
   <trkpt lat="38.68191" lon="-0.04891">
    <ele>603.87</ele>
   </trkpt>
   <trkpt lat="38.68195" lon="-0.049">
    <ele>603.7600000000001</ele>
   </trkpt>
   <trkpt lat="38.68195" lon="-0.04911">
    <ele>603.6</ele>
   </trkpt>
   <trkpt lat="38.681810000000006" lon="-0.04959">
    <ele>603.5600000000001</ele>
   </trkpt>
   <trkpt lat="38.68169" lon="-0.05011">
    <ele>604.59</ele>
   </trkpt>
   <trkpt lat="38.681670000000004" lon="-0.050660000000000004">
    <ele>605.26</ele>
   </trkpt>
   <trkpt lat="38.68173" lon="-0.05113">
    <ele>605.41</ele>
   </trkpt>
   <trkpt lat="38.68173" lon="-0.05145">
    <ele>605.34</ele>
   </trkpt>
   <trkpt lat="38.681700000000006" lon="-0.05152">
    <ele>605.3900000000001</ele>
   </trkpt>
   <trkpt lat="38.681610000000006" lon="-0.05165">
    <ele>605.53</ele>
   </trkpt>
   <trkpt lat="38.681050000000006" lon="-0.05222">
    <ele>608.5200000000001</ele>
   </trkpt>
   <trkpt lat="38.6809" lon="-0.0524">
    <ele>608.87</ele>
   </trkpt>
   <trkpt lat="38.68061" lon="-0.052930000000000005">
    <ele>610.7600000000001</ele>
   </trkpt>
   <trkpt lat="38.680440000000004" lon="-0.05333">
    <ele>611.5600000000001</ele>
   </trkpt>
   <trkpt lat="38.68027" lon="-0.05392">
    <ele>613.6700000000001</ele>
   </trkpt>
   <trkpt lat="38.680200000000006" lon="-0.054060000000000004">
    <ele>613.6700000000001</ele>
   </trkpt>
   <trkpt lat="38.679970000000004" lon="-0.05437">
    <ele>615.26</ele>
   </trkpt>
   <trkpt lat="38.679790000000004" lon="-0.054650000000000004">
    <ele>616.8100000000001</ele>
   </trkpt>
   <trkpt lat="38.679610000000004" lon="-0.05512">
    <ele>618.41</ele>
   </trkpt>
   <trkpt lat="38.67962" lon="-0.05535">
    <ele>619.36</ele>
   </trkpt>
   <trkpt lat="38.67971" lon="-0.055510000000000004">
    <ele>619.7900000000001</ele>
   </trkpt>
   <trkpt lat="38.679860000000005" lon="-0.05555">
    <ele>619.8800000000001</ele>
   </trkpt>
   <trkpt lat="38.68029000000001" lon="-0.055600000000000004">
    <ele>618.12</ele>
   </trkpt>
   <trkpt lat="38.68039" lon="-0.05557">
    <ele>617.6100000000001</ele>
   </trkpt>
   <trkpt lat="38.68047" lon="-0.05553">
    <ele>617.6100000000001</ele>
   </trkpt>
   <trkpt lat="38.68117" lon="-0.05496">
    <ele>614.89</ele>
   </trkpt>
   <trkpt lat="38.6815" lon="-0.0548">
    <ele>613.47</ele>
   </trkpt>
   <trkpt lat="38.68177" lon="-0.05478">
    <ele>612.46</ele>
   </trkpt>
   <trkpt lat="38.682100000000005" lon="-0.0548">
    <ele>610.57</ele>
   </trkpt>
   <trkpt lat="38.68251" lon="-0.05487">
    <ele>609.8800000000001</ele>
   </trkpt>
   <trkpt lat="38.6828" lon="-0.05496">
    <ele>609.71</ele>
   </trkpt>
   <trkpt lat="38.68292" lon="-0.05496">
    <ele>609.47</ele>
   </trkpt>
   <trkpt lat="38.683080000000004" lon="-0.05487">
    <ele>609.0600000000001</ele>
   </trkpt>
   <trkpt lat="38.683310000000006" lon="-0.05467">
    <ele>607.0300000000001</ele>
   </trkpt>
   <trkpt lat="38.68363" lon="-0.0543">
    <ele>606.2700000000001</ele>
   </trkpt>
   <trkpt lat="38.68381" lon="-0.05403">
    <ele>604.83</ele>
   </trkpt>
   <trkpt lat="38.68395" lon="-0.05392">
    <ele>604.1500000000001</ele>
   </trkpt>
   <trkpt lat="38.6841" lon="-0.0539">
    <ele>603.58</ele>
   </trkpt>
   <trkpt lat="38.68459" lon="-0.05394">
    <ele>601.36</ele>
   </trkpt>
   <trkpt lat="38.684740000000005" lon="-0.0539">
    <ele>599.74</ele>
   </trkpt>
   <trkpt lat="38.68498" lon="-0.05374">
    <ele>599.1700000000001</ele>
   </trkpt>
   <trkpt lat="38.685050000000004" lon="-0.05335">
    <ele>596.82</ele>
   </trkpt>
   <trkpt lat="38.68509" lon="-0.05326">
    <ele>594.7600000000001</ele>
   </trkpt>
   <trkpt lat="38.68513" lon="-0.05322">
    <ele>594.7600000000001</ele>
   </trkpt>
   <trkpt lat="38.68527" lon="-0.05324">
    <ele>593.98</ele>
   </trkpt>
   <trkpt lat="38.685500000000005" lon="-0.05349">
    <ele>590.96</ele>
   </trkpt>
   <trkpt lat="38.685610000000004" lon="-0.05367">
    <ele>589.71</ele>
   </trkpt>
   <trkpt lat="38.685610000000004" lon="-0.053810000000000004">
    <ele>589.71</ele>
   </trkpt>
   <trkpt lat="38.68551" lon="-0.05394">
    <ele>588.4200000000001</ele>
   </trkpt>
   <trkpt lat="38.68538" lon="-0.05399">
    <ele>588.4200000000001</ele>
   </trkpt>
   <trkpt lat="38.685010000000005" lon="-0.05433">
    <ele>584.2</ele>
   </trkpt>
   <trkpt lat="38.68471" lon="-0.05455">
    <ele>581.89</ele>
   </trkpt>
   <trkpt lat="38.68468" lon="-0.0546">
    <ele>581.89</ele>
   </trkpt>
   <trkpt lat="38.68468" lon="-0.054740000000000004">
    <ele>581.1</ele>
   </trkpt>
   <trkpt lat="38.68470000000001" lon="-0.054740000000000004">
    <ele>581.1</ele>
   </trkpt>
   <trkpt lat="38.684720000000006" lon="-0.05478">
    <ele>580.07</ele>
   </trkpt>
   <trkpt lat="38.684900000000006" lon="-0.0548">
    <ele>579.35</ele>
   </trkpt>
   <trkpt lat="38.685480000000005" lon="-0.05478">
    <ele>572.65</ele>
   </trkpt>
   <trkpt lat="38.686130000000006" lon="-0.0546">
    <ele>567.55</ele>
   </trkpt>
   <trkpt lat="38.686240000000005" lon="-0.0546">
    <ele>567.55</ele>
   </trkpt>
   <trkpt lat="38.686730000000004" lon="-0.05476">
    <ele>563.0</ele>
   </trkpt>
   <trkpt lat="38.68697" lon="-0.05478">
    <ele>561.22</ele>
   </trkpt>
   <trkpt lat="38.68732" lon="-0.05467">
    <ele>557.72</ele>
   </trkpt>
   <trkpt lat="38.6876" lon="-0.05453">
    <ele>554.6300000000001</ele>
   </trkpt>
   <trkpt lat="38.688190000000006" lon="-0.05435">
    <ele>552.08</ele>
   </trkpt>
   <trkpt lat="38.688410000000005" lon="-0.054240000000000003">
    <ele>549.61</ele>
   </trkpt>
   <trkpt lat="38.68851" lon="-0.054130000000000005">
    <ele>548.91</ele>
   </trkpt>
   <trkpt lat="38.688680000000005" lon="-0.05387">
    <ele>547.23</ele>
   </trkpt>
   <trkpt lat="38.68885" lon="-0.053470000000000004">
    <ele>544.37</ele>
   </trkpt>
   <trkpt lat="38.68891" lon="-0.0534">
    <ele>541.62</ele>
   </trkpt>
   <trkpt lat="38.689150000000005" lon="-0.053200000000000004">
    <ele>540.15</ele>
   </trkpt>
   <trkpt lat="38.68956" lon="-0.05301">
    <ele>536.83</ele>
   </trkpt>
   <trkpt lat="38.68979" lon="-0.05297">
    <ele>536.2600000000001</ele>
   </trkpt>
   <trkpt lat="38.69026500015145" lon="-0.05281000104802201">
    <ele>532.82</ele>
   </trkpt>
   <trkpt lat="38.690740000000005" lon="-0.05265">
    <ele>529.2300000000001</ele>
   </trkpt>
   <trkpt lat="38.69138" lon="-0.05213">
    <ele>522.9200000000001</ele>
   </trkpt>
   <trkpt lat="38.691770000000005" lon="-0.0519">
    <ele>521.72</ele>
   </trkpt>
   <trkpt lat="38.69212" lon="-0.0519">
    <ele>521.03</ele>
   </trkpt>
   <trkpt lat="38.69218" lon="-0.05195">
    <ele>520.84</ele>
   </trkpt>
   <trkpt lat="38.692310000000006" lon="-0.05215">
    <ele>520.7</ele>
   </trkpt>
   <trkpt lat="38.69238" lon="-0.05217">
    <ele>520.8000000000001</ele>
   </trkpt>
   <trkpt lat="38.69252" lon="-0.052110000000000004">
    <ele>520.99</ele>
   </trkpt>
   <trkpt lat="38.69285" lon="-0.051680000000000004">
    <ele>521.5000000000001</ele>
   </trkpt>
   <trkpt lat="38.69294" lon="-0.05161">
    <ele>521.37</ele>
   </trkpt>
   <trkpt lat="38.693180000000005" lon="-0.05147">
    <ele>520.1800000000001</ele>
   </trkpt>
   <trkpt lat="38.693380000000005" lon="-0.0514">
    <ele>519.86</ele>
   </trkpt>
   <trkpt lat="38.69375" lon="-0.05133000000000001">
    <ele>517.98</ele>
   </trkpt>
   <trkpt lat="38.69389" lon="-0.051320000000000005">
    <ele>516.49</ele>
   </trkpt>
   <trkpt lat="38.694280000000006" lon="-0.05136">
    <ele>514.73</ele>
   </trkpt>
   <trkpt lat="38.69435" lon="-0.051340000000000004">
    <ele>514.73</ele>
   </trkpt>
   <trkpt lat="38.69446000000001" lon="-0.05122">
    <ele>513.94</ele>
   </trkpt>
   <trkpt lat="38.69454" lon="-0.05097">
    <ele>512.9200000000001</ele>
   </trkpt>
   <trkpt lat="38.6946" lon="-0.0509">
    <ele>512.9200000000001</ele>
   </trkpt>
   <trkpt lat="38.695040000000006" lon="-0.05056">
    <ele>511.6</ele>
   </trkpt>
   <trkpt lat="38.69538" lon="-0.05016">
    <ele>510.55000000000007</ele>
   </trkpt>
   <trkpt lat="38.69539" lon="-0.05007">
    <ele>510.33000000000004</ele>
   </trkpt>
   <trkpt lat="38.695350000000005" lon="-0.04990000000000001">
    <ele>509.32</ele>
   </trkpt>
   <trkpt lat="38.695170000000005" lon="-0.04959">
    <ele>507.82000000000005</ele>
   </trkpt>
   <trkpt lat="38.69518" lon="-0.0495">
    <ele>507.2300000000001</ele>
   </trkpt>
   <trkpt lat="38.695220000000006" lon="-0.04939">
    <ele>506.9100000000001</ele>
   </trkpt>
   <trkpt lat="38.695350000000005" lon="-0.04923">
    <ele>506.24</ele>
   </trkpt>
   <trkpt lat="38.695730000000005" lon="-0.04891">
    <ele>502.05</ele>
   </trkpt>
   <trkpt lat="38.695820000000005" lon="-0.04877">
    <ele>500.6700000000001</ele>
   </trkpt>
   <trkpt lat="38.696130000000004" lon="-0.04809">
    <ele>497.75</ele>
   </trkpt>
   <trkpt lat="38.6963" lon="-0.04784">
    <ele>496.08</ele>
   </trkpt>
   <trkpt lat="38.69646" lon="-0.04771">
    <ele>494.8</ele>
   </trkpt>
   <trkpt lat="38.69652000000001" lon="-0.04762">
    <ele>494.8</ele>
   </trkpt>
   <trkpt lat="38.69657" lon="-0.0475">
    <ele>493.18000000000006</ele>
   </trkpt>
   <trkpt lat="38.696600000000004" lon="-0.0473">
    <ele>493.18000000000006</ele>
   </trkpt>
   <trkpt lat="38.696600000000004" lon="-0.047150000000000004">
    <ele>492.22</ele>
   </trkpt>
   <trkpt lat="38.69657" lon="-0.04707">
    <ele>492.22</ele>
   </trkpt>
   <trkpt lat="38.6965" lon="-0.046830000000000004">
    <ele>490.75</ele>
   </trkpt>
   <trkpt lat="38.69626" lon="-0.046490000000000004">
    <ele>487.08</ele>
   </trkpt>
   <trkpt lat="38.69626" lon="-0.04633">
    <ele>487.08</ele>
   </trkpt>
   <trkpt lat="38.69637" lon="-0.0461">
    <ele>484.74000000000007</ele>
   </trkpt>
   <trkpt lat="38.69659" lon="-0.045720000000000004">
    <ele>482.30000000000007</ele>
   </trkpt>
   <trkpt lat="38.696670000000005" lon="-0.04562">
    <ele>481.11</ele>
   </trkpt>
   <trkpt lat="38.69679" lon="-0.04553">
    <ele>481.11</ele>
   </trkpt>
   <trkpt lat="38.696960000000004" lon="-0.04537">
    <ele>480.03000000000003</ele>
   </trkpt>
   <trkpt lat="38.69715" lon="-0.04499">
    <ele>477.26</ele>
   </trkpt>
   <trkpt lat="38.69727" lon="-0.04463">
    <ele>474.83000000000004</ele>
   </trkpt>
   <trkpt lat="38.69731" lon="-0.04442">
    <ele>472.95000000000005</ele>
   </trkpt>
   <trkpt lat="38.69733" lon="-0.04406">
    <ele>470.77000000000004</ele>
   </trkpt>
   <trkpt lat="38.69733" lon="-0.04397">
    <ele>470.77000000000004</ele>
   </trkpt>
   <trkpt lat="38.697280000000006" lon="-0.04376">
    <ele>469.9200000000001</ele>
   </trkpt>
   <trkpt lat="38.69727" lon="-0.04356">
    <ele>469.18</ele>
   </trkpt>
   <trkpt lat="38.697320000000005" lon="-0.04338">
    <ele>468.89000000000004</ele>
   </trkpt>
   <trkpt lat="38.69760000105169" lon="-0.042880001980359746">
    <ele>468.23</ele>
   </trkpt>
   <trkpt lat="38.697880000000005" lon="-0.04238">
    <ele>466.85</ele>
   </trkpt>
   <trkpt lat="38.69793000000001" lon="-0.04234">
    <ele>466.6</ele>
   </trkpt>
   <trkpt lat="38.698010000000004" lon="-0.04231">
    <ele>466.05</ele>
   </trkpt>
   <trkpt lat="38.698080000000004" lon="-0.04234">
    <ele>466.05</ele>
   </trkpt>
   <trkpt lat="38.698170000000005" lon="-0.04247">
    <ele>464.36</ele>
   </trkpt>
   <trkpt lat="38.698190000000004" lon="-0.04259">
    <ele>463.6</ele>
   </trkpt>
   <trkpt lat="38.698170000000005" lon="-0.04268">
    <ele>463.6</ele>
   </trkpt>
   <trkpt lat="38.697950000000006" lon="-0.04304">
    <ele>460.79</ele>
   </trkpt>
   <trkpt lat="38.69791" lon="-0.043160000000000004">
    <ele>459.81000000000006</ele>
   </trkpt>
   <trkpt lat="38.69791" lon="-0.0434">
    <ele>458.29</ele>
   </trkpt>
   <trkpt lat="38.69794" lon="-0.043480000000000005">
    <ele>458.29</ele>
   </trkpt>
   <trkpt lat="38.697990000000004" lon="-0.04354">
    <ele>458.29</ele>
   </trkpt>
   <trkpt lat="38.698130000000006" lon="-0.04354">
    <ele>455.57</ele>
   </trkpt>
   <trkpt lat="38.698510000000006" lon="-0.04345">
    <ele>454.46000000000004</ele>
   </trkpt>
   <trkpt lat="38.698730000000005" lon="-0.043320000000000004">
    <ele>450.49000000000007</ele>
   </trkpt>
   <trkpt lat="38.698840000000004" lon="-0.04329">
    <ele>449.47</ele>
   </trkpt>
   <trkpt lat="38.699090000000005" lon="-0.043300000000000005">
    <ele>447.92</ele>
   </trkpt>
   <trkpt lat="38.69914" lon="-0.043340000000000004">
    <ele>447.67</ele>
   </trkpt>
   <trkpt lat="38.699200000000005" lon="-0.04352">
    <ele>447.05000000000007</ele>
   </trkpt>
   <trkpt lat="38.69928" lon="-0.04449">
    <ele>444.08000000000004</ele>
   </trkpt>
   <trkpt lat="38.6993" lon="-0.04458">
    <ele>443.66</ele>
   </trkpt>
   <trkpt lat="38.69934000000001" lon="-0.04463">
    <ele>443.66</ele>
   </trkpt>
   <trkpt lat="38.699400000000004" lon="-0.04465">
    <ele>443.66</ele>
   </trkpt>
   <trkpt lat="38.699470000000005" lon="-0.04465">
    <ele>442.26000000000005</ele>
   </trkpt>
   <trkpt lat="38.70002" lon="-0.04431">
    <ele>438.43</ele>
   </trkpt>
   <trkpt lat="38.700190000000006" lon="-0.044320000000000005">
    <ele>437.97</ele>
   </trkpt>
   <trkpt lat="38.700410000000005" lon="-0.044410000000000005">
    <ele>438.1</ele>
   </trkpt>
   <trkpt lat="38.70046" lon="-0.0444">
    <ele>438.1</ele>
   </trkpt>
   <trkpt lat="38.70051" lon="-0.044340000000000004">
    <ele>438.13</ele>
   </trkpt>
   <trkpt lat="38.70053" lon="-0.044270000000000004">
    <ele>438.1</ele>
   </trkpt>
   <trkpt lat="38.700500000000005" lon="-0.044000000000000004">
    <ele>437.77000000000004</ele>
   </trkpt>
   <trkpt lat="38.70055" lon="-0.04365">
    <ele>436.39000000000004</ele>
   </trkpt>
   <trkpt lat="38.70055" lon="-0.043410000000000004">
    <ele>435.93</ele>
   </trkpt>
   <trkpt lat="38.7006" lon="-0.04329">
    <ele>435.55</ele>
   </trkpt>
   <trkpt lat="38.70067" lon="-0.0432">
    <ele>435.55</ele>
   </trkpt>
   <trkpt lat="38.700750000000006" lon="-0.04313">
    <ele>435.55</ele>
   </trkpt>
   <trkpt lat="38.700860000000006" lon="-0.043070000000000004">
    <ele>434.28000000000003</ele>
   </trkpt>
   <trkpt lat="38.701040000000006" lon="-0.04302">
    <ele>434.28000000000003</ele>
   </trkpt>
   <trkpt lat="38.70112" lon="-0.04302">
    <ele>434.28000000000003</ele>
   </trkpt>
   <trkpt lat="38.70129" lon="-0.043070000000000004">
    <ele>433.78000000000003</ele>
   </trkpt>
   <trkpt lat="38.701350000000005" lon="-0.04311">
    <ele>433.78000000000003</ele>
   </trkpt>
   <trkpt lat="38.70136" lon="-0.043120000000000006">
    <ele>433.77000000000004</ele>
   </trkpt>
   <trkpt lat="38.70183" lon="-0.04342">
    <ele>433.3</ele>
   </trkpt>
   <trkpt lat="38.70192" lon="-0.0434">
    <ele>433.12000000000006</ele>
   </trkpt>
   <trkpt lat="38.702000000000005" lon="-0.04331">
    <ele>433.11</ele>
   </trkpt>
   <trkpt lat="38.70252" lon="-0.042480000000000004">
    <ele>435.98</ele>
   </trkpt>
   <trkpt lat="38.702580000000005" lon="-0.04241">
    <ele>436.06000000000006</ele>
   </trkpt>
   <trkpt lat="38.703" lon="-0.04216">
    <ele>435.99</ele>
   </trkpt>
   <trkpt lat="38.703320000000005" lon="-0.04186">
    <ele>435.97</ele>
   </trkpt>
   <trkpt lat="38.70403" lon="-0.04168">
    <ele>436.39000000000004</ele>
   </trkpt>
   <trkpt lat="38.704530000000005" lon="-0.0417">
    <ele>436.61000000000007</ele>
   </trkpt>
   <trkpt lat="38.704620000000006" lon="-0.04168">
    <ele>436.7300000000001</ele>
   </trkpt>
   <trkpt lat="38.7049" lon="-0.04148">
    <ele>436.93</ele>
   </trkpt>
   <trkpt lat="38.70519" lon="-0.04139">
    <ele>437.89000000000004</ele>
   </trkpt>
   <trkpt lat="38.705490000000005" lon="-0.04134">
    <ele>438.46</ele>
   </trkpt>
   <trkpt lat="38.70572000000001" lon="-0.04125">
    <ele>439.96000000000004</ele>
   </trkpt>
   <trkpt lat="38.7058" lon="-0.0412">
    <ele>439.96000000000004</ele>
   </trkpt>
   <trkpt lat="38.70611" lon="-0.040850000000000004">
    <ele>440.77000000000004</ele>
   </trkpt>
   <trkpt lat="38.70627" lon="-0.04075">
    <ele>441.38000000000005</ele>
   </trkpt>
   <trkpt lat="38.70673" lon="-0.04054000000000001">
    <ele>442.77000000000004</ele>
   </trkpt>
   <trkpt lat="38.707" lon="-0.0405">
    <ele>443.42</ele>
   </trkpt>
   <trkpt lat="38.707440000000005" lon="-0.0405">
    <ele>444.34000000000003</ele>
   </trkpt>
   <trkpt lat="38.708000000000006" lon="-0.04036">
    <ele>444.54</ele>
   </trkpt>
   <trkpt lat="38.708180000000006" lon="-0.040400000000000005">
    <ele>443.89000000000004</ele>
   </trkpt>
   <trkpt lat="38.7083" lon="-0.04045">
    <ele>443.50000000000006</ele>
   </trkpt>
   <trkpt lat="38.70848" lon="-0.04064">
    <ele>442.45</ele>
   </trkpt>
   <trkpt lat="38.708580000000005" lon="-0.0407">
    <ele>441.99000000000007</ele>
   </trkpt>
   <trkpt lat="38.708690000000004" lon="-0.04075">
    <ele>441.74</ele>
   </trkpt>
   <trkpt lat="38.709270000000004" lon="-0.04084">
    <ele>440.97</ele>
   </trkpt>
   <trkpt lat="38.70937" lon="-0.04084">
    <ele>440.79</ele>
   </trkpt>
   <trkpt lat="38.70947" lon="-0.04075">
    <ele>439.94000000000005</ele>
   </trkpt>
   <trkpt lat="38.70989" lon="-0.03994">
    <ele>436.22</ele>
   </trkpt>
   <trkpt lat="38.70998" lon="-0.03982">
    <ele>435.8</ele>
   </trkpt>
   <trkpt lat="38.710080000000005" lon="-0.03975">
    <ele>435.56000000000006</ele>
   </trkpt>
   <trkpt lat="38.71067" lon="-0.03957">
    <ele>435.68</ele>
   </trkpt>
   <trkpt lat="38.71076" lon="-0.03957">
    <ele>435.68</ele>
   </trkpt>
   <trkpt lat="38.710840000000005" lon="-0.039630000000000006">
    <ele>435.68</ele>
   </trkpt>
   <trkpt lat="38.71092" lon="-0.03977">
    <ele>435.71000000000004</ele>
   </trkpt>
   <trkpt lat="38.711130000000004" lon="-0.04077">
    <ele>436.61000000000007</ele>
   </trkpt>
   <trkpt lat="38.71125" lon="-0.04105">
    <ele>436.61000000000007</ele>
   </trkpt>
   <trkpt lat="38.711380000000005" lon="-0.04123">
    <ele>436.91</ele>
   </trkpt>
   <trkpt lat="38.711450000000006" lon="-0.041280000000000004">
    <ele>436.95000000000005</ele>
   </trkpt>
   <trkpt lat="38.7115" lon="-0.0413">
    <ele>436.95000000000005</ele>
   </trkpt>
   <trkpt lat="38.711580000000005" lon="-0.0413">
    <ele>436.91</ele>
   </trkpt>
   <trkpt lat="38.71172" lon="-0.04123">
    <ele>436.75</ele>
   </trkpt>
   <trkpt lat="38.71219" lon="-0.04084">
    <ele>435.51</ele>
   </trkpt>
   <trkpt lat="38.7128" lon="-0.0405">
    <ele>429.74</ele>
   </trkpt>
   <trkpt lat="38.71289" lon="-0.04041">
    <ele>429.74</ele>
   </trkpt>
   <trkpt lat="38.71339667070953" lon="-0.039723343031146836">
    <ele>424.86</ele>
   </trkpt>
   <trkpt lat="38.713903337403096" lon="-0.039036676328170004">
    <ele>418.19000000000005</ele>
   </trkpt>
   <trkpt lat="38.71441" lon="-0.03835">
    <ele>412.39000000000004</ele>
   </trkpt>
   <trkpt lat="38.71481" lon="-0.0376">
    <ele>409.12</ele>
   </trkpt>
   <trkpt lat="38.715030000000006" lon="-0.03726">
    <ele>401.34000000000003</ele>
   </trkpt>
   <trkpt lat="38.7154" lon="-0.03685">
    <ele>401.34000000000003</ele>
   </trkpt>
   <trkpt lat="38.7158" lon="-0.03606">
    <ele>395.26000000000005</ele>
   </trkpt>
   <trkpt lat="38.716" lon="-0.03579">
    <ele>393.21000000000004</ele>
   </trkpt>
   <trkpt lat="38.716170000000005" lon="-0.03558">
    <ele>390.65000000000003</ele>
   </trkpt>
   <trkpt lat="38.71636" lon="-0.03551">
    <ele>390.65000000000003</ele>
   </trkpt>
   <trkpt lat="38.716860000000004" lon="-0.03542">
    <ele>386.59000000000003</ele>
   </trkpt>
   <trkpt lat="38.717040000000004" lon="-0.03535">
    <ele>385.93000000000006</ele>
   </trkpt>
   <trkpt lat="38.71721" lon="-0.03526">
    <ele>384.88000000000005</ele>
   </trkpt>
   <trkpt lat="38.717290000000006" lon="-0.03515">
    <ele>384.26000000000005</ele>
   </trkpt>
   <trkpt lat="38.71743" lon="-0.03481">
    <ele>381.04</ele>
   </trkpt>
   <trkpt lat="38.71784" lon="-0.03431">
    <ele>377.16</ele>
   </trkpt>
   <trkpt lat="38.71813" lon="-0.03404">
    <ele>374.9</ele>
   </trkpt>
   <trkpt lat="38.718250000000005" lon="-0.03397">
    <ele>374.9</ele>
   </trkpt>
   <trkpt lat="38.718410000000006" lon="-0.03397">
    <ele>371.99</ele>
   </trkpt>
   <trkpt lat="38.718810000000005" lon="-0.03409">
    <ele>368.53000000000003</ele>
   </trkpt>
   <trkpt lat="38.71891" lon="-0.03407">
    <ele>368.53000000000003</ele>
   </trkpt>
   <trkpt lat="38.719260000000006" lon="-0.0339">
    <ele>365.1</ele>
   </trkpt>
   <trkpt lat="38.71954" lon="-0.03365">
    <ele>362.43</ele>
   </trkpt>
   <trkpt lat="38.71987" lon="-0.03322">
    <ele>357.83000000000004</ele>
   </trkpt>
   <trkpt lat="38.719930000000005" lon="-0.03307">
    <ele>357.83000000000004</ele>
   </trkpt>
   <trkpt lat="38.71999" lon="-0.03257">
    <ele>355.75</ele>
   </trkpt>
   <trkpt lat="38.7201" lon="-0.03227">
    <ele>352.18000000000006</ele>
   </trkpt>
   <trkpt lat="38.72021" lon="-0.03209">
    <ele>350.34000000000003</ele>
   </trkpt>
   <trkpt lat="38.720310000000005" lon="-0.032">
    <ele>350.34000000000003</ele>
   </trkpt>
   <trkpt lat="38.72046" lon="-0.03193">
    <ele>348.71000000000004</ele>
   </trkpt>
   <trkpt lat="38.72059" lon="-0.03189">
    <ele>348.71000000000004</ele>
   </trkpt>
   <trkpt lat="38.720710000000004" lon="-0.03182">
    <ele>346.33000000000004</ele>
   </trkpt>
   <trkpt lat="38.720760000000006" lon="-0.03166">
    <ele>345.61</ele>
   </trkpt>
   <trkpt lat="38.720740000000006" lon="-0.03155">
    <ele>344.5</ele>
   </trkpt>
   <trkpt lat="38.720710000000004" lon="-0.0315">
    <ele>344.5</ele>
   </trkpt>
   <trkpt lat="38.72054" lon="-0.03143">
    <ele>343.2</ele>
   </trkpt>
   <trkpt lat="38.72007" lon="-0.03148">
    <ele>342.01000000000005</ele>
   </trkpt>
   <trkpt lat="38.71992" lon="-0.03155">
    <ele>341.79</ele>
   </trkpt>
   <trkpt lat="38.719500000000004" lon="-0.0318">
    <ele>340.30000000000007</ele>
   </trkpt>
   <trkpt lat="38.71941" lon="-0.03177">
    <ele>339.77</ele>
   </trkpt>
   <trkpt lat="38.719350000000006" lon="-0.03173">
    <ele>339.19000000000005</ele>
   </trkpt>
   <trkpt lat="38.71932" lon="-0.03164">
    <ele>338.53000000000003</ele>
   </trkpt>
   <trkpt lat="38.71932" lon="-0.03155">
    <ele>337.4200000000001</ele>
   </trkpt>
   <trkpt lat="38.719370000000005" lon="-0.03146">
    <ele>337.07000000000005</ele>
   </trkpt>
   <trkpt lat="38.71947" lon="-0.03141">
    <ele>336.49</ele>
   </trkpt>
   <trkpt lat="38.719710000000006" lon="-0.0315">
    <ele>335.17</ele>
   </trkpt>
   <trkpt lat="38.71976" lon="-0.03148">
    <ele>334.92</ele>
   </trkpt>
   <trkpt lat="38.71985" lon="-0.03141">
    <ele>334.92</ele>
   </trkpt>
   <trkpt lat="38.719930000000005" lon="-0.03128">
    <ele>332.48</ele>
   </trkpt>
   <trkpt lat="38.71998" lon="-0.03125">
    <ele>332.48</ele>
   </trkpt>
   <trkpt lat="38.72014" lon="-0.031190000000000002">
    <ele>332.48</ele>
   </trkpt>
   <trkpt lat="38.72046" lon="-0.031100000000000003">
    <ele>329.24</ele>
   </trkpt>
   <trkpt lat="38.72063" lon="-0.030930000000000003">
    <ele>327.58000000000004</ele>
   </trkpt>
   <trkpt lat="38.72081" lon="-0.030670000000000003">
    <ele>326.85</ele>
   </trkpt>
   <trkpt lat="38.72097" lon="-0.030320000000000003">
    <ele>323.42</ele>
   </trkpt>
   <trkpt lat="38.721140000000005" lon="-0.03004">
    <ele>320.18</ele>
   </trkpt>
   <trkpt lat="38.72128" lon="-0.029750000000000002">
    <ele>318.0</ele>
   </trkpt>
   <trkpt lat="38.72149" lon="-0.029070000000000002">
    <ele>313.88000000000005</ele>
   </trkpt>
   <trkpt lat="38.721590000000006" lon="-0.0284">
    <ele>312.46000000000004</ele>
   </trkpt>
   <trkpt lat="38.72158" lon="-0.028130000000000002">
    <ele>309.99</ele>
   </trkpt>
   <trkpt lat="38.721700000000006" lon="-0.027870000000000002">
    <ele>307.96</ele>
   </trkpt>
   <trkpt lat="38.721720000000005" lon="-0.027770000000000003">
    <ele>306.8</ele>
   </trkpt>
   <trkpt lat="38.72166" lon="-0.027370000000000002">
    <ele>304.02</ele>
   </trkpt>
   <trkpt lat="38.72166" lon="-0.027280000000000002">
    <ele>304.02</ele>
   </trkpt>
   <trkpt lat="38.72169" lon="-0.027180000000000003">
    <ele>302.46</ele>
   </trkpt>
   <trkpt lat="38.72175" lon="-0.02705">
    <ele>302.46</ele>
   </trkpt>
   <trkpt lat="38.72182" lon="-0.027030000000000002">
    <ele>300.56000000000006</ele>
   </trkpt>
   <trkpt lat="38.72216" lon="-0.02705">
    <ele>298.98</ele>
   </trkpt>
   <trkpt lat="38.722260000000006" lon="-0.027030000000000002">
    <ele>296.89000000000004</ele>
   </trkpt>
   <trkpt lat="38.72281" lon="-0.026350000000000002">
    <ele>291.68000000000006</ele>
   </trkpt>
   <trkpt lat="38.723110000000005" lon="-0.02612">
    <ele>289.14</ele>
   </trkpt>
   <trkpt lat="38.72392" lon="-0.025660000000000002">
    <ele>283.90000000000003</ele>
   </trkpt>
   <trkpt lat="38.72404" lon="-0.025570000000000002">
    <ele>283.02000000000004</ele>
   </trkpt>
   <trkpt lat="38.724270000000004" lon="-0.025150000000000002">
    <ele>280.67</ele>
   </trkpt>
   <trkpt lat="38.72433" lon="-0.024980000000000002">
    <ele>280.23</ele>
   </trkpt>
   <trkpt lat="38.724340000000005" lon="-0.024810000000000002">
    <ele>279.08000000000004</ele>
   </trkpt>
   <trkpt lat="38.72431" lon="-0.024720000000000002">
    <ele>279.08000000000004</ele>
   </trkpt>
   <trkpt lat="38.724230000000006" lon="-0.02459">
    <ele>278.62</ele>
   </trkpt>
   <trkpt lat="38.724160000000005" lon="-0.024560000000000002">
    <ele>278.05</ele>
   </trkpt>
   <trkpt lat="38.724120000000006" lon="-0.024560000000000002">
    <ele>277.38</ele>
   </trkpt>
   <trkpt lat="38.723910000000004" lon="-0.024650000000000002">
    <ele>277.38</ele>
   </trkpt>
   <trkpt lat="38.723780000000005" lon="-0.024640000000000002">
    <ele>274.06</ele>
   </trkpt>
   <trkpt lat="38.723690000000005" lon="-0.02457">
    <ele>274.06</ele>
   </trkpt>
   <trkpt lat="38.72366" lon="-0.024470000000000002">
    <ele>273.35</ele>
   </trkpt>
   <trkpt lat="38.72368" lon="-0.02434">
    <ele>272.36</ele>
   </trkpt>
   <trkpt lat="38.72422" lon="-0.023620000000000002">
    <ele>267.42</ele>
   </trkpt>
   <trkpt lat="38.72449000153242" lon="-0.023035002048306885">
    <ele>264.19000000000005</ele>
   </trkpt>
   <trkpt lat="38.72476" lon="-0.02245">
    <ele>259.72</ele>
   </trkpt>
   <trkpt lat="38.72487" lon="-0.02228">
    <ele>257.39</ele>
   </trkpt>
   <trkpt lat="38.724990000000005" lon="-0.022180000000000002">
    <ele>257.39</ele>
   </trkpt>
   <trkpt lat="38.72563" lon="-0.02194">
    <ele>254.14000000000001</ele>
   </trkpt>
   <trkpt lat="38.7257" lon="-0.02187">
    <ele>254.10999999999999</ele>
   </trkpt>
   <trkpt lat="38.72589" lon="-0.021640000000000003">
    <ele>254.12</ele>
   </trkpt>
   <trkpt lat="38.72592" lon="-0.021550000000000003">
    <ele>254.09000000000003</ele>
   </trkpt>
   <trkpt lat="38.725970000000004" lon="-0.021210000000000003">
    <ele>253.70000000000005</ele>
   </trkpt>
   <trkpt lat="38.72605" lon="-0.021070000000000002">
    <ele>253.26000000000005</ele>
   </trkpt>
   <trkpt lat="38.72625" lon="-0.020800000000000003">
    <ele>252.47000000000003</ele>
   </trkpt>
   <trkpt lat="38.726690000000005" lon="-0.02041">
    <ele>250.12</ele>
   </trkpt>
   <trkpt lat="38.727090000000004" lon="-0.01948">
    <ele>247.13000000000002</ele>
   </trkpt>
   <trkpt lat="38.727120000000006" lon="-0.01922">
    <ele>245.42000000000002</ele>
   </trkpt>
   <trkpt lat="38.727160000000005" lon="-0.01912">
    <ele>245.42000000000002</ele>
   </trkpt>
   <trkpt lat="38.727340000000005" lon="-0.0188">
    <ele>243.01000000000002</ele>
   </trkpt>
   <trkpt lat="38.72755" lon="-0.01853">
    <ele>240.89000000000001</ele>
   </trkpt>
   <trkpt lat="38.727740000000004" lon="-0.01839">
    <ele>239.53000000000003</ele>
   </trkpt>
   <trkpt lat="38.72856" lon="-0.01794">
    <ele>235.23000000000002</ele>
   </trkpt>
   <trkpt lat="38.72867" lon="-0.01779">
    <ele>235.23000000000002</ele>
   </trkpt>
   <trkpt lat="38.728750000000005" lon="-0.01762">
    <ele>234.66</ele>
   </trkpt>
   <trkpt lat="38.7288" lon="-0.01725">
    <ele>233.61</ele>
   </trkpt>
   <trkpt lat="38.7289" lon="-0.016890000000000002">
    <ele>232.79000000000002</ele>
   </trkpt>
   <trkpt lat="38.72905" lon="-0.01657">
    <ele>232.12</ele>
   </trkpt>
   <trkpt lat="38.72914" lon="-0.01642">
    <ele>231.34</ele>
   </trkpt>
   <trkpt lat="38.729260000000004" lon="-0.01632">
    <ele>231.34</ele>
   </trkpt>
   <trkpt lat="38.729780000459165" lon="-0.01594000287983399">
    <ele>228.93</ele>
   </trkpt>
   <trkpt lat="38.7303" lon="-0.015560000000000001">
    <ele>226.07000000000002</ele>
   </trkpt>
   <trkpt lat="38.730470000000004" lon="-0.01535">
    <ele>225.18</ele>
   </trkpt>
   <trkpt lat="38.730560000000004" lon="-0.01518">
    <ele>224.57000000000002</ele>
   </trkpt>
   <trkpt lat="38.73062" lon="-0.01497">
    <ele>223.89000000000001</ele>
   </trkpt>
   <trkpt lat="38.73064" lon="-0.014790000000000001">
    <ele>223.56</ele>
   </trkpt>
   <trkpt lat="38.730610000000006" lon="-0.01404">
    <ele>222.37</ele>
   </trkpt>
   <trkpt lat="38.73066" lon="-0.01386">
    <ele>222.37</ele>
   </trkpt>
   <trkpt lat="38.73075" lon="-0.013770000000000001">
    <ele>222.07000000000002</ele>
   </trkpt>
   <trkpt lat="38.73086" lon="-0.013680000000000001">
    <ele>222.07000000000002</ele>
   </trkpt>
   <trkpt lat="38.73152" lon="-0.013460000000000001">
    <ele>221.01000000000002</ele>
   </trkpt>
   <trkpt lat="38.7319" lon="-0.013300000000000001">
    <ele>219.46</ele>
   </trkpt>
   <trkpt lat="38.73227" lon="-0.01322">
    <ele>216.20000000000002</ele>
   </trkpt>
   <trkpt lat="38.73256000000001" lon="-0.013090000000000001">
    <ele>214.61</ele>
   </trkpt>
   <trkpt lat="38.732730000000004" lon="-0.01306">
    <ele>213.81000000000003</ele>
   </trkpt>
   <trkpt lat="38.733424999988515" lon="-0.013020000390237952">
    <ele>210.86</ele>
   </trkpt>
   <trkpt lat="38.734120000000004" lon="-0.01298">
    <ele>209.14000000000001</ele>
   </trkpt>
   <trkpt lat="38.73447" lon="-0.013030000000000002">
    <ele>208.22</ele>
   </trkpt>
   <trkpt lat="38.73518000005035" lon="-0.013000000296241569">
    <ele>206.22</ele>
   </trkpt>
   <trkpt lat="38.735890000000005" lon="-0.01297">
    <ele>204.23000000000002</ele>
   </trkpt>
   <trkpt lat="38.73599" lon="-0.012960000000000001">
    <ele>203.93000000000004</ele>
   </trkpt>
   <trkpt lat="38.73662" lon="-0.01284">
    <ele>201.61</ele>
   </trkpt>
   <trkpt lat="38.73711" lon="-0.01268">
    <ele>199.62</ele>
   </trkpt>
   <trkpt lat="38.73758500000656" lon="-0.012650000199349247">
    <ele>198.13000000000002</ele>
   </trkpt>
   <trkpt lat="38.738060000000004" lon="-0.012620000000000001">
    <ele>197.54000000000002</ele>
   </trkpt>
   <trkpt lat="38.73834" lon="-0.01271">
    <ele>197.36</ele>
   </trkpt>
   <trkpt lat="38.73883000005793" lon="-0.012510001418112312">
    <ele>195.55</ele>
   </trkpt>
   <trkpt lat="38.739320000000006" lon="-0.012310000000000001">
    <ele>194.8</ele>
   </trkpt>
   <trkpt lat="38.739450002171395" lon="-0.013029998485739491">
    <ele>195.54000000000002</ele>
   </trkpt>
   <trkpt lat="38.739580000000004" lon="-0.013750000000000002">
    <ele>196.58</ele>
   </trkpt>
   <trkpt lat="38.740069999917836" lon="-0.013635000821562214">
    <ele>193.93</ele>
   </trkpt>
   <trkpt lat="38.74056" lon="-0.01352">
    <ele>192.4</ele>
   </trkpt>
   <trkpt lat="38.740610000000004" lon="-0.013430000000000001">
    <ele>192.04000000000002</ele>
   </trkpt>
   <trkpt lat="38.740660000000005" lon="-0.013470000000000001">
    <ele>192.04000000000002</ele>
   </trkpt>
   <trkpt lat="38.74076" lon="-0.013460000000000001">
    <ele>191.65</ele>
   </trkpt>
   <trkpt lat="38.74148500018653" lon="-0.013285001763156234">
    <ele>188.89</ele>
   </trkpt>
   <trkpt lat="38.74221" lon="-0.013110000000000002">
    <ele>187.26000000000002</ele>
   </trkpt>
   <trkpt lat="38.74224" lon="-0.013300000000000001">
    <ele>187.06</ele>
   </trkpt>
   <trkpt lat="38.74241000000001" lon="-0.013680000000000001">
    <ele>187.06</ele>
   </trkpt>
   <trkpt lat="38.7425" lon="-0.01382">
    <ele>187.03</ele>
   </trkpt>
   <trkpt lat="38.742630000000005" lon="-0.01387">
    <ele>186.89000000000001</ele>
   </trkpt>
   <trkpt lat="38.74266" lon="-0.01386">
    <ele>186.8</ele>
   </trkpt>
   <trkpt lat="38.74273" lon="-0.01386">
    <ele>184.64000000000001</ele>
   </trkpt>
   <trkpt lat="38.74279000000001" lon="-0.01391">
    <ele>184.64000000000001</ele>
   </trkpt>
   <trkpt lat="38.74282" lon="-0.01399">
    <ele>184.9</ele>
   </trkpt>
   <trkpt lat="38.74275" lon="-0.014280000000000001">
    <ele>185.60000000000002</ele>
   </trkpt>
   <trkpt lat="38.74275" lon="-0.01437">
    <ele>185.60000000000002</ele>
   </trkpt>
   <trkpt lat="38.74277" lon="-0.01451">
    <ele>186.42</ele>
   </trkpt>
   <trkpt lat="38.74288000000001" lon="-0.014740000000000001">
    <ele>186.66000000000003</ele>
   </trkpt>
   <trkpt lat="38.74326000000001" lon="-0.015300000000000001">
    <ele>186.9</ele>
   </trkpt>
   <trkpt lat="38.743430000000004" lon="-0.01573">
    <ele>187.37</ele>
   </trkpt>
   <trkpt lat="38.743550001558894" lon="-0.016339998842035377">
    <ele>187.4</ele>
   </trkpt>
   <trkpt lat="38.74367" lon="-0.01695">
    <ele>187.94000000000003</ele>
   </trkpt>
   <trkpt lat="38.74389500257128" lon="-0.017729997471715712">
    <ele>188.52</ele>
   </trkpt>
   <trkpt lat="38.74412" lon="-0.018510000000000002">
    <ele>189.20000000000002</ele>
   </trkpt>
   <trkpt lat="38.744350000000004" lon="-0.01916">
    <ele>189.91000000000003</ele>
   </trkpt>
   <trkpt lat="38.74447" lon="-0.01956">
    <ele>190.41000000000003</ele>
   </trkpt>
   <trkpt lat="38.74448" lon="-0.01974">
    <ele>190.74</ele>
   </trkpt>
   <trkpt lat="38.74445" lon="-0.020210000000000002">
    <ele>192.17000000000002</ele>
   </trkpt>
   <trkpt lat="38.74447" lon="-0.02034">
    <ele>192.71</ele>
   </trkpt>
   <trkpt lat="38.744530000000005" lon="-0.02043">
    <ele>192.89000000000001</ele>
   </trkpt>
   <trkpt lat="38.74497" lon="-0.020630000000000003">
    <ele>193.61</ele>
   </trkpt>
   <trkpt lat="38.74508" lon="-0.020720000000000002">
    <ele>193.77</ele>
   </trkpt>
   <trkpt lat="38.745090000000005" lon="-0.021460000000000003">
    <ele>194.24</ele>
   </trkpt>
   <trkpt lat="38.74512" lon="-0.02161">
    <ele>194.35000000000002</ele>
   </trkpt>
   <trkpt lat="38.7453" lon="-0.022170000000000002">
    <ele>195.54000000000002</ele>
   </trkpt>
   <trkpt lat="38.74564500278473" lon="-0.022969996270073054">
    <ele>196.37</ele>
   </trkpt>
   <trkpt lat="38.745990000000006" lon="-0.023770000000000003">
    <ele>196.92000000000002</ele>
   </trkpt>
   <trkpt lat="38.74633" lon="-0.024640000000000002">
    <ele>198.45000000000002</ele>
   </trkpt>
   <trkpt lat="38.746410000000004" lon="-0.02494">
    <ele>198.76000000000002</ele>
   </trkpt>
   <trkpt lat="38.746500000000005" lon="-0.025470000000000003">
    <ele>199.72</ele>
   </trkpt>
   <trkpt lat="38.74665500416802" lon="-0.026459997806074432">
    <ele>200.47</ele>
   </trkpt>
   <trkpt lat="38.74681" lon="-0.027450000000000002">
    <ele>202.31</ele>
   </trkpt>
   <trkpt lat="38.74689" lon="-0.027770000000000003">
    <ele>204.16</ele>
   </trkpt>
   <trkpt lat="38.74719" lon="-0.0285">
    <ele>206.59000000000003</ele>
   </trkpt>
   <trkpt lat="38.74734" lon="-0.028940000000000004">
    <ele>207.72</ele>
   </trkpt>
   <trkpt lat="38.74739" lon="-0.029580000000000002">
    <ele>208.40000000000003</ele>
   </trkpt>
   <trkpt lat="38.74743" lon="-0.029920000000000002">
    <ele>208.85</ele>
   </trkpt>
   <trkpt lat="38.74754" lon="-0.030430000000000002">
    <ele>209.90000000000003</ele>
   </trkpt>
   <trkpt lat="38.747710001489054" lon="-0.031019998616694">
    <ele>210.05</ele>
   </trkpt>
   <trkpt lat="38.74788" lon="-0.03161">
    <ele>208.8</ele>
   </trkpt>
   <trkpt lat="38.74797" lon="-0.032">
    <ele>208.21</ele>
   </trkpt>
   <trkpt lat="38.747980000000005" lon="-0.032440000000000004">
    <ele>207.82</ele>
   </trkpt>
   <trkpt lat="38.74794" lon="-0.03304">
    <ele>207.04000000000002</ele>
   </trkpt>
   <trkpt lat="38.74795" lon="-0.03343">
    <ele>206.87000000000003</ele>
   </trkpt>
   <trkpt lat="38.747980000000005" lon="-0.03363">
    <ele>206.93000000000004</ele>
   </trkpt>
   <trkpt lat="38.748020000000004" lon="-0.03377">
    <ele>207.04000000000002</ele>
   </trkpt>
   <trkpt lat="38.74842" lon="-0.03438">
    <ele>208.54000000000002</ele>
   </trkpt>
   <trkpt lat="38.74888" lon="-0.035250000000000004">
    <ele>211.76</ele>
   </trkpt>
   <trkpt lat="38.74914500124192" lon="-0.035774998185540134">
    <ele>213.74</ele>
   </trkpt>
   <trkpt lat="38.749410000000005" lon="-0.036300000000000006">
    <ele>217.74</ele>
   </trkpt>
   <trkpt lat="38.749520000000004" lon="-0.03656">
    <ele>218.89000000000001</ele>
   </trkpt>
   <trkpt lat="38.749590000000005" lon="-0.0369">
    <ele>220.2</ele>
   </trkpt>
   <trkpt lat="38.749680000000005" lon="-0.037520000000000005">
    <ele>221.66000000000003</ele>
   </trkpt>
   <trkpt lat="38.74973000000001" lon="-0.03774">
    <ele>221.94000000000003</ele>
   </trkpt>
   <trkpt lat="38.74987" lon="-0.038000000000000006">
    <ele>222.01000000000002</ele>
   </trkpt>
   <trkpt lat="38.750040000000006" lon="-0.03819">
    <ele>221.91000000000003</ele>
   </trkpt>
   <trkpt lat="38.750530000000005" lon="-0.03853">
    <ele>222.47000000000003</ele>
   </trkpt>
   <trkpt lat="38.75081" lon="-0.03883">
    <ele>223.13000000000002</ele>
   </trkpt>
   <trkpt lat="38.75092" lon="-0.039">
    <ele>223.81</ele>
   </trkpt>
   <trkpt lat="38.75101" lon="-0.03917">
    <ele>224.63000000000002</ele>
   </trkpt>
   <trkpt lat="38.751090000000005" lon="-0.03946">
    <ele>226.81</ele>
   </trkpt>
   <trkpt lat="38.751160000000006" lon="-0.04007">
    <ele>231.39000000000001</ele>
   </trkpt>
   <trkpt lat="38.751250000000006" lon="-0.04034">
    <ele>232.13000000000002</ele>
   </trkpt>
   <trkpt lat="38.751740000000005" lon="-0.04116">
    <ele>229.84</ele>
   </trkpt>
   <trkpt lat="38.75202" lon="-0.041760000000000005">
    <ele>228.59</ele>
   </trkpt>
   <trkpt lat="38.75227" lon="-0.04159">
    <ele>228.18</ele>
   </trkpt>
   <trkpt lat="38.75255000000001" lon="-0.0413">
    <ele>228.03</ele>
   </trkpt>
   <trkpt lat="38.752700000000004" lon="-0.04109">
    <ele>227.77</ele>
   </trkpt>
   <trkpt lat="38.752840000000006" lon="-0.04079">
    <ele>227.77</ele>
   </trkpt>
   <trkpt lat="38.75309667193025" lon="-0.040006672191268015">
    <ele>228.27</ele>
   </trkpt>
   <trkpt lat="38.75335333863257" lon="-0.039223338749202495">
    <ele>228.88000000000002</ele>
   </trkpt>
   <trkpt lat="38.75361" lon="-0.03844">
    <ele>228.63000000000002</ele>
   </trkpt>
   <trkpt lat="38.75400500434907" lon="-0.03743000558049306">
    <ele>228.33</ele>
   </trkpt>
   <trkpt lat="38.754400000000004" lon="-0.03642">
    <ele>228.67000000000002</ele>
   </trkpt>
   <trkpt lat="38.75457" lon="-0.03615">
    <ele>228.67000000000002</ele>
   </trkpt>
   <trkpt lat="38.754690000000004" lon="-0.03606">
    <ele>228.67000000000002</ele>
   </trkpt>
   <trkpt lat="38.755350000628596" lon="-0.03568000350608012">
    <ele>228.54000000000002</ele>
   </trkpt>
   <trkpt lat="38.75601" lon="-0.035300000000000005">
    <ele>229.43</ele>
   </trkpt>
   <trkpt lat="38.75627" lon="-0.035140000000000005">
    <ele>230.38000000000002</ele>
   </trkpt>
   <trkpt lat="38.756730000000005" lon="-0.034760000000000006">
    <ele>232.02000000000004</ele>
   </trkpt>
   <trkpt lat="38.75695" lon="-0.03461">
    <ele>232.72</ele>
   </trkpt>
   <trkpt lat="38.757200000000005" lon="-0.03452">
    <ele>234.25</ele>
   </trkpt>
   <trkpt lat="38.75797" lon="-0.03456">
    <ele>238.6</ele>
   </trkpt>
   <trkpt lat="38.75809" lon="-0.03454">
    <ele>238.6</ele>
   </trkpt>
   <trkpt lat="38.75818" lon="-0.03449">
    <ele>238.6</ele>
   </trkpt>
   <trkpt lat="38.75874" lon="-0.03388">
    <ele>243.57</ele>
   </trkpt>
   <trkpt lat="38.759295001265464" lon="-0.03337500376444897">
    <ele>247.24</ele>
   </trkpt>
   <trkpt lat="38.75985" lon="-0.03287">
    <ele>250.44</ele>
   </trkpt>
   <trkpt lat="38.760590001729945" lon="-0.03224000649963924">
    <ele>256.67</ele>
   </trkpt>
   <trkpt lat="38.76133" lon="-0.03161">
    <ele>260.79</ele>
   </trkpt>
   <trkpt lat="38.76145" lon="-0.03143">
    <ele>261.78000000000003</ele>
   </trkpt>
   <trkpt lat="38.76177000197522" lon="-0.03077500263543649">
    <ele>264.43</ele>
   </trkpt>
   <trkpt lat="38.76209" lon="-0.03012">
    <ele>266.75000000000006</ele>
   </trkpt>
   <trkpt lat="38.76232000116493" lon="-0.029600001646813735">
    <ele>268.49</ele>
   </trkpt>
   <trkpt lat="38.762550000000005" lon="-0.02908">
    <ele>269.65</ele>
   </trkpt>
   <trkpt lat="38.762710000000006" lon="-0.028640000000000002">
    <ele>271.31</ele>
   </trkpt>
   <trkpt lat="38.76288" lon="-0.028040000000000002">
    <ele>272.51000000000005</ele>
   </trkpt>
   <trkpt lat="38.76297" lon="-0.027620000000000002">
    <ele>274.63000000000005</ele>
   </trkpt>
   <trkpt lat="38.76305" lon="-0.02689">
    <ele>276.49</ele>
   </trkpt>
   <trkpt lat="38.763130000000004" lon="-0.026680000000000002">
    <ele>277.03</ele>
   </trkpt>
   <trkpt lat="38.76321" lon="-0.026600000000000002">
    <ele>277.35</ele>
   </trkpt>
   <trkpt lat="38.76334000000001" lon="-0.026580000000000003">
    <ele>277.35</ele>
   </trkpt>
   <trkpt lat="38.76395" lon="-0.026680000000000002">
    <ele>280.35</ele>
   </trkpt>
   <trkpt lat="38.76408" lon="-0.026650000000000004">
    <ele>280.35</ele>
   </trkpt>
   <trkpt lat="38.76475000000001" lon="-0.0263">
    <ele>283.83000000000004</ele>
   </trkpt>
   <trkpt lat="38.76489" lon="-0.02627">
    <ele>284.51000000000005</ele>
   </trkpt>
   <trkpt lat="38.76538" lon="-0.02629">
    <ele>285.3</ele>
   </trkpt>
   <trkpt lat="38.76549" lon="-0.026260000000000002">
    <ele>285.71000000000004</ele>
   </trkpt>
   <trkpt lat="38.76556" lon="-0.026180000000000002">
    <ele>285.71000000000004</ele>
   </trkpt>
   <trkpt lat="38.765690000000006" lon="-0.026010000000000002">
    <ele>286.15000000000003</ele>
   </trkpt>
   <trkpt lat="38.765750000000004" lon="-0.025830000000000002">
    <ele>286.71000000000004</ele>
   </trkpt>
   <trkpt lat="38.76592000200211" lon="-0.02515000149185867">
    <ele>289.19</ele>
   </trkpt>
   <trkpt lat="38.766090000000005" lon="-0.024470000000000002">
    <ele>291.94000000000005</ele>
   </trkpt>
   <trkpt lat="38.766160000000006" lon="-0.024290000000000003">
    <ele>291.94000000000005</ele>
   </trkpt>
   <trkpt lat="38.766600000000004" lon="-0.023620000000000002">
    <ele>294.7</ele>
   </trkpt>
   <trkpt lat="38.766890000000004" lon="-0.023030000000000002">
    <ele>298.25</ele>
   </trkpt>
   <trkpt lat="38.76699" lon="-0.022760000000000002">
    <ele>298.25</ele>
   </trkpt>
   <trkpt lat="38.767070000000004" lon="-0.022430000000000002">
    <ele>299.87</ele>
   </trkpt>
   <trkpt lat="38.767160000000004" lon="-0.0222">
    <ele>300.53000000000003</ele>
   </trkpt>
   <trkpt lat="38.76728000000001" lon="-0.022080000000000002">
    <ele>301.47</ele>
   </trkpt>
   <trkpt lat="38.76758" lon="-0.021830000000000002">
    <ele>301.98</ele>
   </trkpt>
   <trkpt lat="38.767790000000005" lon="-0.0216">
    <ele>302.65000000000003</ele>
   </trkpt>
   <trkpt lat="38.76829" lon="-0.02067">
    <ele>303.20000000000005</ele>
   </trkpt>
   <trkpt lat="38.76849" lon="-0.02042">
    <ele>303.19</ele>
   </trkpt>
   <trkpt lat="38.768980000000006" lon="-0.020040000000000002">
    <ele>302.46</ele>
   </trkpt>
   <trkpt lat="38.76915" lon="-0.01981">
    <ele>302.3</ele>
   </trkpt>
   <trkpt lat="38.76925000000001" lon="-0.01958">
    <ele>301.45000000000005</ele>
   </trkpt>
   <trkpt lat="38.769360000000006" lon="-0.018910000000000003">
    <ele>299.7</ele>
   </trkpt>
   <trkpt lat="38.76950500533405" lon="-0.017790002356553643">
    <ele>295.39000000000004</ele>
   </trkpt>
   <trkpt lat="38.769650000000006" lon="-0.01667">
    <ele>289.37</ele>
   </trkpt>
   <trkpt lat="38.76981500520243" lon="-0.015565002554447338">
    <ele>284.57000000000005</ele>
   </trkpt>
   <trkpt lat="38.769980000000004" lon="-0.01446">
    <ele>281.02000000000004</ele>
   </trkpt>
   <trkpt lat="38.76999" lon="-0.01416">
    <ele>279.74000000000007</ele>
   </trkpt>
   <trkpt lat="38.769920000000006" lon="-0.01378">
    <ele>277.40000000000003</ele>
   </trkpt>
   <trkpt lat="38.76966" lon="-0.012960000000000001">
    <ele>273.22</ele>
   </trkpt>
   <trkpt lat="38.769510000000004" lon="-0.012750000000000001">
    <ele>272.49</ele>
   </trkpt>
   <trkpt lat="38.769180000000006" lon="-0.01246">
    <ele>270.68</ele>
   </trkpt>
   <trkpt lat="38.76901" lon="-0.01237">
    <ele>269.81000000000006</ele>
   </trkpt>
   <trkpt lat="38.7689" lon="-0.01238">
    <ele>268.85</ele>
   </trkpt>
   <trkpt lat="38.76869000000001" lon="-0.01255">
    <ele>266.87</ele>
   </trkpt>
   <trkpt lat="38.76858" lon="-0.012620000000000001">
    <ele>266.87</ele>
   </trkpt>
   <trkpt lat="38.76845" lon="-0.01263">
    <ele>266.18</ele>
   </trkpt>
   <trkpt lat="38.768330000000006" lon="-0.012620000000000001">
    <ele>266.18</ele>
   </trkpt>
   <trkpt lat="38.768240000000006" lon="-0.01254">
    <ele>265.1</ele>
   </trkpt>
   <trkpt lat="38.768150000000006" lon="-0.01237">
    <ele>264.65</ele>
   </trkpt>
   <trkpt lat="38.76807" lon="-0.0119">
    <ele>263.24</ele>
   </trkpt>
   <trkpt lat="38.768010000000004" lon="-0.01169">
    <ele>262.19000000000005</ele>
   </trkpt>
   <trkpt lat="38.767920000000004" lon="-0.011510000000000001">
    <ele>262.19000000000005</ele>
   </trkpt>
   <trkpt lat="38.7676" lon="-0.01127">
    <ele>258.24</ele>
   </trkpt>
   <trkpt lat="38.76733" lon="-0.01115">
    <ele>257.26000000000005</ele>
   </trkpt>
   <trkpt lat="38.76713" lon="-0.011130000000000001">
    <ele>255.78</ele>
   </trkpt>
   <trkpt lat="38.766830000000006" lon="-0.01118">
    <ele>254.5</ele>
   </trkpt>
   <trkpt lat="38.766630000000006" lon="-0.011260000000000001">
    <ele>253.53000000000003</ele>
   </trkpt>
   <trkpt lat="38.76644" lon="-0.01136">
    <ele>252.57000000000002</ele>
   </trkpt>
   <trkpt lat="38.7663" lon="-0.01135">
    <ele>252.02</ele>
   </trkpt>
   <trkpt lat="38.766130000000004" lon="-0.01123">
    <ele>249.9</ele>
   </trkpt>
   <trkpt lat="38.76608" lon="-0.01111">
    <ele>249.36</ele>
   </trkpt>
   <trkpt lat="38.76608" lon="-0.01097">
    <ele>248.78000000000003</ele>
   </trkpt>
   <trkpt lat="38.766110000000005" lon="-0.01085">
    <ele>248.78000000000003</ele>
   </trkpt>
   <trkpt lat="38.76619" lon="-0.010750000000000001">
    <ele>247.50000000000003</ele>
   </trkpt>
   <trkpt lat="38.7663" lon="-0.010660000000000001">
    <ele>246.33</ele>
   </trkpt>
   <trkpt lat="38.76644" lon="-0.010660000000000001">
    <ele>245.66000000000003</ele>
   </trkpt>
   <trkpt lat="38.76672000000001" lon="-0.01081">
    <ele>244.76000000000002</ele>
   </trkpt>
   <trkpt lat="38.76682" lon="-0.010830000000000001">
    <ele>244.44000000000003</ele>
   </trkpt>
   <trkpt lat="38.767030000000005" lon="-0.01077">
    <ele>243.1</ele>
   </trkpt>
   <trkpt lat="38.767580000982825" lon="-0.010300003587660825">
    <ele>240.09000000000003</ele>
   </trkpt>
   <trkpt lat="38.768130000000006" lon="-0.00983">
    <ele>234.75</ele>
   </trkpt>
   <trkpt lat="38.76831000000001" lon="-0.0097">
    <ele>234.0</ele>
   </trkpt>
   <trkpt lat="38.76892" lon="-0.00952">
    <ele>231.72</ele>
   </trkpt>
   <trkpt lat="38.769400000000005" lon="-0.0094">
    <ele>229.19000000000003</ele>
   </trkpt>
   <trkpt lat="38.770010000000006" lon="-0.00889">
    <ele>224.24</ele>
   </trkpt>
   <trkpt lat="38.77018" lon="-0.0088">
    <ele>223.13000000000002</ele>
   </trkpt>
   <trkpt lat="38.77028" lon="-0.0088">
    <ele>222.76000000000002</ele>
   </trkpt>
   <trkpt lat="38.77053" lon="-0.00889">
    <ele>221.72000000000003</ele>
   </trkpt>
   <trkpt lat="38.77065" lon="-0.00889">
    <ele>221.72000000000003</ele>
   </trkpt>
   <trkpt lat="38.7708" lon="-0.008790000000000001">
    <ele>221.17</ele>
   </trkpt>
   <trkpt lat="38.77087" lon="-0.00872">
    <ele>220.56</ele>
   </trkpt>
   <trkpt lat="38.77113000164016" lon="-0.008105002173661013">
    <ele>218.94000000000003</ele>
   </trkpt>
   <trkpt lat="38.771390000000004" lon="-0.007490000000000001">
    <ele>215.12</ele>
   </trkpt>
   <trkpt lat="38.77159" lon="-0.007150000000000001">
    <ele>214.19000000000003</ele>
   </trkpt>
   <trkpt lat="38.771950000000004" lon="-0.00668">
    <ele>211.77</ele>
   </trkpt>
   <trkpt lat="38.772200000000005" lon="-0.0064600000000000005">
    <ele>211.55</ele>
   </trkpt>
   <trkpt lat="38.7723" lon="-0.0064">
    <ele>211.18</ele>
   </trkpt>
   <trkpt lat="38.772560000000006" lon="-0.0063300000000000006">
    <ele>210.79</ele>
   </trkpt>
   <trkpt lat="38.77268" lon="-0.00627">
    <ele>210.6</ele>
   </trkpt>
   <trkpt lat="38.772850000000005" lon="-0.006130000000000001">
    <ele>209.98000000000002</ele>
   </trkpt>
   <trkpt lat="38.77291" lon="-0.00604">
    <ele>209.98000000000002</ele>
   </trkpt>
   <trkpt lat="38.773" lon="-0.0058200000000000005">
    <ele>208.07</ele>
   </trkpt>
   <trkpt lat="38.77302" lon="-0.0056500000000000005">
    <ele>207.37000000000003</ele>
   </trkpt>
   <trkpt lat="38.773010000000006" lon="-0.0054600000000000004">
    <ele>206.14000000000001</ele>
   </trkpt>
   <trkpt lat="38.772960000000005" lon="-0.00523">
    <ele>205.63</ele>
   </trkpt>
   <trkpt lat="38.77272" lon="-0.004750000000000001">
    <ele>204.1</ele>
   </trkpt>
   <trkpt lat="38.77273" lon="-0.00462">
    <ele>203.65000000000003</ele>
   </trkpt>
   <trkpt lat="38.77293000167392" lon="-0.004000001626401364">
    <ele>200.86</ele>
   </trkpt>
   <trkpt lat="38.77313" lon="-0.00338">
    <ele>198.61</ele>
   </trkpt>
   <trkpt lat="38.773210000000006" lon="-0.0029500000000000004">
    <ele>194.51000000000002</ele>
   </trkpt>
   <trkpt lat="38.77328" lon="-0.00266">
    <ele>193.53</ele>
   </trkpt>
   <trkpt lat="38.77338" lon="-0.0024500000000000004">
    <ele>192.62</ele>
   </trkpt>
   <trkpt lat="38.77375500207806" lon="-0.00175500361672333">
    <ele>188.83</ele>
   </trkpt>
   <trkpt lat="38.77413000000001" lon="-0.0010600000000000002">
    <ele>184.39000000000001</ele>
   </trkpt>
   <trkpt lat="38.774260000000005" lon="-0.00075">
    <ele>183.25000000000003</ele>
   </trkpt>
   <trkpt lat="38.7744250016776" lon="-0.0001400010703024469">
    <ele>180.51</ele>
   </trkpt>
   <trkpt lat="38.77459" lon="0.00047000000000000004">
    <ele>179.4</ele>
   </trkpt>
   <trkpt lat="38.774680000000004" lon="0.0006500000000000001">
    <ele>179.02</ele>
   </trkpt>
   <trkpt lat="38.7750933365903" lon="0.0012666595439429155">
    <ele>177.66</ele>
   </trkpt>
   <trkpt lat="38.77550666994013" lon="0.0018833262351206812">
    <ele>173.97</ele>
   </trkpt>
   <trkpt lat="38.775920000000006" lon="0.0025">
    <ele>171.1</ele>
   </trkpt>
   <trkpt lat="38.776520000000005" lon="0.0032500000000000003">
    <ele>164.73000000000002</ele>
   </trkpt>
   <trkpt lat="38.77671" lon="0.0034200000000000003">
    <ele>163.04000000000002</ele>
   </trkpt>
   <trkpt lat="38.777080000000005" lon="0.0035600000000000002">
    <ele>161.52</ele>
   </trkpt>
   <trkpt lat="38.7775" lon="0.00369">
    <ele>158.58</ele>
   </trkpt>
   <trkpt lat="38.777620000000006" lon="0.0038000000000000004">
    <ele>158.58</ele>
   </trkpt>
   <trkpt lat="38.777680000000004" lon="0.00391">
    <ele>156.88000000000002</ele>
   </trkpt>
   <trkpt lat="38.77772" lon="0.004030000000000001">
    <ele>156.10000000000002</ele>
   </trkpt>
   <trkpt lat="38.77781500401303" lon="0.004999998749165902">
    <ele>153.11</ele>
   </trkpt>
   <trkpt lat="38.777910000000006" lon="0.0059700000000000005">
    <ele>149.35</ele>
   </trkpt>
   <trkpt lat="38.77797" lon="0.00619">
    <ele>148.88</ele>
   </trkpt>
   <trkpt lat="38.778040000000004" lon="0.006370000000000001">
    <ele>148.79</ele>
   </trkpt>
   <trkpt lat="38.778470000000006" lon="0.0071">
    <ele>149.43</ele>
   </trkpt>
   <trkpt lat="38.778600000000004" lon="0.007410000000000001">
    <ele>149.47000000000003</ele>
   </trkpt>
   <trkpt lat="38.77879000154029" lon="0.008004998514484624">
    <ele>148.58</ele>
   </trkpt>
   <trkpt lat="38.778980000000004" lon="0.0086">
    <ele>146.57</ele>
   </trkpt>
   <trkpt lat="38.77906" lon="0.008790000000000001">
    <ele>145.02</ele>
   </trkpt>
   <trkpt lat="38.77946000204953" lon="0.009474996243850951">
    <ele>141.05</ele>
   </trkpt>
   <trkpt lat="38.779860000000006" lon="0.01016">
    <ele>138.36</ele>
   </trkpt>
   <trkpt lat="38.780010000000004" lon="0.010390000000000002">
    <ele>137.78</ele>
   </trkpt>
   <trkpt lat="38.780280000000005" lon="0.010740000000000001">
    <ele>136.81</ele>
   </trkpt>
   <trkpt lat="38.78087" lon="0.011330000000000002">
    <ele>133.82000000000002</ele>
   </trkpt>
   <trkpt lat="38.78159000198256" lon="0.012004993223134778">
    <ele>130.84</ele>
   </trkpt>
   <trkpt lat="38.78231" lon="0.01268">
    <ele>129.79999999999998</ele>
   </trkpt>
   <trkpt lat="38.78242" lon="0.012830000000000001">
    <ele>129.79999999999998</ele>
   </trkpt>
   <trkpt lat="38.78289" lon="0.01369">
    <ele>127.69</ele>
   </trkpt>
   <trkpt lat="38.783300002631705" lon="0.014474995497670371">
    <ele>125.12</ele>
   </trkpt>
   <trkpt lat="38.783710000000006" lon="0.015260000000000001">
    <ele>120.9</ele>
   </trkpt>
   <trkpt lat="38.783840000000005" lon="0.015460000000000002">
    <ele>118.65</ele>
   </trkpt>
   <trkpt lat="38.7839" lon="0.015530000000000002">
    <ele>118.65</ele>
   </trkpt>
   <trkpt lat="38.78401" lon="0.015600000000000001">
    <ele>118.65</ele>
   </trkpt>
   <trkpt lat="38.784310000000005" lon="0.015680000000000003">
    <ele>115.96000000000001</ele>
   </trkpt>
   <trkpt lat="38.78448" lon="0.01575">
    <ele>112.57000000000001</ele>
   </trkpt>
   <trkpt lat="38.7847" lon="0.01593">
    <ele>112.57000000000001</ele>
   </trkpt>
   <trkpt lat="38.785045000706795" lon="0.01631499822099382">
    <ele>110.14000000000001</ele>
   </trkpt>
   <trkpt lat="38.78539000000001" lon="0.016700000000000003">
    <ele>109.77000000000001</ele>
   </trkpt>
   <trkpt lat="38.785520000000005" lon="0.016880000000000003">
    <ele>109.66000000000001</ele>
   </trkpt>
   <trkpt lat="38.785610000000005" lon="0.017050000000000003">
    <ele>109.62</ele>
   </trkpt>
   <trkpt lat="38.785830000000004" lon="0.017650000000000002">
    <ele>109.35</ele>
   </trkpt>
   <trkpt lat="38.78596" lon="0.017920000000000002">
    <ele>108.83000000000001</ele>
   </trkpt>
   <trkpt lat="38.78624000000001" lon="0.01828">
    <ele>107.06</ele>
   </trkpt>
   <trkpt lat="38.78689000252861" lon="0.019039993149843445">
    <ele>104.22</ele>
   </trkpt>
   <trkpt lat="38.78754" lon="0.0198">
    <ele>101.33</ele>
   </trkpt>
   <trkpt lat="38.787580000000005" lon="0.019860000000000003">
    <ele>101.33</ele>
   </trkpt>
   <trkpt lat="38.78757" lon="0.019850000000000003">
    <ele>101.38000000000001</ele>
   </trkpt>
   <trkpt lat="38.787995006479285" lon="0.02056248724019698">
    <ele>99.05000000000001</ele>
   </trkpt>
   <trkpt lat="38.78842000863228" lon="0.02127498297535194">
    <ele>97.34</ele>
   </trkpt>
   <trkpt lat="38.78884500645886" lon="0.021987487205608735">
    <ele>96.89</ele>
   </trkpt>
   <trkpt lat="38.78927" lon="0.0227">
    <ele>97.11</ele>
   </trkpt>
   <trkpt lat="38.78958" lon="0.0233">
    <ele>96.99000000000001</ele>
   </trkpt>
   <trkpt lat="38.78994500323018" lon="0.024159995781857638">
    <ele>95.05000000000001</ele>
   </trkpt>
   <trkpt lat="38.790310000000005" lon="0.02502">
    <ele>92.4</ele>
   </trkpt>
   <trkpt lat="38.79036" lon="0.02525">
    <ele>91.74</ele>
   </trkpt>
   <trkpt lat="38.790470000000006" lon="0.025900000000000003">
    <ele>89.4</ele>
   </trkpt>
   <trkpt lat="38.79054" lon="0.0261">
    <ele>89.16</ele>
   </trkpt>
   <trkpt lat="38.790845001343364" lon="0.026674997416308643">
    <ele>88.53000000000002</ele>
   </trkpt>
   <trkpt lat="38.79115" lon="0.027250000000000003">
    <ele>87.47</ele>
   </trkpt>
   <trkpt lat="38.79133" lon="0.02782">
    <ele>85.48</ele>
   </trkpt>
   <trkpt lat="38.79155" lon="0.02808">
    <ele>82.75</ele>
   </trkpt>
   <trkpt lat="38.792080000000006" lon="0.02859">
    <ele>78.26</ele>
   </trkpt>
   <trkpt lat="38.792350000000006" lon="0.028790000000000003">
    <ele>76.55000000000001</ele>
   </trkpt>
   <trkpt lat="38.79285000027843" lon="0.029074997962247856">
    <ele>75.32000000000001</ele>
   </trkpt>
   <trkpt lat="38.793350000000004" lon="0.02936">
    <ele>74.41</ele>
   </trkpt>
   <trkpt lat="38.79392" lon="0.029710000000000004">
    <ele>73.11000000000001</ele>
   </trkpt>
   <trkpt lat="38.79399" lon="0.02953">
    <ele>72.28000000000002</ele>
   </trkpt>
   <trkpt lat="38.79437" lon="0.029">
    <ele>71.78000000000002</ele>
   </trkpt>
   <trkpt lat="38.794470000000004" lon="0.028820000000000002">
    <ele>71.99000000000001</ele>
   </trkpt>
   <trkpt lat="38.79467" lon="0.02833">
    <ele>73.15</ele>
   </trkpt>
   <trkpt lat="38.794915001873285" lon="0.027680002041017355">
    <ele>73.94</ele>
   </trkpt>
   <trkpt lat="38.79516" lon="0.027030000000000002">
    <ele>75.36000000000001</ele>
   </trkpt>
   <trkpt lat="38.795300000000005" lon="0.026480000000000004">
    <ele>75.9</ele>
   </trkpt>
   <trkpt lat="38.795410000000004" lon="0.025830000000000002">
    <ele>76.4</ele>
   </trkpt>
   <trkpt lat="38.795500000000004" lon="0.02543">
    <ele>76.53</ele>
   </trkpt>
   <trkpt lat="38.795700000000004" lon="0.024890000000000002">
    <ele>76.44000000000001</ele>
   </trkpt>
   <trkpt lat="38.79598000191607" lon="0.02422000262471976">
    <ele>76.42</ele>
   </trkpt>
   <trkpt lat="38.796260000000004" lon="0.02355">
    <ele>76.18</ele>
   </trkpt>
   <trkpt lat="38.79634" lon="0.023260000000000003">
    <ele>75.71</ele>
   </trkpt>
   <trkpt lat="38.796415001777696" lon="0.022615000637194203">
    <ele>74.86000000000001</ele>
   </trkpt>
   <trkpt lat="38.796490000000006" lon="0.021970000000000003">
    <ele>73.78000000000002</ele>
   </trkpt>
   <trkpt lat="38.796580000000006" lon="0.02162">
    <ele>73.78000000000002</ele>
   </trkpt>
   <trkpt lat="38.79674" lon="0.021300000000000003">
    <ele>73.25000000000001</ele>
   </trkpt>
   <trkpt lat="38.79721" lon="0.020440000000000003">
    <ele>71.2</ele>
   </trkpt>
   <trkpt lat="38.797320000000006" lon="0.020300000000000002">
    <ele>71.2</ele>
   </trkpt>
   <trkpt lat="38.797810000000005" lon="0.0198">
    <ele>70.17</ele>
   </trkpt>
   <trkpt lat="38.79807" lon="0.01931">
    <ele>69.03</ele>
   </trkpt>
   <trkpt lat="38.79816" lon="0.01907">
    <ele>68.61</ele>
   </trkpt>
   <trkpt lat="38.79818" lon="0.01895">
    <ele>68.61</ele>
   </trkpt>
   <trkpt lat="38.79822" lon="0.01835">
    <ele>68.03</ele>
   </trkpt>
   <trkpt lat="38.79816" lon="0.01785">
    <ele>67.8</ele>
   </trkpt>
   <trkpt lat="38.798080000000006" lon="0.0175">
    <ele>67.8</ele>
   </trkpt>
   <trkpt lat="38.79783500240226" lon="0.016749997437541925">
    <ele>67.72</ele>
   </trkpt>
   <trkpt lat="38.79759000000001" lon="0.016">
    <ele>67.76</ele>
   </trkpt>
   <trkpt lat="38.79750000000001" lon="0.01563">
    <ele>67.75</ele>
   </trkpt>
   <trkpt lat="38.797410000000006" lon="0.014570000000000001">
    <ele>67.46000000000001</ele>
   </trkpt>
   <trkpt lat="38.797380000000004" lon="0.014430000000000002">
    <ele>67.48</ele>
   </trkpt>
   <trkpt lat="38.79731" lon="0.01429">
    <ele>67.44</ele>
   </trkpt>
   <trkpt lat="38.79704" lon="0.01387">
    <ele>66.89</ele>
   </trkpt>
   <trkpt lat="38.79701" lon="0.01374">
    <ele>66.89</ele>
   </trkpt>
   <trkpt lat="38.79704" lon="0.013540000000000002">
    <ele>66.60000000000001</ele>
   </trkpt>
   <trkpt lat="38.79713" lon="0.013130000000000001">
    <ele>65.89</ele>
   </trkpt>
   <trkpt lat="38.79723500168468" lon="0.01250000096834302">
    <ele>64.59</ele>
   </trkpt>
   <trkpt lat="38.797340000000005" lon="0.01187">
    <ele>63.09</ele>
   </trkpt>
   <trkpt lat="38.797360000000005" lon="0.01165">
    <ele>62.11000000000001</ele>
   </trkpt>
   <trkpt lat="38.797380000000004" lon="0.01077">
    <ele>61.53000000000001</ele>
   </trkpt>
   <trkpt lat="38.79746" lon="0.010480000000000001">
    <ele>61.18000000000001</ele>
   </trkpt>
   <trkpt lat="38.79778" lon="0.0097">
    <ele>60.57000000000001</ele>
   </trkpt>
   <trkpt lat="38.797880000000006" lon="0.00953">
    <ele>60.57000000000001</ele>
   </trkpt>
   <trkpt lat="38.79802" lon="0.009340000000000001">
    <ele>60.25000000000001</ele>
   </trkpt>
   <trkpt lat="38.79850500132623" lon="0.008785003761545817">
    <ele>59.78000000000001</ele>
   </trkpt>
   <trkpt lat="38.79899" lon="0.008230000000000001">
    <ele>59.21000000000001</ele>
   </trkpt>
   <trkpt lat="38.79909" lon="0.008">
    <ele>59.11</ele>
   </trkpt>
   <trkpt lat="38.79935500396896" lon="0.007030003756009047">
    <ele>58.52</ele>
   </trkpt>
   <trkpt lat="38.799620000000004" lon="0.00606">
    <ele>58.97</ele>
   </trkpt>
   <trkpt lat="38.799810002646296" lon="0.005270002161698373">
    <ele>59.52</ele>
   </trkpt>
   <trkpt lat="38.800000000000004" lon="0.0044800000000000005">
    <ele>59.32</ele>
   </trkpt>
   <trkpt lat="38.800320000000006" lon="0.0037800000000000004">
    <ele>58.17</ele>
   </trkpt>
   <trkpt lat="38.80039" lon="0.0035800000000000003">
    <ele>58.17</ele>
   </trkpt>
   <trkpt lat="38.800450000000005" lon="0.0031100000000000004">
    <ele>57.330000000000005</ele>
   </trkpt>
   <trkpt lat="38.80061500168516" lon="0.0024750015981137136">
    <ele>56.84</ele>
   </trkpt>
   <trkpt lat="38.80078" lon="0.00184">
    <ele>56.07</ele>
   </trkpt>
   <trkpt lat="38.80084" lon="0.0015400000000000001">
    <ele>55.620000000000005</ele>
   </trkpt>
   <trkpt lat="38.80091" lon="0.00045000000000000004">
    <ele>54.85</ele>
   </trkpt>
   <trkpt lat="38.80089" lon="0.00018">
    <ele>54.230000000000004</ele>
   </trkpt>
   <trkpt lat="38.800650000000005" lon="-0.00092">
    <ele>55.27</ele>
   </trkpt>
   <trkpt lat="38.800380000000004" lon="-0.0016200000000000001">
    <ele>56.21</ele>
   </trkpt>
   <trkpt lat="38.80015000710058" lon="-0.0025333392655386934">
    <ele>55.96</ele>
   </trkpt>
   <trkpt lat="38.79992000709133" lon="-0.003446672635467223">
    <ele>55.93000000000001</ele>
   </trkpt>
   <trkpt lat="38.799690000000005" lon="-0.00436">
    <ele>56.52</ele>
   </trkpt>
   <trkpt lat="38.79957" lon="-0.00498">
    <ele>56.690000000000005</ele>
   </trkpt>
   <trkpt lat="38.79947000000001" lon="-0.00602">
    <ele>59.32</ele>
   </trkpt>
   <trkpt lat="38.799490000000006" lon="-0.0062900000000000005">
    <ele>60.76</ele>
   </trkpt>
   <trkpt lat="38.79957" lon="-0.0067800000000000004">
    <ele>62.39000000000001</ele>
   </trkpt>
   <trkpt lat="38.79957" lon="-0.0069900000000000006">
    <ele>62.79</ele>
   </trkpt>
   <trkpt lat="38.799510000000005" lon="-0.00744">
    <ele>64.74000000000001</ele>
   </trkpt>
   <trkpt lat="38.79946" lon="-0.00759">
    <ele>64.74000000000001</ele>
   </trkpt>
   <trkpt lat="38.799130001764055" lon="-0.008220002778632088">
    <ele>69.74000000000001</ele>
   </trkpt>
   <trkpt lat="38.7988" lon="-0.00885">
    <ele>73.22</ele>
   </trkpt>
   <trkpt lat="38.798575003377216" lon="-0.009735002638749445">
    <ele>77.34</ele>
   </trkpt>
   <trkpt lat="38.798350000000006" lon="-0.010620000000000001">
    <ele>80.41000000000001</ele>
   </trkpt>
   <trkpt lat="38.79806500201291" lon="-0.011300002618188091">
    <ele>82.76</ele>
   </trkpt>
   <trkpt lat="38.79778" lon="-0.011980000000000001">
    <ele>85.05</ele>
   </trkpt>
   <trkpt lat="38.79744" lon="-0.012620000000000001">
    <ele>85.48</ele>
   </trkpt>
   <trkpt lat="38.7971" lon="-0.013430000000000001">
    <ele>84.26</ele>
   </trkpt>
   <trkpt lat="38.796940000000006" lon="-0.01378">
    <ele>83.88000000000001</ele>
   </trkpt>
   <trkpt lat="38.796453338786506" lon="-0.014580010927865967">
    <ele>80.82000000000001</ele>
   </trkpt>
   <trkpt lat="38.7959666721183" lon="-0.015380010930224085">
    <ele>78.74000000000001</ele>
   </trkpt>
   <trkpt lat="38.795480000000005" lon="-0.01618">
    <ele>80.91000000000001</ele>
   </trkpt>
   <trkpt lat="38.79514" lon="-0.01694">
    <ele>84.12</ele>
   </trkpt>
   <trkpt lat="38.79498" lon="-0.0172">
    <ele>85.89</ele>
   </trkpt>
   <trkpt lat="38.794410000000006" lon="-0.01784">
    <ele>89.36000000000001</ele>
   </trkpt>
   <trkpt lat="38.794290000000004" lon="-0.01803">
    <ele>89.61000000000001</ele>
   </trkpt>
   <trkpt lat="38.79421" lon="-0.01819">
    <ele>89.93</ele>
   </trkpt>
   <trkpt lat="38.794050000000006" lon="-0.01896">
    <ele>90.62</ele>
   </trkpt>
   <trkpt lat="38.793980000000005" lon="-0.019370000000000002">
    <ele>91.14000000000001</ele>
   </trkpt>
   <trkpt lat="38.793940000000006" lon="-0.01975">
    <ele>91.45</ele>
   </trkpt>
   <trkpt lat="38.79393" lon="-0.020290000000000002">
    <ele>91.45</ele>
   </trkpt>
   <trkpt lat="38.793990005435" lon="-0.021419998930011962">
    <ele>90.31</ele>
   </trkpt>
   <trkpt lat="38.794050000000006" lon="-0.02255">
    <ele>90.95</ele>
   </trkpt>
   <trkpt lat="38.794050000000006" lon="-0.02315">
    <ele>92.97000000000001</ele>
   </trkpt>
   <trkpt lat="38.79402" lon="-0.023330000000000004">
    <ele>92.97000000000001</ele>
   </trkpt>
   <trkpt lat="38.79384" lon="-0.023880000000000002">
    <ele>96.47000000000001</ele>
   </trkpt>
   <trkpt lat="38.79368" lon="-0.02458">
    <ele>100.26</ele>
   </trkpt>
   <trkpt lat="38.79368" lon="-0.02459">
    <ele>100.32000000000001</ele>
   </trkpt>
   <trkpt lat="38.79365000000001" lon="-0.024730000000000002">
    <ele>101.18</ele>
   </trkpt>
   <trkpt lat="38.793510000000005" lon="-0.025120000000000003">
    <ele>101.87</ele>
   </trkpt>
   <trkpt lat="38.79341" lon="-0.025570000000000002">
    <ele>103.82000000000001</ele>
   </trkpt>
   <trkpt lat="38.79336" lon="-0.025880000000000004">
    <ele>105.48</ele>
   </trkpt>
   <trkpt lat="38.793290000000006" lon="-0.02681">
    <ele>108.26</ele>
   </trkpt>
   <trkpt lat="38.793200000000006" lon="-0.027160000000000004">
    <ele>108.80000000000001</ele>
   </trkpt>
   <trkpt lat="38.792970000000004" lon="-0.027710000000000002">
    <ele>109.23</ele>
   </trkpt>
   <trkpt lat="38.79272" lon="-0.028010000000000004">
    <ele>109.86000000000001</ele>
   </trkpt>
   <trkpt lat="38.79265" lon="-0.028220000000000002">
    <ele>109.48</ele>
   </trkpt>
   <trkpt lat="38.792660000000005" lon="-0.028370000000000003">
    <ele>109.69000000000001</ele>
   </trkpt>
   <trkpt lat="38.79265" lon="-0.028470000000000002">
    <ele>109.83000000000001</ele>
   </trkpt>
   <trkpt lat="38.792590000000004" lon="-0.0285">
    <ele>109.83000000000001</ele>
   </trkpt>
   <trkpt lat="38.79252" lon="-0.028460000000000003">
    <ele>110.62</ele>
   </trkpt>
   <trkpt lat="38.792460000000005" lon="-0.028620000000000003">
    <ele>110.84</ele>
   </trkpt>
   <trkpt lat="38.792300001807384" lon="-0.02927000143064309">
    <ele>111.44000000000001</ele>
   </trkpt>
   <trkpt lat="38.79214" lon="-0.029920000000000002">
    <ele>112.25</ele>
   </trkpt>
   <trkpt lat="38.792315002696505" lon="-0.03071999789547459">
    <ele>112.12</ele>
   </trkpt>
   <trkpt lat="38.79249" lon="-0.03152">
    <ele>111.54</ele>
   </trkpt>
   <trkpt lat="38.7926" lon="-0.03218">
    <ele>110.69000000000001</ele>
   </trkpt>
   <trkpt lat="38.792590000000004" lon="-0.03248">
    <ele>110.41000000000001</ele>
   </trkpt>
   <trkpt lat="38.792480000000005" lon="-0.033170000000000005">
    <ele>109.66000000000001</ele>
   </trkpt>
   <trkpt lat="38.792350000000006" lon="-0.0339">
    <ele>107.47000000000001</ele>
   </trkpt>
   <trkpt lat="38.79227" lon="-0.03411">
    <ele>107.2</ele>
   </trkpt>
   <trkpt lat="38.79198" lon="-0.03474">
    <ele>108.64000000000001</ele>
   </trkpt>
   <trkpt lat="38.791900000000005" lon="-0.03501">
    <ele>108.72000000000001</ele>
   </trkpt>
   <trkpt lat="38.791880000000006" lon="-0.03526">
    <ele>109.09</ele>
   </trkpt>
   <trkpt lat="38.79198" lon="-0.035800000000000005">
    <ele>110.49000000000001</ele>
   </trkpt>
   <trkpt lat="38.79216" lon="-0.03653">
    <ele>110.65</ele>
   </trkpt>
   <trkpt lat="38.79224000000001" lon="-0.03717">
    <ele>110.52000000000001</ele>
   </trkpt>
   <trkpt lat="38.79225" lon="-0.03803">
    <ele>110.68</ele>
   </trkpt>
   <trkpt lat="38.792210000000004" lon="-0.0383">
    <ele>110.44000000000001</ele>
   </trkpt>
   <trkpt lat="38.7920150013078" lon="-0.038855001531858495">
    <ele>110.36000000000001</ele>
   </trkpt>
   <trkpt lat="38.79182" lon="-0.03941">
    <ele>110.81</ele>
   </trkpt>
   <trkpt lat="38.79171" lon="-0.03982">
    <ele>111.56</ele>
   </trkpt>
   <trkpt lat="38.791610000000006" lon="-0.04039">
    <ele>113.21000000000001</ele>
   </trkpt>
   <trkpt lat="38.79157000144845" lon="-0.040970000108562006">
    <ele>114.38000000000001</ele>
   </trkpt>
   <trkpt lat="38.79153" lon="-0.041550000000000004">
    <ele>114.7</ele>
   </trkpt>
   <trkpt lat="38.791470000000004" lon="-0.041890000000000004">
    <ele>114.22000000000001</ele>
   </trkpt>
   <trkpt lat="38.791380000000004" lon="-0.04224000000000001">
    <ele>113.62</ele>
   </trkpt>
   <trkpt lat="38.791050000000006" lon="-0.04308">
    <ele>112.08000000000001</ele>
   </trkpt>
   <trkpt lat="38.79093" lon="-0.04356">
    <ele>112.07000000000001</ele>
   </trkpt>
   <trkpt lat="38.790870002307855" lon="-0.044295000547250045">
    <ele>112.71000000000001</ele>
   </trkpt>
   <trkpt lat="38.79081" lon="-0.04503">
    <ele>113.72000000000001</ele>
   </trkpt>
   <trkpt lat="38.79074000000001" lon="-0.04612">
    <ele>115.53</ele>
   </trkpt>
   <trkpt lat="38.79077" lon="-0.04637">
    <ele>115.85000000000001</ele>
   </trkpt>
   <trkpt lat="38.79095" lon="-0.04692">
    <ele>116.36</ele>
   </trkpt>
   <trkpt lat="38.79095" lon="-0.0471">
    <ele>116.65</ele>
   </trkpt>
   <trkpt lat="38.79072" lon="-0.047760000000000004">
    <ele>118.55000000000001</ele>
   </trkpt>
   <trkpt lat="38.79052" lon="-0.04823">
    <ele>121.72000000000001</ele>
   </trkpt>
   <trkpt lat="38.790265000956964" lon="-0.04874000212708663">
    <ele>124.02</ele>
   </trkpt>
   <trkpt lat="38.79001" lon="-0.04925">
    <ele>125.01</ele>
   </trkpt>
   <trkpt lat="38.789910000000006" lon="-0.049580000000000006">
    <ele>125.07000000000001</ele>
   </trkpt>
   <trkpt lat="38.78981" lon="-0.049980000000000004">
    <ele>124.82000000000001</ele>
   </trkpt>
   <trkpt lat="38.78978" lon="-0.05016">
    <ele>124.39000000000001</ele>
   </trkpt>
   <trkpt lat="38.7898350034875" lon="-0.05106499926001382">
    <ele>123.4</ele>
   </trkpt>
   <trkpt lat="38.78989" lon="-0.05197">
    <ele>124.18</ele>
   </trkpt>
   <trkpt lat="38.789860000000004" lon="-0.0526">
    <ele>125.15</ele>
   </trkpt>
   <trkpt lat="38.78971000000001" lon="-0.05344">
    <ele>125.99000000000001</ele>
   </trkpt>
   <trkpt lat="38.789640000000006" lon="-0.053720000000000004">
    <ele>126.54</ele>
   </trkpt>
   <trkpt lat="38.789440000000006" lon="-0.054240000000000003">
    <ele>126.78</ele>
   </trkpt>
   <trkpt lat="38.789080000000006" lon="-0.055060000000000005">
    <ele>126.58</ele>
   </trkpt>
   <trkpt lat="38.788720000000005" lon="-0.0558">
    <ele>126.37</ele>
   </trkpt>
   <trkpt lat="38.788320000000006" lon="-0.056190000000000004">
    <ele>125.38000000000001</ele>
   </trkpt>
   <trkpt lat="38.78788" lon="-0.05657">
    <ele>123.99000000000001</ele>
   </trkpt>
   <trkpt lat="38.787310000000005" lon="-0.05713000000000001">
    <ele>121.13000000000001</ele>
   </trkpt>
   <trkpt lat="38.786680000000004" lon="-0.05779000000000001">
    <ele>121.98</ele>
   </trkpt>
   <trkpt lat="38.78647" lon="-0.057940000000000005">
    <ele>122.07000000000001</ele>
   </trkpt>
   <trkpt lat="38.786440000000006" lon="-0.05797000000000001">
    <ele>122.10000000000001</ele>
   </trkpt>
   <trkpt lat="38.786390000000004" lon="-0.058">
    <ele>122.10000000000001</ele>
   </trkpt>
   <trkpt lat="38.78559500043451" lon="-0.05833000369186518">
    <ele>123.24000000000001</ele>
   </trkpt>
   <trkpt lat="38.784800000000004" lon="-0.058660000000000004">
    <ele>124.60000000000001</ele>
   </trkpt>
   <trkpt lat="38.784580000000005" lon="-0.05872">
    <ele>125.16000000000003</ele>
   </trkpt>
   <trkpt lat="38.784150000000004" lon="-0.05879">
    <ele>126.53</ele>
   </trkpt>
   <trkpt lat="38.78408" lon="-0.058820000000000004">
    <ele>127.28</ele>
   </trkpt>
   <trkpt lat="38.78385" lon="-0.05911">
    <ele>127.72</ele>
   </trkpt>
   <trkpt lat="38.78329" lon="-0.05995">
    <ele>134.09</ele>
   </trkpt>
   <trkpt lat="38.78307" lon="-0.060430000000000005">
    <ele>138.63</ele>
   </trkpt>
   <trkpt lat="38.78266" lon="-0.06115">
    <ele>144.27</ele>
   </trkpt>
   <trkpt lat="38.782590000000006" lon="-0.06131">
    <ele>144.27</ele>
   </trkpt>
   <trkpt lat="38.78237" lon="-0.062240000000000004">
    <ele>146.33</ele>
   </trkpt>
   <trkpt lat="38.78231" lon="-0.06271">
    <ele>145.92000000000002</ele>
   </trkpt>
   <trkpt lat="38.78233" lon="-0.06293">
    <ele>145.65</ele>
   </trkpt>
   <trkpt lat="38.78239000000001" lon="-0.06307">
    <ele>145.38</ele>
   </trkpt>
   <trkpt lat="38.78253" lon="-0.06339">
    <ele>144.53000000000003</ele>
   </trkpt>
   <trkpt lat="38.782630000000005" lon="-0.06349">
    <ele>143.67000000000002</ele>
   </trkpt>
   <trkpt lat="38.78275" lon="-0.06367">
    <ele>142.65</ele>
   </trkpt>
   <trkpt lat="38.782790000000006" lon="-0.06381">
    <ele>142.02</ele>
   </trkpt>
   <trkpt lat="38.78266" lon="-0.06387000000000001">
    <ele>141.89000000000001</ele>
   </trkpt>
   <trkpt lat="38.782430000000005" lon="-0.06407">
    <ele>141.01000000000002</ele>
   </trkpt>
   <trkpt lat="38.78193666871953" lon="-0.0645533399602873">
    <ele>140.82</ele>
   </trkpt>
   <trkpt lat="38.78144333544822" lon="-0.06503667323277278">
    <ele>141.70000000000002</ele>
   </trkpt>
   <trkpt lat="38.780950000000004" lon="-0.06552000000000001">
    <ele>142.92000000000002</ele>
   </trkpt>
   <trkpt lat="38.78032" lon="-0.06583">
    <ele>144.62</ele>
   </trkpt>
   <trkpt lat="38.779740000253774" lon="-0.06610000222241166">
    <ele>147.16</ele>
   </trkpt>
   <trkpt lat="38.779160000000005" lon="-0.06637000000000001">
    <ele>151.24</ele>
   </trkpt>
   <trkpt lat="38.778980000000004" lon="-0.06651">
    <ele>152.8</ele>
   </trkpt>
   <trkpt lat="38.778890000000004" lon="-0.06661">
    <ele>153.36</ele>
   </trkpt>
   <trkpt lat="38.778800000000004" lon="-0.06683">
    <ele>154.66000000000003</ele>
   </trkpt>
   <trkpt lat="38.77877" lon="-0.06687">
    <ele>154.66000000000003</ele>
   </trkpt>
   <trkpt lat="38.77868" lon="-0.06689">
    <ele>155.32000000000002</ele>
   </trkpt>
   <trkpt lat="38.77859" lon="-0.06686">
    <ele>155.88000000000002</ele>
   </trkpt>
   <trkpt lat="38.77855" lon="-0.06678">
    <ele>156.05</ele>
   </trkpt>
   <trkpt lat="38.77852" lon="-0.06672">
    <ele>156.23000000000002</ele>
   </trkpt>
   <trkpt lat="38.77846" lon="-0.06668">
    <ele>156.44000000000003</ele>
   </trkpt>
   <trkpt lat="38.77826" lon="-0.06661">
    <ele>157.12</ele>
   </trkpt>
   <trkpt lat="38.778020000000005" lon="-0.06647">
    <ele>157.88000000000002</ele>
   </trkpt>
   <trkpt lat="38.777860000000004" lon="-0.06632">
    <ele>159.92000000000002</ele>
   </trkpt>
   <trkpt lat="38.777750000000005" lon="-0.06613000000000001">
    <ele>161.03</ele>
   </trkpt>
   <trkpt lat="38.77715333776027" lon="-0.06540665452540823">
    <ele>166.67000000000002</ele>
   </trkpt>
   <trkpt lat="38.77655667106185" lon="-0.06468332115379381">
    <ele>170.49</ele>
   </trkpt>
   <trkpt lat="38.775960000000005" lon="-0.06396">
    <ele>173.61</ele>
   </trkpt>
   <trkpt lat="38.77554000000001" lon="-0.06353">
    <ele>174.39000000000001</ele>
   </trkpt>
   <trkpt lat="38.77486500129779" lon="-0.06297499473566355">
    <ele>174.18</ele>
   </trkpt>
   <trkpt lat="38.774190000000004" lon="-0.06242">
    <ele>173.95000000000002</ele>
   </trkpt>
   <trkpt lat="38.773770000000006" lon="-0.0621">
    <ele>174.02</ele>
   </trkpt>
   <trkpt lat="38.77353" lon="-0.06199">
    <ele>174.75</ele>
   </trkpt>
   <trkpt lat="38.77319000000001" lon="-0.061880000000000004">
    <ele>176.37000000000003</ele>
   </trkpt>
   <trkpt lat="38.77273" lon="-0.06176">
    <ele>178.66</ele>
   </trkpt>
   <trkpt lat="38.77241" lon="-0.061720000000000004">
    <ele>179.08</ele>
   </trkpt>
   <trkpt lat="38.772310000000004" lon="-0.06174">
    <ele>179.08</ele>
   </trkpt>
   <trkpt lat="38.771910000000005" lon="-0.062000000000000006">
    <ele>179.57</ele>
   </trkpt>
   <trkpt lat="38.771710000000006" lon="-0.0621">
    <ele>180.29</ele>
   </trkpt>
   <trkpt lat="38.77154" lon="-0.0621">
    <ele>180.69000000000003</ele>
   </trkpt>
   <trkpt lat="38.77136" lon="-0.06205000000000001">
    <ele>181.81000000000003</ele>
   </trkpt>
   <trkpt lat="38.77114" lon="-0.06201">
    <ele>183.35000000000002</ele>
   </trkpt>
   <trkpt lat="38.77047" lon="-0.06203">
    <ele>189.15</ele>
   </trkpt>
   <trkpt lat="38.770050000000005" lon="-0.06194">
    <ele>192.68</ele>
   </trkpt>
   <trkpt lat="38.769670000000005" lon="-0.06180000000000001">
    <ele>194.61</ele>
   </trkpt>
   <trkpt lat="38.769360000000006" lon="-0.061470000000000004">
    <ele>197.29000000000002</ele>
   </trkpt>
   <trkpt lat="38.76919" lon="-0.061380000000000004">
    <ele>198.57000000000002</ele>
   </trkpt>
   <trkpt lat="38.769110000000005" lon="-0.061380000000000004">
    <ele>199.25</ele>
   </trkpt>
   <trkpt lat="38.76887" lon="-0.06146000000000001">
    <ele>199.25</ele>
   </trkpt>
   <trkpt lat="38.768550000000005" lon="-0.061540000000000004">
    <ele>203.78</ele>
   </trkpt>
   <trkpt lat="38.768170000000005" lon="-0.06169">
    <ele>207.36</ele>
   </trkpt>
   <trkpt lat="38.76811" lon="-0.06167">
    <ele>207.68</ele>
   </trkpt>
   <trkpt lat="38.76805" lon="-0.061630000000000004">
    <ele>207.97</ele>
   </trkpt>
   <trkpt lat="38.76798" lon="-0.061470000000000004">
    <ele>209.27</ele>
   </trkpt>
   <trkpt lat="38.767970000000005" lon="-0.061380000000000004">
    <ele>209.27</ele>
   </trkpt>
   <trkpt lat="38.76802" lon="-0.0611">
    <ele>210.58</ele>
   </trkpt>
   <trkpt lat="38.76793" lon="-0.060790000000000004">
    <ele>211.71</ele>
   </trkpt>
   <trkpt lat="38.76756" lon="-0.06013">
    <ele>214.14000000000001</ele>
   </trkpt>
   <trkpt lat="38.76753" lon="-0.059930000000000004">
    <ele>214.46</ele>
   </trkpt>
   <trkpt lat="38.76751" lon="-0.059210000000000006">
    <ele>215.22000000000003</ele>
   </trkpt>
   <trkpt lat="38.76749" lon="-0.05868">
    <ele>215.78000000000003</ele>
   </trkpt>
   <trkpt lat="38.767500000000005" lon="-0.058480000000000004">
    <ele>216.15</ele>
   </trkpt>
   <trkpt lat="38.767630000000004" lon="-0.057640000000000004">
    <ele>218.71</ele>
   </trkpt>
   <trkpt lat="38.76771" lon="-0.05691">
    <ele>224.76000000000002</ele>
   </trkpt>
   <trkpt lat="38.76771" lon="-0.05682">
    <ele>224.76000000000002</ele>
   </trkpt>
   <trkpt lat="38.767630000000004" lon="-0.05668">
    <ele>225.56</ele>
   </trkpt>
   <trkpt lat="38.767590000000006" lon="-0.05666">
    <ele>226.83000000000004</ele>
   </trkpt>
   <trkpt lat="38.767500000000005" lon="-0.05668">
    <ele>226.83000000000004</ele>
   </trkpt>
   <trkpt lat="38.76747" lon="-0.05675">
    <ele>227.62</ele>
   </trkpt>
   <trkpt lat="38.767430000000004" lon="-0.057210000000000004">
    <ele>229.89000000000001</ele>
   </trkpt>
   <trkpt lat="38.76713" lon="-0.057980000000000004">
    <ele>232.53</ele>
   </trkpt>
   <trkpt lat="38.767010000000006" lon="-0.05838">
    <ele>234.57000000000002</ele>
   </trkpt>
   <trkpt lat="38.766940000000005" lon="-0.058820000000000004">
    <ele>237.18000000000004</ele>
   </trkpt>
   <trkpt lat="38.76693" lon="-0.05947">
    <ele>239.49</ele>
   </trkpt>
   <trkpt lat="38.76695" lon="-0.06008">
    <ele>241.47</ele>
   </trkpt>
   <trkpt lat="38.767010000000006" lon="-0.061040000000000004">
    <ele>246.77</ele>
   </trkpt>
   <trkpt lat="38.767" lon="-0.061220000000000004">
    <ele>246.77</ele>
   </trkpt>
   <trkpt lat="38.76691" lon="-0.061380000000000004">
    <ele>247.28000000000003</ele>
   </trkpt>
   <trkpt lat="38.766830000000006" lon="-0.061470000000000004">
    <ele>248.74</ele>
   </trkpt>
   <trkpt lat="38.766490000000005" lon="-0.06174">
    <ele>252.01000000000002</ele>
   </trkpt>
   <trkpt lat="38.76577500113222" lon="-0.06224000496366121">
    <ele>256.0</ele>
   </trkpt>
   <trkpt lat="38.765060000000005" lon="-0.06274">
    <ele>261.53999999999996</ele>
   </trkpt>
   <trkpt lat="38.764880000000005" lon="-0.06278">
    <ele>261.64000000000004</ele>
   </trkpt>
   <trkpt lat="38.76449" lon="-0.06274">
    <ele>260.65000000000003</ele>
   </trkpt>
   <trkpt lat="38.763960000000004" lon="-0.06274">
    <ele>257.84000000000003</ele>
   </trkpt>
   <trkpt lat="38.76377" lon="-0.06277">
    <ele>257.13</ele>
   </trkpt>
   <trkpt lat="38.763690000000004" lon="-0.06285">
    <ele>257.13</ele>
   </trkpt>
   <trkpt lat="38.76344" lon="-0.0631">
    <ele>254.26000000000005</ele>
   </trkpt>
   <trkpt lat="38.763290000000005" lon="-0.06318">
    <ele>253.60999999999999</ele>
   </trkpt>
   <trkpt lat="38.763200000000005" lon="-0.06321">
    <ele>253.24</ele>
   </trkpt>
   <trkpt lat="38.76288" lon="-0.06328">
    <ele>252.32000000000005</ele>
   </trkpt>
   <trkpt lat="38.76223" lon="-0.06328">
    <ele>250.92000000000002</ele>
   </trkpt>
   <trkpt lat="38.76146500006566" lon="-0.0631599987142378">
    <ele>248.95000000000002</ele>
   </trkpt>
   <trkpt lat="38.7607" lon="-0.06304">
    <ele>247.69000000000003</ele>
   </trkpt>
   <trkpt lat="38.76009500041644" lon="-0.06279499798803477">
    <ele>247.24</ele>
   </trkpt>
   <trkpt lat="38.75949000000001" lon="-0.06255000000000001">
    <ele>246.96</ele>
   </trkpt>
   <trkpt lat="38.758830000676284" lon="-0.06226666142282722">
    <ele>246.04</ele>
   </trkpt>
   <trkpt lat="38.75817000066856" lon="-0.06198332808625229">
    <ele>245.74</ele>
   </trkpt>
   <trkpt lat="38.75751" lon="-0.061700000000000005">
    <ele>245.55</ele>
   </trkpt>
   <trkpt lat="38.75706500015696" lon="-0.061514998851161025">
    <ele>245.02</ele>
   </trkpt>
   <trkpt lat="38.756620000000005" lon="-0.06133">
    <ele>244.12000000000003</ele>
   </trkpt>
   <trkpt lat="38.756260000000005" lon="-0.061200000000000004">
    <ele>242.07</ele>
   </trkpt>
   <trkpt lat="38.756080000000004" lon="-0.061220000000000004">
    <ele>240.89000000000001</ele>
   </trkpt>
   <trkpt lat="38.75589" lon="-0.06133">
    <ele>239.56000000000003</ele>
   </trkpt>
   <trkpt lat="38.755425000302054" lon="-0.06163000200694887">
    <ele>238.81000000000003</ele>
   </trkpt>
   <trkpt lat="38.754960000000004" lon="-0.061930000000000006">
    <ele>239.25</ele>
   </trkpt>
   <trkpt lat="38.754830000000005" lon="-0.062060000000000004">
    <ele>239.39000000000001</ele>
   </trkpt>
   <trkpt lat="38.754720000000006" lon="-0.062220000000000004">
    <ele>239.55</ele>
   </trkpt>
   <trkpt lat="38.75462" lon="-0.06242">
    <ele>239.74</ele>
   </trkpt>
   <trkpt lat="38.75442" lon="-0.06295">
    <ele>240.77</ele>
   </trkpt>
   <trkpt lat="38.75435" lon="-0.06306">
    <ele>240.87000000000003</ele>
   </trkpt>
   <trkpt lat="38.75392" lon="-0.06407">
    <ele>244.22000000000003</ele>
   </trkpt>
   <trkpt lat="38.753840000000004" lon="-0.06415">
    <ele>244.74</ele>
   </trkpt>
   <trkpt lat="38.7537" lon="-0.06418">
    <ele>245.19000000000003</ele>
   </trkpt>
   <trkpt lat="38.753130000000006" lon="-0.064">
    <ele>248.81000000000003</ele>
   </trkpt>
   <trkpt lat="38.75301" lon="-0.06393">
    <ele>249.33</ele>
   </trkpt>
   <trkpt lat="38.752930000000006" lon="-0.06385">
    <ele>249.33</ele>
   </trkpt>
   <trkpt lat="38.752770000000005" lon="-0.06354">
    <ele>251.28</ele>
   </trkpt>
   <trkpt lat="38.75264000000001" lon="-0.06336">
    <ele>252.82999999999998</ele>
   </trkpt>
   <trkpt lat="38.75256" lon="-0.06329">
    <ele>252.82999999999998</ele>
   </trkpt>
   <trkpt lat="38.752410000000005" lon="-0.06293">
    <ele>254.93000000000004</ele>
   </trkpt>
   <trkpt lat="38.75235" lon="-0.06271">
    <ele>255.3</ele>
   </trkpt>
   <trkpt lat="38.75227" lon="-0.06257">
    <ele>256.14000000000004</ele>
   </trkpt>
   <trkpt lat="38.75215" lon="-0.06256">
    <ele>256.14000000000004</ele>
   </trkpt>
   <trkpt lat="38.75206" lon="-0.06264">
    <ele>256.85</ele>
   </trkpt>
   <trkpt lat="38.75144500116699" lon="-0.06316500452909646">
    <ele>259.43</ele>
   </trkpt>
   <trkpt lat="38.75083" lon="-0.06369000000000001">
    <ele>259.37000000000006</ele>
   </trkpt>
   <trkpt lat="38.750840000000004" lon="-0.06369000000000001">
    <ele>259.38</ele>
   </trkpt>
   <trkpt lat="38.75023666916821" lon="-0.06423334252940777">
    <ele>258.72</ele>
   </trkpt>
   <trkpt lat="38.74963333582124" lon="-0.06477667587488792">
    <ele>261.82</ele>
   </trkpt>
   <trkpt lat="38.749030000000005" lon="-0.06532">
    <ele>264.90000000000003</ele>
   </trkpt>
   <trkpt lat="38.74888" lon="-0.0655">
    <ele>265.68</ele>
   </trkpt>
   <trkpt lat="38.748470000000005" lon="-0.06620000000000001">
    <ele>266.86</ele>
   </trkpt>
   <trkpt lat="38.748360000000005" lon="-0.06643">
    <ele>267.13000000000005</ele>
   </trkpt>
   <trkpt lat="38.748250000000006" lon="-0.06668">
    <ele>267.88</ele>
   </trkpt>
   <trkpt lat="38.74812" lon="-0.06715">
    <ele>268.24</ele>
   </trkpt>
   <trkpt lat="38.7481" lon="-0.06729">
    <ele>268.39</ele>
   </trkpt>
   <trkpt lat="38.748110000000004" lon="-0.0675">
    <ele>268.39</ele>
   </trkpt>
   <trkpt lat="38.74826" lon="-0.06844">
    <ele>268.53000000000003</ele>
   </trkpt>
   <trkpt lat="38.74828" lon="-0.06873">
    <ele>268.44</ele>
   </trkpt>
   <trkpt lat="38.748290000000004" lon="-0.06969">
    <ele>267.90000000000003</ele>
   </trkpt>
   <trkpt lat="38.74823000000001" lon="-0.06987">
    <ele>267.90000000000003</ele>
   </trkpt>
   <trkpt lat="38.747855001279454" lon="-0.0704400031528562">
    <ele>267.75000000000006</ele>
   </trkpt>
   <trkpt lat="38.74748" lon="-0.07101">
    <ele>267.74</ele>
   </trkpt>
   <trkpt lat="38.74738" lon="-0.07108">
    <ele>267.74</ele>
   </trkpt>
   <trkpt lat="38.74732" lon="-0.07108">
    <ele>267.74</ele>
   </trkpt>
   <trkpt lat="38.747260000000004" lon="-0.07106000000000001">
    <ele>267.74</ele>
   </trkpt>
   <trkpt lat="38.74673000000001" lon="-0.07062">
    <ele>269.01000000000005</ele>
   </trkpt>
   <trkpt lat="38.74663" lon="-0.07051">
    <ele>269.68</ele>
   </trkpt>
   <trkpt lat="38.746550000000006" lon="-0.07033">
    <ele>269.68</ele>
   </trkpt>
   <trkpt lat="38.746240003813845" lon="-0.06938499592673542">
    <ele>272.41</ele>
   </trkpt>
   <trkpt lat="38.74593" lon="-0.06844">
    <ele>274.92</ele>
   </trkpt>
   <trkpt lat="38.745810000000006" lon="-0.06822">
    <ele>275.14</ele>
   </trkpt>
   <trkpt lat="38.74531" lon="-0.06762">
    <ele>276.21</ele>
   </trkpt>
   <trkpt lat="38.745180000000005" lon="-0.06761">
    <ele>276.15</ele>
   </trkpt>
   <trkpt lat="38.745090000000005" lon="-0.06763000000000001">
    <ele>276.04</ele>
   </trkpt>
   <trkpt lat="38.74461" lon="-0.06812">
    <ele>275.09</ele>
   </trkpt>
   <trkpt lat="38.74397200770126" lon="-0.06879202400984213">
    <ele>274.93</ele>
   </trkpt>
   <trkpt lat="38.7433340115551" lon="-0.06946403601080792">
    <ele>275.21</ele>
   </trkpt>
   <trkpt lat="38.74269601156166" lon="-0.07013603600331347">
    <ele>276.64</ele>
   </trkpt>
   <trkpt lat="38.74205800772113" lon="-0.07080802398777489">
    <ele>280.59</ele>
   </trkpt>
   <trkpt lat="38.741420000000005" lon="-0.07148">
    <ele>286.75</ele>
   </trkpt>
   <trkpt lat="38.740970000000004" lon="-0.07193000000000001">
    <ele>289.18000000000006</ele>
   </trkpt>
   <trkpt lat="38.74098" lon="-0.07192000000000001">
    <ele>289.13</ele>
   </trkpt>
   <trkpt lat="38.7408" lon="-0.07212">
    <ele>290.96</ele>
   </trkpt>
   <trkpt lat="38.740640000000006" lon="-0.07223">
    <ele>291.8</ele>
   </trkpt>
   <trkpt lat="38.740520000000004" lon="-0.07227">
    <ele>292.75</ele>
   </trkpt>
   <trkpt lat="38.740120000000005" lon="-0.0723">
    <ele>295.15000000000003</ele>
   </trkpt>
   <trkpt lat="38.739380000000004" lon="-0.07235000000000001">
    <ele>297.67</ele>
   </trkpt>
   <trkpt lat="38.738775000112206" lon="-0.07240000041517093">
    <ele>299.19</ele>
   </trkpt>
   <trkpt lat="38.738170000000004" lon="-0.07245">
    <ele>301.58</ele>
   </trkpt>
   <trkpt lat="38.73799" lon="-0.07244">
    <ele>302.02</ele>
   </trkpt>
   <trkpt lat="38.73758" lon="-0.07223">
    <ele>302.96</ele>
   </trkpt>
   <trkpt lat="38.737480000000005" lon="-0.07212">
    <ele>302.96</ele>
   </trkpt>
   <trkpt lat="38.73744000000001" lon="-0.07202">
    <ele>304.44000000000005</ele>
   </trkpt>
   <trkpt lat="38.73742" lon="-0.0718">
    <ele>304.44000000000005</ele>
   </trkpt>
   <trkpt lat="38.73743" lon="-0.07150000000000001">
    <ele>305.87</ele>
   </trkpt>
   <trkpt lat="38.737590000000004" lon="-0.07076">
    <ele>307.50000000000006</ele>
   </trkpt>
   <trkpt lat="38.737590000000004" lon="-0.07055">
    <ele>308.00000000000006</ele>
   </trkpt>
   <trkpt lat="38.73754" lon="-0.07016">
    <ele>309.27000000000004</ele>
   </trkpt>
   <trkpt lat="38.73731" lon="-0.06937">
    <ele>313.35</ele>
   </trkpt>
   <trkpt lat="38.737170000000006" lon="-0.0689">
    <ele>316.74</ele>
   </trkpt>
   <trkpt lat="38.73702" lon="-0.06865">
    <ele>316.74</ele>
   </trkpt>
   <trkpt lat="38.73689" lon="-0.06851">
    <ele>318.33</ele>
   </trkpt>
   <trkpt lat="38.73664" lon="-0.06836">
    <ele>319.37000000000006</ele>
   </trkpt>
   <trkpt lat="38.73649" lon="-0.06829">
    <ele>321.41</ele>
   </trkpt>
   <trkpt lat="38.736360000000005" lon="-0.06826">
    <ele>321.41</ele>
   </trkpt>
   <trkpt lat="38.735850000000006" lon="-0.0683">
    <ele>324.3</ele>
   </trkpt>
   <trkpt lat="38.735600000000005" lon="-0.06836">
    <ele>326.78000000000003</ele>
   </trkpt>
   <trkpt lat="38.73481" lon="-0.06872">
    <ele>330.76000000000005</ele>
   </trkpt>
   <trkpt lat="38.73471" lon="-0.06879">
    <ele>331.49</ele>
   </trkpt>
   <trkpt lat="38.734570000000005" lon="-0.06897">
    <ele>332.19000000000005</ele>
   </trkpt>
   <trkpt lat="38.734500000000004" lon="-0.06901">
    <ele>333.07000000000005</ele>
   </trkpt>
   <trkpt lat="38.73443" lon="-0.06901">
    <ele>333.31000000000006</ele>
   </trkpt>
   <trkpt lat="38.73434" lon="-0.06899000000000001">
    <ele>333.84000000000003</ele>
   </trkpt>
   <trkpt lat="38.73427" lon="-0.0689">
    <ele>333.84000000000003</ele>
   </trkpt>
   <trkpt lat="38.734120000000004" lon="-0.06854">
    <ele>336.39000000000004</ele>
   </trkpt>
   <trkpt lat="38.73382" lon="-0.06815">
    <ele>339.13000000000005</ele>
   </trkpt>
   <trkpt lat="38.73369" lon="-0.06805">
    <ele>340.06</ele>
   </trkpt>
   <trkpt lat="38.733430000000006" lon="-0.06798">
    <ele>341.67</ele>
   </trkpt>
   <trkpt lat="38.732780000000005" lon="-0.06826">
    <ele>346.84000000000003</ele>
   </trkpt>
   <trkpt lat="38.7327" lon="-0.06823">
    <ele>347.27000000000004</ele>
   </trkpt>
   <trkpt lat="38.73263" lon="-0.06812">
    <ele>347.27000000000004</ele>
   </trkpt>
   <trkpt lat="38.73245" lon="-0.06758">
    <ele>349.84000000000003</ele>
   </trkpt>
   <trkpt lat="38.73239" lon="-0.06744">
    <ele>350.42</ele>
   </trkpt>
   <trkpt lat="38.732330000000005" lon="-0.06736">
    <ele>350.42</ele>
   </trkpt>
   <trkpt lat="38.731950000000005" lon="-0.06704">
    <ele>353.33000000000004</ele>
   </trkpt>
   <trkpt lat="38.731680000000004" lon="-0.06654">
    <ele>355.11</ele>
   </trkpt>
   <trkpt lat="38.731590000000004" lon="-0.0664">
    <ele>356.1</ele>
   </trkpt>
   <trkpt lat="38.731170000372856" lon="-0.06607499802962345">
    <ele>358.47</ele>
   </trkpt>
   <trkpt lat="38.73075" lon="-0.06575">
    <ele>360.81</ele>
   </trkpt>
   <trkpt lat="38.730560000000004" lon="-0.06564">
    <ele>362.7</ele>
   </trkpt>
   <trkpt lat="38.730320000000006" lon="-0.06554">
    <ele>364.37</ele>
   </trkpt>
   <trkpt lat="38.73017" lon="-0.06556000000000001">
    <ele>365.79</ele>
   </trkpt>
   <trkpt lat="38.7301" lon="-0.06568">
    <ele>367.68</ele>
   </trkpt>
   <trkpt lat="38.7301" lon="-0.06579">
    <ele>368.12</ele>
   </trkpt>
   <trkpt lat="38.73013" lon="-0.06586">
    <ele>368.54</ele>
   </trkpt>
   <trkpt lat="38.730500000000006" lon="-0.0664">
    <ele>371.99</ele>
   </trkpt>
   <trkpt lat="38.7306" lon="-0.06658">
    <ele>372.57</ele>
   </trkpt>
   <trkpt lat="38.73074500258162" lon="-0.06736499817367028">
    <ele>376.75</ele>
   </trkpt>
   <trkpt lat="38.73089" lon="-0.06815">
    <ele>379.95</ele>
   </trkpt>
   <trkpt lat="38.73087" lon="-0.06833">
    <ele>380.6</ele>
   </trkpt>
   <trkpt lat="38.7308" lon="-0.06854">
    <ele>382.38000000000005</ele>
   </trkpt>
   <trkpt lat="38.730630000000005" lon="-0.0689">
    <ele>384.94</ele>
   </trkpt>
   <trkpt lat="38.730410000000006" lon="-0.06929">
    <ele>386.20000000000005</ele>
   </trkpt>
   <trkpt lat="38.730430000000005" lon="-0.06944">
    <ele>386.71000000000004</ele>
   </trkpt>
   <trkpt lat="38.730470000000004" lon="-0.06947">
    <ele>386.90000000000003</ele>
   </trkpt>
   <trkpt lat="38.730540000000005" lon="-0.06947">
    <ele>387.37000000000006</ele>
   </trkpt>
   <trkpt lat="38.73069" lon="-0.06941">
    <ele>387.92</ele>
   </trkpt>
   <trkpt lat="38.73114" lon="-0.06937">
    <ele>391.85</ele>
   </trkpt>
   <trkpt lat="38.73134" lon="-0.0694">
    <ele>392.44</ele>
   </trkpt>
   <trkpt lat="38.731460000000006" lon="-0.06944">
    <ele>393.66</ele>
   </trkpt>
   <trkpt lat="38.731550000000006" lon="-0.06955">
    <ele>394.23</ele>
   </trkpt>
   <trkpt lat="38.731680000000004" lon="-0.0698">
    <ele>395.07000000000005</ele>
   </trkpt>
   <trkpt lat="38.73174" lon="-0.06997">
    <ele>395.39</ele>
   </trkpt>
   <trkpt lat="38.73183" lon="-0.07037">
    <ele>396.70000000000005</ele>
   </trkpt>
   <trkpt lat="38.731860000000005" lon="-0.07044">
    <ele>396.70000000000005</ele>
   </trkpt>
   <trkpt lat="38.73194" lon="-0.07048">
    <ele>397.40000000000003</ele>
   </trkpt>
   <trkpt lat="38.732060000000004" lon="-0.07047">
    <ele>397.76000000000005</ele>
   </trkpt>
   <trkpt lat="38.73256000000001" lon="-0.07002">
    <ele>401.26</ele>
   </trkpt>
   <trkpt lat="38.7327" lon="-0.07002">
    <ele>403.20000000000005</ele>
   </trkpt>
   <trkpt lat="38.73275" lon="-0.07008">
    <ele>403.20000000000005</ele>
   </trkpt>
   <trkpt lat="38.732800000000005" lon="-0.07019">
    <ele>403.81000000000006</ele>
   </trkpt>
   <trkpt lat="38.73301" lon="-0.07108">
    <ele>408.45000000000005</ele>
   </trkpt>
   <trkpt lat="38.73306" lon="-0.07116">
    <ele>408.91</ele>
   </trkpt>
   <trkpt lat="38.73355" lon="-0.07155">
    <ele>410.99</ele>
   </trkpt>
   <trkpt lat="38.73366" lon="-0.07162">
    <ele>411.55</ele>
   </trkpt>
   <trkpt lat="38.73377" lon="-0.07163">
    <ele>412.18000000000006</ele>
   </trkpt>
   <trkpt lat="38.73411" lon="-0.07162">
    <ele>413.82</ele>
   </trkpt>
   <trkpt lat="38.73422" lon="-0.07166">
    <ele>415.46000000000004</ele>
   </trkpt>
   <trkpt lat="38.73427" lon="-0.0717">
    <ele>415.46000000000004</ele>
   </trkpt>
   <trkpt lat="38.73434" lon="-0.07184">
    <ele>416.29</ele>
   </trkpt>
   <trkpt lat="38.73451" lon="-0.07273">
    <ele>421.71000000000004</ele>
   </trkpt>
   <trkpt lat="38.73472" lon="-0.0732">
    <ele>425.00000000000006</ele>
   </trkpt>
   <trkpt lat="38.73478" lon="-0.07341">
    <ele>425.00000000000006</ele>
   </trkpt>
   <trkpt lat="38.73481" lon="-0.07381">
    <ele>427.13</ele>
   </trkpt>
   <trkpt lat="38.73478" lon="-0.07406">
    <ele>428.31</ele>
   </trkpt>
   <trkpt lat="38.734730000000006" lon="-0.0742">
    <ele>428.86</ele>
   </trkpt>
   <trkpt lat="38.734640000000006" lon="-0.07431">
    <ele>429.38000000000005</ele>
   </trkpt>
   <trkpt lat="38.73386" lon="-0.07484">
    <ele>433.78000000000003</ele>
   </trkpt>
   <trkpt lat="38.733430000000006" lon="-0.07503">
    <ele>436.51</ele>
   </trkpt>
   <trkpt lat="38.73326" lon="-0.07509">
    <ele>438.11000000000007</ele>
   </trkpt>
   <trkpt lat="38.73306" lon="-0.07509">
    <ele>438.84000000000003</ele>
   </trkpt>
   <trkpt lat="38.73281" lon="-0.07499">
    <ele>441.02000000000004</ele>
   </trkpt>
   <trkpt lat="38.732670000000006" lon="-0.07491">
    <ele>441.81</ele>
   </trkpt>
   <trkpt lat="38.73259" lon="-0.07481">
    <ele>441.81</ele>
   </trkpt>
   <trkpt lat="38.73243" lon="-0.07456">
    <ele>444.40000000000003</ele>
   </trkpt>
   <trkpt lat="38.73208" lon="-0.07395">
    <ele>447.45</ele>
   </trkpt>
   <trkpt lat="38.73203" lon="-0.07395">
    <ele>447.45</ele>
   </trkpt>
   <trkpt lat="38.73194" lon="-0.07398">
    <ele>447.99000000000007</ele>
   </trkpt>
   <trkpt lat="38.731700000000004" lon="-0.07423">
    <ele>449.38000000000005</ele>
   </trkpt>
   <trkpt lat="38.73122" lon="-0.07448">
    <ele>451.40000000000003</ele>
   </trkpt>
   <trkpt lat="38.73113" lon="-0.07456">
    <ele>451.40000000000003</ele>
   </trkpt>
   <trkpt lat="38.73105" lon="-0.07466">
    <ele>451.94000000000005</ele>
   </trkpt>
   <trkpt lat="38.73102" lon="-0.07477">
    <ele>452.51</ele>
   </trkpt>
   <trkpt lat="38.73104" lon="-0.07491">
    <ele>453.14000000000004</ele>
   </trkpt>
   <trkpt lat="38.731280000000005" lon="-0.07517">
    <ele>454.79</ele>
   </trkpt>
   <trkpt lat="38.73131" lon="-0.07524">
    <ele>454.79</ele>
   </trkpt>
   <trkpt lat="38.73131" lon="-0.07531">
    <ele>455.24</ele>
   </trkpt>
   <trkpt lat="38.73127" lon="-0.07541">
    <ele>455.63000000000005</ele>
   </trkpt>
   <trkpt lat="38.731030000000004" lon="-0.07563">
    <ele>457.06</ele>
   </trkpt>
   <trkpt lat="38.730940000000004" lon="-0.07574">
    <ele>457.06</ele>
   </trkpt>
   <trkpt lat="38.730880000000006" lon="-0.07613">
    <ele>458.69000000000005</ele>
   </trkpt>
   <trkpt lat="38.7308" lon="-0.07638">
    <ele>462.28000000000003</ele>
   </trkpt>
   <trkpt lat="38.7308" lon="-0.07645">
    <ele>462.28000000000003</ele>
   </trkpt>
   <trkpt lat="38.730970000000006" lon="-0.07713">
    <ele>464.96000000000004</ele>
   </trkpt>
   <trkpt lat="38.73106000000001" lon="-0.07731">
    <ele>467.16</ele>
   </trkpt>
   <trkpt lat="38.73133" lon="-0.0776">
    <ele>468.9200000000001</ele>
   </trkpt>
   <trkpt lat="38.73136" lon="-0.07767">
    <ele>469.66</ele>
   </trkpt>
   <trkpt lat="38.731370000000005" lon="-0.07779000000000001">
    <ele>470.46000000000004</ele>
   </trkpt>
   <trkpt lat="38.731350000000006" lon="-0.07789">
    <ele>471.70000000000005</ele>
   </trkpt>
   <trkpt lat="38.731210000000004" lon="-0.07796">
    <ele>472.90000000000003</ele>
   </trkpt>
   <trkpt lat="38.731120000000004" lon="-0.07796">
    <ele>473.68000000000006</ele>
   </trkpt>
   <trkpt lat="38.731030000000004" lon="-0.07789">
    <ele>474.40000000000003</ele>
   </trkpt>
   <trkpt lat="38.73078" lon="-0.07752">
    <ele>476.80000000000007</ele>
   </trkpt>
   <trkpt lat="38.73055" lon="-0.0772">
    <ele>479.90000000000003</ele>
   </trkpt>
   <trkpt lat="38.730380000000004" lon="-0.07688">
    <ele>482.34000000000003</ele>
   </trkpt>
   <trkpt lat="38.73015" lon="-0.07627">
    <ele>485.80000000000007</ele>
   </trkpt>
   <trkpt lat="38.73013" lon="-0.0761">
    <ele>486.47</ele>
   </trkpt>
   <trkpt lat="38.730140000000006" lon="-0.07574">
    <ele>489.22</ele>
   </trkpt>
   <trkpt lat="38.730050000000006" lon="-0.07542">
    <ele>490.52000000000004</ele>
   </trkpt>
   <trkpt lat="38.72972000204153" lon="-0.07473499692507984">
    <ele>494.76000000000005</ele>
   </trkpt>
   <trkpt lat="38.72939" lon="-0.07405">
    <ele>501.2300000000001</ele>
   </trkpt>
   <trkpt lat="38.72928" lon="-0.07387">
    <ele>502.97</ele>
   </trkpt>
   <trkpt lat="38.729060000000004" lon="-0.07359">
    <ele>506.18000000000006</ele>
   </trkpt>
   <trkpt lat="38.72896" lon="-0.07348">
    <ele>507.06000000000006</ele>
   </trkpt>
   <trkpt lat="38.72878" lon="-0.07338">
    <ele>509.36</ele>
   </trkpt>
   <trkpt lat="38.7287" lon="-0.0733">
    <ele>509.36</ele>
   </trkpt>
   <trkpt lat="38.72855500134081" lon="-0.07272999867405607">
    <ele>512.2800000000001</ele>
   </trkpt>
   <trkpt lat="38.728410000000004" lon="-0.07216">
    <ele>515.47</ele>
   </trkpt>
   <trkpt lat="38.72822" lon="-0.07173">
    <ele>523.47</ele>
   </trkpt>
   <trkpt lat="38.72776" lon="-0.07108">
    <ele>528.1600000000001</ele>
   </trkpt>
   <trkpt lat="38.72735" lon="-0.07034">
    <ele>532.0100000000001</ele>
   </trkpt>
   <trkpt lat="38.72726" lon="-0.07023">
    <ele>533.6500000000001</ele>
   </trkpt>
   <trkpt lat="38.727120000000006" lon="-0.07015">
    <ele>534.51</ele>
   </trkpt>
   <trkpt lat="38.72701" lon="-0.07012">
    <ele>535.85</ele>
   </trkpt>
   <trkpt lat="38.726670000000006" lon="-0.07008">
    <ele>539.0600000000001</ele>
   </trkpt>
   <trkpt lat="38.726620000000004" lon="-0.07005">
    <ele>539.91</ele>
   </trkpt>
   <trkpt lat="38.72654" lon="-0.06994">
    <ele>540.6700000000001</ele>
   </trkpt>
   <trkpt lat="38.72654" lon="-0.06984">
    <ele>541.2900000000001</ele>
   </trkpt>
   <trkpt lat="38.72672" lon="-0.06929">
    <ele>545.46</ele>
   </trkpt>
   <trkpt lat="38.72673" lon="-0.06915">
    <ele>545.46</ele>
   </trkpt>
   <trkpt lat="38.726710000000004" lon="-0.06901">
    <ele>545.46</ele>
   </trkpt>
   <trkpt lat="38.72648" lon="-0.06845000000000001">
    <ele>547.8000000000001</ele>
   </trkpt>
   <trkpt lat="38.72636" lon="-0.06833">
    <ele>549.21</ele>
   </trkpt>
   <trkpt lat="38.726020000000005" lon="-0.06811">
    <ele>551.18</ele>
   </trkpt>
   <trkpt lat="38.72580000000001" lon="-0.06786">
    <ele>553.07</ele>
   </trkpt>
   <trkpt lat="38.725750000000005" lon="-0.06776">
    <ele>553.07</ele>
   </trkpt>
   <trkpt lat="38.72572" lon="-0.06761">
    <ele>553.8100000000001</ele>
   </trkpt>
   <trkpt lat="38.725750000000005" lon="-0.06707">
    <ele>555.4100000000001</ele>
   </trkpt>
   <trkpt lat="38.725750000000005" lon="-0.06675">
    <ele>556.71</ele>
   </trkpt>
   <trkpt lat="38.7257" lon="-0.06647">
    <ele>556.71</ele>
   </trkpt>
   <trkpt lat="38.72558" lon="-0.06607">
    <ele>560.76</ele>
   </trkpt>
   <trkpt lat="38.725460000000005" lon="-0.06575">
    <ele>561.5600000000001</ele>
   </trkpt>
   <trkpt lat="38.72529" lon="-0.06539">
    <ele>563.33</ele>
   </trkpt>
   <trkpt lat="38.72482" lon="-0.06493">
    <ele>567.89</ele>
   </trkpt>
   <trkpt lat="38.72448" lon="-0.06443">
    <ele>570.32</ele>
   </trkpt>
   <trkpt lat="38.72444" lon="-0.06429">
    <ele>570.32</ele>
   </trkpt>
   <trkpt lat="38.724450000000004" lon="-0.06414">
    <ele>572.1400000000001</ele>
   </trkpt>
   <trkpt lat="38.72464" lon="-0.06329">
    <ele>575.0200000000001</ele>
   </trkpt>
   <trkpt lat="38.724680000000006" lon="-0.06303">
    <ele>575.97</ele>
   </trkpt>
   <trkpt lat="38.72455" lon="-0.06214000000000001">
    <ele>579.04</ele>
   </trkpt>
   <trkpt lat="38.72457" lon="-0.061220000000000004">
    <ele>582.8000000000001</ele>
   </trkpt>
   <trkpt lat="38.7246" lon="-0.06106">
    <ele>583.6300000000001</ele>
   </trkpt>
   <trkpt lat="38.72473" lon="-0.06072">
    <ele>585.59</ele>
   </trkpt>
   <trkpt lat="38.725120000000004" lon="-0.06022">
    <ele>586.9700000000001</ele>
   </trkpt>
   <trkpt lat="38.72514" lon="-0.060180000000000004">
    <ele>586.9700000000001</ele>
   </trkpt>
   <trkpt lat="38.725150000000006" lon="-0.06008">
    <ele>587.1</ele>
   </trkpt>
   <trkpt lat="38.72514" lon="-0.05972">
    <ele>587.2900000000001</ele>
   </trkpt>
   <trkpt lat="38.725120000000004" lon="-0.059590000000000004">
    <ele>587.58</ele>
   </trkpt>
   <trkpt lat="38.72495" lon="-0.059000000000000004">
    <ele>589.7900000000001</ele>
   </trkpt>
   <trkpt lat="38.72486" lon="-0.05877">
    <ele>591.16</ele>
   </trkpt>
   <trkpt lat="38.724790000000006" lon="-0.058660000000000004">
    <ele>592.36</ele>
   </trkpt>
   <trkpt lat="38.72464" lon="-0.0585">
    <ele>593.6600000000001</ele>
   </trkpt>
   <trkpt lat="38.724630000000005" lon="-0.05836">
    <ele>595.08</ele>
   </trkpt>
   <trkpt lat="38.72466" lon="-0.0582">
    <ele>596.4200000000001</ele>
   </trkpt>
   <trkpt lat="38.72485" lon="-0.05782">
    <ele>599.22</ele>
   </trkpt>
   <trkpt lat="38.724920000000004" lon="-0.05759">
    <ele>601.1700000000001</ele>
   </trkpt>
   <trkpt lat="38.724970000000006" lon="-0.057280000000000005">
    <ele>602.33</ele>
   </trkpt>
   <trkpt lat="38.72498" lon="-0.057120000000000004">
    <ele>602.33</ele>
   </trkpt>
   <trkpt lat="38.72495" lon="-0.05684">
    <ele>604.47</ele>
   </trkpt>
   <trkpt lat="38.724880000000006" lon="-0.05659">
    <ele>606.0699999999999</ele>
   </trkpt>
   <trkpt lat="38.72482" lon="-0.05646">
    <ele>606.36</ele>
   </trkpt>
   <trkpt lat="38.724790000000006" lon="-0.056440000000000004">
    <ele>606.36</ele>
   </trkpt>
   <trkpt lat="38.72473" lon="-0.056440000000000004">
    <ele>606.98</ele>
   </trkpt>
   <trkpt lat="38.724700000000006" lon="-0.0565">
    <ele>606.98</ele>
   </trkpt>
   <trkpt lat="38.724700000000006" lon="-0.05659">
    <ele>608.46</ele>
   </trkpt>
   <trkpt lat="38.724790000000006" lon="-0.05689">
    <ele>610.1800000000001</ele>
   </trkpt>
   <trkpt lat="38.7248" lon="-0.057030000000000004">
    <ele>610.1800000000001</ele>
   </trkpt>
   <trkpt lat="38.724790000000006" lon="-0.057210000000000004">
    <ele>612.89</ele>
   </trkpt>
   <trkpt lat="38.72475" lon="-0.057370000000000004">
    <ele>612.89</ele>
   </trkpt>
   <trkpt lat="38.72469" lon="-0.0575">
    <ele>613.9300000000001</ele>
   </trkpt>
   <trkpt lat="38.724590000000006" lon="-0.05766">
    <ele>614.74</ele>
   </trkpt>
   <trkpt lat="38.72419000098089" lon="-0.058170003016736575">
    <ele>617.48</ele>
   </trkpt>
   <trkpt lat="38.72379" lon="-0.05868">
    <ele>621.38</ele>
   </trkpt>
   <trkpt lat="38.7237" lon="-0.05888">
    <ele>623.77</ele>
   </trkpt>
   <trkpt lat="38.72361" lon="-0.05949000000000001">
    <ele>626.07</ele>
   </trkpt>
   <trkpt lat="38.72347500197765" lon="-0.06017500139963079">
    <ele>625.3000000000001</ele>
   </trkpt>
   <trkpt lat="38.72334" lon="-0.060860000000000004">
    <ele>621.9100000000001</ele>
   </trkpt>
   <trkpt lat="38.723240000000004" lon="-0.061450000000000005">
    <ele>616.17</ele>
   </trkpt>
   <trkpt lat="38.723180000000006" lon="-0.062060000000000004">
    <ele>613.12</ele>
   </trkpt>
   <trkpt lat="38.72314" lon="-0.06217">
    <ele>613.12</ele>
   </trkpt>
   <trkpt lat="38.72285" lon="-0.06282">
    <ele>606.5600000000001</ele>
   </trkpt>
   <trkpt lat="38.7227" lon="-0.06307">
    <ele>605.77</ele>
   </trkpt>
   <trkpt lat="38.72213" lon="-0.06375">
    <ele>597.8800000000001</ele>
   </trkpt>
   <trkpt lat="38.721990000000005" lon="-0.06403">
    <ele>596.1800000000001</ele>
   </trkpt>
   <trkpt lat="38.72182" lon="-0.06453">
    <ele>593.44</ele>
   </trkpt>
   <trkpt lat="38.72176" lon="-0.06464">
    <ele>592.35</ele>
   </trkpt>
   <trkpt lat="38.72167" lon="-0.06471">
    <ele>592.35</ele>
   </trkpt>
   <trkpt lat="38.72157" lon="-0.06478">
    <ele>592.35</ele>
   </trkpt>
   <trkpt lat="38.72131" lon="-0.06482">
    <ele>590.34</ele>
   </trkpt>
   <trkpt lat="38.721160000000005" lon="-0.06489">
    <ele>588.57</ele>
   </trkpt>
   <trkpt lat="38.72081" lon="-0.06511">
    <ele>586.11</ele>
   </trkpt>
   <trkpt lat="38.7205" lon="-0.06533">
    <ele>584.31</ele>
   </trkpt>
   <trkpt lat="38.72041" lon="-0.06543">
    <ele>582.94</ele>
   </trkpt>
   <trkpt lat="38.719820000000006" lon="-0.06619">
    <ele>578.72</ele>
   </trkpt>
   <trkpt lat="38.71972" lon="-0.06654">
    <ele>576.58</ele>
   </trkpt>
   <trkpt lat="38.719730000000006" lon="-0.06729">
    <ele>573.5300000000001</ele>
   </trkpt>
   <trkpt lat="38.719710000000006" lon="-0.06747">
    <ele>572.33</ele>
   </trkpt>
   <trkpt lat="38.71942000000001" lon="-0.0684">
    <ele>567.13</ele>
   </trkpt>
   <trkpt lat="38.71917000102862" lon="-0.06892000207480725">
    <ele>562.4800000000001</ele>
   </trkpt>
   <trkpt lat="38.718920000000004" lon="-0.06944">
    <ele>559.82</ele>
   </trkpt>
   <trkpt lat="38.718720000000005" lon="-0.06991">
    <ele>558.03</ele>
   </trkpt>
   <trkpt lat="38.718410000000006" lon="-0.0704">
    <ele>555.01</ele>
   </trkpt>
   <trkpt lat="38.718320000000006" lon="-0.07062">
    <ele>554.1600000000001</ele>
   </trkpt>
   <trkpt lat="38.71828" lon="-0.07083">
    <ele>553.59</ele>
   </trkpt>
   <trkpt lat="38.71828" lon="-0.07098">
    <ele>553.15</ele>
   </trkpt>
   <trkpt lat="38.718610000000005" lon="-0.07176">
    <ele>549.7500000000001</ele>
   </trkpt>
   <trkpt lat="38.718630000000005" lon="-0.07184">
    <ele>549.06</ele>
   </trkpt>
   <trkpt lat="38.718630000000005" lon="-0.07195">
    <ele>548.5000000000001</ele>
   </trkpt>
   <trkpt lat="38.718560000000004" lon="-0.07209">
    <ele>548.2</ele>
   </trkpt>
   <trkpt lat="38.718050000000005" lon="-0.07273">
    <ele>543.62</ele>
   </trkpt>
   <trkpt lat="38.71792000000001" lon="-0.07298">
    <ele>541.03</ele>
   </trkpt>
   <trkpt lat="38.717870000000005" lon="-0.0732">
    <ele>539.15</ele>
   </trkpt>
   <trkpt lat="38.71786" lon="-0.07359">
    <ele>538.2600000000001</ele>
   </trkpt>
   <trkpt lat="38.717830000000006" lon="-0.0737">
    <ele>537.45</ele>
   </trkpt>
   <trkpt lat="38.71768" lon="-0.07398">
    <ele>535.81</ele>
   </trkpt>
   <trkpt lat="38.71757" lon="-0.07434">
    <ele>534.19</ele>
   </trkpt>
   <trkpt lat="38.71741" lon="-0.07502">
    <ele>533.2600000000001</ele>
   </trkpt>
   <trkpt lat="38.71741" lon="-0.07524">
    <ele>532.21</ele>
   </trkpt>
   <trkpt lat="38.717380000000006" lon="-0.07533000000000001">
    <ele>532.21</ele>
   </trkpt>
   <trkpt lat="38.71735" lon="-0.07538">
    <ele>531.8900000000001</ele>
   </trkpt>
   <trkpt lat="38.717180000000006" lon="-0.07556">
    <ele>530.94</ele>
   </trkpt>
   <trkpt lat="38.71708" lon="-0.07581">
    <ele>530.6</ele>
   </trkpt>
   <trkpt lat="38.717020000000005" lon="-0.07592">
    <ele>530.6</ele>
   </trkpt>
   <trkpt lat="38.71692" lon="-0.07595">
    <ele>530.2300000000001</ele>
   </trkpt>
   <trkpt lat="38.716840000000005" lon="-0.07595">
    <ele>530.0</ele>
   </trkpt>
   <trkpt lat="38.716730000000005" lon="-0.07588">
    <ele>529.8900000000001</ele>
   </trkpt>
   <trkpt lat="38.716640000000005" lon="-0.07588">
    <ele>529.83</ele>
   </trkpt>
   <trkpt lat="38.716570000000004" lon="-0.07591">
    <ele>529.83</ele>
   </trkpt>
   <trkpt lat="38.71647" lon="-0.07599">
    <ele>529.82</ele>
   </trkpt>
   <trkpt lat="38.716390000000004" lon="-0.07613">
    <ele>529.66</ele>
   </trkpt>
   <trkpt lat="38.71638" lon="-0.07624">
    <ele>529.66</ele>
   </trkpt>
   <trkpt lat="38.716390000000004" lon="-0.07642">
    <ele>529.36</ele>
   </trkpt>
   <trkpt lat="38.716440000000006" lon="-0.07664">
    <ele>529.0600000000001</ele>
   </trkpt>
   <trkpt lat="38.71654" lon="-0.07688">
    <ele>528.3800000000001</ele>
   </trkpt>
   <trkpt lat="38.71674" lon="-0.07724">
    <ele>526.09</ele>
   </trkpt>
   <trkpt lat="38.716770000000004" lon="-0.07735">
    <ele>525.63</ele>
   </trkpt>
   <trkpt lat="38.716770000000004" lon="-0.07749">
    <ele>525.4300000000001</ele>
   </trkpt>
   <trkpt lat="38.716730000000005" lon="-0.0776">
    <ele>525.0400000000001</ele>
   </trkpt>
   <trkpt lat="38.7165" lon="-0.07803">
    <ele>526.05</ele>
   </trkpt>
   <trkpt lat="38.7162" lon="-0.07889">
    <ele>530.5500000000001</ele>
   </trkpt>
   <trkpt lat="38.716150000000006" lon="-0.07899">
    <ele>530.8000000000001</ele>
   </trkpt>
   <trkpt lat="38.71604000000001" lon="-0.0791">
    <ele>531.07</ele>
   </trkpt>
   <trkpt lat="38.715790000000005" lon="-0.07932">
    <ele>531.37</ele>
   </trkpt>
   <trkpt lat="38.715680000000006" lon="-0.07936">
    <ele>531.36</ele>
   </trkpt>
   <trkpt lat="38.715210000000006" lon="-0.07943">
    <ele>530.1600000000001</ele>
   </trkpt>
   <trkpt lat="38.715140000000005" lon="-0.07951000000000001">
    <ele>530.1600000000001</ele>
   </trkpt>
   <trkpt lat="38.715" lon="-0.07989">
    <ele>529.2600000000001</ele>
   </trkpt>
   <trkpt lat="38.71493" lon="-0.07996">
    <ele>529.37</ele>
   </trkpt>
   <trkpt lat="38.714830000000006" lon="-0.08">
    <ele>529.6200000000001</ele>
   </trkpt>
   <trkpt lat="38.714740000000006" lon="-0.0801">
    <ele>530.2</ele>
   </trkpt>
   <trkpt lat="38.714690000000004" lon="-0.08028">
    <ele>530.93</ele>
   </trkpt>
   <trkpt lat="38.71473" lon="-0.08042">
    <ele>531.5500000000001</ele>
   </trkpt>
   <trkpt lat="38.715210000000006" lon="-0.08096">
    <ele>532.1400000000001</ele>
   </trkpt>
   <trkpt lat="38.71524" lon="-0.08104">
    <ele>532.1400000000001</ele>
   </trkpt>
   <trkpt lat="38.71524" lon="-0.08118">
    <ele>532.1400000000001</ele>
   </trkpt>
   <trkpt lat="38.71502" lon="-0.08175">
    <ele>531.02</ele>
   </trkpt>
   <trkpt lat="38.7149" lon="-0.08193">
    <ele>530.8000000000001</ele>
   </trkpt>
   <trkpt lat="38.714710000000004" lon="-0.08217">
    <ele>530.61</ele>
   </trkpt>
   <trkpt lat="38.71455" lon="-0.08249000000000001">
    <ele>530.0400000000001</ele>
   </trkpt>
   <trkpt lat="38.71394" lon="-0.08293">
    <ele>528.25</ele>
   </trkpt>
   <trkpt lat="38.71388" lon="-0.08303">
    <ele>528.1700000000001</ele>
   </trkpt>
   <trkpt lat="38.713820000000005" lon="-0.08317000000000001">
    <ele>528.05</ele>
   </trkpt>
   <trkpt lat="38.713770000000004" lon="-0.08339">
    <ele>527.84</ele>
   </trkpt>
   <trkpt lat="38.71378" lon="-0.08375">
    <ele>527.81</ele>
   </trkpt>
   <trkpt lat="38.71385" lon="-0.08428000000000001">
    <ele>528.0400000000001</ele>
   </trkpt>
   <trkpt lat="38.713820000000005" lon="-0.08493">
    <ele>528.8900000000001</ele>
   </trkpt>
   <trkpt lat="38.713860000000004" lon="-0.08521000000000001">
    <ele>529.39</ele>
   </trkpt>
   <trkpt lat="38.71399" lon="-0.08573">
    <ele>532.6899999999999</ele>
   </trkpt>
   <trkpt lat="38.71399" lon="-0.08587">
    <ele>532.6899999999999</ele>
   </trkpt>
   <trkpt lat="38.71397" lon="-0.08594">
    <ele>533.63</ele>
   </trkpt>
   <trkpt lat="38.713910000000006" lon="-0.08603000000000001">
    <ele>533.63</ele>
   </trkpt>
   <trkpt lat="38.713860000000004" lon="-0.08607000000000001">
    <ele>533.63</ele>
   </trkpt>
   <trkpt lat="38.713660000000004" lon="-0.08612">
    <ele>535.71</ele>
   </trkpt>
   <trkpt lat="38.71336" lon="-0.08625000000000001">
    <ele>538.54</ele>
   </trkpt>
   <trkpt lat="38.7132" lon="-0.08644">
    <ele>540.59</ele>
   </trkpt>
   <trkpt lat="38.713100000000004" lon="-0.08668000000000001">
    <ele>541.9000000000001</ele>
   </trkpt>
   <trkpt lat="38.71304000000001" lon="-0.08689000000000001">
    <ele>541.9000000000001</ele>
   </trkpt>
   <trkpt lat="38.712950000000006" lon="-0.08757000000000001">
    <ele>546.4499999999999</ele>
   </trkpt>
   <trkpt lat="38.712880000000006" lon="-0.08786000000000001">
    <ele>548.15</ele>
   </trkpt>
   <trkpt lat="38.71267" lon="-0.08854000000000001">
    <ele>550.47</ele>
   </trkpt>
   <trkpt lat="38.712450000000004" lon="-0.08893000000000001">
    <ele>551.7</ele>
   </trkpt>
   <trkpt lat="38.712430000000005" lon="-0.08908">
    <ele>551.7</ele>
   </trkpt>
   <trkpt lat="38.712450000000004" lon="-0.08929000000000001">
    <ele>552.8100000000001</ele>
   </trkpt>
   <trkpt lat="38.712500000000006" lon="-0.08951">
    <ele>553.0400000000001</ele>
   </trkpt>
   <trkpt lat="38.712500000000006" lon="-0.08961000000000001">
    <ele>553.0400000000001</ele>
   </trkpt>
   <trkpt lat="38.712480000000006" lon="-0.08969">
    <ele>553.5300000000001</ele>
   </trkpt>
   <trkpt lat="38.71244" lon="-0.08977">
    <ele>553.5300000000001</ele>
   </trkpt>
   <trkpt lat="38.71222" lon="-0.08994">
    <ele>554.33</ele>
   </trkpt>
   <trkpt lat="38.712050000000005" lon="-0.09013">
    <ele>555.1600000000001</ele>
   </trkpt>
   <trkpt lat="38.71168" lon="-0.09075000000000001">
    <ele>558.28</ele>
   </trkpt>
   <trkpt lat="38.71161" lon="-0.09094000000000001">
    <ele>558.28</ele>
   </trkpt>
   <trkpt lat="38.71163000000001" lon="-0.09108000000000001">
    <ele>560.9200000000001</ele>
   </trkpt>
   <trkpt lat="38.71184" lon="-0.09141">
    <ele>562.24</ele>
   </trkpt>
   <trkpt lat="38.71199" lon="-0.09169000000000001">
    <ele>562.9300000000001</ele>
   </trkpt>
   <trkpt lat="38.7122" lon="-0.09223">
    <ele>562.36</ele>
   </trkpt>
   <trkpt lat="38.71233" lon="-0.09273">
    <ele>561.4800000000001</ele>
   </trkpt>
   <trkpt lat="38.712320000000005" lon="-0.09328">
    <ele>561.03</ele>
   </trkpt>
   <trkpt lat="38.712300000000006" lon="-0.09345">
    <ele>560.6300000000001</ele>
   </trkpt>
   <trkpt lat="38.71226" lon="-0.09355000000000001">
    <ele>560.27</ele>
   </trkpt>
   <trkpt lat="38.71204" lon="-0.09384">
    <ele>559.64</ele>
   </trkpt>
   <trkpt lat="38.711940000000006" lon="-0.09399">
    <ele>559.11</ele>
   </trkpt>
   <trkpt lat="38.711890000000004" lon="-0.09413">
    <ele>558.74</ele>
   </trkpt>
   <trkpt lat="38.71188" lon="-0.09434000000000001">
    <ele>557.67</ele>
   </trkpt>
   <trkpt lat="38.712" lon="-0.09487000000000001">
    <ele>556.5100000000001</ele>
   </trkpt>
   <trkpt lat="38.712070000000004" lon="-0.09581">
    <ele>555.0200000000001</ele>
   </trkpt>
   <trkpt lat="38.71211" lon="-0.09599">
    <ele>554.67</ele>
   </trkpt>
   <trkpt lat="38.71222" lon="-0.09614">
    <ele>554.25</ele>
   </trkpt>
   <trkpt lat="38.71247" lon="-0.09627000000000001">
    <ele>553.9200000000001</ele>
   </trkpt>
   <trkpt lat="38.71256" lon="-0.09634000000000001">
    <ele>553.67</ele>
   </trkpt>
   <trkpt lat="38.712610000000005" lon="-0.09645000000000001">
    <ele>553.5500000000001</ele>
   </trkpt>
   <trkpt lat="38.71262" lon="-0.09656">
    <ele>553.47</ele>
   </trkpt>
   <trkpt lat="38.71258" lon="-0.09668">
    <ele>553.18</ele>
   </trkpt>
   <trkpt lat="38.712270000000004" lon="-0.09721">
    <ele>551.91</ele>
   </trkpt>
   <trkpt lat="38.712160000000004" lon="-0.09753">
    <ele>551.1100000000001</ele>
   </trkpt>
   <trkpt lat="38.712120000000006" lon="-0.09770000000000001">
    <ele>550.86</ele>
   </trkpt>
   <trkpt lat="38.71186" lon="-0.09818">
    <ele>549.7200000000001</ele>
   </trkpt>
   <trkpt lat="38.711780000000005" lon="-0.09824000000000001">
    <ele>548.0500000000001</ele>
   </trkpt>
   <trkpt lat="38.71168" lon="-0.09828">
    <ele>548.0500000000001</ele>
   </trkpt>
   <trkpt lat="38.71161" lon="-0.09828">
    <ele>547.6800000000001</ele>
   </trkpt>
   <trkpt lat="38.71152" lon="-0.09825">
    <ele>547.52</ele>
   </trkpt>
   <trkpt lat="38.711330000000004" lon="-0.09806000000000001">
    <ele>546.7500000000001</ele>
   </trkpt>
   <trkpt lat="38.711040000000004" lon="-0.09731000000000001">
    <ele>544.12</ele>
   </trkpt>
   <trkpt lat="38.710930000000005" lon="-0.09674">
    <ele>542.0200000000001</ele>
   </trkpt>
   <trkpt lat="38.71079" lon="-0.09652000000000001">
    <ele>539.97</ele>
   </trkpt>
   <trkpt lat="38.7107" lon="-0.09645000000000001">
    <ele>539.97</ele>
   </trkpt>
   <trkpt lat="38.710300000000004" lon="-0.09634000000000001">
    <ele>536.35</ele>
   </trkpt>
   <trkpt lat="38.71002" lon="-0.09618">
    <ele>535.83</ele>
   </trkpt>
   <trkpt lat="38.70984" lon="-0.09618">
    <ele>535.33</ele>
   </trkpt>
   <trkpt lat="38.70969" lon="-0.09634000000000001">
    <ele>534.35</ele>
   </trkpt>
   <trkpt lat="38.70969" lon="-0.09656">
    <ele>533.81</ele>
   </trkpt>
   <trkpt lat="38.70982" lon="-0.09686">
    <ele>532.0500000000001</ele>
   </trkpt>
   <trkpt lat="38.71003" lon="-0.0976">
    <ele>527.75</ele>
   </trkpt>
   <trkpt lat="38.710100000000004" lon="-0.09796">
    <ele>526.0400000000001</ele>
   </trkpt>
   <trkpt lat="38.71009" lon="-0.09821">
    <ele>525.6800000000001</ele>
   </trkpt>
   <trkpt lat="38.709970000000006" lon="-0.09860000000000001">
    <ele>524.19</ele>
   </trkpt>
   <trkpt lat="38.709900000000005" lon="-0.09871">
    <ele>523.7900000000001</ele>
   </trkpt>
   <trkpt lat="38.70982" lon="-0.09874000000000001">
    <ele>522.93</ele>
   </trkpt>
   <trkpt lat="38.709700000000005" lon="-0.09878">
    <ele>522.5600000000001</ele>
   </trkpt>
   <trkpt lat="38.70931" lon="-0.09881000000000001">
    <ele>521.4000000000001</ele>
   </trkpt>
   <trkpt lat="38.70918" lon="-0.09889">
    <ele>520.94</ele>
   </trkpt>
   <trkpt lat="38.709120000000006" lon="-0.09903">
    <ele>519.5200000000001</ele>
   </trkpt>
   <trkpt lat="38.709010000000006" lon="-0.09942000000000001">
    <ele>518.1600000000001</ele>
   </trkpt>
   <trkpt lat="38.708920000000006" lon="-0.09958">
    <ele>517.4300000000001</ele>
   </trkpt>
   <trkpt lat="38.708650000000006" lon="-0.09979">
    <ele>516.81</ele>
   </trkpt>
   <trkpt lat="38.70844" lon="-0.09989">
    <ele>516.4000000000001</ele>
   </trkpt>
   <trkpt lat="38.708360000000006" lon="-0.09996000000000001">
    <ele>516.4000000000001</ele>
   </trkpt>
   <trkpt lat="38.708130000000004" lon="-0.10032">
    <ele>515.69</ele>
   </trkpt>
   <trkpt lat="38.70803" lon="-0.10043">
    <ele>515.2500000000001</ele>
   </trkpt>
   <trkpt lat="38.707800000000006" lon="-0.10057">
    <ele>514.85</ele>
   </trkpt>
   <trkpt lat="38.707750000000004" lon="-0.10069">
    <ele>514.57</ele>
   </trkpt>
   <trkpt lat="38.707730000000005" lon="-0.10097">
    <ele>513.5600000000001</ele>
   </trkpt>
   <trkpt lat="38.7077" lon="-0.10111">
    <ele>512.94</ele>
   </trkpt>
   <trkpt lat="38.707460000000005" lon="-0.10154">
    <ele>511.78000000000003</ele>
   </trkpt>
   <trkpt lat="38.707370000000004" lon="-0.10161">
    <ele>511.78000000000003</ele>
   </trkpt>
   <trkpt lat="38.707060000000006" lon="-0.10175000000000001">
    <ele>511.41</ele>
   </trkpt>
   <trkpt lat="38.707" lon="-0.10186">
    <ele>511.33000000000004</ele>
   </trkpt>
   <trkpt lat="38.70698" lon="-0.10197">
    <ele>511.21000000000004</ele>
   </trkpt>
   <trkpt lat="38.70703" lon="-0.10237">
    <ele>510.57000000000005</ele>
   </trkpt>
   <trkpt lat="38.70705" lon="-0.10276">
    <ele>509.21999999999997</ele>
   </trkpt>
   <trkpt lat="38.70712" lon="-0.10301">
    <ele>509.21999999999997</ele>
   </trkpt>
   <trkpt lat="38.707280000000004" lon="-0.10337">
    <ele>506.8</ele>
   </trkpt>
   <trkpt lat="38.707330000000006" lon="-0.10368000000000001">
    <ele>506.18000000000006</ele>
   </trkpt>
   <trkpt lat="38.70734" lon="-0.10401">
    <ele>506.12</ele>
   </trkpt>
   <trkpt lat="38.70731" lon="-0.10438000000000001">
    <ele>507.51</ele>
   </trkpt>
   <trkpt lat="38.70729" lon="-0.10452">
    <ele>508.13000000000005</ele>
   </trkpt>
   <trkpt lat="38.70723" lon="-0.10462">
    <ele>508.49</ele>
   </trkpt>
   <trkpt lat="38.707010000000004" lon="-0.10483">
    <ele>509.6700000000001</ele>
   </trkpt>
   <trkpt lat="38.70687" lon="-0.10502">
    <ele>513.37</ele>
   </trkpt>
   <trkpt lat="38.70664" lon="-0.10548">
    <ele>517.12</ele>
   </trkpt>
   <trkpt lat="38.7066" lon="-0.10562">
    <ele>517.12</ele>
   </trkpt>
   <trkpt lat="38.706570000000006" lon="-0.10579000000000001">
    <ele>518.85</ele>
   </trkpt>
   <trkpt lat="38.706500000000005" lon="-0.10662">
    <ele>523.6800000000001</ele>
   </trkpt>
   <trkpt lat="38.706410000000005" lon="-0.10709">
    <ele>525.7900000000001</ele>
   </trkpt>
   <trkpt lat="38.70642" lon="-0.10724">
    <ele>525.7900000000001</ele>
   </trkpt>
   <trkpt lat="38.706480000000006" lon="-0.10749">
    <ele>528.3800000000001</ele>
   </trkpt>
   <trkpt lat="38.70647" lon="-0.10766">
    <ele>528.94</ele>
   </trkpt>
   <trkpt lat="38.7064" lon="-0.10784">
    <ele>529.95</ele>
   </trkpt>
   <trkpt lat="38.706230000000005" lon="-0.10801000000000001">
    <ele>530.75</ele>
   </trkpt>
   <trkpt lat="38.706140000000005" lon="-0.10819000000000001">
    <ele>532.0500000000001</ele>
   </trkpt>
   <trkpt lat="38.706070000000004" lon="-0.10826000000000001">
    <ele>532.0500000000001</ele>
   </trkpt>
   <trkpt lat="38.705850000000005" lon="-0.10834">
    <ele>533.88</ele>
   </trkpt>
   <trkpt lat="38.705740000000006" lon="-0.10830000000000001">
    <ele>535.6500000000001</ele>
   </trkpt>
   <trkpt lat="38.705630000000006" lon="-0.10824">
    <ele>535.6500000000001</ele>
   </trkpt>
   <trkpt lat="38.70523" lon="-0.10787000000000001">
    <ele>539.6899999999999</ele>
   </trkpt>
   <trkpt lat="38.704730000000005" lon="-0.10748">
    <ele>544.4</ele>
   </trkpt>
   <trkpt lat="38.704660000000004" lon="-0.10745">
    <ele>544.4</ele>
   </trkpt>
   <trkpt lat="38.70458" lon="-0.10745">
    <ele>544.4</ele>
   </trkpt>
   <trkpt lat="38.704170000000005" lon="-0.10755">
    <ele>547.5000000000001</ele>
   </trkpt>
   <trkpt lat="38.704040000000006" lon="-0.10751000000000001">
    <ele>549.4499999999999</ele>
   </trkpt>
   <trkpt lat="38.703450000000004" lon="-0.10726000000000001">
    <ele>552.1700000000001</ele>
   </trkpt>
   <trkpt lat="38.703160000000004" lon="-0.10708000000000001">
    <ele>552.71</ele>
   </trkpt>
   <trkpt lat="38.70284" lon="-0.10683000000000001">
    <ele>554.7800000000001</ele>
   </trkpt>
   <trkpt lat="38.70272000000001" lon="-0.10677">
    <ele>554.7800000000001</ele>
   </trkpt>
   <trkpt lat="38.70214" lon="-0.10663">
    <ele>559.97</ele>
   </trkpt>
   <trkpt lat="38.70136" lon="-0.10652">
    <ele>565.83</ele>
   </trkpt>
   <trkpt lat="38.70123" lon="-0.10645">
    <ele>565.83</ele>
   </trkpt>
   <trkpt lat="38.701170000000005" lon="-0.10637">
    <ele>565.83</ele>
   </trkpt>
   <trkpt lat="38.701170000000005" lon="-0.10623">
    <ele>565.83</ele>
   </trkpt>
   <trkpt lat="38.7012" lon="-0.10615000000000001">
    <ele>570.2400000000001</ele>
   </trkpt>
   <trkpt lat="38.701240000000006" lon="-0.10612">
    <ele>570.2400000000001</ele>
   </trkpt>
   <trkpt lat="38.70141" lon="-0.10605">
    <ele>570.2400000000001</ele>
   </trkpt>
   <trkpt lat="38.701460000000004" lon="-0.10601000000000001">
    <ele>570.2400000000001</ele>
   </trkpt>
   <trkpt lat="38.701510000000006" lon="-0.10590000000000001">
    <ele>570.2400000000001</ele>
   </trkpt>
   <trkpt lat="38.7015" lon="-0.1058">
    <ele>572.28</ele>
   </trkpt>
   <trkpt lat="38.70139" lon="-0.10547000000000001">
    <ele>574.9399999999999</ele>
   </trkpt>
   <trkpt lat="38.701220000000006" lon="-0.10515000000000001">
    <ele>576.1800000000001</ele>
   </trkpt>
   <trkpt lat="38.701170000000005" lon="-0.10498">
    <ele>576.1800000000001</ele>
   </trkpt>
   <trkpt lat="38.700970000000005" lon="-0.10411000000000001">
    <ele>581.62</ele>
   </trkpt>
   <trkpt lat="38.70092" lon="-0.10401">
    <ele>581.62</ele>
   </trkpt>
   <trkpt lat="38.700660000000006" lon="-0.10383">
    <ele>584.07</ele>
   </trkpt>
   <trkpt lat="38.70047" lon="-0.10365">
    <ele>585.22</ele>
   </trkpt>
   <trkpt lat="38.700250000000004" lon="-0.10358">
    <ele>586.2900000000001</ele>
   </trkpt>
   <trkpt lat="38.70015" lon="-0.10350000000000001">
    <ele>586.2900000000001</ele>
   </trkpt>
   <trkpt lat="38.699630000000006" lon="-0.10294">
    <ele>588.37</ele>
   </trkpt>
   <trkpt lat="38.6995" lon="-0.1029">
    <ele>589.0600000000001</ele>
   </trkpt>
   <trkpt lat="38.699270000000006" lon="-0.10287">
    <ele>589.9000000000001</ele>
   </trkpt>
   <trkpt lat="38.69917" lon="-0.10282000000000001">
    <ele>589.9000000000001</ele>
   </trkpt>
   <trkpt lat="38.69879" lon="-0.10231000000000001">
    <ele>591.96</ele>
   </trkpt>
   <trkpt lat="38.698660000000004" lon="-0.10218">
    <ele>592.49</ele>
   </trkpt>
   <trkpt lat="38.698440000000005" lon="-0.10208">
    <ele>593.4</ele>
   </trkpt>
   <trkpt lat="38.698280000000004" lon="-0.10209000000000001">
    <ele>593.6600000000001</ele>
   </trkpt>
   <trkpt lat="38.698150000000005" lon="-0.10214000000000001">
    <ele>593.69</ele>
   </trkpt>
   <trkpt lat="38.69783" lon="-0.10237">
    <ele>590.49</ele>
   </trkpt>
   <trkpt lat="38.69764" lon="-0.10258">
    <ele>589.01</ele>
   </trkpt>
   <trkpt lat="38.697590000000005" lon="-0.10275000000000001">
    <ele>588.01</ele>
   </trkpt>
   <trkpt lat="38.69755" lon="-0.10329">
    <ele>585.6600000000001</ele>
   </trkpt>
   <trkpt lat="38.69751" lon="-0.10355">
    <ele>585.6600000000001</ele>
   </trkpt>
   <trkpt lat="38.697410000000005" lon="-0.10379000000000001">
    <ele>583.49</ele>
   </trkpt>
   <trkpt lat="38.697070000000004" lon="-0.10422000000000001">
    <ele>582.37</ele>
   </trkpt>
   <trkpt lat="38.69689" lon="-0.1044">
    <ele>580.84</ele>
   </trkpt>
   <trkpt lat="38.696810000000006" lon="-0.10443000000000001">
    <ele>580.28</ele>
   </trkpt>
   <trkpt lat="38.69603" lon="-0.10415">
    <ele>575.46</ele>
   </trkpt>
   <trkpt lat="38.69596000000001" lon="-0.10411000000000001">
    <ele>573.77</ele>
   </trkpt>
   <trkpt lat="38.69585" lon="-0.10401">
    <ele>573.77</ele>
   </trkpt>
   <trkpt lat="38.69572" lon="-0.10379000000000001">
    <ele>571.98</ele>
   </trkpt>
   <trkpt lat="38.695730000000005" lon="-0.10361000000000001">
    <ele>570.7800000000001</ele>
   </trkpt>
   <trkpt lat="38.69595" lon="-0.10325000000000001">
    <ele>568.25</ele>
   </trkpt>
   <trkpt lat="38.696070000000006" lon="-0.10311000000000001">
    <ele>568.25</ele>
   </trkpt>
   <trkpt lat="38.69617" lon="-0.10305">
    <ele>566.3000000000001</ele>
   </trkpt>
   <trkpt lat="38.69633" lon="-0.10307000000000001">
    <ele>566.3000000000001</ele>
   </trkpt>
   <trkpt lat="38.69642" lon="-0.10305">
    <ele>564.85</ele>
   </trkpt>
   <trkpt lat="38.696470000000005" lon="-0.10301">
    <ele>564.85</ele>
   </trkpt>
   <trkpt lat="38.69653" lon="-0.1029">
    <ele>563.89</ele>
   </trkpt>
   <trkpt lat="38.696560000000005" lon="-0.10273">
    <ele>562.1700000000001</ele>
   </trkpt>
   <trkpt lat="38.69663500231149" lon="-0.10199500066149922">
    <ele>559.4300000000001</ele>
   </trkpt>
   <trkpt lat="38.69671" lon="-0.10126">
    <ele>555.06</ele>
   </trkpt>
   <trkpt lat="38.69688" lon="-0.10085000000000001">
    <ele>553.5600000000001</ele>
   </trkpt>
   <trkpt lat="38.696960000000004" lon="-0.10057">
    <ele>552.5</ele>
   </trkpt>
   <trkpt lat="38.697010000000006" lon="-0.10017000000000001">
    <ele>550.09</ele>
   </trkpt>
   <trkpt lat="38.697" lon="-0.09999000000000001">
    <ele>550.09</ele>
   </trkpt>
   <trkpt lat="38.696740000000005" lon="-0.09898000000000001">
    <ele>544.1600000000001</ele>
   </trkpt>
   <trkpt lat="38.696630000000006" lon="-0.09871">
    <ele>541.66</ele>
   </trkpt>
   <trkpt lat="38.69655" lon="-0.09856000000000001">
    <ele>541.66</ele>
   </trkpt>
   <trkpt lat="38.6961750007748" lon="-0.09811499758577064">
    <ele>539.3800000000001</ele>
   </trkpt>
   <trkpt lat="38.695800000000006" lon="-0.09767">
    <ele>535.5600000000001</ele>
   </trkpt>
   <trkpt lat="38.69534" lon="-0.09696">
    <ele>530.63</ele>
   </trkpt>
   <trkpt lat="38.69516" lon="-0.09674">
    <ele>530.63</ele>
   </trkpt>
   <trkpt lat="38.69494" lon="-0.09645000000000001">
    <ele>528.84</ele>
   </trkpt>
   <trkpt lat="38.6948" lon="-0.09632">
    <ele>528.44</ele>
   </trkpt>
   <trkpt lat="38.694610000000004" lon="-0.09617">
    <ele>527.3100000000001</ele>
   </trkpt>
   <trkpt lat="38.694430000000004" lon="-0.09606">
    <ele>526.6800000000001</ele>
   </trkpt>
   <trkpt lat="38.69429" lon="-0.096">
    <ele>525.82</ele>
   </trkpt>
   <trkpt lat="38.694120000000005" lon="-0.09584000000000001">
    <ele>525.5500000000001</ele>
   </trkpt>
   <trkpt lat="38.694050000000004" lon="-0.09563">
    <ele>524.83</ele>
   </trkpt>
   <trkpt lat="38.694030000000005" lon="-0.09549">
    <ele>524.4000000000001</ele>
   </trkpt>
   <trkpt lat="38.69402" lon="-0.09534000000000001">
    <ele>523.93</ele>
   </trkpt>
   <trkpt lat="38.69404" lon="-0.095">
    <ele>521.82</ele>
   </trkpt>
   <trkpt lat="38.69402" lon="-0.09481">
    <ele>521.32</ele>
   </trkpt>
   <trkpt lat="38.6937" lon="-0.09424">
    <ele>518.96</ele>
   </trkpt>
   <trkpt lat="38.69364" lon="-0.09417">
    <ele>518.0</ele>
   </trkpt>
   <trkpt lat="38.693580000000004" lon="-0.09413">
    <ele>518.0</ele>
   </trkpt>
   <trkpt lat="38.69352000000001" lon="-0.09413">
    <ele>518.0</ele>
   </trkpt>
   <trkpt lat="38.692955000090315" lon="-0.09417500034891513">
    <ele>514.98</ele>
   </trkpt>
   <trkpt lat="38.69239" lon="-0.09422000000000001">
    <ele>512.14</ele>
   </trkpt>
   <trkpt lat="38.692330000000005" lon="-0.09423000000000001">
    <ele>512.14</ele>
   </trkpt>
   <trkpt lat="38.692220000000006" lon="-0.09421">
    <ele>510.53999999999996</ele>
   </trkpt>
   <trkpt lat="38.692130000000006" lon="-0.09416000000000001">
    <ele>510.53999999999996</ele>
   </trkpt>
   <trkpt lat="38.69209" lon="-0.0941">
    <ele>510.53999999999996</ele>
   </trkpt>
   <trkpt lat="38.69201" lon="-0.09391000000000001">
    <ele>509.50000000000006</ele>
   </trkpt>
   <trkpt lat="38.69194" lon="-0.09364">
    <ele>507.51</ele>
   </trkpt>
   <trkpt lat="38.69167" lon="-0.09287000000000001">
    <ele>504.76</ele>
   </trkpt>
   <trkpt lat="38.6916" lon="-0.09259">
    <ele>503.84000000000003</ele>
   </trkpt>
   <trkpt lat="38.69154" lon="-0.09213">
    <ele>500.88</ele>
   </trkpt>
   <trkpt lat="38.69147" lon="-0.09133000000000001">
    <ele>498.24</ele>
   </trkpt>
   <trkpt lat="38.691410000000005" lon="-0.09119000000000001">
    <ele>497.70000000000005</ele>
   </trkpt>
   <trkpt lat="38.69102" lon="-0.09072000000000001">
    <ele>496.57000000000005</ele>
   </trkpt>
   <trkpt lat="38.690430000000006" lon="-0.09041">
    <ele>493.78000000000003</ele>
   </trkpt>
   <trkpt lat="38.68989000003608" lon="-0.09029999916658071">
    <ele>490.66</ele>
   </trkpt>
   <trkpt lat="38.689350000000005" lon="-0.09019">
    <ele>487.99</ele>
   </trkpt>
   <trkpt lat="38.68912" lon="-0.09012">
    <ele>487.21000000000004</ele>
   </trkpt>
   <trkpt lat="38.688680000000005" lon="-0.08977">
    <ele>486.1</ele>
   </trkpt>
   <trkpt lat="38.688590000000005" lon="-0.08969">
    <ele>484.77000000000004</ele>
   </trkpt>
   <trkpt lat="38.688480000000006" lon="-0.0893">
    <ele>483.78000000000003</ele>
   </trkpt>
   <trkpt lat="38.68838" lon="-0.08926">
    <ele>483.26</ele>
   </trkpt>
   <trkpt lat="38.688" lon="-0.08929000000000001">
    <ele>480.67</ele>
   </trkpt>
   <trkpt lat="38.687900000000006" lon="-0.08936000000000001">
    <ele>479.75000000000006</ele>
   </trkpt>
   <trkpt lat="38.68789" lon="-0.08947000000000001">
    <ele>479.01000000000005</ele>
   </trkpt>
   <trkpt lat="38.68791" lon="-0.08961000000000001">
    <ele>477.4200000000001</ele>
   </trkpt>
   <trkpt lat="38.688050000000004" lon="-0.09001">
    <ele>475.33000000000004</ele>
   </trkpt>
   <trkpt lat="38.68846500146023" lon="-0.09058499673744275">
    <ele>471.4200000000001</ele>
   </trkpt>
   <trkpt lat="38.688880000000005" lon="-0.09116">
    <ele>467.75000000000006</ele>
   </trkpt>
   <trkpt lat="38.6893" lon="-0.09158000000000001">
    <ele>462.84000000000003</ele>
   </trkpt>
   <trkpt lat="38.68979000056078" lon="-0.09186999813373682">
    <ele>460.25000000000006</ele>
   </trkpt>
   <trkpt lat="38.69028" lon="-0.09216">
    <ele>459.17</ele>
   </trkpt>
   <trkpt lat="38.690360000000005" lon="-0.09224">
    <ele>458.52000000000004</ele>
   </trkpt>
   <trkpt lat="38.690340000000006" lon="-0.0926">
    <ele>456.08000000000004</ele>
   </trkpt>
   <trkpt lat="38.69014000000001" lon="-0.09306">
    <ele>453.93000000000006</ele>
   </trkpt>
   <trkpt lat="38.69015" lon="-0.09327">
    <ele>452.91</ele>
   </trkpt>
   <trkpt lat="38.69026" lon="-0.09338">
    <ele>452.15000000000003</ele>
   </trkpt>
   <trkpt lat="38.69057" lon="-0.09364">
    <ele>448.44000000000005</ele>
   </trkpt>
   <trkpt lat="38.690720000000006" lon="-0.09384">
    <ele>447.8</ele>
   </trkpt>
   <trkpt lat="38.69079" lon="-0.09398000000000001">
    <ele>446.98</ele>
   </trkpt>
   <trkpt lat="38.6908" lon="-0.09409000000000001">
    <ele>446.37000000000006</ele>
   </trkpt>
   <trkpt lat="38.690760000000004" lon="-0.09416000000000001">
    <ele>445.95</ele>
   </trkpt>
   <trkpt lat="38.690690000000004" lon="-0.09416000000000001">
    <ele>445.48</ele>
   </trkpt>
   <trkpt lat="38.69061000000001" lon="-0.09413">
    <ele>443.44000000000005</ele>
   </trkpt>
   <trkpt lat="38.68999" lon="-0.09345">
    <ele>437.54</ele>
   </trkpt>
   <trkpt lat="38.689690000000006" lon="-0.09330000000000001">
    <ele>434.98</ele>
   </trkpt>
   <trkpt lat="38.68959" lon="-0.09319000000000001">
    <ele>433.64000000000004</ele>
   </trkpt>
   <trkpt lat="38.68952" lon="-0.09302">
    <ele>432.68</ele>
   </trkpt>
   <trkpt lat="38.68945" lon="-0.09295">
    <ele>431.92</ele>
   </trkpt>
   <trkpt lat="38.689370000000004" lon="-0.09298000000000001">
    <ele>431.09000000000003</ele>
   </trkpt>
   <trkpt lat="38.68907" lon="-0.09323000000000001">
    <ele>428.05</ele>
   </trkpt>
   <trkpt lat="38.68896" lon="-0.09328">
    <ele>426.78000000000003</ele>
   </trkpt>
   <trkpt lat="38.68851" lon="-0.09327">
    <ele>423.68000000000006</ele>
   </trkpt>
   <trkpt lat="38.688300000000005" lon="-0.09330000000000001">
    <ele>422.35</ele>
   </trkpt>
   <trkpt lat="38.68789" lon="-0.09348000000000001">
    <ele>420.2</ele>
   </trkpt>
   <trkpt lat="38.68773" lon="-0.09348000000000001">
    <ele>419.47</ele>
   </trkpt>
   <trkpt lat="38.687580000000004" lon="-0.09345">
    <ele>418.90000000000003</ele>
   </trkpt>
   <trkpt lat="38.68746" lon="-0.09334">
    <ele>417.35</ele>
   </trkpt>
   <trkpt lat="38.68723000000001" lon="-0.09291">
    <ele>414.7</ele>
   </trkpt>
   <trkpt lat="38.6871" lon="-0.09271">
    <ele>413.47</ele>
   </trkpt>
   <trkpt lat="38.686960000000006" lon="-0.09262000000000001">
    <ele>412.56</ele>
   </trkpt>
   <trkpt lat="38.68685" lon="-0.09262000000000001">
    <ele>412.56</ele>
   </trkpt>
   <trkpt lat="38.686730000000004" lon="-0.09273">
    <ele>411.63000000000005</ele>
   </trkpt>
   <trkpt lat="38.6867" lon="-0.09284">
    <ele>410.76</ele>
   </trkpt>
   <trkpt lat="38.68680000186497" lon="-0.09349999914533236">
    <ele>408.23</ele>
   </trkpt>
   <trkpt lat="38.6869" lon="-0.09416000000000001">
    <ele>402.9800000000001</ele>
   </trkpt>
   <trkpt lat="38.68704" lon="-0.09524">
    <ele>395.21</ele>
   </trkpt>
   <trkpt lat="38.68712" lon="-0.09563">
    <ele>391.90000000000003</ele>
   </trkpt>
   <trkpt lat="38.68714000000001" lon="-0.09589">
    <ele>390.70000000000005</ele>
   </trkpt>
   <trkpt lat="38.687110000000004" lon="-0.09670000000000001">
    <ele>385.12</ele>
   </trkpt>
   <trkpt lat="38.68695500208345" lon="-0.09740000152941133">
    <ele>381.98</ele>
   </trkpt>
   <trkpt lat="38.686800000000005" lon="-0.0981">
    <ele>378.16</ele>
   </trkpt>
   <trkpt lat="38.68659" lon="-0.09860000000000001">
    <ele>372.84</ele>
   </trkpt>
   <trkpt lat="38.686350000000004" lon="-0.09896">
    <ele>371.49</ele>
   </trkpt>
   <trkpt lat="38.686110000000006" lon="-0.09914">
    <ele>369.53000000000003</ele>
   </trkpt>
   <trkpt lat="38.685700000000004" lon="-0.09915">
    <ele>365.68</ele>
   </trkpt>
   <trkpt lat="38.68553" lon="-0.09910000000000001">
    <ele>365.68</ele>
   </trkpt>
   <trkpt lat="38.68525" lon="-0.09907">
    <ele>363.25</ele>
   </trkpt>
   <trkpt lat="38.685190000000006" lon="-0.09908">
    <ele>362.48</ele>
   </trkpt>
   <trkpt lat="38.68518" lon="-0.09917000000000001">
    <ele>362.06000000000006</ele>
   </trkpt>
   <trkpt lat="38.685210000000005" lon="-0.09921">
    <ele>362.06000000000006</ele>
   </trkpt>
   <trkpt lat="38.68526000000001" lon="-0.09924000000000001">
    <ele>362.06000000000006</ele>
   </trkpt>
   <trkpt lat="38.6854" lon="-0.09924000000000001">
    <ele>359.39000000000004</ele>
   </trkpt>
   <trkpt lat="38.685460000000006" lon="-0.09928000000000001">
    <ele>359.39000000000004</ele>
   </trkpt>
   <trkpt lat="38.685460000000006" lon="-0.09936">
    <ele>357.53000000000003</ele>
   </trkpt>
   <trkpt lat="38.68542" lon="-0.09942000000000001">
    <ele>357.53000000000003</ele>
   </trkpt>
   <trkpt lat="38.68533" lon="-0.09943">
    <ele>356.68000000000006</ele>
   </trkpt>
   <trkpt lat="38.6852" lon="-0.09936">
    <ele>355.93</ele>
   </trkpt>
   <trkpt lat="38.68502" lon="-0.09917000000000001">
    <ele>353.78000000000003</ele>
   </trkpt>
   <trkpt lat="38.684940000000005" lon="-0.09915">
    <ele>353.78000000000003</ele>
   </trkpt>
   <trkpt lat="38.68491" lon="-0.09917000000000001">
    <ele>353.78000000000003</ele>
   </trkpt>
   <trkpt lat="38.684870000000004" lon="-0.09921">
    <ele>353.78000000000003</ele>
   </trkpt>
   <trkpt lat="38.68452000149109" lon="-0.09980000287068429">
    <ele>346.69000000000005</ele>
   </trkpt>
   <trkpt lat="38.68417" lon="-0.10039000000000001">
    <ele>342.31</ele>
   </trkpt>
   <trkpt lat="38.683840000000004" lon="-0.10075">
    <ele>338.02000000000004</ele>
   </trkpt>
   <trkpt lat="38.683710000000005" lon="-0.10093">
    <ele>337.13000000000005</ele>
   </trkpt>
   <trkpt lat="38.683490000000006" lon="-0.10137">
    <ele>334.37</ele>
   </trkpt>
   <trkpt lat="38.68341" lon="-0.10161">
    <ele>333.27</ele>
   </trkpt>
   <trkpt lat="38.68341" lon="-0.10175000000000001">
    <ele>332.47</ele>
   </trkpt>
   <trkpt lat="38.683440000000004" lon="-0.10182000000000001">
    <ele>331.44</ele>
   </trkpt>
   <trkpt lat="38.6835" lon="-0.10189000000000001">
    <ele>330.26000000000005</ele>
   </trkpt>
   <trkpt lat="38.683580000000006" lon="-0.1019">
    <ele>330.26000000000005</ele>
   </trkpt>
   <trkpt lat="38.68365" lon="-0.10187">
    <ele>327.71</ele>
   </trkpt>
   <trkpt lat="38.683910000000004" lon="-0.10136">
    <ele>323.81000000000006</ele>
   </trkpt>
   <trkpt lat="38.68397" lon="-0.10126">
    <ele>323.17</ele>
   </trkpt>
   <trkpt lat="38.684090000000005" lon="-0.10118">
    <ele>322.28000000000003</ele>
   </trkpt>
   <trkpt lat="38.68415" lon="-0.10118">
    <ele>321.88</ele>
   </trkpt>
   <trkpt lat="38.684200000000004" lon="-0.10121000000000001">
    <ele>321.43000000000006</ele>
   </trkpt>
   <trkpt lat="38.68423000000001" lon="-0.10126">
    <ele>320.43000000000006</ele>
   </trkpt>
   <trkpt lat="38.68423000000001" lon="-0.10136">
    <ele>320.43000000000006</ele>
   </trkpt>
   <trkpt lat="38.68413" lon="-0.10211">
    <ele>312.76000000000005</ele>
   </trkpt>
   <trkpt lat="38.68408" lon="-0.10226">
    <ele>312.18</ele>
   </trkpt>
   <trkpt lat="38.68401" lon="-0.1024">
    <ele>309.75</ele>
   </trkpt>
   <trkpt lat="38.68372" lon="-0.10272">
    <ele>305.59000000000003</ele>
   </trkpt>
   <trkpt lat="38.683370000000004" lon="-0.10333">
    <ele>307.57</ele>
   </trkpt>
   <trkpt lat="38.683310000000006" lon="-0.10347">
    <ele>307.57</ele>
   </trkpt>
   <trkpt lat="38.6833" lon="-0.10358">
    <ele>308.07</ele>
   </trkpt>
   <trkpt lat="38.68336" lon="-0.10383">
    <ele>308.87</ele>
   </trkpt>
   <trkpt lat="38.68352" lon="-0.10418000000000001">
    <ele>309.45</ele>
   </trkpt>
   <trkpt lat="38.68352" lon="-0.10426">
    <ele>309.45</ele>
   </trkpt>
   <trkpt lat="38.6835" lon="-0.10436000000000001">
    <ele>309.88000000000005</ele>
   </trkpt>
   <trkpt lat="38.68345" lon="-0.10444">
    <ele>310.24</ele>
   </trkpt>
   <trkpt lat="38.68316" lon="-0.10479000000000001">
    <ele>311.82000000000005</ele>
   </trkpt>
   <trkpt lat="38.683110000000006" lon="-0.10494">
    <ele>311.89</ele>
   </trkpt>
   <trkpt lat="38.683110000000006" lon="-0.10504000000000001">
    <ele>311.65000000000003</ele>
   </trkpt>
   <trkpt lat="38.6833" lon="-0.10548">
    <ele>309.59000000000003</ele>
   </trkpt>
   <trkpt lat="38.68329000000001" lon="-0.10562">
    <ele>308.38000000000005</ele>
   </trkpt>
   <trkpt lat="38.68325" lon="-0.10573">
    <ele>308.38000000000005</ele>
   </trkpt>
   <trkpt lat="38.683130000000006" lon="-0.10594">
    <ele>306.98</ele>
   </trkpt>
   <trkpt lat="38.682930000000006" lon="-0.1062">
    <ele>305.12</ele>
   </trkpt>
   <trkpt lat="38.682880000000004" lon="-0.10633000000000001">
    <ele>304.49</ele>
   </trkpt>
   <trkpt lat="38.68289" lon="-0.10673">
    <ele>301.6</ele>
   </trkpt>
   <trkpt lat="38.68287" lon="-0.10688">
    <ele>301.6</ele>
   </trkpt>
   <trkpt lat="38.68283" lon="-0.10695">
    <ele>298.91</ele>
   </trkpt>
   <trkpt lat="38.68278" lon="-0.10701000000000001">
    <ele>298.91</ele>
   </trkpt>
   <trkpt lat="38.68253" lon="-0.10708000000000001">
    <ele>297.59000000000003</ele>
   </trkpt>
   <trkpt lat="38.68242" lon="-0.10716">
    <ele>296.97</ele>
   </trkpt>
   <trkpt lat="38.68236" lon="-0.10733000000000001">
    <ele>296.03000000000003</ele>
   </trkpt>
   <trkpt lat="38.68235000000001" lon="-0.10741">
    <ele>295.87</ele>
   </trkpt>
   <trkpt lat="38.682370000000006" lon="-0.10756">
    <ele>295.62000000000006</ele>
   </trkpt>
   <trkpt lat="38.682500000000005" lon="-0.10809">
    <ele>293.64</ele>
   </trkpt>
   <trkpt lat="38.682840000000006" lon="-0.10849">
    <ele>290.83000000000004</ele>
   </trkpt>
   <trkpt lat="38.682930000000006" lon="-0.10866">
    <ele>289.2</ele>
   </trkpt>
   <trkpt lat="38.683" lon="-0.10885">
    <ele>287.82</ele>
   </trkpt>
   <trkpt lat="38.68301" lon="-0.10894000000000001">
    <ele>287.15000000000003</ele>
   </trkpt>
   <trkpt lat="38.68294" lon="-0.10927">
    <ele>284.29</ele>
   </trkpt>
   <trkpt lat="38.68289" lon="-0.10963">
    <ele>283.40000000000003</ele>
   </trkpt>
   <trkpt lat="38.682790000000004" lon="-0.10988">
    <ele>281.92</ele>
   </trkpt>
   <trkpt lat="38.68272" lon="-0.10992">
    <ele>281.92</ele>
   </trkpt>
   <trkpt lat="38.682520000000004" lon="-0.10998000000000001">
    <ele>280.96999999999997</ele>
   </trkpt>
   <trkpt lat="38.68247" lon="-0.11002">
    <ele>280.56</ele>
   </trkpt>
   <trkpt lat="38.682410000000004" lon="-0.11027">
    <ele>279.43</ele>
   </trkpt>
   <trkpt lat="38.68234" lon="-0.11035">
    <ele>279.43</ele>
   </trkpt>
   <trkpt lat="38.682" lon="-0.11052000000000001">
    <ele>276.95000000000005</ele>
   </trkpt>
   <trkpt lat="38.681960000000004" lon="-0.11056">
    <ele>276.95000000000005</ele>
   </trkpt>
   <trkpt lat="38.68191" lon="-0.11066000000000001">
    <ele>276.1</ele>
   </trkpt>
   <trkpt lat="38.68191" lon="-0.11081">
    <ele>276.1</ele>
   </trkpt>
   <trkpt lat="38.682010000000005" lon="-0.11099">
    <ele>273.94</ele>
   </trkpt>
   <trkpt lat="38.682100000000005" lon="-0.11109000000000001">
    <ele>273.94</ele>
   </trkpt>
   <trkpt lat="38.682190000000006" lon="-0.11113">
    <ele>273.94</ele>
   </trkpt>
   <trkpt lat="38.682480000000005" lon="-0.11117">
    <ele>270.02000000000004</ele>
   </trkpt>
   <trkpt lat="38.68258" lon="-0.11124">
    <ele>270.02000000000004</ele>
   </trkpt>
   <trkpt lat="38.68289" lon="-0.11181">
    <ele>264.13000000000005</ele>
   </trkpt>
   <trkpt lat="38.683150000000005" lon="-0.11220000000000001">
    <ele>262.16</ele>
   </trkpt>
   <trkpt lat="38.68325" lon="-0.11227000000000001">
    <ele>261.18</ele>
   </trkpt>
   <trkpt lat="38.683600000000006" lon="-0.11239">
    <ele>259.69000000000005</ele>
   </trkpt>
   <trkpt lat="38.683730000000004" lon="-0.11246">
    <ele>258.99</ele>
   </trkpt>
   <trkpt lat="38.68376000000001" lon="-0.11256000000000001">
    <ele>258.53000000000003</ele>
   </trkpt>
   <trkpt lat="38.68374" lon="-0.11264">
    <ele>257.42</ele>
   </trkpt>
   <trkpt lat="38.683710000000005" lon="-0.11268">
    <ele>257.42</ele>
   </trkpt>
   <trkpt lat="38.683640000000004" lon="-0.11270000000000001">
    <ele>257.42</ele>
   </trkpt>
   <trkpt lat="38.68301000057536" lon="-0.11234999694856847">
    <ele>248.50000000000003</ele>
   </trkpt>
   <trkpt lat="38.68238" lon="-0.112">
    <ele>245.45000000000002</ele>
   </trkpt>
   <trkpt lat="38.68233" lon="-0.112">
    <ele>244.98000000000002</ele>
   </trkpt>
   <trkpt lat="38.68226000000001" lon="-0.11203">
    <ele>244.98000000000002</ele>
   </trkpt>
   <trkpt lat="38.68224" lon="-0.11213000000000001">
    <ele>242.34000000000003</ele>
   </trkpt>
   <trkpt lat="38.68227" lon="-0.11224">
    <ele>242.34000000000003</ele>
   </trkpt>
   <trkpt lat="38.682370000000006" lon="-0.11239">
    <ele>240.96</ele>
   </trkpt>
   <trkpt lat="38.68238" lon="-0.11249">
    <ele>240.96</ele>
   </trkpt>
   <trkpt lat="38.68235000000001" lon="-0.11256000000000001">
    <ele>239.0</ele>
   </trkpt>
   <trkpt lat="38.682120000000005" lon="-0.11274">
    <ele>235.95000000000002</ele>
   </trkpt>
   <trkpt lat="38.682010000000005" lon="-0.11278">
    <ele>234.99000000000004</ele>
   </trkpt>
   <trkpt lat="38.68188000000001" lon="-0.11271">
    <ele>234.41</ele>
   </trkpt>
   <trkpt lat="38.68177" lon="-0.1126">
    <ele>233.70000000000002</ele>
   </trkpt>
   <trkpt lat="38.681720000000006" lon="-0.11252000000000001">
    <ele>233.32000000000002</ele>
   </trkpt>
   <trkpt lat="38.681450000000005" lon="-0.11184000000000001">
    <ele>231.72</ele>
   </trkpt>
   <trkpt lat="38.681340000000006" lon="-0.11167">
    <ele>232.51000000000002</ele>
   </trkpt>
   <trkpt lat="38.68119" lon="-0.11153">
    <ele>233.46000000000004</ele>
   </trkpt>
   <trkpt lat="38.680960000000006" lon="-0.11141000000000001">
    <ele>236.51000000000002</ele>
   </trkpt>
   <trkpt lat="38.68081" lon="-0.11138">
    <ele>236.51000000000002</ele>
   </trkpt>
   <trkpt lat="38.680640000000004" lon="-0.11145000000000001">
    <ele>239.77</ele>
   </trkpt>
   <trkpt lat="38.680530000000005" lon="-0.11153">
    <ele>239.77</ele>
   </trkpt>
   <trkpt lat="38.68021000091846" lon="-0.11201000223997239">
    <ele>239.88</ele>
   </trkpt>
   <trkpt lat="38.67989" lon="-0.11249">
    <ele>233.63000000000002</ele>
   </trkpt>
   <trkpt lat="38.679550000000006" lon="-0.11288000000000001">
    <ele>229.67000000000002</ele>
   </trkpt>
   <trkpt lat="38.67951" lon="-0.11299000000000001">
    <ele>228.88000000000002</ele>
   </trkpt>
   <trkpt lat="38.679480000000005" lon="-0.11313000000000001">
    <ele>227.37</ele>
   </trkpt>
   <trkpt lat="38.67945" lon="-0.11346">
    <ele>224.69000000000003</ele>
   </trkpt>
   <trkpt lat="38.679410000000004" lon="-0.11356000000000001">
    <ele>224.69000000000003</ele>
   </trkpt>
   <trkpt lat="38.67934" lon="-0.11358000000000001">
    <ele>223.78</ele>
   </trkpt>
   <trkpt lat="38.67925" lon="-0.11359000000000001">
    <ele>224.4</ele>
   </trkpt>
   <trkpt lat="38.679050000000004" lon="-0.11353">
    <ele>224.21</ele>
   </trkpt>
   <trkpt lat="38.67864" lon="-0.11317">
    <ele>221.19000000000003</ele>
   </trkpt>
   <trkpt lat="38.678250000000006" lon="-0.11288000000000001">
    <ele>219.62</ele>
   </trkpt>
   <trkpt lat="38.6779" lon="-0.11278">
    <ele>218.2</ele>
   </trkpt>
   <trkpt lat="38.67765" lon="-0.1126">
    <ele>216.81000000000003</ele>
   </trkpt>
   <trkpt lat="38.67754" lon="-0.11245000000000001">
    <ele>216.06000000000003</ele>
   </trkpt>
   <trkpt lat="38.67745" lon="-0.11188000000000001">
    <ele>214.47000000000003</ele>
   </trkpt>
   <trkpt lat="38.677420000000005" lon="-0.11177000000000001">
    <ele>214.05</ele>
   </trkpt>
   <trkpt lat="38.677350000000004" lon="-0.11170000000000001">
    <ele>213.52</ele>
   </trkpt>
   <trkpt lat="38.677080000000004" lon="-0.11149">
    <ele>211.74</ele>
   </trkpt>
   <trkpt lat="38.676326669117756" lon="-0.11095332203591457">
    <ele>206.33</ele>
   </trkpt>
   <trkpt lat="38.67557333578307" lon="-0.1104166553684793">
    <ele>205.62000000000003</ele>
   </trkpt>
   <trkpt lat="38.674820000000004" lon="-0.10988">
    <ele>201.38</ele>
   </trkpt>
   <trkpt lat="38.674620000000004" lon="-0.10977">
    <ele>201.38</ele>
   </trkpt>
   <trkpt lat="38.67403" lon="-0.10952">
    <ele>197.09</ele>
   </trkpt>
   <trkpt lat="38.67367" lon="-0.10934">
    <ele>195.71</ele>
   </trkpt>
   <trkpt lat="38.67299000153184" lon="-0.10875999457555402">
    <ele>192.88000000000002</ele>
   </trkpt>
   <trkpt lat="38.67231" lon="-0.10818000000000001">
    <ele>191.10999999999999</ele>
   </trkpt>
   <trkpt lat="38.67231" lon="-0.10819000000000001">
    <ele>191.10999999999999</ele>
   </trkpt>
   <trkpt lat="38.67179666833737" lon="-0.10774999370902485">
    <ele>189.71</ele>
   </trkpt>
   <trkpt lat="38.6712833350263" lon="-0.10730999372817739">
    <ele>190.01000000000002</ele>
   </trkpt>
   <trkpt lat="38.670770000000005" lon="-0.10687">
    <ele>191.09</ele>
   </trkpt>
   <trkpt lat="38.6706" lon="-0.10673">
    <ele>191.37</ele>
   </trkpt>
   <trkpt lat="38.670260000000006" lon="-0.10655">
    <ele>191.21</ele>
   </trkpt>
   <trkpt lat="38.669525000139686" lon="-0.10631499755695342">
    <ele>187.71</ele>
   </trkpt>
   <trkpt lat="38.66879" lon="-0.10608000000000001">
    <ele>186.25000000000003</ele>
   </trkpt>
   <trkpt lat="38.668670000000006" lon="-0.10595">
    <ele>186.2</ele>
   </trkpt>
   <trkpt lat="38.668620000000004" lon="-0.10583000000000001">
    <ele>186.23</ele>
   </trkpt>
   <trkpt lat="38.668620000000004" lon="-0.10562">
    <ele>186.72000000000003</ele>
   </trkpt>
   <trkpt lat="38.66866" lon="-0.10534">
    <ele>187.50000000000003</ele>
   </trkpt>
   <trkpt lat="38.668620000000004" lon="-0.10515000000000001">
    <ele>188.47000000000003</ele>
   </trkpt>
   <trkpt lat="38.66854" lon="-0.10501">
    <ele>189.05</ele>
   </trkpt>
   <trkpt lat="38.66823" lon="-0.10486000000000001">
    <ele>192.06</ele>
   </trkpt>
   <trkpt lat="38.66807" lon="-0.1048">
    <ele>192.06</ele>
   </trkpt>
   <trkpt lat="38.667790000000004" lon="-0.10487">
    <ele>195.31</ele>
   </trkpt>
   <trkpt lat="38.66732000025217" lon="-0.10509500145940294">
    <ele>198.85000000000002</ele>
   </trkpt>
   <trkpt lat="38.666850000000004" lon="-0.10532000000000001">
    <ele>199.26000000000002</ele>
   </trkpt>
   <trkpt lat="38.66678" lon="-0.10541">
    <ele>198.16</ele>
   </trkpt>
   <trkpt lat="38.66667" lon="-0.10583000000000001">
    <ele>195.48000000000002</ele>
   </trkpt>
   <trkpt lat="38.66657" lon="-0.10594">
    <ele>194.81</ele>
   </trkpt>
   <trkpt lat="38.666450000000005" lon="-0.10594">
    <ele>193.57000000000002</ele>
   </trkpt>
   <trkpt lat="38.6661" lon="-0.10583000000000001">
    <ele>191.55</ele>
   </trkpt>
   <trkpt lat="38.66602" lon="-0.10583000000000001">
    <ele>189.32000000000002</ele>
   </trkpt>
   <trkpt lat="38.665690000000005" lon="-0.10597000000000001">
    <ele>187.27</ele>
   </trkpt>
   <trkpt lat="38.66563" lon="-0.10597000000000001">
    <ele>187.27</ele>
   </trkpt>
   <trkpt lat="38.66517" lon="-0.10576">
    <ele>184.00000000000003</ele>
   </trkpt>
   <trkpt lat="38.66479" lon="-0.10576">
    <ele>180.44000000000003</ele>
   </trkpt>
   <trkpt lat="38.664730000000006" lon="-0.1058">
    <ele>179.52</ele>
   </trkpt>
   <trkpt lat="38.664640000000006" lon="-0.10590000000000001">
    <ele>177.03000000000003</ele>
   </trkpt>
   <trkpt lat="38.66452" lon="-0.10615000000000001">
    <ele>176.08</ele>
   </trkpt>
   <trkpt lat="38.66445" lon="-0.10634">
    <ele>173.95000000000002</ele>
   </trkpt>
   <trkpt lat="38.66438" lon="-0.10665000000000001">
    <ele>172.34</ele>
   </trkpt>
   <trkpt lat="38.66427" lon="-0.10683000000000001">
    <ele>171.73000000000002</ele>
   </trkpt>
   <trkpt lat="38.664080000000006" lon="-0.10701000000000001">
    <ele>171.95000000000002</ele>
   </trkpt>
   <trkpt lat="38.664010000000005" lon="-0.10706">
    <ele>172.17000000000002</ele>
   </trkpt>
   <trkpt lat="38.663920000000005" lon="-0.10708000000000001">
    <ele>172.17000000000002</ele>
   </trkpt>
   <trkpt lat="38.663810000000005" lon="-0.10705">
    <ele>172.89000000000001</ele>
   </trkpt>
   <trkpt lat="38.66366" lon="-0.10695">
    <ele>173.78</ele>
   </trkpt>
   <trkpt lat="38.66358" lon="-0.10684">
    <ele>173.78</ele>
   </trkpt>
   <trkpt lat="38.663540000000005" lon="-0.10659">
    <ele>174.53</ele>
   </trkpt>
   <trkpt lat="38.66355" lon="-0.10605">
    <ele>176.19</ele>
   </trkpt>
   <trkpt lat="38.66353" lon="-0.10591">
    <ele>177.79</ele>
   </trkpt>
   <trkpt lat="38.66348" lon="-0.10579000000000001">
    <ele>177.79</ele>
   </trkpt>
   <trkpt lat="38.663410000000006" lon="-0.10566">
    <ele>178.29</ele>
   </trkpt>
   <trkpt lat="38.66308" lon="-0.10527">
    <ele>180.71</ele>
   </trkpt>
   <trkpt lat="38.66299" lon="-0.10515000000000001">
    <ele>181.51</ele>
   </trkpt>
   <trkpt lat="38.66284" lon="-0.1048">
    <ele>184.87</ele>
   </trkpt>
   <trkpt lat="38.66272" lon="-0.10465">
    <ele>184.87</ele>
   </trkpt>
   <trkpt lat="38.66259" lon="-0.10458">
    <ele>186.32000000000002</ele>
   </trkpt>
   <trkpt lat="38.662420000000004" lon="-0.10455">
    <ele>186.84</ele>
   </trkpt>
   <trkpt lat="38.662040000000005" lon="-0.10469">
    <ele>189.21</ele>
   </trkpt>
   <trkpt lat="38.66189" lon="-0.10469">
    <ele>189.71</ele>
   </trkpt>
   <trkpt lat="38.66179" lon="-0.10477">
    <ele>190.82000000000002</ele>
   </trkpt>
   <trkpt lat="38.66152" lon="-0.1052">
    <ele>193.43</ele>
   </trkpt>
   <trkpt lat="38.66129" lon="-0.10544">
    <ele>195.94</ele>
   </trkpt>
   <trkpt lat="38.661190000000005" lon="-0.10544">
    <ele>196.45000000000002</ele>
   </trkpt>
   <trkpt lat="38.66113" lon="-0.10537">
    <ele>196.81</ele>
   </trkpt>
   <trkpt lat="38.661030000000004" lon="-0.10501">
    <ele>198.10000000000002</ele>
   </trkpt>
   <trkpt lat="38.66076" lon="-0.10439000000000001">
    <ele>200.3</ele>
   </trkpt>
   <trkpt lat="38.66064" lon="-0.10429000000000001">
    <ele>200.41</ele>
   </trkpt>
   <trkpt lat="38.66051" lon="-0.10429000000000001">
    <ele>200.19</ele>
   </trkpt>
   <trkpt lat="38.660140000000006" lon="-0.10454000000000001">
    <ele>198.17000000000002</ele>
   </trkpt>
   <trkpt lat="38.65999" lon="-0.10460000000000001">
    <ele>197.01000000000002</ele>
   </trkpt>
   <trkpt lat="38.65955" lon="-0.10469">
    <ele>194.44000000000003</ele>
   </trkpt>
   <trkpt lat="38.65936000000001" lon="-0.10476">
    <ele>194.44000000000003</ele>
   </trkpt>
   <trkpt lat="38.65921" lon="-0.10490000000000001">
    <ele>190.45000000000002</ele>
   </trkpt>
   <trkpt lat="38.65903" lon="-0.10511000000000001">
    <ele>190.45000000000002</ele>
   </trkpt>
   <trkpt lat="38.65892" lon="-0.10516">
    <ele>190.45000000000002</ele>
   </trkpt>
   <trkpt lat="38.65881" lon="-0.10519">
    <ele>188.55</ele>
   </trkpt>
   <trkpt lat="38.6586" lon="-0.10515000000000001">
    <ele>187.98000000000002</ele>
   </trkpt>
   <trkpt lat="38.65847" lon="-0.10515000000000001">
    <ele>186.79000000000002</ele>
   </trkpt>
   <trkpt lat="38.65813" lon="-0.10527">
    <ele>185.2</ele>
   </trkpt>
   <trkpt lat="38.658030000000004" lon="-0.1053">
    <ele>183.38000000000002</ele>
   </trkpt>
   <trkpt lat="38.65796" lon="-0.1053">
    <ele>183.38000000000002</ele>
   </trkpt>
   <trkpt lat="38.65787" lon="-0.10526">
    <ele>182.8</ele>
   </trkpt>
   <trkpt lat="38.657610000000005" lon="-0.10502">
    <ele>180.61</ele>
   </trkpt>
   <trkpt lat="38.65749" lon="-0.10495000000000002">
    <ele>180.61</ele>
   </trkpt>
   <trkpt lat="38.657320000000006" lon="-0.10494">
    <ele>179.64000000000001</ele>
   </trkpt>
   <trkpt lat="38.65695" lon="-0.10501">
    <ele>178.58</ele>
   </trkpt>
   <trkpt lat="38.656850000000006" lon="-0.10504000000000001">
    <ele>177.42000000000002</ele>
   </trkpt>
   <trkpt lat="38.65675" lon="-0.10515000000000001">
    <ele>177.42000000000002</ele>
   </trkpt>
   <trkpt lat="38.65668" lon="-0.10533000000000001">
    <ele>176.82</ele>
   </trkpt>
   <trkpt lat="38.656530001566274" lon="-0.10594500146730783">
    <ele>173.78</ele>
   </trkpt>
   <trkpt lat="38.656380000000006" lon="-0.10656">
    <ele>173.1</ele>
   </trkpt>
   <trkpt lat="38.656310000000005" lon="-0.10673">
    <ele>173.42000000000002</ele>
   </trkpt>
   <trkpt lat="38.656240000000004" lon="-0.1068">
    <ele>173.55</ele>
   </trkpt>
   <trkpt lat="38.656110000000005" lon="-0.10688">
    <ele>174.27</ele>
   </trkpt>
   <trkpt lat="38.656000000000006" lon="-0.10688">
    <ele>174.70000000000002</ele>
   </trkpt>
   <trkpt lat="38.655530000000006" lon="-0.1068">
    <ele>177.48000000000002</ele>
   </trkpt>
   <trkpt lat="38.65532" lon="-0.10681">
    <ele>178.26</ele>
   </trkpt>
   <trkpt lat="38.65493" lon="-0.10688">
    <ele>180.32</ele>
   </trkpt>
   <trkpt lat="38.65444500010316" lon="-0.10700000080211026">
    <ele>181.84</ele>
   </trkpt>
   <trkpt lat="38.653960000000005" lon="-0.10712">
    <ele>182.22000000000003</ele>
   </trkpt>
   <trkpt lat="38.653710000000004" lon="-0.10731">
    <ele>181.75000000000003</ele>
   </trkpt>
   <trkpt lat="38.65359" lon="-0.10751000000000001">
    <ele>180.91000000000003</ele>
   </trkpt>
   <trkpt lat="38.65353" lon="-0.10773">
    <ele>180.18</ele>
   </trkpt>
   <trkpt lat="38.65346" lon="-0.10807000000000001">
    <ele>179.13</ele>
   </trkpt>
   <trkpt lat="38.653325003158336" lon="-0.10893500180070823">
    <ele>173.98000000000002</ele>
   </trkpt>
   <trkpt lat="38.65319" lon="-0.10980000000000001">
    <ele>171.93000000000004</ele>
   </trkpt>
   <trkpt lat="38.65321" lon="-0.11002">
    <ele>171.71</ele>
   </trkpt>
   <trkpt lat="38.653240000000004" lon="-0.11013">
    <ele>171.51000000000002</ele>
   </trkpt>
   <trkpt lat="38.65332" lon="-0.11023000000000001">
    <ele>171.15000000000003</ele>
   </trkpt>
   <trkpt lat="38.65385500102252" lon="-0.11071499639706635">
    <ele>169.41</ele>
   </trkpt>
   <trkpt lat="38.65439000000001" lon="-0.11120000000000001">
    <ele>168.83</ele>
   </trkpt>
   <trkpt lat="38.654430000000005" lon="-0.11128">
    <ele>168.83</ele>
   </trkpt>
   <trkpt lat="38.65444" lon="-0.11138">
    <ele>168.83</ele>
   </trkpt>
   <trkpt lat="38.654430000000005" lon="-0.11144000000000001">
    <ele>168.8</ele>
   </trkpt>
   <trkpt lat="38.65431" lon="-0.11167">
    <ele>168.53</ele>
   </trkpt>
   <trkpt lat="38.65424" lon="-0.11174">
    <ele>168.53</ele>
   </trkpt>
   <trkpt lat="38.65417" lon="-0.11177000000000001">
    <ele>168.53</ele>
   </trkpt>
   <trkpt lat="38.65404" lon="-0.11177000000000001">
    <ele>168.64000000000001</ele>
   </trkpt>
   <trkpt lat="38.653400000000005" lon="-0.11157">
    <ele>170.40000000000003</ele>
   </trkpt>
   <trkpt lat="38.65288" lon="-0.11145000000000001">
    <ele>172.8</ele>
   </trkpt>
   <trkpt lat="38.65276" lon="-0.11146">
    <ele>172.8</ele>
   </trkpt>
   <trkpt lat="38.65269" lon="-0.11152000000000001">
    <ele>173.6</ele>
   </trkpt>
   <trkpt lat="38.6526" lon="-0.11163000000000001">
    <ele>173.6</ele>
   </trkpt>
   <trkpt lat="38.652530000000006" lon="-0.11178">
    <ele>174.3</ele>
   </trkpt>
   <trkpt lat="38.652440000000006" lon="-0.11199">
    <ele>175.33</ele>
   </trkpt>
   <trkpt lat="38.652420000000006" lon="-0.11213000000000001">
    <ele>175.33</ele>
   </trkpt>
   <trkpt lat="38.65243" lon="-0.11231000000000001">
    <ele>177.72000000000003</ele>
   </trkpt>
   <trkpt lat="38.652550000000005" lon="-0.11288000000000001">
    <ele>179.46</ele>
   </trkpt>
   <trkpt lat="38.652570000000004" lon="-0.11303">
    <ele>179.46</ele>
   </trkpt>
   <trkpt lat="38.65256" lon="-0.11317">
    <ele>179.46</ele>
   </trkpt>
   <trkpt lat="38.652530000000006" lon="-0.11328">
    <ele>181.96</ele>
   </trkpt>
   <trkpt lat="38.65247" lon="-0.11336">
    <ele>181.96</ele>
   </trkpt>
   <trkpt lat="38.65190500196695" lon="-0.11403500529062549">
    <ele>186.41000000000003</ele>
   </trkpt>
   <trkpt lat="38.651340000000005" lon="-0.11471">
    <ele>190.57000000000002</ele>
   </trkpt>
   <trkpt lat="38.651210000000006" lon="-0.11489">
    <ele>191.56</ele>
   </trkpt>
   <trkpt lat="38.65115" lon="-0.11503000000000001">
    <ele>193.10000000000002</ele>
   </trkpt>
   <trkpt lat="38.65093" lon="-0.11596000000000001">
    <ele>196.71</ele>
   </trkpt>
   <trkpt lat="38.65091" lon="-0.11627000000000001">
    <ele>198.84</ele>
   </trkpt>
   <trkpt lat="38.65096000184893" lon="-0.11692499984066648">
    <ele>202.26000000000002</ele>
   </trkpt>
   <trkpt lat="38.65101000000001" lon="-0.11758">
    <ele>206.52</ele>
   </trkpt>
   <trkpt lat="38.650965001750095" lon="-0.11822500070266943">
    <ele>209.85</ele>
   </trkpt>
   <trkpt lat="38.650920000000006" lon="-0.11887">
    <ele>211.8</ele>
   </trkpt>
   <trkpt lat="38.65095" lon="-0.11911000000000001">
    <ele>213.63000000000002</ele>
   </trkpt>
   <trkpt lat="38.65102" lon="-0.1193">
    <ele>214.77</ele>
   </trkpt>
   <trkpt lat="38.65113" lon="-0.11950000000000001">
    <ele>216.17000000000002</ele>
   </trkpt>
   <trkpt lat="38.65135" lon="-0.11983">
    <ele>219.23</ele>
   </trkpt>
   <trkpt lat="38.6514" lon="-0.11995000000000001">
    <ele>220.34</ele>
   </trkpt>
   <trkpt lat="38.65137" lon="-0.12021000000000001">
    <ele>222.38000000000002</ele>
   </trkpt>
   <trkpt lat="38.65131" lon="-0.12033">
    <ele>223.10000000000002</ele>
   </trkpt>
   <trkpt lat="38.651180000000004" lon="-0.12046000000000001">
    <ele>224.4</ele>
   </trkpt>
   <trkpt lat="38.651" lon="-0.12050000000000001">
    <ele>225.84</ele>
   </trkpt>
   <trkpt lat="38.650650000000006" lon="-0.12053000000000001">
    <ele>228.04000000000002</ele>
   </trkpt>
   <trkpt lat="38.650470000000006" lon="-0.12062">
    <ele>229.02</ele>
   </trkpt>
   <trkpt lat="38.650360000000006" lon="-0.12074000000000001">
    <ele>229.56</ele>
   </trkpt>
   <trkpt lat="38.650000000000006" lon="-0.12158000000000001">
    <ele>230.99000000000004</ele>
   </trkpt>
   <trkpt lat="38.64996" lon="-0.12164000000000001">
    <ele>230.99000000000004</ele>
   </trkpt>
   <trkpt lat="38.6499" lon="-0.12155">
    <ele>229.96</ele>
   </trkpt>
   <trkpt lat="38.64983" lon="-0.12155">
    <ele>229.96</ele>
   </trkpt>
   <trkpt lat="38.649770000000004" lon="-0.12144">
    <ele>228.86</ele>
   </trkpt>
   <trkpt lat="38.64932" lon="-0.12097000000000001">
    <ele>224.60000000000002</ele>
   </trkpt>
   <trkpt lat="38.64881000123168" lon="-0.12044999638086379">
    <ele>224.07000000000002</ele>
   </trkpt>
   <trkpt lat="38.648300000000006" lon="-0.11993000000000001">
    <ele>223.79000000000002</ele>
   </trkpt>
   <trkpt lat="38.64817" lon="-0.11975000000000001">
    <ele>224.06</ele>
   </trkpt>
   <trkpt lat="38.648120000000006" lon="-0.11965">
    <ele>224.06</ele>
   </trkpt>
   <trkpt lat="38.647890000000004" lon="-0.11893000000000001">
    <ele>223.88000000000002</ele>
   </trkpt>
   <trkpt lat="38.647765001290445" lon="-0.11837499894001999">
    <ele>220.61</ele>
   </trkpt>
   <trkpt lat="38.64764" lon="-0.11782000000000001">
    <ele>217.36</ele>
   </trkpt>
   <trkpt lat="38.64741000151911" lon="-0.11719999769417798">
    <ele>210.21</ele>
   </trkpt>
   <trkpt lat="38.647180000000006" lon="-0.11658">
    <ele>207.48000000000002</ele>
   </trkpt>
   <trkpt lat="38.646860000000004" lon="-0.11562000000000001">
    <ele>199.9</ele>
   </trkpt>
   <trkpt lat="38.64678" lon="-0.11506000000000001">
    <ele>195.60000000000002</ele>
   </trkpt>
   <trkpt lat="38.646730000000005" lon="-0.11410000000000001">
    <ele>193.38000000000002</ele>
   </trkpt>
   <trkpt lat="38.64668" lon="-0.11378">
    <ele>194.16000000000003</ele>
   </trkpt>
   <trkpt lat="38.64663" lon="-0.11367000000000001">
    <ele>194.85000000000002</ele>
   </trkpt>
   <trkpt lat="38.646460000000005" lon="-0.11346">
    <ele>195.77</ele>
   </trkpt>
   <trkpt lat="38.64622000000001" lon="-0.11324000000000001">
    <ele>196.02</ele>
   </trkpt>
   <trkpt lat="38.64548333653373" lon="-0.11263332091509316">
    <ele>191.95000000000002</ele>
   </trkpt>
   <trkpt lat="38.64474666993429" lon="-0.11202665430400313">
    <ele>190.97000000000003</ele>
   </trkpt>
   <trkpt lat="38.64401" lon="-0.11142">
    <ele>188.22000000000003</ele>
   </trkpt>
   <trkpt lat="38.64381" lon="-0.11121">
    <ele>185.46</ele>
   </trkpt>
   <trkpt lat="38.6435" lon="-0.11084000000000001">
    <ele>181.56000000000003</ele>
   </trkpt>
   <trkpt lat="38.64310000260431" lon="-0.11005999567502787">
    <ele>175.59000000000003</ele>
   </trkpt>
   <trkpt lat="38.642700000000005" lon="-0.10928">
    <ele>172.0</ele>
   </trkpt>
   <trkpt lat="38.642630000000004" lon="-0.1092">
    <ele>170.35</ele>
   </trkpt>
   <trkpt lat="38.6422" lon="-0.10887000000000001">
    <ele>168.87</ele>
   </trkpt>
   <trkpt lat="38.641670000000005" lon="-0.10813">
    <ele>165.4</ele>
   </trkpt>
   <trkpt lat="38.64148" lon="-0.10794000000000001">
    <ele>164.62</ele>
   </trkpt>
   <trkpt lat="38.64076" lon="-0.10761000000000001">
    <ele>163.73000000000002</ele>
   </trkpt>
   <trkpt lat="38.640550000000005" lon="-0.10756">
    <ele>162.92000000000002</ele>
   </trkpt>
   <trkpt lat="38.64023" lon="-0.10763">
    <ele>160.92000000000002</ele>
   </trkpt>
   <trkpt lat="38.64014" lon="-0.10762000000000001">
    <ele>160.3</ele>
   </trkpt>
   <trkpt lat="38.64005" lon="-0.10758000000000001">
    <ele>160.3</ele>
   </trkpt>
   <trkpt lat="38.639950000000006" lon="-0.10751000000000001">
    <ele>158.67000000000002</ele>
   </trkpt>
   <trkpt lat="38.639570000000006" lon="-0.10697000000000001">
    <ele>156.28</ele>
   </trkpt>
   <trkpt lat="38.63906" lon="-0.10626000000000001">
    <ele>153.97000000000003</ele>
   </trkpt>
   <trkpt lat="38.63837" lon="-0.10554000000000001">
    <ele>147.45000000000002</ele>
   </trkpt>
   <trkpt lat="38.63806" lon="-0.10494">
    <ele>143.26</ele>
   </trkpt>
   <trkpt lat="38.637980000000006" lon="-0.10483">
    <ele>143.1</ele>
   </trkpt>
   <trkpt lat="38.637890000000006" lon="-0.10476">
    <ele>143.01</ele>
   </trkpt>
   <trkpt lat="38.63768" lon="-0.10472000000000001">
    <ele>142.89000000000001</ele>
   </trkpt>
   <trkpt lat="38.63731000000001" lon="-0.10469">
    <ele>142.43</ele>
   </trkpt>
   <trkpt lat="38.63723" lon="-0.10466">
    <ele>142.12000000000003</ele>
   </trkpt>
   <trkpt lat="38.63712" lon="-0.10459">
    <ele>141.37000000000003</ele>
   </trkpt>
   <trkpt lat="38.637010000000004" lon="-0.10446000000000001">
    <ele>140.33</ele>
   </trkpt>
   <trkpt lat="38.63669" lon="-0.10397">
    <ele>135.26000000000002</ele>
   </trkpt>
   <trkpt lat="38.63651" lon="-0.10375000000000001">
    <ele>133.4</ele>
   </trkpt>
   <trkpt lat="38.636340000000004" lon="-0.10368000000000001">
    <ele>132.85000000000002</ele>
   </trkpt>
   <trkpt lat="38.63571" lon="-0.10358">
    <ele>132.43</ele>
   </trkpt>
   <trkpt lat="38.635380000000005" lon="-0.1034">
    <ele>132.76000000000002</ele>
   </trkpt>
   <trkpt lat="38.63521" lon="-0.10316">
    <ele>133.5</ele>
   </trkpt>
   <trkpt lat="38.63489000161853" lon="-0.10254499727147971">
    <ele>137.58</ele>
   </trkpt>
   <trkpt lat="38.634570000000004" lon="-0.10193">
    <ele>139.56</ele>
   </trkpt>
   <trkpt lat="38.634530000000005" lon="-0.10172">
    <ele>139.42000000000002</ele>
   </trkpt>
   <trkpt lat="38.634530000000005" lon="-0.10158">
    <ele>139.12</ele>
   </trkpt>
   <trkpt lat="38.634600000000006" lon="-0.10089000000000001">
    <ele>137.78</ele>
   </trkpt>
   <trkpt lat="38.634620000000005" lon="-0.10046000000000001">
    <ele>137.72</ele>
   </trkpt>
   <trkpt lat="38.634600000000006" lon="-0.10010000000000001">
    <ele>137.36</ele>
   </trkpt>
   <trkpt lat="38.63441500257272" lon="-0.09931999791677285">
    <ele>135.51000000000002</ele>
   </trkpt>
   <trkpt lat="38.63423" lon="-0.09854">
    <ele>132.8</ele>
   </trkpt>
   <trkpt lat="38.63418" lon="-0.09822">
    <ele>132.09</ele>
   </trkpt>
   <trkpt lat="38.63417500160499" lon="-0.09760499937282471">
    <ele>129.06</ele>
   </trkpt>
   <trkpt lat="38.634170000000005" lon="-0.09699">
    <ele>127.47</ele>
   </trkpt>
   <trkpt lat="38.63429" lon="-0.09623000000000001">
    <ele>124.18</ele>
   </trkpt>
   <trkpt lat="38.63427" lon="-0.09595000000000001">
    <ele>122.52</ele>
   </trkpt>
   <trkpt lat="38.6342" lon="-0.09546">
    <ele>120.92000000000002</ele>
   </trkpt>
   <trkpt lat="38.634043340317035" lon="-0.09455332929166245">
    <ele>115.33000000000001</ele>
   </trkpt>
   <trkpt lat="38.63388667363674" lon="-0.09364666254621959">
    <ele>107.74</ele>
   </trkpt>
   <trkpt lat="38.63373" lon="-0.09274">
    <ele>102.87</ele>
   </trkpt>
   <trkpt lat="38.633680000000005" lon="-0.09256">
    <ele>102.87</ele>
   </trkpt>
   <trkpt lat="38.63345000175807" lon="-0.09192999816731441">
    <ele>97.95</ele>
   </trkpt>
   <trkpt lat="38.63322" lon="-0.0913">
    <ele>94.26</ele>
   </trkpt>
   <trkpt lat="38.63296000204254" lon="-0.09060499744406408">
    <ele>92.24</ele>
   </trkpt>
   <trkpt lat="38.6327" lon="-0.08991">
    <ele>89.71000000000001</ele>
   </trkpt>
   <trkpt lat="38.63246" lon="-0.08929000000000001">
    <ele>87.47</ele>
   </trkpt>
   <trkpt lat="38.63224" lon="-0.08858">
    <ele>85.63000000000001</ele>
   </trkpt>
   <trkpt lat="38.63214500291246" lon="-0.08775499904338355">
    <ele>84.44</ele>
   </trkpt>
   <trkpt lat="38.63205000000001" lon="-0.08693000000000001">
    <ele>82.42</ele>
   </trkpt>
   <trkpt lat="38.63204500208542" lon="-0.08622999995053027">
    <ele>81.64</ele>
   </trkpt>
   <trkpt lat="38.63204" lon="-0.08553000000000001">
    <ele>81.38000000000001</ele>
   </trkpt>
   <trkpt lat="38.63201" lon="-0.0853">
    <ele>80.95</ele>
   </trkpt>
   <trkpt lat="38.631980000000006" lon="-0.08519">
    <ele>80.68</ele>
   </trkpt>
   <trkpt lat="38.6315966697383" lon="-0.08459332701693019">
    <ele>78.86</ele>
   </trkpt>
   <trkpt lat="38.63121333644623" lon="-0.08399666041455267">
    <ele>76.86000000000001</ele>
   </trkpt>
   <trkpt lat="38.63083" lon="-0.0834">
    <ele>74.79</ele>
   </trkpt>
   <trkpt lat="38.63067" lon="-0.08299000000000001">
    <ele>73.87</ele>
   </trkpt>
   <trkpt lat="38.63050000237626" lon="-0.0822449982953698">
    <ele>72.64000000000001</ele>
   </trkpt>
   <trkpt lat="38.63033" lon="-0.0815">
    <ele>71.95</ele>
   </trkpt>
   <trkpt lat="38.63029" lon="-0.08111">
    <ele>71.51</ele>
   </trkpt>
   <trkpt lat="38.630255004919285" lon="-0.08003499950709668">
    <ele>66.28</ele>
   </trkpt>
   <trkpt lat="38.63022" lon="-0.07896">
    <ele>62.11000000000001</ele>
   </trkpt>
   <trkpt lat="38.630280000000006" lon="-0.07871">
    <ele>62.11000000000001</ele>
   </trkpt>
   <trkpt lat="38.630320000000005" lon="-0.07863">
    <ele>61.88</ele>
   </trkpt>
   <trkpt lat="38.63045" lon="-0.07846">
    <ele>61.43000000000001</ele>
   </trkpt>
   <trkpt lat="38.631130000000006" lon="-0.07799">
    <ele>60.620000000000005</ele>
   </trkpt>
   <trkpt lat="38.631545000099614" lon="-0.07774000154739326">
    <ele>61.07000000000001</ele>
   </trkpt>
   <trkpt lat="38.63196000000001" lon="-0.07749">
    <ele>63.76000000000001</ele>
   </trkpt>
   <trkpt lat="38.63219" lon="-0.07728">
    <ele>66.10000000000001</ele>
   </trkpt>
   <trkpt lat="38.632250000000006" lon="-0.07717">
    <ele>67.14</ele>
   </trkpt>
   <trkpt lat="38.632340000000006" lon="-0.07695">
    <ele>68.3</ele>
   </trkpt>
   <trkpt lat="38.632450000000006" lon="-0.07674">
    <ele>68.92</ele>
   </trkpt>
   <trkpt lat="38.63284" lon="-0.07642">
    <ele>69.86</ele>
   </trkpt>
   <trkpt lat="38.633" lon="-0.07621">
    <ele>70.65</ele>
   </trkpt>
   <trkpt lat="38.63304" lon="-0.07606">
    <ele>71.22</ele>
   </trkpt>
   <trkpt lat="38.633070000000004" lon="-0.07585">
    <ele>72.50000000000001</ele>
   </trkpt>
   <trkpt lat="38.633100000000006" lon="-0.07516">
    <ele>75.62</ele>
   </trkpt>
   <trkpt lat="38.63304" lon="-0.07481">
    <ele>76.44000000000001</ele>
   </trkpt>
   <trkpt lat="38.63291" lon="-0.07435">
    <ele>77.08000000000001</ele>
   </trkpt>
   <trkpt lat="38.6328" lon="-0.07373">
    <ele>76.17</ele>
   </trkpt>
   <trkpt lat="38.63264334162397" lon="-0.07274332904679386">
    <ele>76.15</ele>
   </trkpt>
   <trkpt lat="38.63248667496137" lon="-0.07175666240591484">
    <ele>73.39000000000001</ele>
   </trkpt>
   <trkpt lat="38.63233" lon="-0.07077">
    <ele>73.28000000000002</ele>
   </trkpt>
   <trkpt lat="38.632290000000005" lon="-0.07062">
    <ele>73.50000000000001</ele>
   </trkpt>
   <trkpt lat="38.63223" lon="-0.07051">
    <ele>74.12</ele>
   </trkpt>
   <trkpt lat="38.63215" lon="-0.07044">
    <ele>74.71000000000001</ele>
   </trkpt>
   <trkpt lat="38.63158000000001" lon="-0.0704">
    <ele>78.24000000000001</ele>
   </trkpt>
   <trkpt lat="38.631400000000006" lon="-0.07026">
    <ele>78.81</ele>
   </trkpt>
   <trkpt lat="38.630930000000006" lon="-0.06951">
    <ele>79.7</ele>
   </trkpt>
   <trkpt lat="38.630840000000006" lon="-0.06934">
    <ele>79.88000000000001</ele>
   </trkpt>
   <trkpt lat="38.63082" lon="-0.06915">
    <ele>79.84</ele>
   </trkpt>
   <trkpt lat="38.63085" lon="-0.06898">
    <ele>79.53</ele>
   </trkpt>
   <trkpt lat="38.63117500480508" lon="-0.06792000472981555">
    <ele>76.69000000000001</ele>
   </trkpt>
   <trkpt lat="38.6315" lon="-0.06686">
    <ele>80.5</ele>
   </trkpt>
   <trkpt lat="38.63161" lon="-0.06643">
    <ele>81.68</ele>
   </trkpt>
   <trkpt lat="38.63163" lon="-0.06622">
    <ele>81.91000000000001</ele>
   </trkpt>
   <trkpt lat="38.63159" lon="-0.06601">
    <ele>82.17</ele>
   </trkpt>
   <trkpt lat="38.631170000000004" lon="-0.06521">
    <ele>78.34</ele>
   </trkpt>
   <trkpt lat="38.631040000000006" lon="-0.06504">
    <ele>77.05000000000001</ele>
   </trkpt>
   <trkpt lat="38.6306600007321" lon="-0.06460999765882958">
    <ele>71.69</ele>
   </trkpt>
   <trkpt lat="38.630280000000006" lon="-0.06418">
    <ele>69.67</ele>
   </trkpt>
   <trkpt lat="38.62989" lon="-0.06367">
    <ele>70.56000000000002</ele>
   </trkpt>
   <trkpt lat="38.62975" lon="-0.06336">
    <ele>72.01</ele>
   </trkpt>
   <trkpt lat="38.62971" lon="-0.0631">
    <ele>72.25000000000001</ele>
   </trkpt>
   <trkpt lat="38.6297000025909" lon="-0.06232000001687213">
    <ele>67.99000000000001</ele>
   </trkpt>
   <trkpt lat="38.629690000000004" lon="-0.061540000000000004">
    <ele>65.31</ele>
   </trkpt>
   <trkpt lat="38.62964" lon="-0.061290000000000004">
    <ele>64.17</ele>
   </trkpt>
   <trkpt lat="38.629540000000006" lon="-0.06106">
    <ele>63.99</ele>
   </trkpt>
   <trkpt lat="38.62932" lon="-0.06074">
    <ele>64.66000000000001</ele>
   </trkpt>
   <trkpt lat="38.62924" lon="-0.06056">
    <ele>65.38000000000001</ele>
   </trkpt>
   <trkpt lat="38.62921" lon="-0.06033">
    <ele>66.31</ele>
   </trkpt>
   <trkpt lat="38.62921" lon="-0.060180000000000004">
    <ele>66.54</ele>
   </trkpt>
   <trkpt lat="38.629305003872155" lon="-0.059225001359036876">
    <ele>65.75999999999999</ele>
   </trkpt>
   <trkpt lat="38.629400000000004" lon="-0.05827">
    <ele>61.870000000000005</ele>
   </trkpt>
   <trkpt lat="38.629500001857686" lon="-0.05761000089528606">
    <ele>59.64000000000001</ele>
   </trkpt>
   <trkpt lat="38.6296" lon="-0.05695000000000001">
    <ele>60.63</ele>
   </trkpt>
   <trkpt lat="38.629720000000006" lon="-0.05596">
    <ele>63.050000000000004</ele>
   </trkpt>
   <trkpt lat="38.6297" lon="-0.05577000000000001">
    <ele>63.050000000000004</ele>
   </trkpt>
   <trkpt lat="38.62955000181715" lon="-0.05511499859151014">
    <ele>65.01</ele>
   </trkpt>
   <trkpt lat="38.629400000000004" lon="-0.05446">
    <ele>67.44</ele>
   </trkpt>
   <trkpt lat="38.62934500213458" lon="-0.05374999931577115">
    <ele>70.9</ele>
   </trkpt>
   <trkpt lat="38.629290000000005" lon="-0.053040000000000004">
    <ele>73.18</ele>
   </trkpt>
   <trkpt lat="38.629290000000005" lon="-0.05274">
    <ele>74.68</ele>
   </trkpt>
   <trkpt lat="38.629310000000004" lon="-0.05247">
    <ele>75.52</ele>
   </trkpt>
   <trkpt lat="38.62937" lon="-0.05229">
    <ele>75.73</ele>
   </trkpt>
   <trkpt lat="38.629920000000006" lon="-0.051480000000000005">
    <ele>76.62</ele>
   </trkpt>
   <trkpt lat="38.63033000187153" lon="-0.05082000374589232">
    <ele>75.51</ele>
   </trkpt>
   <trkpt lat="38.63074" lon="-0.05016">
    <ele>70.77</ele>
   </trkpt>
   <trkpt lat="38.63136" lon="-0.04948">
    <ele>68.97</ele>
   </trkpt>
   <trkpt lat="38.631510000000006" lon="-0.04927">
    <ele>68.98</ele>
   </trkpt>
   <trkpt lat="38.63158000000001" lon="-0.04914">
    <ele>69.22</ele>
   </trkpt>
   <trkpt lat="38.63165" lon="-0.04891">
    <ele>69.87</ele>
   </trkpt>
   <trkpt lat="38.63168" lon="-0.04875">
    <ele>69.87</ele>
   </trkpt>
   <trkpt lat="38.63168" lon="-0.048440000000000004">
    <ele>70.88000000000001</ele>
   </trkpt>
   <trkpt lat="38.63165" lon="-0.04814">
    <ele>71.2</ele>
   </trkpt>
   <trkpt lat="38.631330000000005" lon="-0.047150000000000004">
    <ele>74.02</ele>
   </trkpt>
   <trkpt lat="38.6313" lon="-0.04701">
    <ele>74.02</ele>
   </trkpt>
   <trkpt lat="38.631330000000005" lon="-0.04678">
    <ele>74.52</ele>
   </trkpt>
   <trkpt lat="38.63139" lon="-0.04667">
    <ele>74.58000000000001</ele>
   </trkpt>
   <trkpt lat="38.63188" lon="-0.0461">
    <ele>72.74</ele>
   </trkpt>
   <trkpt lat="38.632000000000005" lon="-0.04587">
    <ele>71.24000000000001</ele>
   </trkpt>
   <trkpt lat="38.63203" lon="-0.04574">
    <ele>70.82000000000001</ele>
   </trkpt>
   <trkpt lat="38.632020000000004" lon="-0.04544">
    <ele>70.48</ele>
   </trkpt>
   <trkpt lat="38.63196000000001" lon="-0.045160000000000006">
    <ele>70.76</ele>
   </trkpt>
   <trkpt lat="38.631870000000006" lon="-0.04506">
    <ele>71.37</ele>
   </trkpt>
   <trkpt lat="38.63177" lon="-0.045040000000000004">
    <ele>71.37</ele>
   </trkpt>
   <trkpt lat="38.631510000000006" lon="-0.045020000000000004">
    <ele>74.16</ele>
   </trkpt>
   <trkpt lat="38.63118" lon="-0.04494">
    <ele>75.86000000000001</ele>
   </trkpt>
   <trkpt lat="38.63101" lon="-0.04485">
    <ele>76.06</ele>
   </trkpt>
   <trkpt lat="38.630590000253996" lon="-0.04455499819009998">
    <ele>75.16</ele>
   </trkpt>
   <trkpt lat="38.63017" lon="-0.04426">
    <ele>74.15</ele>
   </trkpt>
   <trkpt lat="38.63006" lon="-0.04415">
    <ele>73.75000000000001</ele>
   </trkpt>
   <trkpt lat="38.629810000000006" lon="-0.04342">
    <ele>69.02000000000001</ele>
   </trkpt>
   <trkpt lat="38.62942" lon="-0.0427">
    <ele>63.230000000000004</ele>
   </trkpt>
   <trkpt lat="38.62924" lon="-0.04247">
    <ele>62.21000000000001</ele>
   </trkpt>
   <trkpt lat="38.62894" lon="-0.04234">
    <ele>60.82000000000001</ele>
   </trkpt>
   <trkpt lat="38.62886" lon="-0.04225">
    <ele>60.82000000000001</ele>
   </trkpt>
   <trkpt lat="38.628510000000006" lon="-0.04141">
    <ele>59.28000000000001</ele>
   </trkpt>
   <trkpt lat="38.628370000000004" lon="-0.04114">
    <ele>59.10000000000001</ele>
   </trkpt>
   <trkpt lat="38.628220000000006" lon="-0.04096">
    <ele>59.10000000000001</ele>
   </trkpt>
   <trkpt lat="38.627840000000006" lon="-0.04064">
    <ele>59.35000000000001</ele>
   </trkpt>
   <trkpt lat="38.62767" lon="-0.040400000000000005">
    <ele>59.79</ele>
   </trkpt>
   <trkpt lat="38.627610000000004" lon="-0.04041">
    <ele>59.84</ele>
   </trkpt>
   <trkpt lat="38.627570000000006" lon="-0.04032">
    <ele>59.84</ele>
   </trkpt>
   <trkpt lat="38.627590000000005" lon="-0.04025">
    <ele>59.84</ele>
   </trkpt>
   <trkpt lat="38.62744" lon="-0.03991">
    <ele>58.77</ele>
   </trkpt>
   <trkpt lat="38.627153339747686" lon="-0.03903999295831421">
    <ele>55.940000000000005</ele>
   </trkpt>
   <trkpt lat="38.626866673052874" lon="-0.0381699928730078">
    <ele>56.290000000000006</ele>
   </trkpt>
   <trkpt lat="38.626580000000004" lon="-0.0373">
    <ele>58.620000000000005</ele>
   </trkpt>
   <trkpt lat="38.62644" lon="-0.03703">
    <ele>58.400000000000006</ele>
   </trkpt>
   <trkpt lat="38.62624" lon="-0.03678">
    <ele>57.20000000000001</ele>
   </trkpt>
   <trkpt lat="38.62606" lon="-0.03663">
    <ele>55.650000000000006</ele>
   </trkpt>
   <trkpt lat="38.625980000000006" lon="-0.03658">
    <ele>54.2</ele>
   </trkpt>
   <trkpt lat="38.62553499994987" lon="-0.036414998914502006">
    <ele>51.13</ele>
   </trkpt>
   <trkpt lat="38.62509" lon="-0.036250000000000004">
    <ele>47.02</ele>
   </trkpt>
   <trkpt lat="38.62459499999435" lon="-0.03608999885850849">
    <ele>46.160000000000004</ele>
   </trkpt>
   <trkpt lat="38.624100000000006" lon="-0.035930000000000004">
    <ele>46.290000000000006</ele>
   </trkpt>
   <trkpt lat="38.62382" lon="-0.03595">
    <ele>46.7</ele>
   </trkpt>
   <trkpt lat="38.62375" lon="-0.03594">
    <ele>46.82</ele>
   </trkpt>
   <trkpt lat="38.62368" lon="-0.035820000000000005">
    <ele>46.38</ele>
   </trkpt>
   <trkpt lat="38.623670000000004" lon="-0.03565">
    <ele>46.38</ele>
   </trkpt>
   <trkpt lat="38.623720000000006" lon="-0.03531">
    <ele>44.96000000000001</ele>
   </trkpt>
   <trkpt lat="38.62373" lon="-0.03488">
    <ele>42.42000000000001</ele>
   </trkpt>
   <trkpt lat="38.62370000000001" lon="-0.03452">
    <ele>41.31</ele>
   </trkpt>
   <trkpt lat="38.62362000137062" lon="-0.03394999927823112">
    <ele>38.39</ele>
   </trkpt>
   <trkpt lat="38.623540000000006" lon="-0.03338">
    <ele>35.01</ele>
   </trkpt>
   <trkpt lat="38.62341250916399" lon="-0.03253249543957478">
    <ele>31.85</ele>
   </trkpt>
   <trkpt lat="38.62328501221459" lon="-0.03168499389258838">
    <ele>29.86</ele>
   </trkpt>
   <trkpt lat="38.62315750915185" lon="-0.03083749535916083">
    <ele>29.27</ele>
   </trkpt>
   <trkpt lat="38.62303" lon="-0.029990000000000003">
    <ele>30.740000000000002</ele>
   </trkpt>
   <trkpt lat="38.62286" lon="-0.02935">
    <ele>31.77</ele>
   </trkpt>
   <trkpt lat="38.622780000000006" lon="-0.029150000000000002">
    <ele>31.76</ele>
   </trkpt>
   <trkpt lat="38.62266" lon="-0.028900000000000002">
    <ele>31.25</ele>
   </trkpt>
   <trkpt lat="38.62228" lon="-0.02842">
    <ele>28.85</ele>
   </trkpt>
   <trkpt lat="38.62185" lon="-0.028120000000000003">
    <ele>25.61</ele>
   </trkpt>
   <trkpt lat="38.621520000000004" lon="-0.028">
    <ele>22.98</ele>
   </trkpt>
   <trkpt lat="38.621170000000006" lon="-0.027960000000000002">
    <ele>20.98</ele>
   </trkpt>
   <trkpt lat="38.62084" lon="-0.028">
    <ele>18.81</ele>
   </trkpt>
   <trkpt lat="38.620470000000005" lon="-0.028130000000000002">
    <ele>17.1</ele>
   </trkpt>
   <trkpt lat="38.62021" lon="-0.028300000000000002">
    <ele>15.250000000000002</ele>
   </trkpt>
   <trkpt lat="38.61975" lon="-0.02868">
    <ele>13.690000000000001</ele>
   </trkpt>
   <trkpt lat="38.6195" lon="-0.02892">
    <ele>13.38</ele>
   </trkpt>
   <trkpt lat="38.619330000000005" lon="-0.02902">
    <ele>13.340000000000002</ele>
   </trkpt>
   <trkpt lat="38.61863500581379" lon="-0.029695019624439843">
    <ele>12.450000000000001</ele>
   </trkpt>
   <trkpt lat="38.61794000774958" lon="-0.030370026167545493">
    <ele>12.120000000000001</ele>
   </trkpt>
   <trkpt lat="38.617245005807554" lon="-0.031045019629822868">
    <ele>12.92</ele>
   </trkpt>
   <trkpt lat="38.616550000000004" lon="-0.031720000000000005">
    <ele>13.370000000000001</ele>
   </trkpt>
   <trkpt lat="38.61587288150062" lon="-0.03238365285762739">
    <ele>13.860000000000001</ele>
   </trkpt>
   <trkpt lat="38.61519575925283" lon="-0.03304729318622957">
    <ele>14.72</ele>
   </trkpt>
   <trkpt lat="38.61451863325679" lon="-0.03371092098627737">
    <ele>16.099999999999998</ele>
   </trkpt>
   <trkpt lat="38.61384150351268" lon="-0.03437453625824158">
    <ele>16.71</ele>
   </trkpt>
   <trkpt lat="38.61316437002064" lon="-0.035038139002592984">
    <ele>14.05</ele>
   </trkpt>
   <trkpt lat="38.612487232780836" lon="-0.035701729219802344">
    <ele>12.31</ele>
   </trkpt>
   <trkpt lat="38.61181009179342" lon="-0.036365306910340435">
    <ele>10.610000000000001</ele>
   </trkpt>
   <trkpt lat="38.61113294705859" lon="-0.03702887207467796">
    <ele>10.530000000000001</ele>
   </trkpt>
   <trkpt lat="38.61045579857647" lon="-0.03769242471328568">
    <ele>10.55</ele>
   </trkpt>
   <trkpt lat="38.60977864634725" lon="-0.03835596482663427">
    <ele>11.070000000000002</ele>
   </trkpt>
   <trkpt lat="38.60910149037105" lon="-0.03901949241519443">
    <ele>11.290000000000001</ele>
   </trkpt>
   <trkpt lat="38.60842433064808" lon="-0.039683007479436844">
    <ele>10.650000000000002</ele>
   </trkpt>
   <trkpt lat="38.60774716717846" lon="-0.04034651001983216">
    <ele>11.160000000000002</ele>
   </trkpt>
   <trkpt lat="38.60707" lon="-0.041010000000000005">
    <ele>12.540000000000001</ele>
   </trkpt>
   <trkpt lat="38.606422006710815" lon="-0.04163802268607549">
    <ele>12.48</ele>
   </trkpt>
   <trkpt lat="38.60577401006517" lon="-0.04226603402960196">
    <ele>12.4</ele>
   </trkpt>
   <trkpt lat="38.60512601006318" lon="-0.04289403403098862">
    <ele>12.32</ele>
   </trkpt>
   <trkpt lat="38.60447800670499" lon="-0.04352202269064461">
    <ele>11.070000000000002</ele>
   </trkpt>
   <trkpt lat="38.60383" lon="-0.04415">
    <ele>10.17</ele>
   </trkpt>
   <trkpt lat="38.60338" lon="-0.0446">
    <ele>9.950000000000001</ele>
   </trkpt>
   <trkpt lat="38.60325" lon="-0.04469">
    <ele>9.75</ele>
   </trkpt>
   <trkpt lat="38.602900000000005" lon="-0.04508">
    <ele>9.64</ele>
   </trkpt>
   <trkpt lat="38.60226500137757" lon="-0.04567500538526155">
    <ele>9.120000000000001</ele>
   </trkpt>
   <trkpt lat="38.60163" lon="-0.046270000000000006">
    <ele>8.67</ele>
   </trkpt>
   <trkpt lat="38.601240000000004" lon="-0.046700000000000005">
    <ele>8.66</ele>
   </trkpt>
   <trkpt lat="38.60072" lon="-0.04718000000000001">
    <ele>8.81</ele>
   </trkpt>
   <trkpt lat="38.60030500067804" lon="-0.0475900024074507">
    <ele>9.07</ele>
   </trkpt>
   <trkpt lat="38.59989" lon="-0.048">
    <ele>9.07</ele>
   </trkpt>
   <trkpt lat="38.599395000487654" lon="-0.04830500204686768">
    <ele>8.450000000000001</ele>
   </trkpt>
   <trkpt lat="38.5989" lon="-0.04861000000000001">
    <ele>8.63</ele>
   </trkpt>
   <trkpt lat="38.598469999927055" lon="-0.048860001694708485">
    <ele>9.07</ele>
   </trkpt>
   <trkpt lat="38.598040000000005" lon="-0.04911">
    <ele>9.47</ele>
   </trkpt>
   <trkpt lat="38.59794" lon="-0.0492">
    <ele>9.690000000000001</ele>
   </trkpt>
   <trkpt lat="38.59759000090152" lon="-0.04967500239548695">
    <ele>11.05</ele>
   </trkpt>
   <trkpt lat="38.597240000000006" lon="-0.05015000000000001">
    <ele>12.030000000000001</ele>
   </trkpt>
   <trkpt lat="38.596742505252685" lon="-0.050792513380270174">
    <ele>12.990000000000002</ele>
   </trkpt>
   <trkpt lat="38.59624500699247" lon="-0.05143501785446543">
    <ele>12.84</ele>
   </trkpt>
   <trkpt lat="38.595747505219464" lon="-0.05207751342280493">
    <ele>12.42</ele>
   </trkpt>
   <trkpt lat="38.59525" lon="-0.05272">
    <ele>12.05</ele>
   </trkpt>
   <trkpt lat="38.594750000000005" lon="-0.05339000000000001">
    <ele>11.88</ele>
   </trkpt>
   <trkpt lat="38.59415667174075" lon="-0.054160012690676496">
    <ele>12.040000000000001</ele>
   </trkpt>
   <trkpt lat="38.5935633384362" lon="-0.05493001265311996">
    <ele>12.25</ele>
   </trkpt>
   <trkpt lat="38.59297" lon="-0.055700000000000006">
    <ele>11.53</ele>
   </trkpt>
   <trkpt lat="38.592330000000004" lon="-0.054950000000000006">
    <ele>6.73</ele>
   </trkpt>
   <trkpt lat="38.59168750388876" lon="-0.05550251483951929">
    <ele>6.68</ele>
   </trkpt>
   <trkpt lat="38.591045005179915" lon="-0.056055019790092746">
    <ele>6.5600000000000005</ele>
   </trkpt>
   <trkpt lat="38.59040250387362" lon="-0.05660751485208485">
    <ele>6.55</ele>
   </trkpt>
   <trkpt lat="38.589760000000005" lon="-0.05716">
    <ele>6.53</ele>
   </trkpt>
   <trkpt lat="38.58946" lon="-0.05738000000000001">
    <ele>6.3100000000000005</ele>
   </trkpt>
   <trkpt lat="38.588875000229294" lon="-0.05771500287150296">
    <ele>6.24</ele>
   </trkpt>
   <trkpt lat="38.58829" lon="-0.058050000000000004">
    <ele>6.090000000000001</ele>
   </trkpt>
   <trkpt lat="38.58766666797103" lon="-0.05845000698134001">
    <ele>6.95</ele>
   </trkpt>
   <trkpt lat="38.5870433345806" lon="-0.058850007017879735">
    <ele>7.25</ele>
   </trkpt>
   <trkpt lat="38.586420000000004" lon="-0.059250000000000004">
    <ele>7.53</ele>
   </trkpt>
   <trkpt lat="38.5856466686372" lon="-0.05972667691024796">
    <ele>7.8100000000000005</ele>
   </trkpt>
   <trkpt lat="38.584873335341065" lon="-0.06020334355381081">
    <ele>7.99</ele>
   </trkpt>
   <trkpt lat="38.58410000000001" lon="-0.060680000000000005">
    <ele>8.13</ele>
   </trkpt>
   <trkpt lat="38.58342500110455" lon="-0.06120000492280938">
    <ele>8.0</ele>
   </trkpt>
   <trkpt lat="38.582750000000004" lon="-0.061720000000000004">
    <ele>8.100000000000001</ele>
   </trkpt>
   <trkpt lat="38.58229" lon="-0.062000000000000006">
    <ele>8.350000000000001</ele>
   </trkpt>
   <trkpt lat="38.58218" lon="-0.062110000000000005">
    <ele>8.350000000000001</ele>
   </trkpt>
   <trkpt lat="38.5822" lon="-0.06219">
    <ele>8.370000000000001</ele>
   </trkpt>
   <trkpt lat="38.58216" lon="-0.062270000000000006">
    <ele>8.31</ele>
   </trkpt>
   <trkpt lat="38.582100000000004" lon="-0.06228">
    <ele>8.25</ele>
   </trkpt>
   <trkpt lat="38.582060000000006" lon="-0.06226">
    <ele>8.25</ele>
   </trkpt>
   <trkpt lat="38.58205" lon="-0.062220000000000004">
    <ele>8.25</ele>
   </trkpt>
   <trkpt lat="38.581440000359706" lon="-0.06245000394100782">
    <ele>8.21</ele>
   </trkpt>
   <trkpt lat="38.58083000026931" lon="-0.06268000397504131">
    <ele>8.17</ele>
   </trkpt>
   <trkpt lat="38.580220000000004" lon="-0.06291000000000001">
    <ele>8.3</ele>
   </trkpt>
   <trkpt lat="38.579724999968995" lon="-0.06312000154000884">
    <ele>8.41</ele>
   </trkpt>
   <trkpt lat="38.57923" lon="-0.06333000000000001">
    <ele>8.350000000000001</ele>
   </trkpt>
   <trkpt lat="38.57864" lon="-0.06368">
    <ele>8.26</ele>
   </trkpt>
   <trkpt lat="38.578125000510944" lon="-0.06401000233547756">
    <ele>8.34</ele>
   </trkpt>
   <trkpt lat="38.57761" lon="-0.06434000000000001">
    <ele>8.39</ele>
   </trkpt>
   <trkpt lat="38.57715" lon="-0.0645">
    <ele>8.39</ele>
   </trkpt>
   <trkpt lat="38.57705" lon="-0.06455000000000001">
    <ele>8.26</ele>
   </trkpt>
   <trkpt lat="38.577070000000006" lon="-0.06468">
    <ele>8.110000000000001</ele>
   </trkpt>
   <trkpt lat="38.577020000000005" lon="-0.06475">
    <ele>8.110000000000001</ele>
   </trkpt>
   <trkpt lat="38.57692" lon="-0.06471">
    <ele>7.51</ele>
   </trkpt>
   <trkpt lat="38.5769" lon="-0.06462000000000001">
    <ele>7.51</ele>
   </trkpt>
   <trkpt lat="38.57686" lon="-0.06458">
    <ele>7.38</ele>
   </trkpt>
   <trkpt lat="38.57681" lon="-0.06461">
    <ele>7.38</ele>
   </trkpt>
   <trkpt lat="38.57661" lon="-0.06463">
    <ele>7.38</ele>
   </trkpt>
   <trkpt lat="38.57608000003796" lon="-0.06470500055136927">
    <ele>7.17</ele>
   </trkpt>
   <trkpt lat="38.57555" lon="-0.06478">
    <ele>7.11</ele>
   </trkpt>
   <trkpt lat="38.574864999733485" lon="-0.06478">
    <ele>7.25</ele>
   </trkpt>
   <trkpt lat="38.574180000000005" lon="-0.06478">
    <ele>7.5200000000000005</ele>
   </trkpt>
   <trkpt lat="38.5741" lon="-0.06479">
    <ele>7.5200000000000005</ele>
   </trkpt>
  </trkseg>
 </trk>
</gpx>
