<?xml version='1.0' encoding='UTF-8'?>
<gpx version="1.1" creator="https://www.komoot.de" xmlns="http://www.topografix.com/GPX/1/1" xmlns:xsi="http://www.w3.org/2001/XMLSchema-instance" xsi:schemaLocation="http://www.topografix.com/GPX/1/1 http://www.topografix.com/GPX/1/1/gpx.xsd">
  <metadata>
    <name>Project 15/70 Rit 1</name>
    <author>
      <link href="https://www.komoot.de">
        <text>komoot</text>
        <type>text/html</type>
      </link>
    </author>
  </metadata>
  <trk>
    <name>Project 15/70 Rit 1</name>
    <type>racebike</type>
    <trkseg>
      <trkpt lat="38.574110" lon="-0.064785">
        <ele>2.459380</ele>
        <time>2026-09-28T08:01:38.474Z</time>
      </trkpt>
      <trkpt lat="38.574186" lon="-0.064774">
        <ele>2.459380</ele>
        <time>2026-09-28T08:01:40.955Z</time>
      </trkpt>
      <trkpt lat="38.574448" lon="-0.064780">
        <ele>2.459380</ele>
        <time>2026-09-28T08:01:49.513Z</time>
      </trkpt>
      <trkpt lat="38.574559" lon="-0.064782">
        <ele>2.459380</ele>
        <time>2026-09-28T08:01:53.127Z</time>
      </trkpt>
      <trkpt lat="38.575479" lon="-0.064767">
        <ele>2.566273</ele>
        <time>2026-09-28T08:02:23.675Z</time>
      </trkpt>
      <trkpt lat="38.575666" lon="-0.064764">
        <ele>2.608780</ele>
        <time>2026-09-28T08:02:29.998Z</time>
      </trkpt>
      <trkpt lat="38.576615" lon="-0.064624">
        <ele>2.825909</ele>
        <time>2026-09-28T08:03:01.305Z</time>
      </trkpt>
      <trkpt lat="38.576869" lon="-0.064575">
        <ele>2.797285</ele>
        <time>2026-09-28T08:03:09.155Z</time>
      </trkpt>
      <trkpt lat="38.576906" lon="-0.064612">
        <ele>2.750264</ele>
        <time>2026-09-28T08:03:10.585Z</time>
      </trkpt>
      <trkpt lat="38.576963" lon="-0.064519">
        <ele>2.657768</ele>
        <time>2026-09-28T08:03:12.018Z</time>
      </trkpt>
      <trkpt lat="38.577056" lon="-0.064548">
        <ele>2.561930</ele>
        <time>2026-09-28T08:03:13.518Z</time>
      </trkpt>
      <trkpt lat="38.577094" lon="-0.064526">
        <ele>2.520169</ele>
        <time>2026-09-28T08:03:16.598Z</time>
      </trkpt>
      <trkpt lat="38.577106" lon="-0.064472">
        <ele>2.476228</ele>
        <time>2026-09-28T08:03:17.262Z</time>
      </trkpt>
      <trkpt lat="38.577609" lon="-0.064309">
        <ele>1.956715</ele>
        <time>2026-09-28T08:03:24.898Z</time>
      </trkpt>
      <trkpt lat="38.578641" lon="-0.063656">
        <ele>0.965030</ele>
        <time>2026-09-28T08:03:41.066Z</time>
      </trkpt>
      <trkpt lat="38.579226" lon="-0.063308">
        <ele>0.714020</ele>
        <time>2026-09-28T08:03:50.857Z</time>
      </trkpt>
      <trkpt lat="38.580553" lon="-0.062737">
        <ele>0.611039</ele>
        <time>2026-09-28T08:04:16.170Z</time>
      </trkpt>
      <trkpt lat="38.582000" lon="-0.062213">
        <ele>1.202423</ele>
        <time>2026-09-28T08:04:45.197Z</time>
      </trkpt>
      <trkpt lat="38.582027" lon="-0.062223">
        <ele>1.199252</ele>
        <time>2026-09-28T08:04:45.752Z</time>
      </trkpt>
      <trkpt lat="38.582052" lon="-0.062213">
        <ele>1.196297</ele>
        <time>2026-09-28T08:04:47.695Z</time>
      </trkpt>
      <trkpt lat="38.582053" lon="-0.062129">
        <ele>1.188888</ele>
        <time>2026-09-28T08:04:49.794Z</time>
      </trkpt>
      <trkpt lat="38.582087" lon="-0.062085">
        <ele>1.183432</ele>
        <time>2026-09-28T08:04:51.351Z</time>
      </trkpt>
      <trkpt lat="38.582135" lon="-0.062075">
        <ele>1.177946</ele>
        <time>2026-09-28T08:04:52.964Z</time>
      </trkpt>
      <trkpt lat="38.582178" lon="-0.062102">
        <ele>1.172542</ele>
        <time>2026-09-28T08:04:54.522Z</time>
      </trkpt>
      <trkpt lat="38.582294" lon="-0.061999">
        <ele>1.156612</ele>
        <time>2026-09-28T08:04:56.389Z</time>
      </trkpt>
      <trkpt lat="38.582566" lon="-0.061834">
        <ele>1.122652</ele>
        <time>2026-09-28T08:05:00.216Z</time>
      </trkpt>
      <trkpt lat="38.582756" lon="-0.061719">
        <ele>1.098940</ele>
        <time>2026-09-28T08:05:02.714Z</time>
      </trkpt>
      <trkpt lat="38.584103" lon="-0.060677">
        <ele>0.594111</ele>
        <time>2026-09-28T08:05:19.864Z</time>
      </trkpt>
      <trkpt lat="38.585468" lon="-0.059834">
        <ele>0.168129</ele>
        <time>2026-09-28T08:05:37.879Z</time>
      </trkpt>
      <trkpt lat="38.586429" lon="-0.059250">
        <ele>0.160882</ele>
        <time>2026-09-28T08:05:51.563Z</time>
      </trkpt>
      <trkpt lat="38.587421" lon="-0.058608">
        <ele>0.446398</ele>
        <time>2026-09-28T08:06:06.606Z</time>
      </trkpt>
      <trkpt lat="38.587794" lon="-0.058368">
        <ele>0.565709</ele>
        <time>2026-09-28T08:06:12.321Z</time>
      </trkpt>
      <trkpt lat="38.587872" lon="-0.058318">
        <ele>0.590640</ele>
        <time>2026-09-28T08:06:13.518Z</time>
      </trkpt>
      <trkpt lat="38.587899" lon="-0.058301">
        <ele>0.599240</ele>
        <time>2026-09-28T08:06:13.904Z</time>
      </trkpt>
      <trkpt lat="38.587994" lon="-0.058232">
        <ele>0.630457</ele>
        <time>2026-09-28T08:06:15.428Z</time>
      </trkpt>
      <trkpt lat="38.588290" lon="-0.058045">
        <ele>0.709973</ele>
        <time>2026-09-28T08:06:20.011Z</time>
      </trkpt>
      <trkpt lat="38.588532" lon="-0.057914">
        <ele>0.763101</ele>
        <time>2026-09-28T08:06:23.774Z</time>
      </trkpt>
      <trkpt lat="38.588587" lon="-0.057883">
        <ele>0.775253</ele>
        <time>2026-09-28T08:06:24.602Z</time>
      </trkpt>
      <trkpt lat="38.588740" lon="-0.057795">
        <ele>0.809169</ele>
        <time>2026-09-28T08:06:26.994Z</time>
      </trkpt>
      <trkpt lat="38.589464" lon="-0.057370">
        <ele>0.970225</ele>
        <time>2026-09-28T08:06:37.308Z</time>
      </trkpt>
      <trkpt lat="38.589766" lon="-0.057155">
        <ele>1.039584</ele>
        <time>2026-09-28T08:06:41.693Z</time>
      </trkpt>
      <trkpt lat="38.590261" lon="-0.056719">
        <ele>1.134019</ele>
        <time>2026-09-28T08:06:49.579Z</time>
      </trkpt>
      <trkpt lat="38.590634" lon="-0.056405">
        <ele>1.204181</ele>
        <time>2026-09-28T08:06:55.295Z</time>
      </trkpt>
      <trkpt lat="38.590657" lon="-0.056385">
        <ele>1.208551</ele>
        <time>2026-09-28T08:06:55.650Z</time>
      </trkpt>
      <trkpt lat="38.590676" lon="-0.056369">
        <ele>1.212125</ele>
        <time>2026-09-28T08:06:55.934Z</time>
      </trkpt>
      <trkpt lat="38.592108" lon="-0.055139">
        <ele>1.915426</ele>
        <time>2026-09-28T08:07:18.932Z</time>
      </trkpt>
      <trkpt lat="38.592337" lon="-0.054945">
        <ele>2.073220</ele>
        <time>2026-09-28T08:07:23.257Z</time>
      </trkpt>
      <trkpt lat="38.592638" lon="-0.054695">
        <ele>2.279395</ele>
        <time>2026-09-28T08:07:28.894Z</time>
      </trkpt>
      <trkpt lat="38.592707" lon="-0.054556">
        <ele>2.353337</ele>
        <time>2026-09-28T08:07:30.943Z</time>
      </trkpt>
      <trkpt lat="38.592699" lon="-0.054516">
        <ele>2.442085</ele>
        <time>2026-09-28T08:07:31.453Z</time>
      </trkpt>
      <trkpt lat="38.592710" lon="-0.054450">
        <ele>2.589902</ele>
        <time>2026-09-28T08:07:32.335Z</time>
      </trkpt>
      <trkpt lat="38.592757" lon="-0.054396">
        <ele>2.766933</ele>
        <time>2026-09-28T08:07:33.369Z</time>
      </trkpt>
      <trkpt lat="38.592789" lon="-0.054388">
        <ele>2.858308</ele>
        <time>2026-09-28T08:07:33.896Z</time>
      </trkpt>
      <trkpt lat="38.593116" lon="-0.054270">
        <ele>3.810466</ele>
        <time>2026-09-28T08:07:39.813Z</time>
      </trkpt>
      <trkpt lat="38.593201" lon="-0.054187">
        <ele>4.110126</ele>
        <time>2026-09-28T08:07:41.890Z</time>
      </trkpt>
      <trkpt lat="38.593532" lon="-0.053850">
        <ele>5.295602</ele>
        <time>2026-09-28T08:07:51.769Z</time>
      </trkpt>
      <trkpt lat="38.593933" lon="-0.053335">
        <ele>6.887891</ele>
        <time>2026-09-28T08:08:07.024Z</time>
      </trkpt>
      <trkpt lat="38.594091" lon="-0.053390">
        <ele>7.346777</ele>
        <time>2026-09-28T08:08:11.142Z</time>
      </trkpt>
      <trkpt lat="38.594758" lon="-0.053386">
        <ele>8.948136</ele>
        <time>2026-09-28T08:08:27.948Z</time>
      </trkpt>
      <trkpt lat="38.595084" lon="-0.052936">
        <ele>10.094426</ele>
        <time>2026-09-28T08:08:38.992Z</time>
      </trkpt>
      <trkpt lat="38.595255" lon="-0.052712">
        <ele>10.679400</ele>
        <time>2026-09-28T08:08:43.479Z</time>
      </trkpt>
      <trkpt lat="38.595317" lon="-0.052634">
        <ele>10.887239</ele>
        <time>2026-09-28T08:08:44.894Z</time>
      </trkpt>
      <trkpt lat="38.595520" lon="-0.052380">
        <ele>11.565930</ele>
        <time>2026-09-28T08:08:48.920Z</time>
      </trkpt>
      <trkpt lat="38.596429" lon="-0.051196">
        <ele>10.600832</ele>
        <time>2026-09-28T08:09:03.966Z</time>
      </trkpt>
      <trkpt lat="38.596613" lon="-0.050954">
        <ele>10.368953</ele>
        <time>2026-09-28T08:09:06.483Z</time>
      </trkpt>
      <trkpt lat="38.596800" lon="-0.050716">
        <ele>10.137175</ele>
        <time>2026-09-28T08:09:08.900Z</time>
      </trkpt>
      <trkpt lat="38.597240" lon="-0.050144">
        <ele>8.683940</ele>
        <time>2026-09-28T08:09:14.331Z</time>
      </trkpt>
      <trkpt lat="38.597947" lon="-0.049200">
        <ele>6.249589</ele>
        <time>2026-09-28T08:09:23.312Z</time>
      </trkpt>
      <trkpt lat="38.598141" lon="-0.049052">
        <ele>5.820602</ele>
        <time>2026-09-28T08:09:25.656Z</time>
      </trkpt>
      <trkpt lat="38.598227" lon="-0.048998">
        <ele>5.805668</ele>
        <time>2026-09-28T08:09:26.703Z</time>
      </trkpt>
      <trkpt lat="38.598388" lon="-0.048903">
        <ele>5.778030</ele>
        <time>2026-09-28T08:09:28.712Z</time>
      </trkpt>
      <trkpt lat="38.598459" lon="-0.048860">
        <ele>5.765784</ele>
        <time>2026-09-28T08:09:29.628Z</time>
      </trkpt>
      <trkpt lat="38.598904" lon="-0.048601">
        <ele>5.689574</ele>
        <time>2026-09-28T08:09:36.124Z</time>
      </trkpt>
      <trkpt lat="38.599893" lon="-0.047990">
        <ele>5.397211</ele>
        <time>2026-09-28T08:09:52.020Z</time>
      </trkpt>
      <trkpt lat="38.600025" lon="-0.047861">
        <ele>5.264909</ele>
        <time>2026-09-28T08:09:53.824Z</time>
      </trkpt>
      <trkpt lat="38.600727" lon="-0.047175">
        <ele>4.561318</ele>
        <time>2026-09-28T08:10:02.685Z</time>
      </trkpt>
      <trkpt lat="38.601244" lon="-0.046695">
        <ele>4.142775</ele>
        <time>2026-09-28T08:10:09.277Z</time>
      </trkpt>
      <trkpt lat="38.601638" lon="-0.046263">
        <ele>4.325024</ele>
        <time>2026-09-28T08:10:14.895Z</time>
      </trkpt>
      <trkpt lat="38.602285" lon="-0.045657">
        <ele>4.606658</ele>
        <time>2026-09-28T08:10:26.436Z</time>
      </trkpt>
      <trkpt lat="38.602326" lon="-0.045619">
        <ele>4.624440</ele>
        <time>2026-09-28T08:10:27.155Z</time>
      </trkpt>
      <trkpt lat="38.602901" lon="-0.045070">
        <ele>5.367308</ele>
        <time>2026-09-28T08:10:40.374Z</time>
      </trkpt>
      <trkpt lat="38.603113" lon="-0.044844">
        <ele>5.831585</ele>
        <time>2026-09-28T08:10:46.122Z</time>
      </trkpt>
      <trkpt lat="38.603679" lon="-0.044291">
        <ele>7.029794</ele>
        <time>2026-09-28T08:10:59.977Z</time>
      </trkpt>
      <trkpt lat="38.603834" lon="-0.044140">
        <ele>7.357574</ele>
        <time>2026-09-28T08:11:03.341Z</time>
      </trkpt>
      <trkpt lat="38.604014" lon="-0.043966">
        <ele>7.737145</ele>
        <time>2026-09-28T08:11:07.377Z</time>
      </trkpt>
      <trkpt lat="38.604170" lon="-0.043815">
        <ele>7.692165</ele>
        <time>2026-09-28T08:11:10.830Z</time>
      </trkpt>
      <trkpt lat="38.604470" lon="-0.043527">
        <ele>7.517397</ele>
        <time>2026-09-28T08:11:16.356Z</time>
      </trkpt>
      <trkpt lat="38.604619" lon="-0.043384">
        <ele>7.430605</ele>
        <time>2026-09-28T08:11:18.554Z</time>
      </trkpt>
      <trkpt lat="38.604740" lon="-0.043261">
        <ele>7.358593</ele>
        <time>2026-09-28T08:11:20.183Z</time>
      </trkpt>
      <trkpt lat="38.604931" lon="-0.043066">
        <ele>7.244730</ele>
        <time>2026-09-28T08:11:22.615Z</time>
      </trkpt>
      <trkpt lat="38.607069" lon="-0.041003">
        <ele>4.654382</ele>
        <time>2026-09-28T08:11:48.970Z</time>
      </trkpt>
      <trkpt lat="38.607141" lon="-0.040926">
        <ele>4.686653</ele>
        <time>2026-09-28T08:11:50.091Z</time>
      </trkpt>
      <trkpt lat="38.609117" lon="-0.038997">
        <ele>5.934688</ele>
        <time>2026-09-28T08:12:28.266Z</time>
      </trkpt>
      <trkpt lat="38.609243" lon="-0.038882">
        <ele>6.049072</ele>
        <time>2026-09-28T08:12:30.700Z</time>
      </trkpt>
      <trkpt lat="38.609581" lon="-0.038549">
        <ele>6.364344</ele>
        <time>2026-09-28T08:12:37.339Z</time>
      </trkpt>
      <trkpt lat="38.610669" lon="-0.037475">
        <ele>7.072231</ele>
        <time>2026-09-28T08:12:56.185Z</time>
      </trkpt>
      <trkpt lat="38.610692" lon="-0.037453">
        <ele>7.085785</ele>
        <time>2026-09-28T08:12:56.596Z</time>
      </trkpt>
      <trkpt lat="38.611278" lon="-0.036891">
        <ele>7.513087</ele>
        <time>2026-09-28T08:13:07.433Z</time>
      </trkpt>
      <trkpt lat="38.611762" lon="-0.036412">
        <ele>8.239048</ele>
        <time>2026-09-28T08:13:16.145Z</time>
      </trkpt>
      <trkpt lat="38.612258" lon="-0.035922">
        <ele>8.982509</ele>
        <time>2026-09-28T08:13:26.449Z</time>
      </trkpt>
      <trkpt lat="38.612675" lon="-0.035510">
        <ele>9.652663</ele>
        <time>2026-09-28T08:13:36.726Z</time>
      </trkpt>
      <trkpt lat="38.612742" lon="-0.035444">
        <ele>9.800108</ele>
        <time>2026-09-28T08:13:38.457Z</time>
      </trkpt>
      <trkpt lat="38.612891" lon="-0.035298">
        <ele>10.127364</ele>
        <time>2026-09-28T08:13:42.354Z</time>
      </trkpt>
      <trkpt lat="38.613523" lon="-0.034679">
        <ele>11.515225</ele>
        <time>2026-09-28T08:13:59.605Z</time>
      </trkpt>
      <trkpt lat="38.613805" lon="-0.034403">
        <ele>12.134325</ele>
        <time>2026-09-28T08:14:06.611Z</time>
      </trkpt>
      <trkpt lat="38.614324" lon="-0.033895">
        <ele>12.033504</ele>
        <time>2026-09-28T08:14:14.982Z</time>
      </trkpt>
      <trkpt lat="38.614770" lon="-0.033458">
        <ele>11.070842</ele>
        <time>2026-09-28T08:14:20.113Z</time>
      </trkpt>
      <trkpt lat="38.615101" lon="-0.033139">
        <ele>10.360711</ele>
        <time>2026-09-28T08:14:23.793Z</time>
      </trkpt>
      <trkpt lat="38.615298" lon="-0.032953">
        <ele>9.941152</ele>
        <time>2026-09-28T08:14:26.001Z</time>
      </trkpt>
      <trkpt lat="38.615538" lon="-0.032718">
        <ele>9.380680</ele>
        <time>2026-09-28T08:14:28.850Z</time>
      </trkpt>
      <trkpt lat="38.616332" lon="-0.031942">
        <ele>7.156599</ele>
        <time>2026-09-28T08:14:37.608Z</time>
      </trkpt>
      <trkpt lat="38.616552" lon="-0.031713">
        <ele>6.525294</ele>
        <time>2026-09-28T08:14:40.262Z</time>
      </trkpt>
      <trkpt lat="38.616985" lon="-0.031303">
        <ele>5.662428</ele>
        <time>2026-09-28T08:14:45.438Z</time>
      </trkpt>
      <trkpt lat="38.617016" lon="-0.031276">
        <ele>5.698251</ele>
        <time>2026-09-28T08:14:45.823Z</time>
      </trkpt>
      <trkpt lat="38.617545" lon="-0.030759">
        <ele>6.334129</ele>
        <time>2026-09-28T08:14:53.715Z</time>
      </trkpt>
      <trkpt lat="38.617933" lon="-0.030387">
        <ele>6.797277</ele>
        <time>2026-09-28T08:15:03.550Z</time>
      </trkpt>
      <trkpt lat="38.618131" lon="-0.030194">
        <ele>7.035049</ele>
        <time>2026-09-28T08:15:08.574Z</time>
      </trkpt>
      <trkpt lat="38.618164" lon="-0.030162">
        <ele>7.074602</ele>
        <time>2026-09-28T08:15:09.404Z</time>
      </trkpt>
      <trkpt lat="38.618541" lon="-0.029795">
        <ele>8.146552</ele>
        <time>2026-09-28T08:15:19.281Z</time>
      </trkpt>
      <trkpt lat="38.619087" lon="-0.029263">
        <ele>10.444179</ele>
        <time>2026-09-28T08:15:35.351Z</time>
      </trkpt>
      <trkpt lat="38.619306" lon="-0.029696">
        <ele>11.793548</ele>
        <time>2026-09-28T08:15:46.911Z</time>
      </trkpt>
      <trkpt lat="38.619527" lon="-0.029870">
        <ele>12.662311</ele>
        <time>2026-09-28T08:15:54.762Z</time>
      </trkpt>
      <trkpt lat="38.619953" lon="-0.030178">
        <ele>14.468829</ele>
        <time>2026-09-28T08:16:11.487Z</time>
      </trkpt>
      <trkpt lat="38.620860" lon="-0.030836">
        <ele>18.548116</ele>
        <time>2026-09-28T08:16:42.405Z</time>
      </trkpt>
      <trkpt lat="38.621589" lon="-0.031200">
        <ele>21.631848</ele>
        <time>2026-09-28T08:17:05.932Z</time>
      </trkpt>
      <trkpt lat="38.621972" lon="-0.032115">
        <ele>24.860033</ele>
        <time>2026-09-28T08:17:31.482Z</time>
      </trkpt>
      <trkpt lat="38.622053" lon="-0.032242">
        <ele>25.369876</ele>
        <time>2026-09-28T08:17:35.473Z</time>
      </trkpt>
      <trkpt lat="38.622314" lon="-0.032530">
        <ele>26.741546</ele>
        <time>2026-09-28T08:17:46.677Z</time>
      </trkpt>
      <trkpt lat="38.623056" lon="-0.032252">
        <ele>29.729419</ele>
        <time>2026-09-28T08:18:09.274Z</time>
      </trkpt>
      <trkpt lat="38.623372" lon="-0.032191">
        <ele>30.952360</ele>
        <time>2026-09-28T08:18:17.475Z</time>
      </trkpt>
      <trkpt lat="38.623387" lon="-0.032298">
        <ele>31.277371</ele>
        <time>2026-09-28T08:18:19.285Z</time>
      </trkpt>
      <trkpt lat="38.623458" lon="-0.032774">
        <ele>32.726191</ele>
        <time>2026-09-28T08:18:28.258Z</time>
      </trkpt>
      <trkpt lat="38.623547" lon="-0.033373">
        <ele>34.577184</ele>
        <time>2026-09-28T08:18:42.289Z</time>
      </trkpt>
      <trkpt lat="38.623706" lon="-0.034170">
        <ele>37.449646</ele>
        <time>2026-09-28T08:19:03.292Z</time>
      </trkpt>
      <trkpt lat="38.623762" lon="-0.034568">
        <ele>38.861836</ele>
        <time>2026-09-28T08:19:12.400Z</time>
      </trkpt>
      <trkpt lat="38.623776" lon="-0.034951">
        <ele>40.200749</ele>
        <time>2026-09-28T08:19:20.592Z</time>
      </trkpt>
      <trkpt lat="38.623761" lon="-0.035359">
        <ele>41.627075</ele>
        <time>2026-09-28T08:19:28.798Z</time>
      </trkpt>
      <trkpt lat="38.623791" lon="-0.035558">
        <ele>42.334809</ele>
        <time>2026-09-28T08:19:32.601Z</time>
      </trkpt>
      <trkpt lat="38.623865" lon="-0.035720">
        <ele>42.781244</ele>
        <time>2026-09-28T08:19:35.949Z</time>
      </trkpt>
      <trkpt lat="38.623942" lon="-0.035808">
        <ele>43.073094</ele>
        <time>2026-09-28T08:19:38.209Z</time>
      </trkpt>
      <trkpt lat="38.624107" lon="-0.035924">
        <ele>43.605332</ele>
        <time>2026-09-28T08:19:42.186Z</time>
      </trkpt>
      <trkpt lat="38.625092" lon="-0.036242">
        <ele>46.477428</ele>
        <time>2026-09-28T08:20:01.975Z</time>
      </trkpt>
      <trkpt lat="38.625519" lon="-0.036381">
        <ele>47.712025</ele>
        <time>2026-09-28T08:20:13.895Z</time>
      </trkpt>
      <trkpt lat="38.626069" lon="-0.036623">
        <ele>49.272011</ele>
        <time>2026-09-28T08:20:28.636Z</time>
      </trkpt>
      <trkpt lat="38.626179" lon="-0.036695">
        <ele>49.603401</ele>
        <time>2026-09-28T08:20:31.410Z</time>
      </trkpt>
      <trkpt lat="38.626246" lon="-0.036777">
        <ele>49.852042</ele>
        <time>2026-09-28T08:20:33.464Z</time>
      </trkpt>
      <trkpt lat="38.626441" lon="-0.037014">
        <ele>50.573306</ele>
        <time>2026-09-28T08:20:39.287Z</time>
      </trkpt>
      <trkpt lat="38.626584" lon="-0.037294">
        <ele>51.274294</ele>
        <time>2026-09-28T08:20:44.857Z</time>
      </trkpt>
      <trkpt lat="38.626728" lon="-0.037709">
        <ele>52.225840</ele>
        <time>2026-09-28T08:20:51.680Z</time>
      </trkpt>
      <trkpt lat="38.627448" lon="-0.039904">
        <ele>53.925217</ele>
        <time>2026-09-28T08:21:19.493Z</time>
      </trkpt>
      <trkpt lat="38.627590" lon="-0.040245">
        <ele>54.267692</ele>
        <time>2026-09-28T08:21:24.085Z</time>
      </trkpt>
      <trkpt lat="38.627640" lon="-0.040197">
        <ele>54.338596</ele>
        <time>2026-09-28T08:21:25.049Z</time>
      </trkpt>
      <trkpt lat="38.627703" lon="-0.040210">
        <ele>54.410991</ele>
        <time>2026-09-28T08:21:26.008Z</time>
      </trkpt>
      <trkpt lat="38.627740" lon="-0.040304">
        <ele>54.504278</ele>
        <time>2026-09-28T08:21:27.273Z</time>
      </trkpt>
      <trkpt lat="38.627711" lon="-0.040376">
        <ele>54.576072</ele>
        <time>2026-09-28T08:21:28.254Z</time>
      </trkpt>
      <trkpt lat="38.627672" lon="-0.040398">
        <ele>54.624422</ele>
        <time>2026-09-28T08:21:28.906Z</time>
      </trkpt>
      <trkpt lat="38.627843" lon="-0.040612">
        <ele>54.895727</ele>
        <time>2026-09-28T08:21:32.733Z</time>
      </trkpt>
      <trkpt lat="38.628225" lon="-0.040953">
        <ele>55.424070</ele>
        <time>2026-09-28T08:21:40.299Z</time>
      </trkpt>
      <trkpt lat="38.628378" lon="-0.041125">
        <ele>55.655080</ele>
        <time>2026-09-28T08:21:43.440Z</time>
      </trkpt>
      <trkpt lat="38.628651" lon="-0.041729">
        <ele>57.039981</ele>
        <time>2026-09-28T08:21:53.458Z</time>
      </trkpt>
      <trkpt lat="38.628869" lon="-0.042238">
        <ele>58.740287</ele>
        <time>2026-09-28T08:22:03.981Z</time>
      </trkpt>
      <trkpt lat="38.628945" lon="-0.042324">
        <ele>59.120631</ele>
        <time>2026-09-28T08:22:06.486Z</time>
      </trkpt>
      <trkpt lat="38.629048" lon="-0.042381">
        <ele>59.541377</ele>
        <time>2026-09-28T08:22:09.348Z</time>
      </trkpt>
      <trkpt lat="38.629241" lon="-0.042464">
        <ele>60.304782</ele>
        <time>2026-09-28T08:22:14.796Z</time>
      </trkpt>
      <trkpt lat="38.629315" lon="-0.042526">
        <ele>60.636396</ele>
        <time>2026-09-28T08:22:17.272Z</time>
      </trkpt>
      <trkpt lat="38.629426" lon="-0.042686">
        <ele>61.263184</ele>
        <time>2026-09-28T08:22:22.153Z</time>
      </trkpt>
      <trkpt lat="38.629820" lon="-0.043412">
        <ele>63.899092</ele>
        <time>2026-09-28T08:22:44.344Z</time>
      </trkpt>
      <trkpt lat="38.629986" lon="-0.043955">
        <ele>65.675191</ele>
        <time>2026-09-28T08:22:58.559Z</time>
      </trkpt>
      <trkpt lat="38.630026" lon="-0.044074">
        <ele>66.069792</ele>
        <time>2026-09-28T08:23:01.460Z</time>
      </trkpt>
      <trkpt lat="38.630175" lon="-0.044251">
        <ele>66.862378</ele>
        <time>2026-09-28T08:23:07.055Z</time>
      </trkpt>
      <trkpt lat="38.630787" lon="-0.044692">
        <ele>69.600734</ele>
        <time>2026-09-28T08:23:23.019Z</time>
      </trkpt>
      <trkpt lat="38.631185" lon="-0.044922">
        <ele>69.481100</ele>
        <time>2026-09-28T08:23:28.899Z</time>
      </trkpt>
      <trkpt lat="38.631511" lon="-0.045015">
        <ele>69.304969</ele>
        <time>2026-09-28T08:23:32.785Z</time>
      </trkpt>
      <trkpt lat="38.631770" lon="-0.045032">
        <ele>69.168207</ele>
        <time>2026-09-28T08:23:35.513Z</time>
      </trkpt>
      <trkpt lat="38.631879" lon="-0.045059">
        <ele>69.109661</ele>
        <time>2026-09-28T08:23:36.624Z</time>
      </trkpt>
      <trkpt lat="38.631964" lon="-0.045154">
        <ele>69.050157</ele>
        <time>2026-09-28T08:23:37.713Z</time>
      </trkpt>
      <trkpt lat="38.632021" lon="-0.045435">
        <ele>68.930561</ele>
        <time>2026-09-28T08:23:39.881Z</time>
      </trkpt>
      <trkpt lat="38.632031" lon="-0.045732">
        <ele>68.808099</ele>
        <time>2026-09-28T08:23:42.072Z</time>
      </trkpt>
      <trkpt lat="38.631968" lon="-0.045958">
        <ele>68.645924</ele>
        <time>2026-09-28T08:23:43.825Z</time>
      </trkpt>
      <trkpt lat="38.631726" lon="-0.046298">
        <ele>68.159765</ele>
        <time>2026-09-28T08:23:47.260Z</time>
      </trkpt>
      <trkpt lat="38.631397" lon="-0.046668">
        <ele>67.567237</ele>
        <time>2026-09-28T08:23:51.710Z</time>
      </trkpt>
      <trkpt lat="38.631324" lon="-0.046821">
        <ele>67.377747</ele>
        <time>2026-09-28T08:23:53.096Z</time>
      </trkpt>
      <trkpt lat="38.631310" lon="-0.047000">
        <ele>67.187607</ele>
        <time>2026-09-28T08:23:54.463Z</time>
      </trkpt>
      <trkpt lat="38.631332" lon="-0.047144">
        <ele>67.032522</ele>
        <time>2026-09-28T08:23:55.554Z</time>
      </trkpt>
      <trkpt lat="38.631582" lon="-0.047884">
        <ele>66.421155</ele>
        <time>2026-09-28T08:24:01.894Z</time>
      </trkpt>
      <trkpt lat="38.631652" lon="-0.048136">
        <ele>66.639973</ele>
        <time>2026-09-28T08:24:04.183Z</time>
      </trkpt>
      <trkpt lat="38.631687" lon="-0.048430">
        <ele>66.883283</ele>
        <time>2026-09-28T08:24:07.000Z</time>
      </trkpt>
      <trkpt lat="38.631681" lon="-0.048740">
        <ele>67.136984</ele>
        <time>2026-09-28T08:24:10.394Z</time>
      </trkpt>
      <trkpt lat="38.631654" lon="-0.048905">
        <ele>67.274907</ele>
        <time>2026-09-28T08:24:12.383Z</time>
      </trkpt>
      <trkpt lat="38.631583" lon="-0.049132">
        <ele>67.474958</ele>
        <time>2026-09-28T08:24:15.462Z</time>
      </trkpt>
      <trkpt lat="38.631462" lon="-0.049340">
        <ele>67.687133</ele>
        <time>2026-09-28T08:24:19.094Z</time>
      </trkpt>
      <trkpt lat="38.630747" lon="-0.050155">
        <ele>68.842002</ele>
        <time>2026-09-28T08:24:42.120Z</time>
      </trkpt>
      <trkpt lat="38.630542" lon="-0.050453">
        <ele>69.267781</ele>
        <time>2026-09-28T08:24:49.068Z</time>
      </trkpt>
      <trkpt lat="38.630305" lon="-0.050865">
        <ele>69.816419</ele>
        <time>2026-09-28T08:24:56.189Z</time>
      </trkpt>
      <trkpt lat="38.629921" lon="-0.051476">
        <ele>70.657299</ele>
        <time>2026-09-28T08:25:04.078Z</time>
      </trkpt>
      <trkpt lat="38.629786" lon="-0.051665">
        <ele>70.167413</ele>
        <time>2026-09-28T08:25:06.005Z</time>
      </trkpt>
      <trkpt lat="38.629564" lon="-0.051988">
        <ele>69.288629</ele>
        <time>2026-09-28T08:25:08.974Z</time>
      </trkpt>
      <trkpt lat="38.629378" lon="-0.052277">
        <ele>68.523762</ele>
        <time>2026-09-28T08:25:11.456Z</time>
      </trkpt>
      <trkpt lat="38.629316" lon="-0.052466">
        <ele>68.105043</ele>
        <time>2026-09-28T08:25:12.818Z</time>
      </trkpt>
      <trkpt lat="38.629295" lon="-0.052724">
        <ele>67.575183</ele>
        <time>2026-09-28T08:25:14.540Z</time>
      </trkpt>
      <trkpt lat="38.629291" lon="-0.053019">
        <ele>66.972507</ele>
        <time>2026-09-28T08:25:16.536Z</time>
      </trkpt>
      <trkpt lat="38.629408" lon="-0.054451">
        <ele>63.800614</ele>
        <time>2026-09-28T08:25:26.470Z</time>
      </trkpt>
      <trkpt lat="38.629705" lon="-0.055769">
        <ele>60.694729</ele>
        <time>2026-09-28T08:25:35.683Z</time>
      </trkpt>
      <trkpt lat="38.629709" lon="-0.056184">
        <ele>60.525355</ele>
        <time>2026-09-28T08:25:38.607Z</time>
      </trkpt>
      <trkpt lat="38.629604" lon="-0.056942">
        <ele>60.211189</ele>
        <time>2026-09-28T08:25:44.540Z</time>
      </trkpt>
      <trkpt lat="38.629375" lon="-0.058566">
        <ele>60.199508</ele>
        <time>2026-09-28T08:26:06.279Z</time>
      </trkpt>
      <trkpt lat="38.629259" lon="-0.059695">
        <ele>61.107632</ele>
        <time>2026-09-28T08:26:20.859Z</time>
      </trkpt>
      <trkpt lat="38.629219" lon="-0.060166">
        <ele>61.485464</ele>
        <time>2026-09-28T08:26:26.005Z</time>
      </trkpt>
      <trkpt lat="38.629243" lon="-0.060545">
        <ele>61.926659</ele>
        <time>2026-09-28T08:26:30.348Z</time>
      </trkpt>
      <trkpt lat="38.629328" lon="-0.060726">
        <ele>62.216844</ele>
        <time>2026-09-28T08:26:32.909Z</time>
      </trkpt>
      <trkpt lat="38.629599" lon="-0.061159">
        <ele>62.979208</ele>
        <time>2026-09-28T08:26:40.269Z</time>
      </trkpt>
      <trkpt lat="38.629648" lon="-0.061281">
        <ele>63.167701</ele>
        <time>2026-09-28T08:26:42.425Z</time>
      </trkpt>
      <trkpt lat="38.629691" lon="-0.061538">
        <ele>63.528843</ele>
        <time>2026-09-28T08:26:46.829Z</time>
      </trkpt>
      <trkpt lat="38.629713" lon="-0.062645">
        <ele>65.134981</ele>
        <time>2026-09-28T08:27:05.262Z</time>
      </trkpt>
      <trkpt lat="38.629718" lon="-0.063095">
        <ele>65.934398</ele>
        <time>2026-09-28T08:27:11.808Z</time>
      </trkpt>
      <trkpt lat="38.629732" lon="-0.063233">
        <ele>66.181586</ele>
        <time>2026-09-28T08:27:13.739Z</time>
      </trkpt>
      <trkpt lat="38.629815" lon="-0.063502">
        <ele>66.695331</ele>
        <time>2026-09-28T08:27:17.874Z</time>
      </trkpt>
      <trkpt lat="38.629898" lon="-0.063663">
        <ele>67.037975</ele>
        <time>2026-09-28T08:27:20.624Z</time>
      </trkpt>
      <trkpt lat="38.630288" lon="-0.064160">
        <ele>68.289280</ele>
        <time>2026-09-28T08:27:30.737Z</time>
      </trkpt>
      <trkpt lat="38.631172" lon="-0.065208">
        <ele>71.945946</ele>
        <time>2026-09-28T08:28:01.314Z</time>
      </trkpt>
      <trkpt lat="38.631542" lon="-0.065864">
        <ele>73.988389</ele>
        <time>2026-09-28T08:28:16.607Z</time>
      </trkpt>
      <trkpt lat="38.631601" lon="-0.066008">
        <ele>74.398848</ele>
        <time>2026-09-28T08:28:19.387Z</time>
      </trkpt>
      <trkpt lat="38.631632" lon="-0.066289">
        <ele>74.913871</ele>
        <time>2026-09-28T08:28:24.051Z</time>
      </trkpt>
      <trkpt lat="38.631508" lon="-0.066859">
        <ele>75.741829</ele>
        <time>2026-09-28T08:28:33.096Z</time>
      </trkpt>
      <trkpt lat="38.630857" lon="-0.068971">
        <ele>77.181202</ele>
        <time>2026-09-28T08:29:04.575Z</time>
      </trkpt>
      <trkpt lat="38.630825" lon="-0.069143">
        <ele>77.012658</ele>
        <time>2026-09-28T08:29:06.067Z</time>
      </trkpt>
      <trkpt lat="38.630849" lon="-0.069335">
        <ele>76.827306</ele>
        <time>2026-09-28T08:29:07.594Z</time>
      </trkpt>
      <trkpt lat="38.630932" lon="-0.069504">
        <ele>76.637015</ele>
        <time>2026-09-28T08:29:09.083Z</time>
      </trkpt>
      <trkpt lat="38.631407" lon="-0.070249">
        <ele>75.720338</ele>
        <time>2026-09-28T08:29:15.629Z</time>
      </trkpt>
      <trkpt lat="38.631587" lon="-0.070389">
        <ele>75.308545</ele>
        <time>2026-09-28T08:29:17.376Z</time>
      </trkpt>
      <trkpt lat="38.632157" lon="-0.070426">
        <ele>74.137614</ele>
        <time>2026-09-28T08:29:22.095Z</time>
      </trkpt>
      <trkpt lat="38.632232" lon="-0.070485">
        <ele>73.957010</ele>
        <time>2026-09-28T08:29:22.863Z</time>
      </trkpt>
      <trkpt lat="38.632295" lon="-0.070609">
        <ele>73.719944</ele>
        <time>2026-09-28T08:29:23.879Z</time>
      </trkpt>
      <trkpt lat="38.632805" lon="-0.073727">
        <ele>71.808499</ele>
        <time>2026-09-28T08:29:53.506Z</time>
      </trkpt>
      <trkpt lat="38.632918" lon="-0.074347">
        <ele>71.313201</ele>
        <time>2026-09-28T08:30:00.892Z</time>
      </trkpt>
      <trkpt lat="38.633044" lon="-0.074798">
        <ele>70.800725</ele>
        <time>2026-09-28T08:30:05.798Z</time>
      </trkpt>
      <trkpt lat="38.633101" lon="-0.075130">
        <ele>70.437026</ele>
        <time>2026-09-28T08:30:09.188Z</time>
      </trkpt>
      <trkpt lat="38.633075" lon="-0.075828">
        <ele>69.689359</ele>
        <time>2026-09-28T08:30:14.433Z</time>
      </trkpt>
      <trkpt lat="38.633008" lon="-0.076204">
        <ele>69.117775</ele>
        <time>2026-09-28T08:30:16.935Z</time>
      </trkpt>
      <trkpt lat="38.632848" lon="-0.076418">
        <ele>67.812295</ele>
        <time>2026-09-28T08:30:18.764Z</time>
      </trkpt>
      <trkpt lat="38.632457" lon="-0.076735">
        <ele>65.201215</ele>
        <time>2026-09-28T08:30:22.330Z</time>
      </trkpt>
      <trkpt lat="38.632343" lon="-0.076925">
        <ele>64.145374</ele>
        <time>2026-09-28T08:30:23.764Z</time>
      </trkpt>
      <trkpt lat="38.632251" lon="-0.077159">
        <ele>62.990860</ele>
        <time>2026-09-28T08:30:25.337Z</time>
      </trkpt>
      <trkpt lat="38.632136" lon="-0.077322">
        <ele>62.022885</ele>
        <time>2026-09-28T08:30:26.662Z</time>
      </trkpt>
      <trkpt lat="38.631960" lon="-0.077472">
        <ele>60.830016</ele>
        <time>2026-09-28T08:30:28.293Z</time>
      </trkpt>
      <trkpt lat="38.631654" lon="-0.077662">
        <ele>59.142055</ele>
        <time>2026-09-28T08:30:30.953Z</time>
      </trkpt>
      <trkpt lat="38.631135" lon="-0.077970">
        <ele>58.683157</ele>
        <time>2026-09-28T08:30:35.662Z</time>
      </trkpt>
      <trkpt lat="38.630622" lon="-0.078335">
        <ele>58.212342</ele>
        <time>2026-09-28T08:30:42.742Z</time>
      </trkpt>
      <trkpt lat="38.630456" lon="-0.078457">
        <ele>58.058793</ele>
        <time>2026-09-28T08:30:46.354Z</time>
      </trkpt>
      <trkpt lat="38.630322" lon="-0.078607">
        <ele>57.915998</ele>
        <time>2026-09-28T08:30:49.996Z</time>
      </trkpt>
      <trkpt lat="38.630242" lon="-0.078846">
        <ele>57.753056</ele>
        <time>2026-09-28T08:30:54.472Z</time>
      </trkpt>
      <trkpt lat="38.630229" lon="-0.078956">
        <ele>58.009816</ele>
        <time>2026-09-28T08:30:56.481Z</time>
      </trkpt>
      <trkpt lat="38.630290" lon="-0.081083">
        <ele>64.722346</ele>
        <time>2026-09-28T08:31:42.499Z</time>
      </trkpt>
      <trkpt lat="38.630336" lon="-0.081493">
        <ele>66.092951</ele>
        <time>2026-09-28T08:31:51.137Z</time>
      </trkpt>
      <trkpt lat="38.630670" lon="-0.082978">
        <ele>71.270780</ele>
        <time>2026-09-28T08:32:22.435Z</time>
      </trkpt>
      <trkpt lat="38.630835" lon="-0.083395">
        <ele>72.860388</ele>
        <time>2026-09-28T08:32:32.819Z</time>
      </trkpt>
      <trkpt lat="38.631913" lon="-0.085069">
        <ele>81.504819</ele>
        <time>2026-09-28T08:33:26.274Z</time>
      </trkpt>
      <trkpt lat="38.632019" lon="-0.085300">
        <ele>82.244641</ele>
        <time>2026-09-28T08:33:32.120Z</time>
      </trkpt>
      <trkpt lat="38.632045" lon="-0.085526">
        <ele>82.719126</ele>
        <time>2026-09-28T08:33:36.859Z</time>
      </trkpt>
      <trkpt lat="38.632056" lon="-0.086921">
        <ele>85.616812</ele>
        <time>2026-09-28T08:33:59.611Z</time>
      </trkpt>
      <trkpt lat="38.632211" lon="-0.088329">
        <ele>87.983457</ele>
        <time>2026-09-28T08:34:17.978Z</time>
      </trkpt>
      <trkpt lat="38.632311" lon="-0.088814">
        <ele>88.703557</ele>
        <time>2026-09-28T08:34:24.465Z</time>
      </trkpt>
      <trkpt lat="38.632705" lon="-0.089908">
        <ele>91.058627</ele>
        <time>2026-09-28T08:34:44.329Z</time>
      </trkpt>
      <trkpt lat="38.633225" lon="-0.091286">
        <ele>96.262031</ele>
        <time>2026-09-28T08:35:16.705Z</time>
      </trkpt>
      <trkpt lat="38.633737" lon="-0.092731">
        <ele>104.373841</ele>
        <time>2026-09-28T08:35:58.887Z</time>
      </trkpt>
      <trkpt lat="38.634203" lon="-0.095460">
        <ele>120.557919</ele>
        <time>2026-09-28T08:37:31.220Z</time>
      </trkpt>
      <trkpt lat="38.634276" lon="-0.095934">
        <ele>123.355421</ele>
        <time>2026-09-28T08:37:43.611Z</time>
      </trkpt>
      <trkpt lat="38.634292" lon="-0.096228">
        <ele>124.718789</ele>
        <time>2026-09-28T08:37:50.160Z</time>
      </trkpt>
      <trkpt lat="38.634172" lon="-0.096976">
        <ele>126.498816</ele>
        <time>2026-09-28T08:38:03.606Z</time>
      </trkpt>
      <trkpt lat="38.634192" lon="-0.098218">
        <ele>129.394611</ele>
        <time>2026-09-28T08:38:23.180Z</time>
      </trkpt>
      <trkpt lat="38.634235" lon="-0.098532">
        <ele>130.042580</ele>
        <time>2026-09-28T08:38:28.588Z</time>
      </trkpt>
      <trkpt lat="38.634602" lon="-0.100092">
        <ele>132.562339</ele>
        <time>2026-09-28T08:38:56.462Z</time>
      </trkpt>
      <trkpt lat="38.634623" lon="-0.100446">
        <ele>133.111415</ele>
        <time>2026-09-28T08:39:01.121Z</time>
      </trkpt>
      <trkpt lat="38.634540" lon="-0.101580">
        <ele>132.793625</ele>
        <time>2026-09-28T08:39:11.324Z</time>
      </trkpt>
      <trkpt lat="38.634538" lon="-0.101719">
        <ele>132.701740</ele>
        <time>2026-09-28T08:39:12.366Z</time>
      </trkpt>
      <trkpt lat="38.634571" lon="-0.101929">
        <ele>132.560163</ele>
        <time>2026-09-28T08:39:13.933Z</time>
      </trkpt>
      <trkpt lat="38.635216" lon="-0.103159">
        <ele>132.240023</ele>
        <time>2026-09-28T08:39:25.219Z</time>
      </trkpt>
      <trkpt lat="38.635390" lon="-0.103370">
        <ele>132.463783</ele>
        <time>2026-09-28T08:39:28.117Z</time>
      </trkpt>
      <trkpt lat="38.635717" lon="-0.103570">
        <ele>132.802129</ele>
        <time>2026-09-28T08:39:33.616Z</time>
      </trkpt>
      <trkpt lat="38.636342" lon="-0.103676">
        <ele>133.390739</ele>
        <time>2026-09-28T08:39:46.225Z</time>
      </trkpt>
      <trkpt lat="38.636512" lon="-0.103749">
        <ele>133.558145</ele>
        <time>2026-09-28T08:39:50.197Z</time>
      </trkpt>
      <trkpt lat="38.636697" lon="-0.103967">
        <ele>134.503996</ele>
        <time>2026-09-28T08:39:56.127Z</time>
      </trkpt>
      <trkpt lat="38.637016" lon="-0.104458">
        <ele>136.479785</ele>
        <time>2026-09-28T08:40:08.727Z</time>
      </trkpt>
      <trkpt lat="38.637126" lon="-0.104586">
        <ele>137.068532</ele>
        <time>2026-09-28T08:40:12.595Z</time>
      </trkpt>
      <trkpt lat="38.637232" lon="-0.104651">
        <ele>137.534037</ele>
        <time>2026-09-28T08:40:15.688Z</time>
      </trkpt>
      <trkpt lat="38.637311" lon="-0.104677">
        <ele>137.857102</ele>
        <time>2026-09-28T08:40:17.899Z</time>
      </trkpt>
      <trkpt lat="38.637689" lon="-0.104691">
        <ele>139.354855</ele>
        <time>2026-09-28T08:40:28.088Z</time>
      </trkpt>
      <trkpt lat="38.637897" lon="-0.104757">
        <ele>140.203597</ele>
        <time>2026-09-28T08:40:34.053Z</time>
      </trkpt>
      <trkpt lat="38.637982" lon="-0.104826">
        <ele>140.602225</ele>
        <time>2026-09-28T08:40:36.915Z</time>
      </trkpt>
      <trkpt lat="38.638130" lon="-0.105026">
        <ele>141.702482</ele>
        <time>2026-09-28T08:40:43.255Z</time>
      </trkpt>
      <trkpt lat="38.638380" lon="-0.105524">
        <ele>144.133596</ele>
        <time>2026-09-28T08:40:58.354Z</time>
      </trkpt>
      <trkpt lat="38.639064" lon="-0.106256">
        <ele>148.820749</ele>
        <time>2026-09-28T08:41:26.624Z</time>
      </trkpt>
      <trkpt lat="38.639462" lon="-0.106782">
        <ele>151.505263</ele>
        <time>2026-09-28T08:41:42.990Z</time>
      </trkpt>
      <trkpt lat="38.639811" lon="-0.107301">
        <ele>153.775194</ele>
        <time>2026-09-28T08:41:57.367Z</time>
      </trkpt>
      <trkpt lat="38.639951" lon="-0.107497">
        <ele>154.655529</ele>
        <time>2026-09-28T08:42:02.615Z</time>
      </trkpt>
      <trkpt lat="38.640142" lon="-0.107613">
        <ele>155.552610</ele>
        <time>2026-09-28T08:42:08.014Z</time>
      </trkpt>
      <trkpt lat="38.640234" lon="-0.107620">
        <ele>155.943702</ele>
        <time>2026-09-28T08:42:10.369Z</time>
      </trkpt>
      <trkpt lat="38.640559" lon="-0.107554">
        <ele>157.340083</ele>
        <time>2026-09-28T08:42:18.909Z</time>
      </trkpt>
      <trkpt lat="38.640769" lon="-0.107607">
        <ele>158.209542</ele>
        <time>2026-09-28T08:42:24.661Z</time>
      </trkpt>
      <trkpt lat="38.641490" lon="-0.107924">
        <ele>161.172554</ele>
        <time>2026-09-28T08:42:45.158Z</time>
      </trkpt>
      <trkpt lat="38.641678" lon="-0.108125">
        <ele>162.124548</ele>
        <time>2026-09-28T08:42:51.284Z</time>
      </trkpt>
      <trkpt lat="38.641875" lon="-0.108422">
        <ele>163.307447</ele>
        <time>2026-09-28T08:42:58.750Z</time>
      </trkpt>
      <trkpt lat="38.642122" lon="-0.108768">
        <ele>164.730472</ele>
        <time>2026-09-28T08:43:07.898Z</time>
      </trkpt>
      <trkpt lat="38.642640" lon="-0.109198">
        <ele>167.688185</ele>
        <time>2026-09-28T08:43:23.982Z</time>
      </trkpt>
      <trkpt lat="38.642706" lon="-0.109277">
        <ele>168.122684</ele>
        <time>2026-09-28T08:43:26.433Z</time>
      </trkpt>
      <trkpt lat="38.643507" lon="-0.110812">
        <ele>175.150290</ele>
        <time>2026-09-28T08:44:11.161Z</time>
      </trkpt>
      <trkpt lat="38.643812" lon="-0.111205">
        <ele>177.350786</ele>
        <time>2026-09-28T08:44:25.064Z</time>
      </trkpt>
      <trkpt lat="38.644011" lon="-0.111413">
        <ele>178.657157</ele>
        <time>2026-09-28T08:44:33.075Z</time>
      </trkpt>
      <trkpt lat="38.644993" lon="-0.112221">
        <ele>184.038117</ele>
        <time>2026-09-28T08:45:06.217Z</time>
      </trkpt>
      <trkpt lat="38.646226" lon="-0.113238">
        <ele>189.459343</ele>
        <time>2026-09-28T08:45:41.852Z</time>
      </trkpt>
      <trkpt lat="38.646469" lon="-0.113456">
        <ele>190.611880</ele>
        <time>2026-09-28T08:45:48.573Z</time>
      </trkpt>
      <trkpt lat="38.646634" lon="-0.113667">
        <ele>191.517713</ele>
        <time>2026-09-28T08:45:53.856Z</time>
      </trkpt>
      <trkpt lat="38.646683" lon="-0.113776">
        <ele>191.899255</ele>
        <time>2026-09-28T08:45:56.142Z</time>
      </trkpt>
      <trkpt lat="38.646734" lon="-0.114085">
        <ele>192.857383</ele>
        <time>2026-09-28T08:46:01.990Z</time>
      </trkpt>
      <trkpt lat="38.646783" lon="-0.115054">
        <ele>195.803226</ele>
        <time>2026-09-28T08:46:21.934Z</time>
      </trkpt>
      <trkpt lat="38.646868" lon="-0.115610">
        <ele>198.588862</ele>
        <time>2026-09-28T08:46:35.560Z</time>
      </trkpt>
      <trkpt lat="38.647189" lon="-0.116573">
        <ele>204.314848</ele>
        <time>2026-09-28T08:47:06.006Z</time>
      </trkpt>
      <trkpt lat="38.647640" lon="-0.117813">
        <ele>211.432524</ele>
        <time>2026-09-28T08:47:49.919Z</time>
      </trkpt>
      <trkpt lat="38.647692" lon="-0.118017">
        <ele>212.464523</ele>
        <time>2026-09-28T08:47:56.509Z</time>
      </trkpt>
      <trkpt lat="38.647722" lon="-0.118206">
        <ele>213.392036</ele>
        <time>2026-09-28T08:48:02.057Z</time>
      </trkpt>
      <trkpt lat="38.647736" lon="-0.118284">
        <ele>213.776929</ele>
        <time>2026-09-28T08:48:04.255Z</time>
      </trkpt>
      <trkpt lat="38.648027" lon="-0.119331">
        <ele>219.121443</ele>
        <time>2026-09-28T08:48:30.986Z</time>
      </trkpt>
      <trkpt lat="38.648122" lon="-0.119641">
        <ele>220.389270</ele>
        <time>2026-09-28T08:48:37.423Z</time>
      </trkpt>
      <trkpt lat="38.648169" lon="-0.119741">
        <ele>220.732860</ele>
        <time>2026-09-28T08:48:39.552Z</time>
      </trkpt>
      <trkpt lat="38.648690" lon="-0.120317">
        <ele>223.327512</ele>
        <time>2026-09-28T08:48:54.876Z</time>
      </trkpt>
      <trkpt lat="38.648858" lon="-0.120490">
        <ele>224.140167</ele>
        <time>2026-09-28T08:48:59.987Z</time>
      </trkpt>
      <trkpt lat="38.649321" lon="-0.120960">
        <ele>226.367350</ele>
        <time>2026-09-28T08:49:16.221Z</time>
      </trkpt>
      <trkpt lat="38.649777" lon="-0.121430">
        <ele>227.547680</ele>
        <time>2026-09-28T08:49:32.519Z</time>
      </trkpt>
      <trkpt lat="38.649838" lon="-0.121541">
        <ele>227.734936</ele>
        <time>2026-09-28T08:49:35.473Z</time>
      </trkpt>
      <trkpt lat="38.649900" lon="-0.121546">
        <ele>227.844680</ele>
        <time>2026-09-28T08:49:37.486Z</time>
      </trkpt>
      <trkpt lat="38.649963" lon="-0.121632">
        <ele>228.007358</ele>
        <time>2026-09-28T08:49:40.460Z</time>
      </trkpt>
      <trkpt lat="38.650363" lon="-0.120736">
        <ele>229.431234</ele>
        <time>2026-09-28T08:49:56.261Z</time>
      </trkpt>
      <trkpt lat="38.650475" lon="-0.120613">
        <ele>229.691894</ele>
        <time>2026-09-28T08:49:57.621Z</time>
      </trkpt>
      <trkpt lat="38.650653" lon="-0.120528">
        <ele>228.880806</ele>
        <time>2026-09-28T08:49:59.165Z</time>
      </trkpt>
      <trkpt lat="38.650938" lon="-0.120502">
        <ele>226.596729</ele>
        <time>2026-09-28T08:50:01.417Z</time>
      </trkpt>
      <trkpt lat="38.651009" lon="-0.120496">
        <ele>226.027918</ele>
        <time>2026-09-28T08:50:01.983Z</time>
      </trkpt>
      <trkpt lat="38.651181" lon="-0.120454">
        <ele>224.628164</ele>
        <time>2026-09-28T08:50:03.335Z</time>
      </trkpt>
      <trkpt lat="38.651239" lon="-0.120408">
        <ele>224.082776</ele>
        <time>2026-09-28T08:50:03.854Z</time>
      </trkpt>
      <trkpt lat="38.651315" lon="-0.120321">
        <ele>223.267841</ele>
        <time>2026-09-28T08:50:04.612Z</time>
      </trkpt>
      <trkpt lat="38.651371" lon="-0.120209">
        <ele>222.437592</ele>
        <time>2026-09-28T08:50:05.380Z</time>
      </trkpt>
      <trkpt lat="38.651399" lon="-0.120115">
        <ele>221.809509</ele>
        <time>2026-09-28T08:50:05.951Z</time>
      </trkpt>
      <trkpt lat="38.651403" lon="-0.119943">
        <ele>220.735231</ele>
        <time>2026-09-28T08:50:06.929Z</time>
      </trkpt>
      <trkpt lat="38.651362" lon="-0.119823">
        <ele>219.917509</ele>
        <time>2026-09-28T08:50:07.674Z</time>
      </trkpt>
      <trkpt lat="38.651356" lon="-0.119806">
        <ele>219.801042</ele>
        <time>2026-09-28T08:50:07.777Z</time>
      </trkpt>
      <trkpt lat="38.651133" lon="-0.119496">
        <ele>217.169793</ele>
        <time>2026-09-28T08:50:10.151Z</time>
      </trkpt>
      <trkpt lat="38.651021" lon="-0.119291">
        <ele>215.607878</ele>
        <time>2026-09-28T08:50:11.569Z</time>
      </trkpt>
      <trkpt lat="38.650951" lon="-0.119089">
        <ele>213.963830</ele>
        <time>2026-09-28T08:50:12.822Z</time>
      </trkpt>
      <trkpt lat="38.650922" lon="-0.118863">
        <ele>212.222425</ele>
        <time>2026-09-28T08:50:14.120Z</time>
      </trkpt>
      <trkpt lat="38.651016" lon="-0.117579">
        <ele>202.416892</ele>
        <time>2026-09-28T08:50:21.482Z</time>
      </trkpt>
      <trkpt lat="38.650917" lon="-0.116261">
        <ele>194.170034</ele>
        <time>2026-09-28T08:50:29.249Z</time>
      </trkpt>
      <trkpt lat="38.650936" lon="-0.115955">
        <ele>192.597479</ele>
        <time>2026-09-28T08:50:31.139Z</time>
      </trkpt>
      <trkpt lat="38.650986" lon="-0.115721">
        <ele>191.354661</ele>
        <time>2026-09-28T08:50:32.635Z</time>
      </trkpt>
      <trkpt lat="38.651048" lon="-0.115464">
        <ele>189.976691</ele>
        <time>2026-09-28T08:50:34.303Z</time>
      </trkpt>
      <trkpt lat="38.651159" lon="-0.115019">
        <ele>187.583547</ele>
        <time>2026-09-28T08:50:37.201Z</time>
      </trkpt>
      <trkpt lat="38.651217" lon="-0.114885">
        <ele>186.798698</ele>
        <time>2026-09-28T08:50:38.155Z</time>
      </trkpt>
      <trkpt lat="38.651344" lon="-0.114702">
        <ele>185.520983</ele>
        <time>2026-09-28T08:50:39.670Z</time>
      </trkpt>
      <trkpt lat="38.652478" lon="-0.113355">
        <ele>174.967350</ele>
        <time>2026-09-28T08:50:51.433Z</time>
      </trkpt>
      <trkpt lat="38.652535" lon="-0.113253">
        <ele>174.299043</ele>
        <time>2026-09-28T08:50:52.171Z</time>
      </trkpt>
      <trkpt lat="38.652573" lon="-0.113021">
        <ele>173.366999</ele>
        <time>2026-09-28T08:50:53.579Z</time>
      </trkpt>
      <trkpt lat="38.652432" lon="-0.112306">
        <ele>171.016965</ele>
        <time>2026-09-28T08:50:58.108Z</time>
      </trkpt>
      <trkpt lat="38.652424" lon="-0.112117">
        <ele>170.413789</ele>
        <time>2026-09-28T08:50:59.321Z</time>
      </trkpt>
      <trkpt lat="38.652449" lon="-0.111987">
        <ele>169.987138</ele>
        <time>2026-09-28T08:51:00.191Z</time>
      </trkpt>
      <trkpt lat="38.652531" lon="-0.111776">
        <ele>169.236082</ele>
        <time>2026-09-28T08:51:01.762Z</time>
      </trkpt>
      <trkpt lat="38.652690" lon="-0.111511">
        <ele>168.171137</ele>
        <time>2026-09-28T08:51:04.061Z</time>
      </trkpt>
      <trkpt lat="38.652764" lon="-0.111454">
        <ele>167.818750</ele>
        <time>2026-09-28T08:51:04.843Z</time>
      </trkpt>
      <trkpt lat="38.652883" lon="-0.111436">
        <ele>167.329784</ele>
        <time>2026-09-28T08:51:05.930Z</time>
      </trkpt>
      <trkpt lat="38.654044" lon="-0.111760">
        <ele>164.907715</ele>
        <time>2026-09-28T08:51:18.289Z</time>
      </trkpt>
      <trkpt lat="38.654179" lon="-0.111764">
        <ele>164.687752</ele>
        <time>2026-09-28T08:51:19.571Z</time>
      </trkpt>
      <trkpt lat="38.654242" lon="-0.111732">
        <ele>164.577351</ele>
        <time>2026-09-28T08:51:20.258Z</time>
      </trkpt>
      <trkpt lat="38.654312" lon="-0.111653">
        <ele>164.425362</ele>
        <time>2026-09-28T08:51:21.098Z</time>
      </trkpt>
      <trkpt lat="38.654437" lon="-0.111436">
        <ele>164.082351</ele>
        <time>2026-09-28T08:51:23.048Z</time>
      </trkpt>
      <trkpt lat="38.654447" lon="-0.111376">
        <ele>164.004308</ele>
        <time>2026-09-28T08:51:23.464Z</time>
      </trkpt>
      <trkpt lat="38.654437" lon="-0.111273">
        <ele>163.872276</ele>
        <time>2026-09-28T08:51:24.194Z</time>
      </trkpt>
      <trkpt lat="38.654392" lon="-0.111184">
        <ele>163.737403</ele>
        <time>2026-09-28T08:51:24.918Z</time>
      </trkpt>
      <trkpt lat="38.653319" lon="-0.110224">
        <ele>163.468561</ele>
        <time>2026-09-28T08:51:37.200Z</time>
      </trkpt>
      <trkpt lat="38.653249" lon="-0.110122">
        <ele>163.457977</ele>
        <time>2026-09-28T08:51:38.917Z</time>
      </trkpt>
      <trkpt lat="38.653211" lon="-0.110014">
        <ele>163.448743</ele>
        <time>2026-09-28T08:51:40.564Z</time>
      </trkpt>
      <trkpt lat="38.653192" lon="-0.109785">
        <ele>163.430791</ele>
        <time>2026-09-28T08:51:44.195Z</time>
      </trkpt>
      <trkpt lat="38.653400" lon="-0.108460">
        <ele>167.640779</ele>
        <time>2026-09-28T08:52:16.290Z</time>
      </trkpt>
      <trkpt lat="38.653467" lon="-0.108064">
        <ele>169.208534</ele>
        <time>2026-09-28T08:52:28.012Z</time>
      </trkpt>
      <trkpt lat="38.653594" lon="-0.107501">
        <ele>171.475956</ele>
        <time>2026-09-28T08:52:43.258Z</time>
      </trkpt>
      <trkpt lat="38.653713" lon="-0.107308">
        <ele>172.319994</ele>
        <time>2026-09-28T08:52:48.741Z</time>
      </trkpt>
      <trkpt lat="38.653804" lon="-0.107215">
        <ele>172.308095</ele>
        <time>2026-09-28T08:52:51.629Z</time>
      </trkpt>
      <trkpt lat="38.653961" lon="-0.107117">
        <ele>172.290245</ele>
        <time>2026-09-28T08:52:55.324Z</time>
      </trkpt>
      <trkpt lat="38.654345" lon="-0.107024">
        <ele>172.250305</ele>
        <time>2026-09-28T08:53:01.355Z</time>
      </trkpt>
      <trkpt lat="38.654659" lon="-0.106948">
        <ele>172.217647</ele>
        <time>2026-09-28T08:53:04.728Z</time>
      </trkpt>
      <trkpt lat="38.655323" lon="-0.106801">
        <ele>172.148781</ele>
        <time>2026-09-28T08:53:10.847Z</time>
      </trkpt>
      <trkpt lat="38.655531" lon="-0.106799">
        <ele>172.042395</ele>
        <time>2026-09-28T08:53:12.659Z</time>
      </trkpt>
      <trkpt lat="38.656008" lon="-0.106878">
        <ele>171.606646</ele>
        <time>2026-09-28T08:53:16.873Z</time>
      </trkpt>
      <trkpt lat="38.656111" lon="-0.106870">
        <ele>171.513159</ele>
        <time>2026-09-28T08:53:17.836Z</time>
      </trkpt>
      <trkpt lat="38.656245" lon="-0.106797">
        <ele>171.381229</ele>
        <time>2026-09-28T08:53:19.270Z</time>
      </trkpt>
      <trkpt lat="38.656314" lon="-0.106712">
        <ele>171.294488</ele>
        <time>2026-09-28T08:53:20.273Z</time>
      </trkpt>
      <trkpt lat="38.656385" lon="-0.106554">
        <ele>171.165519</ele>
        <time>2026-09-28T08:53:21.911Z</time>
      </trkpt>
      <trkpt lat="38.656681" lon="-0.105327">
        <ele>171.486162</ele>
        <time>2026-09-28T08:53:35.739Z</time>
      </trkpt>
      <trkpt lat="38.656754" lon="-0.105145">
        <ele>172.047875</ele>
        <time>2026-09-28T08:53:39.074Z</time>
      </trkpt>
      <trkpt lat="38.656854" lon="-0.105033">
        <ele>172.514931</ele>
        <time>2026-09-28T08:53:42.277Z</time>
      </trkpt>
      <trkpt lat="38.656959" lon="-0.104982">
        <ele>172.909734</ele>
        <time>2026-09-28T08:53:44.992Z</time>
      </trkpt>
      <trkpt lat="38.657330" lon="-0.104934">
        <ele>174.220675</ele>
        <time>2026-09-28T08:53:54.844Z</time>
      </trkpt>
      <trkpt lat="38.657499" lon="-0.104946">
        <ele>174.815730</ele>
        <time>2026-09-28T08:53:59.717Z</time>
      </trkpt>
      <trkpt lat="38.657614" lon="-0.105019">
        <ele>175.266973</ele>
        <time>2026-09-28T08:54:03.577Z</time>
      </trkpt>
      <trkpt lat="38.657872" lon="-0.105255">
        <ele>176.381640</ele>
        <time>2026-09-28T08:54:12.903Z</time>
      </trkpt>
      <trkpt lat="38.658040" lon="-0.105299">
        <ele>177.076016</ele>
        <time>2026-09-28T08:54:18.068Z</time>
      </trkpt>
      <trkpt lat="38.658475" lon="-0.105127">
        <ele>179.638416</ele>
        <time>2026-09-28T08:54:32.647Z</time>
      </trkpt>
      <trkpt lat="38.658921" lon="-0.105155">
        <ele>182.151692</ele>
        <time>2026-09-28T08:54:46.688Z</time>
      </trkpt>
      <trkpt lat="38.659036" lon="-0.105095">
        <ele>182.850614</ele>
        <time>2026-09-28T08:54:50.334Z</time>
      </trkpt>
      <trkpt lat="38.659366" lon="-0.104756">
        <ele>185.231729</ele>
        <time>2026-09-28T08:55:01.733Z</time>
      </trkpt>
      <trkpt lat="38.659557" lon="-0.104678">
        <ele>186.360088</ele>
        <time>2026-09-28T08:55:07.982Z</time>
      </trkpt>
      <trkpt lat="38.660000" lon="-0.104590">
        <ele>189.222668</ele>
        <time>2026-09-28T08:55:25.437Z</time>
      </trkpt>
      <trkpt lat="38.660147" lon="-0.104533">
        <ele>190.239338</ele>
        <time>2026-09-28T08:55:32.262Z</time>
      </trkpt>
      <trkpt lat="38.660342" lon="-0.104400">
        <ele>191.701762</ele>
        <time>2026-09-28T08:55:42.474Z</time>
      </trkpt>
      <trkpt lat="38.660511" lon="-0.104290">
        <ele>192.956629</ele>
        <time>2026-09-28T08:55:51.229Z</time>
      </trkpt>
      <trkpt lat="38.660640" lon="-0.104275">
        <ele>193.814037</ele>
        <time>2026-09-28T08:55:57.121Z</time>
      </trkpt>
      <trkpt lat="38.660703" lon="-0.104313">
        <ele>194.274996</ele>
        <time>2026-09-28T08:56:00.268Z</time>
      </trkpt>
      <trkpt lat="38.660763" lon="-0.104384">
        <ele>194.815749</ele>
        <time>2026-09-28T08:56:03.682Z</time>
      </trkpt>
      <trkpt lat="38.661037" lon="-0.104998">
        <ele>198.471071</ele>
        <time>2026-09-28T08:56:22.214Z</time>
      </trkpt>
      <trkpt lat="38.661139" lon="-0.105355">
        <ele>197.755700</ele>
        <time>2026-09-28T08:56:27.635Z</time>
      </trkpt>
      <trkpt lat="38.661195" lon="-0.105422">
        <ele>197.399416</ele>
        <time>2026-09-28T08:56:28.374Z</time>
      </trkpt>
      <trkpt lat="38.661244" lon="-0.105438">
        <ele>197.164324</ele>
        <time>2026-09-28T08:56:28.834Z</time>
      </trkpt>
      <trkpt lat="38.661300" lon="-0.105433">
        <ele>196.903346</ele>
        <time>2026-09-28T08:56:29.331Z</time>
      </trkpt>
      <trkpt lat="38.661353" lon="-0.105389">
        <ele>196.609703</ele>
        <time>2026-09-28T08:56:29.851Z</time>
      </trkpt>
      <trkpt lat="38.661520" lon="-0.105191">
        <ele>195.551673</ele>
        <time>2026-09-28T08:56:31.660Z</time>
      </trkpt>
      <trkpt lat="38.661793" lon="-0.104767">
        <ele>193.556682</ele>
        <time>2026-09-28T08:56:34.864Z</time>
      </trkpt>
      <trkpt lat="38.661897" lon="-0.104681">
        <ele>192.981148</ele>
        <time>2026-09-28T08:56:35.779Z</time>
      </trkpt>
      <trkpt lat="38.662048" lon="-0.104665">
        <ele>192.276744</ele>
        <time>2026-09-28T08:56:36.897Z</time>
      </trkpt>
      <trkpt lat="38.662425" lon="-0.104547">
        <ele>190.479326</ele>
        <time>2026-09-28T08:56:39.796Z</time>
      </trkpt>
      <trkpt lat="38.662597" lon="-0.104563">
        <ele>189.880693</ele>
        <time>2026-09-28T08:56:41.119Z</time>
      </trkpt>
      <trkpt lat="38.662723" lon="-0.104628">
        <ele>189.409161</ele>
        <time>2026-09-28T08:56:42.195Z</time>
      </trkpt>
      <trkpt lat="38.662844" lon="-0.104799">
        <ele>188.783662</ele>
        <time>2026-09-28T08:56:43.717Z</time>
      </trkpt>
      <trkpt lat="38.663089" lon="-0.105264">
        <ele>187.263187</ele>
        <time>2026-09-28T08:56:48.045Z</time>
      </trkpt>
      <trkpt lat="38.663488" lon="-0.105774">
        <ele>185.306349</ele>
        <time>2026-09-28T08:56:54.426Z</time>
      </trkpt>
      <trkpt lat="38.663538" lon="-0.105906">
        <ele>184.908690</ele>
        <time>2026-09-28T08:56:55.519Z</time>
      </trkpt>
      <trkpt lat="38.663558" lon="-0.106044">
        <ele>184.528257</ele>
        <time>2026-09-28T08:56:56.494Z</time>
      </trkpt>
      <trkpt lat="38.663548" lon="-0.106586">
        <ele>182.321314</ele>
        <time>2026-09-28T08:56:59.865Z</time>
      </trkpt>
      <trkpt lat="38.663588" lon="-0.106840">
        <ele>181.186364</ele>
        <time>2026-09-28T08:57:01.400Z</time>
      </trkpt>
      <trkpt lat="38.663667" lon="-0.106942">
        <ele>180.557085</ele>
        <time>2026-09-28T08:57:02.240Z</time>
      </trkpt>
      <trkpt lat="38.663921" lon="-0.107074">
        <ele>179.019413</ele>
        <time>2026-09-28T08:57:04.280Z</time>
      </trkpt>
      <trkpt lat="38.664020" lon="-0.107057">
        <ele>178.459095</ele>
        <time>2026-09-28T08:57:05.019Z</time>
      </trkpt>
      <trkpt lat="38.664085" lon="-0.107006">
        <ele>178.031486</ele>
        <time>2026-09-28T08:57:05.592Z</time>
      </trkpt>
      <trkpt lat="38.664356" lon="-0.106698">
        <ele>175.999008</ele>
        <time>2026-09-28T08:57:08.320Z</time>
      </trkpt>
      <trkpt lat="38.664520" lon="-0.106144">
        <ele>174.924481</ele>
        <time>2026-09-28T08:57:12.123Z</time>
      </trkpt>
      <trkpt lat="38.664645" lon="-0.105894">
        <ele>176.217534</ele>
        <time>2026-09-28T08:57:14.855Z</time>
      </trkpt>
      <trkpt lat="38.664732" lon="-0.105796">
        <ele>176.863866</ele>
        <time>2026-09-28T08:57:17.069Z</time>
      </trkpt>
      <trkpt lat="38.664880" lon="-0.105741">
        <ele>177.723523</ele>
        <time>2026-09-28T08:57:20.989Z</time>
      </trkpt>
      <trkpt lat="38.665070" lon="-0.105738">
        <ele>178.783499</ele>
        <time>2026-09-28T08:57:27.269Z</time>
      </trkpt>
      <trkpt lat="38.665179" lon="-0.105759">
        <ele>179.398386</ele>
        <time>2026-09-28T08:57:31.431Z</time>
      </trkpt>
      <trkpt lat="38.665638" lon="-0.105953">
        <ele>182.094699</ele>
        <time>2026-09-28T08:57:53.595Z</time>
      </trkpt>
      <trkpt lat="38.666107" lon="-0.105808">
        <ele>184.881572</ele>
        <time>2026-09-28T08:58:19.520Z</time>
      </trkpt>
      <trkpt lat="38.666454" lon="-0.105914">
        <ele>187.195588</ele>
        <time>2026-09-28T08:58:38.315Z</time>
      </trkpt>
      <trkpt lat="38.666571" lon="-0.105916">
        <ele>187.954596</ele>
        <time>2026-09-28T08:58:43.798Z</time>
      </trkpt>
      <trkpt lat="38.666614" lon="-0.105897">
        <ele>188.249657</ele>
        <time>2026-09-28T08:58:45.813Z</time>
      </trkpt>
      <trkpt lat="38.666677" lon="-0.105816">
        <ele>188.828712</ele>
        <time>2026-09-28T08:58:49.610Z</time>
      </trkpt>
      <trkpt lat="38.666755" lon="-0.105484">
        <ele>190.584682</ele>
        <time>2026-09-28T08:58:59.805Z</time>
      </trkpt>
      <trkpt lat="38.666854" lon="-0.105316">
        <ele>191.650697</ele>
        <time>2026-09-28T08:59:05.056Z</time>
      </trkpt>
      <trkpt lat="38.667102" lon="-0.105194">
        <ele>193.373978</ele>
        <time>2026-09-28T08:59:11.998Z</time>
      </trkpt>
      <trkpt lat="38.667795" lon="-0.104870">
        <ele>195.461940</ele>
        <time>2026-09-28T08:59:23.753Z</time>
      </trkpt>
      <trkpt lat="38.668076" lon="-0.104794">
        <ele>195.132687</ele>
        <time>2026-09-28T08:59:26.504Z</time>
      </trkpt>
      <trkpt lat="38.668237" lon="-0.104843">
        <ele>194.942971</ele>
        <time>2026-09-28T08:59:27.998Z</time>
      </trkpt>
      <trkpt lat="38.668547" lon="-0.105003">
        <ele>194.559804</ele>
        <time>2026-09-28T08:59:31.043Z</time>
      </trkpt>
      <trkpt lat="38.668622" lon="-0.105148">
        <ele>194.404117</ele>
        <time>2026-09-28T08:59:32.297Z</time>
      </trkpt>
      <trkpt lat="38.668664" lon="-0.105336">
        <ele>194.229084</ele>
        <time>2026-09-28T08:59:33.715Z</time>
      </trkpt>
      <trkpt lat="38.668624" lon="-0.105615">
        <ele>193.975175</ele>
        <time>2026-09-28T08:59:35.800Z</time>
      </trkpt>
      <trkpt lat="38.668628" lon="-0.105829">
        <ele>193.778591</ele>
        <time>2026-09-28T08:59:37.408Z</time>
      </trkpt>
      <trkpt lat="38.668672" lon="-0.105942">
        <ele>193.639379</ele>
        <time>2026-09-28T08:59:38.368Z</time>
      </trkpt>
      <trkpt lat="38.668796" lon="-0.106065">
        <ele>193.417918</ele>
        <time>2026-09-28T08:59:39.903Z</time>
      </trkpt>
      <trkpt lat="38.670268" lon="-0.106549">
        <ele>191.272023</ele>
        <time>2026-09-28T08:59:54.681Z</time>
      </trkpt>
      <trkpt lat="38.670601" lon="-0.106715">
        <ele>191.477436</ele>
        <time>2026-09-28T08:59:58.527Z</time>
      </trkpt>
      <trkpt lat="38.673675" lon="-0.109322">
        <ele>195.722206</ele>
        <time>2026-09-28T09:00:59.420Z</time>
      </trkpt>
      <trkpt lat="38.674035" lon="-0.109504">
        <ele>196.782232</ele>
        <time>2026-09-28T09:01:08.544Z</time>
      </trkpt>
      <trkpt lat="38.674626" lon="-0.109751">
        <ele>198.484906</ele>
        <time>2026-09-28T09:01:24.387Z</time>
      </trkpt>
      <trkpt lat="38.676065" lon="-0.110764">
        <ele>203.731073</ele>
        <time>2026-09-28T09:02:01.598Z</time>
      </trkpt>
      <trkpt lat="38.676353" lon="-0.110968">
        <ele>204.822900</ele>
        <time>2026-09-28T09:02:08.324Z</time>
      </trkpt>
      <trkpt lat="38.677058" lon="-0.111465">
        <ele>209.525052</ele>
        <time>2026-09-28T09:02:32.464Z</time>
      </trkpt>
      <trkpt lat="38.677091" lon="-0.111486">
        <ele>209.766307</ele>
        <time>2026-09-28T09:02:33.749Z</time>
      </trkpt>
      <trkpt lat="38.677355" lon="-0.111677">
        <ele>211.751449</ele>
        <time>2026-09-28T09:02:45.829Z</time>
      </trkpt>
      <trkpt lat="38.677427" lon="-0.111768">
        <ele>212.413697</ele>
        <time>2026-09-28T09:02:50.268Z</time>
      </trkpt>
      <trkpt lat="38.677512" lon="-0.112314">
        <ele>215.259435</ele>
        <time>2026-09-28T09:03:07.852Z</time>
      </trkpt>
      <trkpt lat="38.677602" lon="-0.112525">
        <ele>216.488405</ele>
        <time>2026-09-28T09:03:15.224Z</time>
      </trkpt>
      <trkpt lat="38.677792" lon="-0.112708">
        <ele>217.719943</ele>
        <time>2026-09-28T09:03:24.341Z</time>
      </trkpt>
      <trkpt lat="38.677984" lon="-0.112795">
        <ele>218.551758</ele>
        <time>2026-09-28T09:03:31.265Z</time>
      </trkpt>
      <trkpt lat="38.678251" lon="-0.112879">
        <ele>219.674689</ele>
        <time>2026-09-28T09:03:39.816Z</time>
      </trkpt>
      <trkpt lat="38.678650" lon="-0.113161">
        <ele>221.535945</ele>
        <time>2026-09-28T09:03:52.892Z</time>
      </trkpt>
      <trkpt lat="38.679054" lon="-0.113507">
        <ele>223.520852</ele>
        <time>2026-09-28T09:04:00.076Z</time>
      </trkpt>
      <trkpt lat="38.679212" lon="-0.113577">
        <ele>224.203687</ele>
        <time>2026-09-28T09:04:02.936Z</time>
      </trkpt>
      <trkpt lat="38.679256" lon="-0.113584">
        <ele>224.384779</ele>
        <time>2026-09-28T09:04:03.966Z</time>
      </trkpt>
      <trkpt lat="38.679339" lon="-0.113579">
        <ele>224.731752</ele>
        <time>2026-09-28T09:04:05.405Z</time>
      </trkpt>
      <trkpt lat="38.679412" lon="-0.113539">
        <ele>225.068568</ele>
        <time>2026-09-28T09:04:07.138Z</time>
      </trkpt>
      <trkpt lat="38.679458" lon="-0.113443">
        <ele>225.441596</ele>
        <time>2026-09-28T09:04:08.747Z</time>
      </trkpt>
      <trkpt lat="38.679484" lon="-0.113101">
        <ele>226.579530</ele>
        <time>2026-09-28T09:04:14.757Z</time>
      </trkpt>
      <trkpt lat="38.679559" lon="-0.112877">
        <ele>227.386685</ele>
        <time>2026-09-28T09:04:19.582Z</time>
      </trkpt>
      <trkpt lat="38.679890" lon="-0.112487">
        <ele>229.294475</ele>
        <time>2026-09-28T09:04:31.932Z</time>
      </trkpt>
      <trkpt lat="38.680534" lon="-0.111529">
        <ele>233.390561</ele>
        <time>2026-09-28T09:05:04.026Z</time>
      </trkpt>
      <trkpt lat="38.680644" lon="-0.111422">
        <ele>233.936382</ele>
        <time>2026-09-28T09:05:09.265Z</time>
      </trkpt>
      <trkpt lat="38.680812" lon="-0.111376">
        <ele>234.615281</ele>
        <time>2026-09-28T09:05:15.676Z</time>
      </trkpt>
      <trkpt lat="38.680969" lon="-0.111405">
        <ele>235.242130</ele>
        <time>2026-09-28T09:05:21.381Z</time>
      </trkpt>
      <trkpt lat="38.681191" lon="-0.111520">
        <ele>236.188445</ele>
        <time>2026-09-28T09:05:29.197Z</time>
      </trkpt>
      <trkpt lat="38.681340" lon="-0.111648">
        <ele>236.897408</ele>
        <time>2026-09-28T09:05:33.847Z</time>
      </trkpt>
      <trkpt lat="38.681459" lon="-0.111829">
        <ele>237.627423</ele>
        <time>2026-09-28T09:05:37.229Z</time>
      </trkpt>
      <trkpt lat="38.681722" lon="-0.112519">
        <ele>239.476013</ele>
        <time>2026-09-28T09:05:44.687Z</time>
      </trkpt>
      <trkpt lat="38.681886" lon="-0.112705">
        <ele>239.725461</ele>
        <time>2026-09-28T09:05:46.987Z</time>
      </trkpt>
      <trkpt lat="38.682011" lon="-0.112760">
        <ele>239.875979</ele>
        <time>2026-09-28T09:05:48.370Z</time>
      </trkpt>
      <trkpt lat="38.682084" lon="-0.112755">
        <ele>239.959232</ele>
        <time>2026-09-28T09:05:49.091Z</time>
      </trkpt>
      <trkpt lat="38.682279" lon="-0.112613">
        <ele>240.214677</ele>
        <time>2026-09-28T09:05:51.429Z</time>
      </trkpt>
      <trkpt lat="38.682380" lon="-0.112489">
        <ele>240.373994</ele>
        <time>2026-09-28T09:05:52.924Z</time>
      </trkpt>
      <trkpt lat="38.682374" lon="-0.112381">
        <ele>240.470249</ele>
        <time>2026-09-28T09:05:53.825Z</time>
      </trkpt>
      <trkpt lat="38.682276" lon="-0.112221">
        <ele>240.651047</ele>
        <time>2026-09-28T09:05:55.644Z</time>
      </trkpt>
      <trkpt lat="38.682245" lon="-0.112121">
        <ele>240.746700</ele>
        <time>2026-09-28T09:05:56.743Z</time>
      </trkpt>
      <trkpt lat="38.682268" lon="-0.112030">
        <ele>240.831734</ele>
        <time>2026-09-28T09:05:57.607Z</time>
      </trkpt>
      <trkpt lat="38.682329" lon="-0.111993">
        <ele>240.908596</ele>
        <time>2026-09-28T09:05:58.690Z</time>
      </trkpt>
      <trkpt lat="38.682380" lon="-0.111995">
        <ele>240.966704</ele>
        <time>2026-09-28T09:05:59.573Z</time>
      </trkpt>
      <trkpt lat="38.683644" lon="-0.112691">
        <ele>247.268645</ele>
        <time>2026-09-28T09:06:46.898Z</time>
      </trkpt>
      <trkpt lat="38.683715" lon="-0.112675">
        <ele>247.669451</ele>
        <time>2026-09-28T09:06:49.492Z</time>
      </trkpt>
      <trkpt lat="38.683769" lon="-0.112552">
        <ele>248.281906</ele>
        <time>2026-09-28T09:06:53.602Z</time>
      </trkpt>
      <trkpt lat="38.683740" lon="-0.112457">
        <ele>248.724612</ele>
        <time>2026-09-28T09:06:56.563Z</time>
      </trkpt>
      <trkpt lat="38.683600" lon="-0.112388">
        <ele>249.558600</ele>
        <time>2026-09-28T09:07:01.717Z</time>
      </trkpt>
      <trkpt lat="38.683256" lon="-0.112262">
        <ele>251.412849</ele>
        <time>2026-09-28T09:07:12.912Z</time>
      </trkpt>
      <trkpt lat="38.683155" lon="-0.112179">
        <ele>251.695173</ele>
        <time>2026-09-28T09:07:16.250Z</time>
      </trkpt>
      <trkpt lat="38.682893" lon="-0.111783">
        <ele>252.648565</ele>
        <time>2026-09-28T09:07:24.631Z</time>
      </trkpt>
      <trkpt lat="38.682585" lon="-0.111225">
        <ele>253.903725</ele>
        <time>2026-09-28T09:07:29.687Z</time>
      </trkpt>
      <trkpt lat="38.682490" lon="-0.111168">
        <ele>254.150542</ele>
        <time>2026-09-28T09:07:31.342Z</time>
      </trkpt>
      <trkpt lat="38.682196" lon="-0.111121">
        <ele>254.847628</ele>
        <time>2026-09-28T09:07:37.098Z</time>
      </trkpt>
      <trkpt lat="38.682103" lon="-0.111078">
        <ele>255.080253</ele>
        <time>2026-09-28T09:07:39.330Z</time>
      </trkpt>
      <trkpt lat="38.681941" lon="-0.110857">
        <ele>255.909637</ele>
        <time>2026-09-28T09:07:45.586Z</time>
      </trkpt>
      <trkpt lat="38.681916" lon="-0.110780">
        <ele>256.519630</ele>
        <time>2026-09-28T09:07:47.513Z</time>
      </trkpt>
      <trkpt lat="38.681916" lon="-0.110657">
        <ele>257.419320</ele>
        <time>2026-09-28T09:07:50.527Z</time>
      </trkpt>
      <trkpt lat="38.682005" lon="-0.110507">
        <ele>258.797456</ele>
        <time>2026-09-28T09:07:55.672Z</time>
      </trkpt>
      <trkpt lat="38.682348" lon="-0.110346">
        <ele>262.220356</ele>
        <time>2026-09-28T09:08:11.154Z</time>
      </trkpt>
      <trkpt lat="38.682413" lon="-0.110252">
        <ele>263.138884</ele>
        <time>2026-09-28T09:08:15.989Z</time>
      </trkpt>
      <trkpt lat="38.682474" lon="-0.110000">
        <ele>265.068723</ele>
        <time>2026-09-28T09:08:27.029Z</time>
      </trkpt>
      <trkpt lat="38.682727" lon="-0.109917">
        <ele>267.515858</ele>
        <time>2026-09-28T09:08:42.980Z</time>
      </trkpt>
      <trkpt lat="38.682798" lon="-0.109861">
        <ele>268.297122</ele>
        <time>2026-09-28T09:08:48.433Z</time>
      </trkpt>
      <trkpt lat="38.682893" lon="-0.109619">
        <ele>270.278442</ele>
        <time>2026-09-28T09:09:00.381Z</time>
      </trkpt>
      <trkpt lat="38.682941" lon="-0.109268">
        <ele>272.819981</ele>
        <time>2026-09-28T09:09:13.726Z</time>
      </trkpt>
      <trkpt lat="38.683016" lon="-0.108938">
        <ele>274.997955</ele>
        <time>2026-09-28T09:09:24.833Z</time>
      </trkpt>
      <trkpt lat="38.683008" lon="-0.108841">
        <ele>275.616047</ele>
        <time>2026-09-28T09:09:27.756Z</time>
      </trkpt>
      <trkpt lat="38.682937" lon="-0.108643">
        <ele>276.996783</ele>
        <time>2026-09-28T09:09:34.070Z</time>
      </trkpt>
      <trkpt lat="38.682840" lon="-0.108483">
        <ele>278.280529</ele>
        <time>2026-09-28T09:09:39.709Z</time>
      </trkpt>
      <trkpt lat="38.682506" lon="-0.108075">
        <ele>282.026950</ele>
        <time>2026-09-28T09:09:55.982Z</time>
      </trkpt>
      <trkpt lat="38.682358" lon="-0.107406">
        <ele>286.433263</ele>
        <time>2026-09-28T09:10:16.281Z</time>
      </trkpt>
      <trkpt lat="38.682362" lon="-0.107319">
        <ele>286.985526</ele>
        <time>2026-09-28T09:10:18.936Z</time>
      </trkpt>
      <trkpt lat="38.682426" lon="-0.107146">
        <ele>288.305536</ele>
        <time>2026-09-28T09:10:24.993Z</time>
      </trkpt>
      <trkpt lat="38.682837" lon="-0.106943">
        <ele>292.200075</ele>
        <time>2026-09-28T09:10:45.402Z</time>
      </trkpt>
      <trkpt lat="38.682878" lon="-0.106878">
        <ele>292.776838</ele>
        <time>2026-09-28T09:10:48.702Z</time>
      </trkpt>
      <trkpt lat="38.682896" lon="-0.106728">
        <ele>293.824256</ele>
        <time>2026-09-28T09:10:54.677Z</time>
      </trkpt>
      <trkpt lat="38.682883" lon="-0.106328">
        <ele>296.587332</ele>
        <time>2026-09-28T09:11:10.202Z</time>
      </trkpt>
      <trkpt lat="38.682938" lon="-0.106191">
        <ele>297.650581</ele>
        <time>2026-09-28T09:11:15.967Z</time>
      </trkpt>
      <trkpt lat="38.683136" lon="-0.105932">
        <ele>300.152553</ele>
        <time>2026-09-28T09:11:28.529Z</time>
      </trkpt>
      <trkpt lat="38.683257" lon="-0.105730">
        <ele>301.909854</ele>
        <time>2026-09-28T09:11:36.133Z</time>
      </trkpt>
      <trkpt lat="38.683298" lon="-0.105610">
        <ele>302.813911</ele>
        <time>2026-09-28T09:11:39.649Z</time>
      </trkpt>
      <trkpt lat="38.683306" lon="-0.105474">
        <ele>303.329182</ele>
        <time>2026-09-28T09:11:43.197Z</time>
      </trkpt>
      <trkpt lat="38.683253" lon="-0.105318">
        <ele>303.916805</ele>
        <time>2026-09-28T09:11:47.424Z</time>
      </trkpt>
      <trkpt lat="38.683141" lon="-0.105106">
        <ele>304.800954</ele>
        <time>2026-09-28T09:11:53.617Z</time>
      </trkpt>
      <trkpt lat="38.683112" lon="-0.104937">
        <ele>305.398596</ele>
        <time>2026-09-28T09:11:57.591Z</time>
      </trkpt>
      <trkpt lat="38.683168" lon="-0.104779">
        <ele>305.997924</ele>
        <time>2026-09-28T09:12:01.335Z</time>
      </trkpt>
      <trkpt lat="38.683457" lon="-0.104430">
        <ele>307.755212</ele>
        <time>2026-09-28T09:12:11.170Z</time>
      </trkpt>
      <trkpt lat="38.683526" lon="-0.104259">
        <ele>308.420062</ele>
        <time>2026-09-28T09:12:14.503Z</time>
      </trkpt>
      <trkpt lat="38.683523" lon="-0.104169">
        <ele>308.731192</ele>
        <time>2026-09-28T09:12:16.042Z</time>
      </trkpt>
      <trkpt lat="38.683369" lon="-0.103816">
        <ele>310.127890</ele>
        <time>2026-09-28T09:12:23.120Z</time>
      </trkpt>
      <trkpt lat="38.683322" lon="-0.103648">
        <ele>310.744278</ele>
        <time>2026-09-28T09:12:26.246Z</time>
      </trkpt>
      <trkpt lat="38.683318" lon="-0.103467">
        <ele>311.537700</ele>
        <time>2026-09-28T09:12:29.557Z</time>
      </trkpt>
      <trkpt lat="38.683726" lon="-0.102697">
        <ele>315.812906</ele>
        <time>2026-09-28T09:12:49.457Z</time>
      </trkpt>
      <trkpt lat="38.684011" lon="-0.102394">
        <ele>317.992475</ele>
        <time>2026-09-28T09:13:01.657Z</time>
      </trkpt>
      <trkpt lat="38.684084" lon="-0.102258">
        <ele>318.750685</ele>
        <time>2026-09-28T09:13:06.176Z</time>
      </trkpt>
      <trkpt lat="38.684130" lon="-0.102089">
        <ele>319.572884</ele>
        <time>2026-09-28T09:13:11.309Z</time>
      </trkpt>
      <trkpt lat="38.684232" lon="-0.101347">
        <ele>324.017064</ele>
        <time>2026-09-28T09:13:36.604Z</time>
      </trkpt>
      <trkpt lat="38.684234" lon="-0.101256">
        <ele>324.694110</ele>
        <time>2026-09-28T09:13:40.015Z</time>
      </trkpt>
      <trkpt lat="38.684207" lon="-0.101192">
        <ele>325.235151</ele>
        <time>2026-09-28T09:13:42.834Z</time>
      </trkpt>
      <trkpt lat="38.684155" lon="-0.101165">
        <ele>325.769724</ele>
        <time>2026-09-28T09:13:45.608Z</time>
      </trkpt>
      <trkpt lat="38.684098" lon="-0.101170">
        <ele>326.314058</ele>
        <time>2026-09-28T09:13:48.501Z</time>
      </trkpt>
      <trkpt lat="38.683974" lon="-0.101251">
        <ele>327.640180</ele>
        <time>2026-09-28T09:13:55.651Z</time>
      </trkpt>
      <trkpt lat="38.683913" lon="-0.101332">
        <ele>328.477232</ele>
        <time>2026-09-28T09:14:00.310Z</time>
      </trkpt>
      <trkpt lat="38.683687" lon="-0.101810">
        <ele>332.633435</ele>
        <time>2026-09-28T09:14:21.781Z</time>
      </trkpt>
      <trkpt lat="38.683652" lon="-0.101861">
        <ele>333.138471</ele>
        <time>2026-09-28T09:14:24.216Z</time>
      </trkpt>
      <trkpt lat="38.683582" lon="-0.101894">
        <ele>333.849115</ele>
        <time>2026-09-28T09:14:27.522Z</time>
      </trkpt>
      <trkpt lat="38.683503" lon="-0.101874">
        <ele>334.616337</ele>
        <time>2026-09-28T09:14:30.988Z</time>
      </trkpt>
      <trkpt lat="38.683447" lon="-0.101814">
        <ele>335.311882</ele>
        <time>2026-09-28T09:14:34.007Z</time>
      </trkpt>
      <trkpt lat="38.683413" lon="-0.101721">
        <ele>336.075639</ele>
        <time>2026-09-28T09:14:37.274Z</time>
      </trkpt>
      <trkpt lat="38.683418" lon="-0.101599">
        <ele>336.984228</ele>
        <time>2026-09-28T09:14:40.984Z</time>
      </trkpt>
      <trkpt lat="38.683490" lon="-0.101364">
        <ele>338.771393</ele>
        <time>2026-09-28T09:14:48.452Z</time>
      </trkpt>
      <trkpt lat="38.683720" lon="-0.100918">
        <ele>341.462728</ele>
        <time>2026-09-28T09:15:07.607Z</time>
      </trkpt>
      <trkpt lat="38.684179" lon="-0.100371">
        <ele>345.506196</ele>
        <time>2026-09-28T09:15:30.446Z</time>
      </trkpt>
      <trkpt lat="38.684387" lon="-0.100022">
        <ele>347.716959</ele>
        <time>2026-09-28T09:15:39.847Z</time>
      </trkpt>
      <trkpt lat="38.684914" lon="-0.099159">
        <ele>352.570826</ele>
        <time>2026-09-28T09:16:03.136Z</time>
      </trkpt>
      <trkpt lat="38.684950" lon="-0.099141">
        <ele>352.765926</ele>
        <time>2026-09-28T09:16:04.305Z</time>
      </trkpt>
      <trkpt lat="38.685022" lon="-0.099160">
        <ele>353.137054</ele>
        <time>2026-09-28T09:16:06.253Z</time>
      </trkpt>
      <trkpt lat="38.685202" lon="-0.099357">
        <ele>354.332263</ele>
        <time>2026-09-28T09:16:11.297Z</time>
      </trkpt>
      <trkpt lat="38.685338" lon="-0.099422">
        <ele>355.065092</ele>
        <time>2026-09-28T09:16:14.514Z</time>
      </trkpt>
      <trkpt lat="38.685387" lon="-0.099420">
        <ele>355.312596</ele>
        <time>2026-09-28T09:16:15.735Z</time>
      </trkpt>
      <trkpt lat="38.685461" lon="-0.099360">
        <ele>355.754728</ele>
        <time>2026-09-28T09:16:17.990Z</time>
      </trkpt>
      <trkpt lat="38.685466" lon="-0.099275">
        <ele>356.090649</ele>
        <time>2026-09-28T09:16:19.814Z</time>
      </trkpt>
      <trkpt lat="38.685401" lon="-0.099228">
        <ele>356.467468</ele>
        <time>2026-09-28T09:16:21.934Z</time>
      </trkpt>
      <trkpt lat="38.685214" lon="-0.099207">
        <ele>357.415167</ele>
        <time>2026-09-28T09:16:27.731Z</time>
      </trkpt>
      <trkpt lat="38.685183" lon="-0.099166">
        <ele>357.640112</ele>
        <time>2026-09-28T09:16:29.204Z</time>
      </trkpt>
      <trkpt lat="38.685184" lon="-0.099114">
        <ele>357.845099</ele>
        <time>2026-09-28T09:16:30.584Z</time>
      </trkpt>
      <trkpt lat="38.685222" lon="-0.099060">
        <ele>358.131614</ele>
        <time>2026-09-28T09:16:32.540Z</time>
      </trkpt>
      <trkpt lat="38.685379" lon="-0.099057">
        <ele>358.924324</ele>
        <time>2026-09-28T09:16:38.377Z</time>
      </trkpt>
      <trkpt lat="38.685701" lon="-0.099148">
        <ele>362.075968</ele>
        <time>2026-09-28T09:16:52.471Z</time>
      </trkpt>
      <trkpt lat="38.685859" lon="-0.099148">
        <ele>363.768541</ele>
        <time>2026-09-28T09:16:59.922Z</time>
      </trkpt>
      <trkpt lat="38.686111" lon="-0.099110">
        <ele>366.486724</ele>
        <time>2026-09-28T09:17:12.656Z</time>
      </trkpt>
      <trkpt lat="38.686358" lon="-0.098939">
        <ele>369.494352</ele>
        <time>2026-09-28T09:17:27.755Z</time>
      </trkpt>
      <trkpt lat="38.686592" lon="-0.098585">
        <ele>373.373267</ele>
        <time>2026-09-28T09:17:47.018Z</time>
      </trkpt>
      <trkpt lat="38.686806" lon="-0.098075">
        <ele>378.214960</ele>
        <time>2026-09-28T09:18:10.593Z</time>
      </trkpt>
      <trkpt lat="38.687116" lon="-0.096696">
        <ele>391.083087</ele>
        <time>2026-09-28T09:19:10.820Z</time>
      </trkpt>
      <trkpt lat="38.687141" lon="-0.095886">
        <ele>398.365337</ele>
        <time>2026-09-28T09:19:44.100Z</time>
      </trkpt>
      <trkpt lat="38.687128" lon="-0.095618">
        <ele>400.223040</ele>
        <time>2026-09-28T09:19:54.541Z</time>
      </trkpt>
      <trkpt lat="38.687040" lon="-0.095232">
        <ele>402.539636</ele>
        <time>2026-09-28T09:20:09.519Z</time>
      </trkpt>
      <trkpt lat="38.686701" lon="-0.092813">
        <ele>413.554992</ele>
        <time>2026-09-28T09:21:13.870Z</time>
      </trkpt>
      <trkpt lat="38.686735" lon="-0.092711">
        <ele>413.714841</ele>
        <time>2026-09-28T09:21:14.897Z</time>
      </trkpt>
      <trkpt lat="38.686852" lon="-0.092614">
        <ele>413.972156</ele>
        <time>2026-09-28T09:21:16.450Z</time>
      </trkpt>
      <trkpt lat="38.686966" lon="-0.092609">
        <ele>414.182765</ele>
        <time>2026-09-28T09:21:17.639Z</time>
      </trkpt>
      <trkpt lat="38.687104" lon="-0.092700">
        <ele>414.469337</ele>
        <time>2026-09-28T09:21:19.214Z</time>
      </trkpt>
      <trkpt lat="38.687463" lon="-0.093322">
        <ele>415.584224</ele>
        <time>2026-09-28T09:21:25.321Z</time>
      </trkpt>
      <trkpt lat="38.687585" lon="-0.093425">
        <ele>415.901288</ele>
        <time>2026-09-28T09:21:26.971Z</time>
      </trkpt>
      <trkpt lat="38.687731" lon="-0.093478">
        <ele>416.677900</ele>
        <time>2026-09-28T09:21:29.282Z</time>
      </trkpt>
      <trkpt lat="38.687894" lon="-0.093472">
        <ele>417.512441</ele>
        <time>2026-09-28T09:21:32.591Z</time>
      </trkpt>
      <trkpt lat="38.688309" lon="-0.093285">
        <ele>419.763857</ele>
        <time>2026-09-28T09:21:44.979Z</time>
      </trkpt>
      <trkpt lat="38.688518" lon="-0.093258">
        <ele>420.838895</ele>
        <time>2026-09-28T09:21:52.445Z</time>
      </trkpt>
      <trkpt lat="38.688967" lon="-0.093280">
        <ele>423.138454</ele>
        <time>2026-09-28T09:22:10.026Z</time>
      </trkpt>
      <trkpt lat="38.689079" lon="-0.093220">
        <ele>423.759738</ele>
        <time>2026-09-28T09:22:14.751Z</time>
      </trkpt>
      <trkpt lat="38.689377" lon="-0.092963">
        <ele>425.635626</ele>
        <time>2026-09-28T09:22:28.567Z</time>
      </trkpt>
      <trkpt lat="38.689453" lon="-0.092947">
        <ele>426.055875</ele>
        <time>2026-09-28T09:22:31.521Z</time>
      </trkpt>
      <trkpt lat="38.689524" lon="-0.093006">
        <ele>426.517638</ele>
        <time>2026-09-28T09:22:34.681Z</time>
      </trkpt>
      <trkpt lat="38.689599" lon="-0.093178">
        <ele>427.356740</ele>
        <time>2026-09-28T09:22:40.271Z</time>
      </trkpt>
      <trkpt lat="38.689692" lon="-0.093285">
        <ele>428.038777</ele>
        <time>2026-09-28T09:22:44.627Z</time>
      </trkpt>
      <trkpt lat="38.689997" lon="-0.093435">
        <ele>429.821390</ele>
        <time>2026-09-28T09:22:54.857Z</time>
      </trkpt>
      <trkpt lat="38.690617" lon="-0.094101">
        <ele>434.236139</ele>
        <time>2026-09-28T09:23:16.073Z</time>
      </trkpt>
      <trkpt lat="38.690692" lon="-0.094154">
        <ele>434.703495</ele>
        <time>2026-09-28T09:23:18.272Z</time>
      </trkpt>
      <trkpt lat="38.690767" lon="-0.094154">
        <ele>435.166042</ele>
        <time>2026-09-28T09:23:20.282Z</time>
      </trkpt>
      <trkpt lat="38.690800" lon="-0.094089">
        <ele>435.562413</ele>
        <time>2026-09-28T09:23:21.921Z</time>
      </trkpt>
      <trkpt lat="38.690797" lon="-0.093977">
        <ele>436.135274</ele>
        <time>2026-09-28T09:23:24.464Z</time>
      </trkpt>
      <trkpt lat="38.690721" lon="-0.093821">
        <ele>437.075303</ele>
        <time>2026-09-28T09:23:28.869Z</time>
      </trkpt>
      <trkpt lat="38.690579" lon="-0.093639">
        <ele>438.390756</ele>
        <time>2026-09-28T09:23:35.406Z</time>
      </trkpt>
      <trkpt lat="38.690260" lon="-0.093376">
        <ele>440.875131</ele>
        <time>2026-09-28T09:23:48.635Z</time>
      </trkpt>
      <trkpt lat="38.690151" lon="-0.093247">
        <ele>441.846953</ele>
        <time>2026-09-28T09:23:53.948Z</time>
      </trkpt>
      <trkpt lat="38.690143" lon="-0.093059">
        <ele>442.809410</ele>
        <time>2026-09-28T09:23:59.315Z</time>
      </trkpt>
      <trkpt lat="38.690348" lon="-0.092598">
        <ele>445.521587</ele>
        <time>2026-09-28T09:24:15.476Z</time>
      </trkpt>
      <trkpt lat="38.690369" lon="-0.092233">
        <ele>447.517510</ele>
        <time>2026-09-28T09:24:27.301Z</time>
      </trkpt>
      <trkpt lat="38.690286" lon="-0.092148">
        <ele>448.326946</ele>
        <time>2026-09-28T09:24:31.775Z</time>
      </trkpt>
      <trkpt lat="38.689306" lon="-0.091573">
        <ele>456.537892</ele>
        <time>2026-09-28T09:25:16.116Z</time>
      </trkpt>
      <trkpt lat="38.688887" lon="-0.091155">
        <ele>460.529757</ele>
        <time>2026-09-28T09:25:34.090Z</time>
      </trkpt>
      <trkpt lat="38.688054" lon="-0.090008">
        <ele>467.896783</ele>
        <time>2026-09-28T09:26:13.957Z</time>
      </trkpt>
      <trkpt lat="38.687911" lon="-0.089610">
        <ele>469.957066</ele>
        <time>2026-09-28T09:26:25.370Z</time>
      </trkpt>
      <trkpt lat="38.687890" lon="-0.089460">
        <ele>470.673672</ele>
        <time>2026-09-28T09:26:29.389Z</time>
      </trkpt>
      <trkpt lat="38.687908" lon="-0.089348">
        <ele>471.206932</ele>
        <time>2026-09-28T09:26:32.418Z</time>
      </trkpt>
      <trkpt lat="38.688003" lon="-0.089288">
        <ele>471.786184</ele>
        <time>2026-09-28T09:26:35.950Z</time>
      </trkpt>
      <trkpt lat="38.688389" lon="-0.089246">
        <ele>473.904793</ele>
        <time>2026-09-28T09:26:48.694Z</time>
      </trkpt>
      <trkpt lat="38.688486" lon="-0.089294">
        <ele>474.473477</ele>
        <time>2026-09-28T09:26:52.121Z</time>
      </trkpt>
      <trkpt lat="38.688598" lon="-0.089669">
        <ele>476.187464</ele>
        <time>2026-09-28T09:27:02.330Z</time>
      </trkpt>
      <trkpt lat="38.688686" lon="-0.089765">
        <ele>476.819569</ele>
        <time>2026-09-28T09:27:06.015Z</time>
      </trkpt>
      <trkpt lat="38.689126" lon="-0.090120">
        <ele>479.663321</ele>
        <time>2026-09-28T09:27:21.689Z</time>
      </trkpt>
      <trkpt lat="38.690493" lon="-0.090434">
        <ele>485.063786</ele>
        <time>2026-09-28T09:28:00.531Z</time>
      </trkpt>
      <trkpt lat="38.691022" lon="-0.090712">
        <ele>487.094232</ele>
        <time>2026-09-28T09:28:13.030Z</time>
      </trkpt>
      <trkpt lat="38.691416" lon="-0.091190">
        <ele>488.021904</ele>
        <time>2026-09-28T09:28:21.114Z</time>
      </trkpt>
      <trkpt lat="38.691470" lon="-0.091311">
        <ele>488.172004</ele>
        <time>2026-09-28T09:28:22.455Z</time>
      </trkpt>
      <trkpt lat="38.691603" lon="-0.092561">
        <ele>489.530569</ele>
        <time>2026-09-28T09:28:36.296Z</time>
      </trkpt>
      <trkpt lat="38.691673" lon="-0.092853">
        <ele>489.859518</ele>
        <time>2026-09-28T09:28:40.938Z</time>
      </trkpt>
      <trkpt lat="38.691940" lon="-0.093634">
        <ele>493.797956</ele>
        <time>2026-09-28T09:28:59.783Z</time>
      </trkpt>
      <trkpt lat="38.692012" lon="-0.093910">
        <ele>495.152458</ele>
        <time>2026-09-28T09:29:08.082Z</time>
      </trkpt>
      <trkpt lat="38.692092" lon="-0.094097">
        <ele>496.145022</ele>
        <time>2026-09-28T09:29:14.570Z</time>
      </trkpt>
      <trkpt lat="38.692139" lon="-0.094154">
        <ele>496.530955</ele>
        <time>2026-09-28T09:29:17.157Z</time>
      </trkpt>
      <trkpt lat="38.692224" lon="-0.094210">
        <ele>497.100933</ele>
        <time>2026-09-28T09:29:20.926Z</time>
      </trkpt>
      <trkpt lat="38.692393" lon="-0.094212">
        <ele>498.108787</ele>
        <time>2026-09-28T09:29:27.724Z</time>
      </trkpt>
      <trkpt lat="38.693522" lon="-0.094107">
        <ele>504.728711</ele>
        <time>2026-09-28T09:30:10.309Z</time>
      </trkpt>
      <trkpt lat="38.693647" lon="-0.094164">
        <ele>505.495736</ele>
        <time>2026-09-28T09:30:14.242Z</time>
      </trkpt>
      <trkpt lat="38.693709" lon="-0.094237">
        <ele>505.982516</ele>
        <time>2026-09-28T09:30:16.614Z</time>
      </trkpt>
      <trkpt lat="38.694024" lon="-0.094785">
        <ele>509.053310</ele>
        <time>2026-09-28T09:30:30.154Z</time>
      </trkpt>
      <trkpt lat="38.694046" lon="-0.094996">
        <ele>510.013804</ele>
        <time>2026-09-28T09:30:34.919Z</time>
      </trkpt>
      <trkpt lat="38.694037" lon="-0.095481">
        <ele>512.379296</ele>
        <time>2026-09-28T09:30:47.112Z</time>
      </trkpt>
      <trkpt lat="38.694059" lon="-0.095629">
        <ele>513.158239</ele>
        <time>2026-09-28T09:30:51.010Z</time>
      </trkpt>
      <trkpt lat="38.694127" lon="-0.095836">
        <ele>514.319402</ele>
        <time>2026-09-28T09:30:56.836Z</time>
      </trkpt>
      <trkpt lat="38.694299" lon="-0.095999">
        <ele>515.736574</ele>
        <time>2026-09-28T09:31:04.174Z</time>
      </trkpt>
      <trkpt lat="38.694609" lon="-0.096170">
        <ele>517.972322</ele>
        <time>2026-09-28T09:31:16.362Z</time>
      </trkpt>
      <trkpt lat="38.694943" lon="-0.096440">
        <ele>520.588389</ele>
        <time>2026-09-28T09:31:31.523Z</time>
      </trkpt>
      <trkpt lat="38.695344" lon="-0.096957">
        <ele>524.311000</ele>
        <time>2026-09-28T09:31:54.537Z</time>
      </trkpt>
      <trkpt lat="38.695802" lon="-0.097664">
        <ele>528.911311</ele>
        <time>2026-09-28T09:32:16.906Z</time>
      </trkpt>
      <trkpt lat="38.696559" lon="-0.098555">
        <ele>535.612285</ele>
        <time>2026-09-28T09:32:51.876Z</time>
      </trkpt>
      <trkpt lat="38.696638" lon="-0.098683">
        <ele>536.511607</ele>
        <time>2026-09-28T09:32:56.602Z</time>
      </trkpt>
      <trkpt lat="38.696748" lon="-0.098972">
        <ele>538.283596</ele>
        <time>2026-09-28T09:33:06.075Z</time>
      </trkpt>
      <trkpt lat="38.696918" lon="-0.099568">
        <ele>541.780634</ele>
        <time>2026-09-28T09:33:24.830Z</time>
      </trkpt>
      <trkpt lat="38.697006" lon="-0.099985">
        <ele>544.161243</ele>
        <time>2026-09-28T09:33:37.366Z</time>
      </trkpt>
      <trkpt lat="38.697010" lon="-0.100165">
        <ele>545.153623</ele>
        <time>2026-09-28T09:33:42.667Z</time>
      </trkpt>
      <trkpt lat="38.696959" lon="-0.100561">
        <ele>547.368885</ele>
        <time>2026-09-28T09:33:54.219Z</time>
      </trkpt>
      <trkpt lat="38.696881" lon="-0.100847">
        <ele>549.064348</ele>
        <time>2026-09-28T09:34:02.764Z</time>
      </trkpt>
      <trkpt lat="38.696712" lon="-0.101255">
        <ele>551.649310</ele>
        <time>2026-09-28T09:34:15.527Z</time>
      </trkpt>
      <trkpt lat="38.696674" lon="-0.101519">
        <ele>553.151667</ele>
        <time>2026-09-28T09:34:22.984Z</time>
      </trkpt>
      <trkpt lat="38.696639" lon="-0.101888">
        <ele>555.231921</ele>
        <time>2026-09-28T09:34:33.186Z</time>
      </trkpt>
      <trkpt lat="38.696626" lon="-0.102033">
        <ele>556.048731</ele>
        <time>2026-09-28T09:34:37.251Z</time>
      </trkpt>
      <trkpt lat="38.696562" lon="-0.102730">
        <ele>559.976305</ele>
        <time>2026-09-28T09:34:57.909Z</time>
      </trkpt>
      <trkpt lat="38.696504" lon="-0.102959">
        <ele>561.351093</ele>
        <time>2026-09-28T09:35:06.152Z</time>
      </trkpt>
      <trkpt lat="38.696421" lon="-0.103044">
        <ele>562.129314</ele>
        <time>2026-09-28T09:35:10.850Z</time>
      </trkpt>
      <trkpt lat="38.696176" lon="-0.103048">
        <ele>563.923873</ele>
        <time>2026-09-28T09:35:21.307Z</time>
      </trkpt>
      <trkpt lat="38.696078" lon="-0.103088">
        <ele>564.677178</ele>
        <time>2026-09-28T09:35:25.499Z</time>
      </trkpt>
      <trkpt lat="38.695812" lon="-0.103459">
        <ele>567.556957</ele>
        <time>2026-09-28T09:35:40.837Z</time>
      </trkpt>
      <trkpt lat="38.695720" lon="-0.103679">
        <ele>568.983690</ele>
        <time>2026-09-28T09:35:48.082Z</time>
      </trkpt>
      <trkpt lat="38.695729" lon="-0.103763">
        <ele>569.468364</ele>
        <time>2026-09-28T09:35:50.551Z</time>
      </trkpt>
      <trkpt lat="38.695804" lon="-0.103928">
        <ele>570.559855</ele>
        <time>2026-09-28T09:35:56.033Z</time>
      </trkpt>
      <trkpt lat="38.695858" lon="-0.104009">
        <ele>571.168798</ele>
        <time>2026-09-28T09:35:59.029Z</time>
      </trkpt>
      <trkpt lat="38.695967" lon="-0.104103">
        <ele>572.131117</ele>
        <time>2026-09-28T09:36:03.669Z</time>
      </trkpt>
      <trkpt lat="38.696751" lon="-0.104402">
        <ele>575.873934</ele>
        <time>2026-09-28T09:36:29.056Z</time>
      </trkpt>
      <trkpt lat="38.696816" lon="-0.104415">
        <ele>576.134928</ele>
        <time>2026-09-28T09:36:30.580Z</time>
      </trkpt>
      <trkpt lat="38.696893" lon="-0.104392">
        <ele>576.448597</ele>
        <time>2026-09-28T09:36:32.309Z</time>
      </trkpt>
      <trkpt lat="38.697075" lon="-0.104210">
        <ele>577.364511</ele>
        <time>2026-09-28T09:36:37.315Z</time>
      </trkpt>
      <trkpt lat="38.697321" lon="-0.103897">
        <ele>578.739897</ele>
        <time>2026-09-28T09:36:44.499Z</time>
      </trkpt>
      <trkpt lat="38.697416" lon="-0.103764">
        <ele>579.298133</ele>
        <time>2026-09-28T09:36:47.370Z</time>
      </trkpt>
      <trkpt lat="38.697516" lon="-0.103546">
        <ele>580.081075</ele>
        <time>2026-09-28T09:36:51.494Z</time>
      </trkpt>
      <trkpt lat="38.697595" lon="-0.102733">
        <ele>582.299550</ele>
        <time>2026-09-28T09:37:07.820Z</time>
      </trkpt>
      <trkpt lat="38.697641" lon="-0.102576">
        <ele>582.745846</ele>
        <time>2026-09-28T09:37:11.569Z</time>
      </trkpt>
      <trkpt lat="38.697837" lon="-0.102366">
        <ele>583.617064</ele>
        <time>2026-09-28T09:37:19.145Z</time>
      </trkpt>
      <trkpt lat="38.698155" lon="-0.102136">
        <ele>584.862249</ele>
        <time>2026-09-28T09:37:28.915Z</time>
      </trkpt>
      <trkpt lat="38.698239" lon="-0.102091">
        <ele>585.172710</ele>
        <time>2026-09-28T09:37:31.089Z</time>
      </trkpt>
      <trkpt lat="38.698279" lon="-0.102080">
        <ele>585.312213</ele>
        <time>2026-09-28T09:37:31.993Z</time>
      </trkpt>
      <trkpt lat="38.698445" lon="-0.102078">
        <ele>585.878285</ele>
        <time>2026-09-28T09:37:35.585Z</time>
      </trkpt>
      <trkpt lat="38.698575" lon="-0.102120">
        <ele>586.335449</ele>
        <time>2026-09-28T09:37:38.357Z</time>
      </trkpt>
      <trkpt lat="38.698669" lon="-0.102174">
        <ele>586.456303</ele>
        <time>2026-09-28T09:37:40.377Z</time>
      </trkpt>
      <trkpt lat="38.698798" lon="-0.102301">
        <ele>586.374977</ele>
        <time>2026-09-28T09:37:43.389Z</time>
      </trkpt>
      <trkpt lat="38.698813" lon="-0.102326">
        <ele>586.362674</ele>
        <time>2026-09-28T09:37:43.839Z</time>
      </trkpt>
      <trkpt lat="38.699179" lon="-0.102818">
        <ele>586.097490</ele>
        <time>2026-09-28T09:37:51.668Z</time>
      </trkpt>
      <trkpt lat="38.699275" lon="-0.102869">
        <ele>586.045537</ele>
        <time>2026-09-28T09:37:52.836Z</time>
      </trkpt>
      <trkpt lat="38.699505" lon="-0.102873">
        <ele>585.930548</ele>
        <time>2026-09-28T09:37:55.151Z</time>
      </trkpt>
      <trkpt lat="38.699632" lon="-0.102936">
        <ele>585.862468</ele>
        <time>2026-09-28T09:37:56.409Z</time>
      </trkpt>
      <trkpt lat="38.700159" lon="-0.103487">
        <ele>585.160018</ele>
        <time>2026-09-28T09:38:02.570Z</time>
      </trkpt>
      <trkpt lat="38.700253" lon="-0.103557">
        <ele>584.798688</ele>
        <time>2026-09-28T09:38:03.552Z</time>
      </trkpt>
      <trkpt lat="38.700478" lon="-0.103630">
        <ele>584.027317</ele>
        <time>2026-09-28T09:38:05.598Z</time>
      </trkpt>
      <trkpt lat="38.700661" lon="-0.103812">
        <ele>583.257431</ele>
        <time>2026-09-28T09:38:07.582Z</time>
      </trkpt>
      <trkpt lat="38.700929" lon="-0.104005">
        <ele>582.235721</ele>
        <time>2026-09-28T09:38:10.111Z</time>
      </trkpt>
      <trkpt lat="38.700976" lon="-0.104107">
        <ele>581.928494</ele>
        <time>2026-09-28T09:38:10.848Z</time>
      </trkpt>
      <trkpt lat="38.701173" lon="-0.104975">
        <ele>579.588969</ele>
        <time>2026-09-28T09:38:16.615Z</time>
      </trkpt>
      <trkpt lat="38.701393" lon="-0.105458">
        <ele>578.431203</ele>
        <time>2026-09-28T09:38:20.913Z</time>
      </trkpt>
      <trkpt lat="38.701510" lon="-0.105799">
        <ele>577.660043</ele>
        <time>2026-09-28T09:38:25.091Z</time>
      </trkpt>
      <trkpt lat="38.701511" lon="-0.105883">
        <ele>577.486125</ele>
        <time>2026-09-28T09:38:26.061Z</time>
      </trkpt>
      <trkpt lat="38.701469" lon="-0.105984">
        <ele>577.249202</ele>
        <time>2026-09-28T09:38:27.101Z</time>
      </trkpt>
      <trkpt lat="38.701247" lon="-0.106091">
        <ele>576.620015</ele>
        <time>2026-09-28T09:38:29.520Z</time>
      </trkpt>
      <trkpt lat="38.701204" lon="-0.106136">
        <ele>576.472740</ele>
        <time>2026-09-28T09:38:30.003Z</time>
      </trkpt>
      <trkpt lat="38.701172" lon="-0.106230">
        <ele>576.260430</ele>
        <time>2026-09-28T09:38:30.704Z</time>
      </trkpt>
      <trkpt lat="38.701179" lon="-0.106351">
        <ele>576.009245</ele>
        <time>2026-09-28T09:38:31.508Z</time>
      </trkpt>
      <trkpt lat="38.701233" lon="-0.106441">
        <ele>575.774224</ele>
        <time>2026-09-28T09:38:32.278Z</time>
      </trkpt>
      <trkpt lat="38.701363" lon="-0.106520">
        <ele>575.392554</ele>
        <time>2026-09-28T09:38:33.489Z</time>
      </trkpt>
      <trkpt lat="38.701708" lon="-0.106566">
        <ele>573.772784</ele>
        <time>2026-09-28T09:38:36.269Z</time>
      </trkpt>
      <trkpt lat="38.702147" lon="-0.106623">
        <ele>570.359969</ele>
        <time>2026-09-28T09:38:39.645Z</time>
      </trkpt>
      <trkpt lat="38.702727" lon="-0.106760">
        <ele>565.798402</ele>
        <time>2026-09-28T09:38:43.982Z</time>
      </trkpt>
      <trkpt lat="38.703458" lon="-0.107255">
        <ele>559.378856</ele>
        <time>2026-09-28T09:38:50.164Z</time>
      </trkpt>
      <trkpt lat="38.704041" lon="-0.107504">
        <ele>554.548516</ele>
        <time>2026-09-28T09:38:54.812Z</time>
      </trkpt>
      <trkpt lat="38.704175" lon="-0.107531">
        <ele>553.482307</ele>
        <time>2026-09-28T09:38:55.836Z</time>
      </trkpt>
      <trkpt lat="38.704582" lon="-0.107446">
        <ele>550.240994</ele>
        <time>2026-09-28T09:38:58.937Z</time>
      </trkpt>
      <trkpt lat="38.704740" lon="-0.107466">
        <ele>548.993036</ele>
        <time>2026-09-28T09:39:00.136Z</time>
      </trkpt>
      <trkpt lat="38.705233" lon="-0.107853">
        <ele>543.516270</ele>
        <time>2026-09-28T09:39:04.543Z</time>
      </trkpt>
      <trkpt lat="38.705631" lon="-0.108239">
        <ele>538.029472</ele>
        <time>2026-09-28T09:39:08.219Z</time>
      </trkpt>
      <trkpt lat="38.705745" lon="-0.108300">
        <ele>536.671461</ele>
        <time>2026-09-28T09:39:09.124Z</time>
      </trkpt>
      <trkpt lat="38.705852" lon="-0.108311">
        <ele>535.491481</ele>
        <time>2026-09-28T09:39:09.907Z</time>
      </trkpt>
      <trkpt lat="38.706073" lon="-0.108257">
        <ele>533.018363</ele>
        <time>2026-09-28T09:39:11.538Z</time>
      </trkpt>
      <trkpt lat="38.706145" lon="-0.108187">
        <ele>532.024895</ele>
        <time>2026-09-28T09:39:12.192Z</time>
      </trkpt>
      <trkpt lat="38.706231" lon="-0.108005">
        <ele>530.199758</ele>
        <time>2026-09-28T09:39:13.374Z</time>
      </trkpt>
      <trkpt lat="38.706408" lon="-0.107826">
        <ele>527.721172</ele>
        <time>2026-09-28T09:39:14.971Z</time>
      </trkpt>
      <trkpt lat="38.706477" lon="-0.107651">
        <ele>525.883553</ele>
        <time>2026-09-28T09:39:16.047Z</time>
      </trkpt>
      <trkpt lat="38.706483" lon="-0.107480">
        <ele>524.181313</ele>
        <time>2026-09-28T09:39:16.984Z</time>
      </trkpt>
      <trkpt lat="38.706421" lon="-0.107231">
        <ele>521.582117</ele>
        <time>2026-09-28T09:39:18.413Z</time>
      </trkpt>
      <trkpt lat="38.706414" lon="-0.107083">
        <ele>520.107618</ele>
        <time>2026-09-28T09:39:19.219Z</time>
      </trkpt>
      <trkpt lat="38.706502" lon="-0.106601">
        <ele>515.184896</ele>
        <time>2026-09-28T09:39:21.930Z</time>
      </trkpt>
      <trkpt lat="38.706570" lon="-0.105773">
        <ele>506.905325</ele>
        <time>2026-09-28T09:39:26.669Z</time>
      </trkpt>
      <trkpt lat="38.706605" lon="-0.105598">
        <ele>505.108780</ele>
        <time>2026-09-28T09:39:27.742Z</time>
      </trkpt>
      <trkpt lat="38.706646" lon="-0.105474">
        <ele>503.952524</ele>
        <time>2026-09-28T09:39:28.534Z</time>
      </trkpt>
      <trkpt lat="38.706878" lon="-0.105014">
        <ele>501.562349</ele>
        <time>2026-09-28T09:39:31.751Z</time>
      </trkpt>
      <trkpt lat="38.707012" lon="-0.104830">
        <ele>500.464038</ele>
        <time>2026-09-28T09:39:33.267Z</time>
      </trkpt>
      <trkpt lat="38.707237" lon="-0.104617">
        <ele>498.899686</ele>
        <time>2026-09-28T09:39:35.521Z</time>
      </trkpt>
      <trkpt lat="38.707292" lon="-0.104512">
        <ele>498.347819</ele>
        <time>2026-09-28T09:39:36.333Z</time>
      </trkpt>
      <trkpt lat="38.707319" lon="-0.104373">
        <ele>497.722727</ele>
        <time>2026-09-28T09:39:37.247Z</time>
      </trkpt>
      <trkpt lat="38.707348" lon="-0.103984">
        <ele>496.017440</ele>
        <time>2026-09-28T09:39:39.797Z</time>
      </trkpt>
      <trkpt lat="38.707338" lon="-0.103668">
        <ele>494.637314</ele>
        <time>2026-09-28T09:39:41.840Z</time>
      </trkpt>
      <trkpt lat="38.707285" lon="-0.103362">
        <ele>494.149911</ele>
        <time>2026-09-28T09:39:43.798Z</time>
      </trkpt>
      <trkpt lat="38.707125" lon="-0.103005">
        <ele>494.413693</ele>
        <time>2026-09-28T09:39:46.427Z</time>
      </trkpt>
      <trkpt lat="38.707053" lon="-0.102757">
        <ele>494.583235</ele>
        <time>2026-09-28T09:39:48.839Z</time>
      </trkpt>
      <trkpt lat="38.707038" lon="-0.102366">
        <ele>494.834064</ele>
        <time>2026-09-28T09:39:54.587Z</time>
      </trkpt>
      <trkpt lat="38.706985" lon="-0.101965">
        <ele>495.094656</ele>
        <time>2026-09-28T09:40:01.930Z</time>
      </trkpt>
      <trkpt lat="38.707006" lon="-0.101836">
        <ele>495.179090</ele>
        <time>2026-09-28T09:40:04.575Z</time>
      </trkpt>
      <trkpt lat="38.707067" lon="-0.101750">
        <ele>495.253554</ele>
        <time>2026-09-28T09:40:06.947Z</time>
      </trkpt>
      <trkpt lat="38.707379" lon="-0.101601">
        <ele>495.581728</ele>
        <time>2026-09-28T09:40:15.915Z</time>
      </trkpt>
      <trkpt lat="38.707463" lon="-0.101514">
        <ele>496.046313</ele>
        <time>2026-09-28T09:40:18.829Z</time>
      </trkpt>
      <trkpt lat="38.707700" lon="-0.101083">
        <ele>497.816146</ele>
        <time>2026-09-28T09:40:30.952Z</time>
      </trkpt>
      <trkpt lat="38.707732" lon="-0.100963">
        <ele>498.241816</ele>
        <time>2026-09-28T09:40:34.093Z</time>
      </trkpt>
      <trkpt lat="38.707755" lon="-0.100683">
        <ele>499.186875</ele>
        <time>2026-09-28T09:40:40.868Z</time>
      </trkpt>
      <trkpt lat="38.707809" lon="-0.100559">
        <ele>499.663529</ele>
        <time>2026-09-28T09:40:44.189Z</time>
      </trkpt>
      <trkpt lat="38.708030" lon="-0.100406">
        <ele>500.744017</ele>
        <time>2026-09-28T09:40:50.851Z</time>
      </trkpt>
      <trkpt lat="38.708133" lon="-0.100304">
        <ele>501.303947</ele>
        <time>2026-09-28T09:40:54.027Z</time>
      </trkpt>
      <trkpt lat="38.708259" lon="-0.100134">
        <ele>502.090948</ele>
        <time>2026-09-28T09:40:58.381Z</time>
      </trkpt>
      <trkpt lat="38.708361" lon="-0.099942">
        <ele>502.870597</ele>
        <time>2026-09-28T09:41:02.600Z</time>
      </trkpt>
      <trkpt lat="38.708659" lon="-0.099789">
        <ele>504.469199</ele>
        <time>2026-09-28T09:41:10.105Z</time>
      </trkpt>
      <trkpt lat="38.708924" lon="-0.099574">
        <ele>506.111874</ele>
        <time>2026-09-28T09:41:18.896Z</time>
      </trkpt>
      <trkpt lat="38.709015" lon="-0.099419">
        <ele>506.904613</ele>
        <time>2026-09-28T09:41:23.761Z</time>
      </trkpt>
      <trkpt lat="38.709123" lon="-0.099002">
        <ele>508.700267</ele>
        <time>2026-09-28T09:41:35.573Z</time>
      </trkpt>
      <trkpt lat="38.709190" lon="-0.098869">
        <ele>509.347251</ele>
        <time>2026-09-28T09:41:39.855Z</time>
      </trkpt>
      <trkpt lat="38.709319" lon="-0.098806">
        <ele>510.070273</ele>
        <time>2026-09-28T09:41:44.687Z</time>
      </trkpt>
      <trkpt lat="38.709824" lon="-0.098729">
        <ele>512.717618</ele>
        <time>2026-09-28T09:42:01.710Z</time>
      </trkpt>
      <trkpt lat="38.709901" lon="-0.098688">
        <ele>513.041580</ele>
        <time>2026-09-28T09:42:04.416Z</time>
      </trkpt>
      <trkpt lat="38.709975" lon="-0.098571">
        <ele>513.498181</ele>
        <time>2026-09-28T09:42:07.976Z</time>
      </trkpt>
      <trkpt lat="38.710093" lon="-0.098181">
        <ele>514.766336</ele>
        <time>2026-09-28T09:42:16.765Z</time>
      </trkpt>
      <trkpt lat="38.710103" lon="-0.097940">
        <ele>515.498020</ele>
        <time>2026-09-28T09:42:21.125Z</time>
      </trkpt>
      <trkpt lat="38.710034" lon="-0.097571">
        <ele>516.648409</ele>
        <time>2026-09-28T09:42:27.044Z</time>
      </trkpt>
      <trkpt lat="38.709820" lon="-0.096860">
        <ele>518.958782</ele>
        <time>2026-09-28T09:42:38.600Z</time>
      </trkpt>
      <trkpt lat="38.709693" lon="-0.096542">
        <ele>520.701541</ele>
        <time>2026-09-28T09:42:45.849Z</time>
      </trkpt>
      <trkpt lat="38.709698" lon="-0.096337">
        <ele>522.395790</ele>
        <time>2026-09-28T09:42:51.164Z</time>
      </trkpt>
      <trkpt lat="38.709737" lon="-0.096264">
        <ele>523.126603</ele>
        <time>2026-09-28T09:42:53.729Z</time>
      </trkpt>
      <trkpt lat="38.709846" lon="-0.096170">
        <ele>524.517428</ele>
        <time>2026-09-28T09:42:58.975Z</time>
      </trkpt>
      <trkpt lat="38.709913" lon="-0.096154">
        <ele>525.238906</ele>
        <time>2026-09-28T09:43:01.888Z</time>
      </trkpt>
      <trkpt lat="38.710027" lon="-0.096173">
        <ele>526.455885</ele>
        <time>2026-09-28T09:43:07.155Z</time>
      </trkpt>
      <trkpt lat="38.710300" lon="-0.096337">
        <ele>529.647658</ele>
        <time>2026-09-28T09:43:22.658Z</time>
      </trkpt>
      <trkpt lat="38.710707" lon="-0.096450">
        <ele>534.056155</ele>
        <time>2026-09-28T09:43:47.785Z</time>
      </trkpt>
      <trkpt lat="38.710790" lon="-0.096512">
        <ele>535.073168</ele>
        <time>2026-09-28T09:43:53.949Z</time>
      </trkpt>
      <trkpt lat="38.710931" lon="-0.096735">
        <ele>537.444083</ele>
        <time>2026-09-28T09:44:08.685Z</time>
      </trkpt>
      <trkpt lat="38.711045" lon="-0.097307">
        <ele>540.893935</ele>
        <time>2026-09-28T09:44:38.591Z</time>
      </trkpt>
      <trkpt lat="38.711252" lon="-0.097877">
        <ele>544.040847</ele>
        <time>2026-09-28T09:44:59.490Z</time>
      </trkpt>
      <trkpt lat="38.711394" lon="-0.098130">
        <ele>545.600764</ele>
        <time>2026-09-28T09:45:06.800Z</time>
      </trkpt>
      <trkpt lat="38.711529" lon="-0.098245">
        <ele>546.640590</ele>
        <time>2026-09-28T09:45:10.788Z</time>
      </trkpt>
      <trkpt lat="38.711616" lon="-0.098273">
        <ele>547.215988</ele>
        <time>2026-09-28T09:45:12.716Z</time>
      </trkpt>
      <trkpt lat="38.711785" lon="-0.098239">
        <ele>548.313332</ele>
        <time>2026-09-28T09:45:15.909Z</time>
      </trkpt>
      <trkpt lat="38.711861" lon="-0.098172">
        <ele>548.905049</ele>
        <time>2026-09-28T09:45:17.309Z</time>
      </trkpt>
      <trkpt lat="38.712129" lon="-0.097691">
        <ele>549.951720</ele>
        <time>2026-09-28T09:45:22.328Z</time>
      </trkpt>
      <trkpt lat="38.712273" lon="-0.097206">
        <ele>549.495214</ele>
        <time>2026-09-28T09:45:25.701Z</time>
      </trkpt>
      <trkpt lat="38.712588" lon="-0.096679">
        <ele>548.911217</ele>
        <time>2026-09-28T09:45:30.298Z</time>
      </trkpt>
      <trkpt lat="38.712626" lon="-0.096558">
        <ele>548.796474</ele>
        <time>2026-09-28T09:45:31.386Z</time>
      </trkpt>
      <trkpt lat="38.712616" lon="-0.096437">
        <ele>548.689434</ele>
        <time>2026-09-28T09:45:32.498Z</time>
      </trkpt>
      <trkpt lat="38.712561" lon="-0.096330">
        <ele>548.576716</ele>
        <time>2026-09-28T09:45:33.830Z</time>
      </trkpt>
      <trkpt lat="38.712229" lon="-0.096133">
        <ele>548.296276</ele>
        <time>2026-09-28T09:45:39.570Z</time>
      </trkpt>
      <trkpt lat="38.712118" lon="-0.095974">
        <ele>548.654069</ele>
        <time>2026-09-28T09:45:42.216Z</time>
      </trkpt>
      <trkpt lat="38.712080" lon="-0.095805">
        <ele>548.949023</ele>
        <time>2026-09-28T09:45:44.277Z</time>
      </trkpt>
      <trkpt lat="38.712002" lon="-0.094862">
        <ele>550.539342</ele>
        <time>2026-09-28T09:45:57.817Z</time>
      </trkpt>
      <trkpt lat="38.711883" lon="-0.094321">
        <ele>551.481987</ele>
        <time>2026-09-28T09:46:09.232Z</time>
      </trkpt>
      <trkpt lat="38.711896" lon="-0.094127">
        <ele>551.808532</ele>
        <time>2026-09-28T09:46:13.232Z</time>
      </trkpt>
      <trkpt lat="38.712043" lon="-0.093812">
        <ele>552.247743</ele>
        <time>2026-09-28T09:46:20.357Z</time>
      </trkpt>
      <trkpt lat="38.712262" lon="-0.093544">
        <ele>552.569438</ele>
        <time>2026-09-28T09:46:26.629Z</time>
      </trkpt>
      <trkpt lat="38.712306" lon="-0.093425">
        <ele>552.678600</ele>
        <time>2026-09-28T09:46:28.679Z</time>
      </trkpt>
      <trkpt lat="38.712321" lon="-0.093274">
        <ele>552.804785</ele>
        <time>2026-09-28T09:46:31.021Z</time>
      </trkpt>
      <trkpt lat="38.712333" lon="-0.092711">
        <ele>553.271668</ele>
        <time>2026-09-28T09:46:39.248Z</time>
      </trkpt>
      <trkpt lat="38.712199" lon="-0.092222">
        <ele>553.701305</ele>
        <time>2026-09-28T09:46:44.505Z</time>
      </trkpt>
      <trkpt lat="38.711999" lon="-0.091678">
        <ele>553.221979</ele>
        <time>2026-09-28T09:46:48.936Z</time>
      </trkpt>
      <trkpt lat="38.711842" lon="-0.091406">
        <ele>552.218434</ele>
        <time>2026-09-28T09:46:51.235Z</time>
      </trkpt>
      <trkpt lat="38.711637" lon="-0.091061">
        <ele>550.932172</ele>
        <time>2026-09-28T09:46:54.138Z</time>
      </trkpt>
      <trkpt lat="38.711619" lon="-0.090922">
        <ele>550.514233</ele>
        <time>2026-09-28T09:46:55.085Z</time>
      </trkpt>
      <trkpt lat="38.711681" lon="-0.090750">
        <ele>549.952243</ele>
        <time>2026-09-28T09:46:56.332Z</time>
      </trkpt>
      <trkpt lat="38.712050" lon="-0.090128">
        <ele>547.634613</ele>
        <time>2026-09-28T09:47:01.253Z</time>
      </trkpt>
      <trkpt lat="38.712223" lon="-0.089933">
        <ele>546.440855</ele>
        <time>2026-09-28T09:47:03.034Z</time>
      </trkpt>
      <trkpt lat="38.712443" lon="-0.089764">
        <ele>544.671312</ele>
        <time>2026-09-28T09:47:05.019Z</time>
      </trkpt>
      <trkpt lat="38.712489" lon="-0.089687">
        <ele>544.149270</ele>
        <time>2026-09-28T09:47:05.597Z</time>
      </trkpt>
      <trkpt lat="38.712507" lon="-0.089494">
        <ele>543.102918</ele>
        <time>2026-09-28T09:47:06.758Z</time>
      </trkpt>
      <trkpt lat="38.712440" lon="-0.089068">
        <ele>540.763554</ele>
        <time>2026-09-28T09:47:09.332Z</time>
      </trkpt>
      <trkpt lat="38.712457" lon="-0.088929">
        <ele>540.006153</ele>
        <time>2026-09-28T09:47:10.163Z</time>
      </trkpt>
      <trkpt lat="38.712501" lon="-0.088825">
        <ele>539.369302</ele>
        <time>2026-09-28T09:47:10.853Z</time>
      </trkpt>
      <trkpt lat="38.712671" lon="-0.088531">
        <ele>537.399451</ele>
        <time>2026-09-28T09:47:12.992Z</time>
      </trkpt>
      <trkpt lat="38.712886" lon="-0.087847">
        <ele>533.972205</ele>
        <time>2026-09-28T09:47:17.336Z</time>
      </trkpt>
      <trkpt lat="38.712951" lon="-0.087569">
        <ele>533.056541</ele>
        <time>2026-09-28T09:47:19.134Z</time>
      </trkpt>
      <trkpt lat="38.713044" lon="-0.086882">
        <ele>530.856576</ele>
        <time>2026-09-28T09:47:24.026Z</time>
      </trkpt>
      <trkpt lat="38.713205" lon="-0.086439">
        <ele>529.314674</ele>
        <time>2026-09-28T09:47:27.857Z</time>
      </trkpt>
      <trkpt lat="38.713370" lon="-0.086244">
        <ele>528.407109</ele>
        <time>2026-09-28T09:47:29.817Z</time>
      </trkpt>
      <trkpt lat="38.713918" lon="-0.086026">
        <ele>525.185371</ele>
        <time>2026-09-28T09:47:34.489Z</time>
      </trkpt>
      <trkpt lat="38.713996" lon="-0.085865">
        <ele>524.196936</ele>
        <time>2026-09-28T09:47:35.638Z</time>
      </trkpt>
      <trkpt lat="38.714000" lon="-0.085721">
        <ele>523.445391</ele>
        <time>2026-09-28T09:47:36.497Z</time>
      </trkpt>
      <trkpt lat="38.713870" lon="-0.085195">
        <ele>520.567569</ele>
        <time>2026-09-28T09:47:39.726Z</time>
      </trkpt>
      <trkpt lat="38.713827" lon="-0.084922">
        <ele>519.114944</ele>
        <time>2026-09-28T09:47:41.311Z</time>
      </trkpt>
      <trkpt lat="38.713852" lon="-0.084270">
        <ele>515.710161</ele>
        <time>2026-09-28T09:47:45.036Z</time>
      </trkpt>
      <trkpt lat="38.713782" lon="-0.083748">
        <ele>516.446459</ele>
        <time>2026-09-28T09:47:48.540Z</time>
      </trkpt>
      <trkpt lat="38.713777" lon="-0.083381">
        <ele>517.214873</ele>
        <time>2026-09-28T09:47:53.607Z</time>
      </trkpt>
      <trkpt lat="38.713822" lon="-0.083159">
        <ele>517.695045</ele>
        <time>2026-09-28T09:47:58.499Z</time>
      </trkpt>
      <trkpt lat="38.713946" lon="-0.082922">
        <ele>518.292408</ele>
        <time>2026-09-28T09:48:06.064Z</time>
      </trkpt>
      <trkpt lat="38.714551" lon="-0.082474">
        <ele>520.167056</ele>
        <time>2026-09-28T09:48:34.444Z</time>
      </trkpt>
      <trkpt lat="38.714717" lon="-0.082152">
        <ele>520.357837</ele>
        <time>2026-09-28T09:48:45.965Z</time>
      </trkpt>
      <trkpt lat="38.715030" lon="-0.081736">
        <ele>520.508549</ele>
        <time>2026-09-28T09:48:56.449Z</time>
      </trkpt>
      <trkpt lat="38.715227" lon="-0.081219">
        <ele>520.658596</ele>
        <time>2026-09-28T09:49:00.701Z</time>
      </trkpt>
      <trkpt lat="38.715246" lon="-0.081029">
        <ele>520.708551</ele>
        <time>2026-09-28T09:49:01.934Z</time>
      </trkpt>
      <trkpt lat="38.715210" lon="-0.080943">
        <ele>520.734003</ele>
        <time>2026-09-28T09:49:02.547Z</time>
      </trkpt>
      <trkpt lat="38.714738" lon="-0.080395">
        <ele>520.545085</ele>
        <time>2026-09-28T09:49:07.719Z</time>
      </trkpt>
      <trkpt lat="38.714700" lon="-0.080258">
        <ele>520.381718</ele>
        <time>2026-09-28T09:49:08.690Z</time>
      </trkpt>
      <trkpt lat="38.714743" lon="-0.080089">
        <ele>520.181991</ele>
        <time>2026-09-28T09:49:09.961Z</time>
      </trkpt>
      <trkpt lat="38.715001" lon="-0.079869">
        <ele>519.735754</ele>
        <time>2026-09-28T09:49:13.146Z</time>
      </trkpt>
      <trkpt lat="38.715142" lon="-0.079504">
        <ele>519.278139</ele>
        <time>2026-09-28T09:49:17.123Z</time>
      </trkpt>
      <trkpt lat="38.715258" lon="-0.079408">
        <ele>519.079301</ele>
        <time>2026-09-28T09:49:19.043Z</time>
      </trkpt>
      <trkpt lat="38.715685" lon="-0.079359">
        <ele>518.461963</ele>
        <time>2026-09-28T09:49:25.194Z</time>
      </trkpt>
      <trkpt lat="38.715792" lon="-0.079311">
        <ele>518.298718</ele>
        <time>2026-09-28T09:49:26.564Z</time>
      </trkpt>
      <trkpt lat="38.716044" lon="-0.079092">
        <ele>517.230369</ele>
        <time>2026-09-28T09:49:29.760Z</time>
      </trkpt>
      <trkpt lat="38.716204" lon="-0.078874">
        <ele>516.390799</ele>
        <time>2026-09-28T09:49:31.981Z</time>
      </trkpt>
      <trkpt lat="38.716502" lon="-0.078012">
        <ele>513.745991</ele>
        <time>2026-09-28T09:49:37.833Z</time>
      </trkpt>
      <trkpt lat="38.716738" lon="-0.077574">
        <ele>512.252820</ele>
        <time>2026-09-28T09:49:41.014Z</time>
      </trkpt>
      <trkpt lat="38.716773" lon="-0.077468">
        <ele>511.929940</ele>
        <time>2026-09-28T09:49:41.710Z</time>
      </trkpt>
      <trkpt lat="38.716774" lon="-0.077348">
        <ele>511.959479</ele>
        <time>2026-09-28T09:49:42.468Z</time>
      </trkpt>
      <trkpt lat="38.716746" lon="-0.077222">
        <ele>512.200172</ele>
        <time>2026-09-28T09:49:43.335Z</time>
      </trkpt>
      <trkpt lat="38.716442" lon="-0.076640">
        <ele>513.486908</ele>
        <time>2026-09-28T09:49:50.708Z</time>
      </trkpt>
      <trkpt lat="38.716397" lon="-0.076413">
        <ele>513.917204</ele>
        <time>2026-09-28T09:49:55.838Z</time>
      </trkpt>
      <trkpt lat="38.716393" lon="-0.076124">
        <ele>514.448242</ele>
        <time>2026-09-28T09:50:03.049Z</time>
      </trkpt>
      <trkpt lat="38.716474" lon="-0.075967">
        <ele>514.794038</ele>
        <time>2026-09-28T09:50:07.841Z</time>
      </trkpt>
      <trkpt lat="38.716574" lon="-0.075889">
        <ele>515.069681</ele>
        <time>2026-09-28T09:50:11.593Z</time>
      </trkpt>
      <trkpt lat="38.716731" lon="-0.075873">
        <ele>515.440526</ele>
        <time>2026-09-28T09:50:16.557Z</time>
      </trkpt>
      <trkpt lat="38.716922" lon="-0.075932">
        <ele>515.903141</ele>
        <time>2026-09-28T09:50:22.778Z</time>
      </trkpt>
      <trkpt lat="38.717025" lon="-0.075894">
        <ele>516.187922</ele>
        <time>2026-09-28T09:50:26.391Z</time>
      </trkpt>
      <trkpt lat="38.717089" lon="-0.075792">
        <ele>516.502050</ele>
        <time>2026-09-28T09:50:29.799Z</time>
      </trkpt>
      <trkpt lat="38.717187" lon="-0.075538">
        <ele>517.182090</ele>
        <time>2026-09-28T09:50:37.062Z</time>
      </trkpt>
      <trkpt lat="38.717381" lon="-0.075330">
        <ele>517.960075</ele>
        <time>2026-09-28T09:50:44.654Z</time>
      </trkpt>
      <trkpt lat="38.717412" lon="-0.075240">
        <ele>518.196179</ele>
        <time>2026-09-28T09:50:46.579Z</time>
      </trkpt>
      <trkpt lat="38.717418" lon="-0.075000">
        <ele>518.772457</ele>
        <time>2026-09-28T09:50:50.802Z</time>
      </trkpt>
      <trkpt lat="38.717445" lon="-0.074840">
        <ele>519.165322</ele>
        <time>2026-09-28T09:50:53.171Z</time>
      </trkpt>
      <trkpt lat="38.717575" lon="-0.074319">
        <ele>520.478063</ele>
        <time>2026-09-28T09:50:59.089Z</time>
      </trkpt>
      <trkpt lat="38.717684" lon="-0.073967">
        <ele>521.386932</ele>
        <time>2026-09-28T09:51:03.033Z</time>
      </trkpt>
      <trkpt lat="38.717864" lon="-0.073583">
        <ele>522.580685</ele>
        <time>2026-09-28T09:51:10.317Z</time>
      </trkpt>
      <trkpt lat="38.717874" lon="-0.073192">
        <ele>523.646168</ele>
        <time>2026-09-28T09:51:18.300Z</time>
      </trkpt>
      <trkpt lat="38.717920" lon="-0.072979">
        <ele>524.248098</ele>
        <time>2026-09-28T09:51:23.250Z</time>
      </trkpt>
      <trkpt lat="38.718054" lon="-0.072730">
        <ele>525.071930</ele>
        <time>2026-09-28T09:51:29.897Z</time>
      </trkpt>
      <trkpt lat="38.718569" lon="-0.072076">
        <ele>527.602621</ele>
        <time>2026-09-28T09:51:48.494Z</time>
      </trkpt>
      <trkpt lat="38.718632" lon="-0.071943">
        <ele>528.085738</ele>
        <time>2026-09-28T09:51:51.475Z</time>
      </trkpt>
      <trkpt lat="38.718613" lon="-0.071759">
        <ele>528.772262</ele>
        <time>2026-09-28T09:51:55.039Z</time>
      </trkpt>
      <trkpt lat="38.718289" lon="-0.070962">
        <ele>532.096413</ele>
        <time>2026-09-28T09:52:13.631Z</time>
      </trkpt>
      <trkpt lat="38.718296" lon="-0.070742">
        <ele>532.910842</ele>
        <time>2026-09-28T09:52:18.291Z</time>
      </trkpt>
      <trkpt lat="38.718414" lon="-0.070383">
        <ele>534.351759</ele>
        <time>2026-09-28T09:52:26.930Z</time>
      </trkpt>
      <trkpt lat="38.718723" lon="-0.069908">
        <ele>536.764981</ele>
        <time>2026-09-28T09:52:42.731Z</time>
      </trkpt>
      <trkpt lat="38.718921" lon="-0.069410">
        <ele>539.864536</ele>
        <time>2026-09-28T09:52:58.850Z</time>
      </trkpt>
      <trkpt lat="38.719428" lon="-0.068382">
        <ele>546.608714</ele>
        <time>2026-09-28T09:53:33.777Z</time>
      </trkpt>
      <trkpt lat="38.719711" lon="-0.067450">
        <ele>553.050013</ele>
        <time>2026-09-28T09:54:04.628Z</time>
      </trkpt>
      <trkpt lat="38.719734" lon="-0.067264">
        <ele>554.407767</ele>
        <time>2026-09-28T09:54:10.954Z</time>
      </trkpt>
      <trkpt lat="38.719728" lon="-0.066523">
        <ele>559.750490</ele>
        <time>2026-09-28T09:54:37.278Z</time>
      </trkpt>
      <trkpt lat="38.719830" lon="-0.066187">
        <ele>562.349878</ele>
        <time>2026-09-28T09:54:50.406Z</time>
      </trkpt>
      <trkpt lat="38.720415" lon="-0.065408">
        <ele>569.826566</ele>
        <time>2026-09-28T09:55:30.370Z</time>
      </trkpt>
      <trkpt lat="38.720615" lon="-0.065227">
        <ele>571.923388</ele>
        <time>2026-09-28T09:55:41.851Z</time>
      </trkpt>
      <trkpt lat="38.721168" lon="-0.064871">
        <ele>577.223302</ele>
        <time>2026-09-28T09:56:08.347Z</time>
      </trkpt>
      <trkpt lat="38.721577" lon="-0.064751">
        <ele>580.816725</ele>
        <time>2026-09-28T09:56:23.270Z</time>
      </trkpt>
      <trkpt lat="38.721767" lon="-0.064618">
        <ele>582.192993</ele>
        <time>2026-09-28T09:56:30.364Z</time>
      </trkpt>
      <trkpt lat="38.721827" lon="-0.064515">
        <ele>582.773526</ele>
        <time>2026-09-28T09:56:33.569Z</time>
      </trkpt>
      <trkpt lat="38.721993" lon="-0.064015">
        <ele>585.227602</ele>
        <time>2026-09-28T09:56:46.317Z</time>
      </trkpt>
      <trkpt lat="38.722140" lon="-0.063725">
        <ele>586.789468</ele>
        <time>2026-09-28T09:56:54.044Z</time>
      </trkpt>
      <trkpt lat="38.722785" lon="-0.062939">
        <ele>592.199203</ele>
        <time>2026-09-28T09:57:21.666Z</time>
      </trkpt>
      <trkpt lat="38.723086" lon="-0.062294">
        <ele>598.222317</ele>
        <time>2026-09-28T09:57:44.835Z</time>
      </trkpt>
      <trkpt lat="38.723182" lon="-0.062032">
        <ele>600.541995</ele>
        <time>2026-09-28T09:57:55.126Z</time>
      </trkpt>
      <trkpt lat="38.723249" lon="-0.061428">
        <ele>605.431072</ele>
        <time>2026-09-28T09:58:20.313Z</time>
      </trkpt>
      <trkpt lat="38.723341" lon="-0.060859">
        <ele>610.087063</ele>
        <time>2026-09-28T09:58:47.601Z</time>
      </trkpt>
      <trkpt lat="38.723546" lon="-0.059805">
        <ele>617.098217</ele>
        <time>2026-09-28T09:59:37.279Z</time>
      </trkpt>
      <trkpt lat="38.723569" lon="-0.059709">
        <ele>617.746397</ele>
        <time>2026-09-28T09:59:41.092Z</time>
      </trkpt>
      <trkpt lat="38.723614" lon="-0.059482">
        <ele>619.258101</ele>
        <time>2026-09-28T09:59:48.956Z</time>
      </trkpt>
      <trkpt lat="38.723704" lon="-0.058876">
        <ele>623.239695</ele>
        <time>2026-09-28T10:00:03.455Z</time>
      </trkpt>
      <trkpt lat="38.723791" lon="-0.058674">
        <ele>624.728955</ele>
        <time>2026-09-28T10:00:06.239Z</time>
      </trkpt>
      <trkpt lat="38.724598" lon="-0.057642">
        <ele>620.681482</ele>
        <time>2026-09-28T10:00:16.145Z</time>
      </trkpt>
      <trkpt lat="38.724752" lon="-0.057361">
        <ele>619.649307</ele>
        <time>2026-09-28T10:00:18.193Z</time>
      </trkpt>
      <trkpt lat="38.724808" lon="-0.057029">
        <ele>618.628353</ele>
        <time>2026-09-28T10:00:20.187Z</time>
      </trkpt>
      <trkpt lat="38.724796" lon="-0.056879">
        <ele>618.175131</ele>
        <time>2026-09-28T10:00:21.068Z</time>
      </trkpt>
      <trkpt lat="38.724705" lon="-0.056571">
        <ele>616.616283</ele>
        <time>2026-09-28T10:00:23.025Z</time>
      </trkpt>
      <trkpt lat="38.724706" lon="-0.056495">
        <ele>616.234737</ele>
        <time>2026-09-28T10:00:23.477Z</time>
      </trkpt>
      <trkpt lat="38.724739" lon="-0.056438">
        <ele>615.878442</ele>
        <time>2026-09-28T10:00:23.909Z</time>
      </trkpt>
      <trkpt lat="38.724820" lon="-0.056447">
        <ele>615.355325</ele>
        <time>2026-09-28T10:00:24.531Z</time>
      </trkpt>
      <trkpt lat="38.724882" lon="-0.056572">
        <ele>614.611800</ele>
        <time>2026-09-28T10:00:25.444Z</time>
      </trkpt>
      <trkpt lat="38.724959" lon="-0.056831">
        <ele>613.220521</ele>
        <time>2026-09-28T10:00:27.185Z</time>
      </trkpt>
      <trkpt lat="38.724985" lon="-0.057101">
        <ele>611.854940</ele>
        <time>2026-09-28T10:00:28.942Z</time>
      </trkpt>
      <trkpt lat="38.724977" lon="-0.057277">
        <ele>610.969990</ele>
        <time>2026-09-28T10:00:30.056Z</time>
      </trkpt>
      <trkpt lat="38.724923" lon="-0.057580">
        <ele>609.409867</ele>
        <time>2026-09-28T10:00:31.892Z</time>
      </trkpt>
      <trkpt lat="38.724859" lon="-0.057805">
        <ele>608.207726</ele>
        <time>2026-09-28T10:00:33.256Z</time>
      </trkpt>
      <trkpt lat="38.724794" lon="-0.057938">
        <ele>607.419939</ele>
        <time>2026-09-28T10:00:34.174Z</time>
      </trkpt>
      <trkpt lat="38.724773" lon="-0.057977">
        <ele>607.182073</ele>
        <time>2026-09-28T10:00:34.459Z</time>
      </trkpt>
      <trkpt lat="38.724669" lon="-0.058191">
        <ele>606.050367</ele>
        <time>2026-09-28T10:00:35.975Z</time>
      </trkpt>
      <trkpt lat="38.724633" lon="-0.058353">
        <ele>605.412460</ele>
        <time>2026-09-28T10:00:36.995Z</time>
      </trkpt>
      <trkpt lat="38.724650" lon="-0.058484">
        <ele>604.909538</ele>
        <time>2026-09-28T10:00:37.802Z</time>
      </trkpt>
      <trkpt lat="38.724683" lon="-0.058545">
        <ele>604.628421</ele>
        <time>2026-09-28T10:00:38.258Z</time>
      </trkpt>
      <trkpt lat="38.724870" lon="-0.058752">
        <ele>603.429039</ele>
        <time>2026-09-28T10:00:40.236Z</time>
      </trkpt>
      <trkpt lat="38.724956" lon="-0.059000">
        <ele>602.401250</ele>
        <time>2026-09-28T10:00:41.955Z</time>
      </trkpt>
      <trkpt lat="38.725128" lon="-0.059573">
        <ele>600.076192</ele>
        <time>2026-09-28T10:00:45.820Z</time>
      </trkpt>
      <trkpt lat="38.725156" lon="-0.060067">
        <ele>598.200464</ele>
        <time>2026-09-28T10:00:48.991Z</time>
      </trkpt>
      <trkpt lat="38.725124" lon="-0.060218">
        <ele>597.674628</ele>
        <time>2026-09-28T10:00:50.075Z</time>
      </trkpt>
      <trkpt lat="38.724737" lon="-0.060715">
        <ele>596.460705</ele>
        <time>2026-09-28T10:00:55.383Z</time>
      </trkpt>
      <trkpt lat="38.724602" lon="-0.061050">
        <ele>595.808872</ele>
        <time>2026-09-28T10:00:58.523Z</time>
      </trkpt>
      <trkpt lat="38.724570" lon="-0.061205">
        <ele>595.531691</ele>
        <time>2026-09-28T10:00:59.788Z</time>
      </trkpt>
      <trkpt lat="38.724555" lon="-0.062115">
        <ele>593.958165</ele>
        <time>2026-09-28T10:01:06.237Z</time>
      </trkpt>
      <trkpt lat="38.724683" lon="-0.063015">
        <ele>590.795939</ele>
        <time>2026-09-28T10:01:12.413Z</time>
      </trkpt>
      <trkpt lat="38.724647" lon="-0.063289">
        <ele>589.760722</ele>
        <time>2026-09-28T10:01:14.297Z</time>
      </trkpt>
      <trkpt lat="38.724452" lon="-0.064120">
        <ele>586.527645</ele>
        <time>2026-09-28T10:01:19.734Z</time>
      </trkpt>
      <trkpt lat="38.724438" lon="-0.064223">
        <ele>586.138116</ele>
        <time>2026-09-28T10:01:20.349Z</time>
      </trkpt>
      <trkpt lat="38.724458" lon="-0.064339">
        <ele>585.695505</ele>
        <time>2026-09-28T10:01:21.048Z</time>
      </trkpt>
      <trkpt lat="38.724594" lon="-0.064576">
        <ele>584.410645</ele>
        <time>2026-09-28T10:01:22.767Z</time>
      </trkpt>
      <trkpt lat="38.724830" lon="-0.064911">
        <ele>582.158318</ele>
        <time>2026-09-28T10:01:25.377Z</time>
      </trkpt>
      <trkpt lat="38.725292" lon="-0.065379">
        <ele>578.391915</ele>
        <time>2026-09-28T10:01:29.779Z</time>
      </trkpt>
      <trkpt lat="38.725586" lon="-0.066058">
        <ele>574.516876</ele>
        <time>2026-09-28T10:01:34.627Z</time>
      </trkpt>
      <trkpt lat="38.725701" lon="-0.066448">
        <ele>572.760937</ele>
        <time>2026-09-28T10:01:37.576Z</time>
      </trkpt>
      <trkpt lat="38.725752" lon="-0.066748">
        <ele>571.638114</ele>
        <time>2026-09-28T10:01:39.854Z</time>
      </trkpt>
      <trkpt lat="38.725758" lon="-0.067048">
        <ele>570.540676</ele>
        <time>2026-09-28T10:01:41.950Z</time>
      </trkpt>
      <trkpt lat="38.725725" lon="-0.067598">
        <ele>568.523426</ele>
        <time>2026-09-28T10:01:45.507Z</time>
      </trkpt>
      <trkpt lat="38.725750" lon="-0.067738">
        <ele>567.998216</ele>
        <time>2026-09-28T10:01:46.382Z</time>
      </trkpt>
      <trkpt lat="38.726021" lon="-0.068104">
        <ele>566.152931</ele>
        <time>2026-09-28T10:01:49.390Z</time>
      </trkpt>
      <trkpt lat="38.726287" lon="-0.068257">
        <ele>564.514379</ele>
        <time>2026-09-28T10:01:51.632Z</time>
      </trkpt>
      <trkpt lat="38.726426" lon="-0.068376">
        <ele>563.239766</ele>
        <time>2026-09-28T10:01:52.927Z</time>
      </trkpt>
      <trkpt lat="38.726522" lon="-0.068512">
        <ele>562.148682</ele>
        <time>2026-09-28T10:01:54.028Z</time>
      </trkpt>
      <trkpt lat="38.726665" lon="-0.068854">
        <ele>559.840346</ele>
        <time>2026-09-28T10:01:56.357Z</time>
      </trkpt>
      <trkpt lat="38.726731" lon="-0.069071">
        <ele>558.454790</ele>
        <time>2026-09-28T10:01:57.749Z</time>
      </trkpt>
      <trkpt lat="38.726738" lon="-0.069206">
        <ele>557.649912</ele>
        <time>2026-09-28T10:01:58.553Z</time>
      </trkpt>
      <trkpt lat="38.726701" lon="-0.069370">
        <ele>556.634310</ele>
        <time>2026-09-28T10:01:59.560Z</time>
      </trkpt>
      <trkpt lat="38.726540" lon="-0.069833">
        <ele>553.618725</ele>
        <time>2026-09-28T10:02:02.521Z</time>
      </trkpt>
      <trkpt lat="38.726561" lon="-0.069976">
        <ele>552.753085</ele>
        <time>2026-09-28T10:02:03.375Z</time>
      </trkpt>
      <trkpt lat="38.726678" lon="-0.070067">
        <ele>551.709509</ele>
        <time>2026-09-28T10:02:04.403Z</time>
      </trkpt>
      <trkpt lat="38.727014" lon="-0.070103">
        <ele>547.898166</ele>
        <time>2026-09-28T10:02:06.897Z</time>
      </trkpt>
      <trkpt lat="38.727270" lon="-0.070224">
        <ele>544.726992</ele>
        <time>2026-09-28T10:02:08.859Z</time>
      </trkpt>
      <trkpt lat="38.727355" lon="-0.070335">
        <ele>543.316713</ele>
        <time>2026-09-28T10:02:09.723Z</time>
      </trkpt>
      <trkpt lat="38.727770" lon="-0.071079">
        <ele>535.023887</ele>
        <time>2026-09-28T10:02:14.781Z</time>
      </trkpt>
      <trkpt lat="38.728185" lon="-0.071644">
        <ele>528.783133</ele>
        <time>2026-09-28T10:02:19.174Z</time>
      </trkpt>
      <trkpt lat="38.728445" lon="-0.072229">
        <ele>524.537415</ele>
        <time>2026-09-28T10:02:23.100Z</time>
      </trkpt>
      <trkpt lat="38.728709" lon="-0.073296">
        <ele>517.478577</ele>
        <time>2026-09-28T10:02:29.773Z</time>
      </trkpt>
      <trkpt lat="38.728783" lon="-0.073376">
        <ele>516.696073</ele>
        <time>2026-09-28T10:02:30.529Z</time>
      </trkpt>
      <trkpt lat="38.729008" lon="-0.073504">
        <ele>514.806857</ele>
        <time>2026-09-28T10:02:32.480Z</time>
      </trkpt>
      <trkpt lat="38.729340" lon="-0.073926">
        <ele>511.308220</ele>
        <time>2026-09-28T10:02:36.074Z</time>
      </trkpt>
      <trkpt lat="38.730060" lon="-0.075416">
        <ele>501.319856</ele>
        <time>2026-09-28T10:02:46.276Z</time>
      </trkpt>
      <trkpt lat="38.730146" lon="-0.075737">
        <ele>499.654334</ele>
        <time>2026-09-28T10:02:48.384Z</time>
      </trkpt>
      <trkpt lat="38.730138" lon="-0.076087">
        <ele>497.936072</ele>
        <time>2026-09-28T10:02:50.595Z</time>
      </trkpt>
      <trkpt lat="38.730154" lon="-0.076244">
        <ele>497.159094</ele>
        <time>2026-09-28T10:02:51.608Z</time>
      </trkpt>
      <trkpt lat="38.730422" lon="-0.076954">
        <ele>493.288548</ele>
        <time>2026-09-28T10:02:56.611Z</time>
      </trkpt>
      <trkpt lat="38.730889" lon="-0.077658">
        <ele>487.645207</ele>
        <time>2026-09-28T10:03:01.987Z</time>
      </trkpt>
      <trkpt lat="38.731075" lon="-0.077901">
        <ele>485.243652</ele>
        <time>2026-09-28T10:03:03.955Z</time>
      </trkpt>
      <trkpt lat="38.731171" lon="-0.077945">
        <ele>484.321718</ele>
        <time>2026-09-28T10:03:04.705Z</time>
      </trkpt>
      <trkpt lat="38.731257" lon="-0.077936">
        <ele>483.541444</ele>
        <time>2026-09-28T10:03:05.339Z</time>
      </trkpt>
      <trkpt lat="38.731330" lon="-0.077891">
        <ele>482.808956</ele>
        <time>2026-09-28T10:03:05.932Z</time>
      </trkpt>
      <trkpt lat="38.731372" lon="-0.077785">
        <ele>481.970281</ele>
        <time>2026-09-28T10:03:06.609Z</time>
      </trkpt>
      <trkpt lat="38.731370" lon="-0.077661">
        <ele>481.095370</ele>
        <time>2026-09-28T10:03:07.324Z</time>
      </trkpt>
      <trkpt lat="38.731339" lon="-0.077570">
        <ele>480.394896</ele>
        <time>2026-09-28T10:03:07.890Z</time>
      </trkpt>
      <trkpt lat="38.731065" lon="-0.077283">
        <ele>477.195194</ele>
        <time>2026-09-28T10:03:10.481Z</time>
      </trkpt>
      <trkpt lat="38.730979" lon="-0.077125">
        <ele>475.836125</ele>
        <time>2026-09-28T10:03:11.569Z</time>
      </trkpt>
      <trkpt lat="38.730802" lon="-0.076450">
        <ele>471.284325</ele>
        <time>2026-09-28T10:03:15.704Z</time>
      </trkpt>
      <trkpt lat="38.730803" lon="-0.076354">
        <ele>470.682934</ele>
        <time>2026-09-28T10:03:16.281Z</time>
      </trkpt>
      <trkpt lat="38.730881" lon="-0.076115">
        <ele>469.060121</ele>
        <time>2026-09-28T10:03:17.828Z</time>
      </trkpt>
      <trkpt lat="38.730940" lon="-0.075739">
        <ele>466.657711</ele>
        <time>2026-09-28T10:03:20.094Z</time>
      </trkpt>
      <trkpt lat="38.731031" lon="-0.075606">
        <ele>465.549566</ele>
        <time>2026-09-28T10:03:21.137Z</time>
      </trkpt>
      <trkpt lat="38.731274" lon="-0.075387">
        <ele>463.164386</ele>
        <time>2026-09-28T10:03:23.389Z</time>
      </trkpt>
      <trkpt lat="38.731318" lon="-0.075286">
        <ele>462.439765</ele>
        <time>2026-09-28T10:03:24.064Z</time>
      </trkpt>
      <trkpt lat="38.731288" lon="-0.075149">
        <ele>461.548443</ele>
        <time>2026-09-28T10:03:24.894Z</time>
      </trkpt>
      <trkpt lat="38.731050" lon="-0.074885">
        <ele>458.694897</ele>
        <time>2026-09-28T10:03:27.267Z</time>
      </trkpt>
      <trkpt lat="38.731026" lon="-0.074759">
        <ele>457.712350</ele>
        <time>2026-09-28T10:03:28.024Z</time>
      </trkpt>
      <trkpt lat="38.731050" lon="-0.074635">
        <ele>456.744515</ele>
        <time>2026-09-28T10:03:28.781Z</time>
      </trkpt>
      <trkpt lat="38.731229" lon="-0.074468">
        <ele>454.594627</ele>
        <time>2026-09-28T10:03:30.443Z</time>
      </trkpt>
      <trkpt lat="38.731707" lon="-0.074205">
        <ele>449.543288</ele>
        <time>2026-09-28T10:03:34.298Z</time>
      </trkpt>
      <trkpt lat="38.731941" lon="-0.073968">
        <ele>446.647265</ele>
        <time>2026-09-28T10:03:36.467Z</time>
      </trkpt>
      <trkpt lat="38.732040" lon="-0.073933">
        <ele>445.649990</ele>
        <time>2026-09-28T10:03:37.200Z</time>
      </trkpt>
      <trkpt lat="38.732128" lon="-0.073994">
        <ele>444.678490</ele>
        <time>2026-09-28T10:03:37.917Z</time>
      </trkpt>
      <trkpt lat="38.732438" lon="-0.074556">
        <ele>439.972749</ele>
        <time>2026-09-28T10:03:41.753Z</time>
      </trkpt>
      <trkpt lat="38.732629" lon="-0.074847">
        <ele>437.493232</ele>
        <time>2026-09-28T10:03:43.887Z</time>
      </trkpt>
      <trkpt lat="38.732762" lon="-0.074954">
        <ele>436.180853</ele>
        <time>2026-09-28T10:03:45.032Z</time>
      </trkpt>
      <trkpt lat="38.732870" lon="-0.075006">
        <ele>435.216628</ele>
        <time>2026-09-28T10:03:45.890Z</time>
      </trkpt>
      <trkpt lat="38.733212" lon="-0.075078">
        <ele>432.319925</ele>
        <time>2026-09-28T10:03:48.498Z</time>
      </trkpt>
      <trkpt lat="38.733354" lon="-0.075052">
        <ele>431.121054</ele>
        <time>2026-09-28T10:03:49.622Z</time>
      </trkpt>
      <trkpt lat="38.733741" lon="-0.074901">
        <ele>427.977786</ele>
        <time>2026-09-28T10:03:52.996Z</time>
      </trkpt>
      <trkpt lat="38.734640" lon="-0.074309">
        <ele>425.432662</ele>
        <time>2026-09-28T10:04:03.902Z</time>
      </trkpt>
      <trkpt lat="38.734735" lon="-0.074191">
        <ele>425.099552</ele>
        <time>2026-09-28T10:04:05.324Z</time>
      </trkpt>
      <trkpt lat="38.734803" lon="-0.073969">
        <ele>424.631047</ele>
        <time>2026-09-28T10:04:07.205Z</time>
      </trkpt>
      <trkpt lat="38.734816" lon="-0.073803">
        <ele>424.303323</ele>
        <time>2026-09-28T10:04:08.391Z</time>
      </trkpt>
      <trkpt lat="38.734794" lon="-0.073496">
        <ele>423.697724</ele>
        <time>2026-09-28T10:04:10.414Z</time>
      </trkpt>
      <trkpt lat="38.734723" lon="-0.073195">
        <ele>422.491512</ele>
        <time>2026-09-28T10:04:12.358Z</time>
      </trkpt>
      <trkpt lat="38.734519" lon="-0.072716">
        <ele>420.079624</ele>
        <time>2026-09-28T10:04:15.557Z</time>
      </trkpt>
      <trkpt lat="38.734344" lon="-0.071827">
        <ele>416.027537</ele>
        <time>2026-09-28T10:04:21.178Z</time>
      </trkpt>
      <trkpt lat="38.734277" lon="-0.071698">
        <ele>415.342612</ele>
        <time>2026-09-28T10:04:22.139Z</time>
      </trkpt>
      <trkpt lat="38.734226" lon="-0.071652">
        <ele>414.989315</ele>
        <time>2026-09-28T10:04:22.635Z</time>
      </trkpt>
      <trkpt lat="38.734110" lon="-0.071615">
        <ele>414.312068</ele>
        <time>2026-09-28T10:04:23.579Z</time>
      </trkpt>
      <trkpt lat="38.733773" lon="-0.071626">
        <ele>412.487059</ele>
        <time>2026-09-28T10:04:26.235Z</time>
      </trkpt>
      <trkpt lat="38.733668" lon="-0.071599">
        <ele>411.934083</ele>
        <time>2026-09-28T10:04:27.074Z</time>
      </trkpt>
      <trkpt lat="38.733063" lon="-0.071157">
        <ele>408.338421</ele>
        <time>2026-09-28T10:04:32.612Z</time>
      </trkpt>
      <trkpt lat="38.733019" lon="-0.071056">
        <ele>407.872456</ele>
        <time>2026-09-28T10:04:33.374Z</time>
      </trkpt>
      <trkpt lat="38.732802" lon="-0.070178">
        <ele>404.162647</ele>
        <time>2026-09-28T10:04:39.136Z</time>
      </trkpt>
      <trkpt lat="38.732759" lon="-0.070074">
        <ele>403.802318</ele>
        <time>2026-09-28T10:04:39.884Z</time>
      </trkpt>
      <trkpt lat="38.732704" lon="-0.070019">
        <ele>403.548717</ele>
        <time>2026-09-28T10:04:40.439Z</time>
      </trkpt>
      <trkpt lat="38.732638" lon="-0.070000">
        <ele>403.302792</ele>
        <time>2026-09-28T10:04:40.983Z</time>
      </trkpt>
      <trkpt lat="38.732563" lon="-0.070018">
        <ele>403.025386</ele>
        <time>2026-09-28T10:04:41.586Z</time>
      </trkpt>
      <trkpt lat="38.732060" lon="-0.070443">
        <ele>400.835194</ele>
        <time>2026-09-28T10:04:46.436Z</time>
      </trkpt>
      <trkpt lat="38.731942" lon="-0.070474">
        <ele>400.397278</ele>
        <time>2026-09-28T10:04:47.473Z</time>
      </trkpt>
      <trkpt lat="38.731867" lon="-0.070425">
        <ele>400.091238</ele>
        <time>2026-09-28T10:04:48.210Z</time>
      </trkpt>
      <trkpt lat="38.731839" lon="-0.070364">
        <ele>399.890511</ele>
        <time>2026-09-28T10:04:48.723Z</time>
      </trkpt>
      <trkpt lat="38.731682" lon="-0.069774">
        <ele>398.122558</ele>
        <time>2026-09-28T10:04:53.449Z</time>
      </trkpt>
      <trkpt lat="38.731557" lon="-0.069540">
        <ele>397.276221</ele>
        <time>2026-09-28T10:04:55.540Z</time>
      </trkpt>
      <trkpt lat="38.731462" lon="-0.069428">
        <ele>396.715589</ele>
        <time>2026-09-28T10:04:56.721Z</time>
      </trkpt>
      <trkpt lat="38.731346" lon="-0.069376">
        <ele>396.181799</ele>
        <time>2026-09-28T10:04:57.806Z</time>
      </trkpt>
      <trkpt lat="38.731148" lon="-0.069348">
        <ele>395.316527</ele>
        <time>2026-09-28T10:04:59.480Z</time>
      </trkpt>
      <trkpt lat="38.730825" lon="-0.069378">
        <ele>393.909831</ele>
        <time>2026-09-28T10:05:02.156Z</time>
      </trkpt>
      <trkpt lat="38.730540" lon="-0.069469">
        <ele>392.634049</ele>
        <time>2026-09-28T10:05:04.549Z</time>
      </trkpt>
      <trkpt lat="38.730436" lon="-0.069413">
        <ele>392.144067</ele>
        <time>2026-09-28T10:05:05.465Z</time>
      </trkpt>
      <trkpt lat="38.730410" lon="-0.069349">
        <ele>391.899557</ele>
        <time>2026-09-28T10:05:05.924Z</time>
      </trkpt>
      <trkpt lat="38.730415" lon="-0.069283">
        <ele>391.674863</ele>
        <time>2026-09-28T10:05:06.344Z</time>
      </trkpt>
      <trkpt lat="38.730636" lon="-0.068898">
        <ele>390.055157</ele>
        <time>2026-09-28T10:05:09.320Z</time>
      </trkpt>
      <trkpt lat="38.730808" lon="-0.068530">
        <ele>387.590335</ele>
        <time>2026-09-28T10:05:11.892Z</time>
      </trkpt>
      <trkpt lat="38.730876" lon="-0.068322">
        <ele>386.135975</ele>
        <time>2026-09-28T10:05:13.214Z</time>
      </trkpt>
      <trkpt lat="38.730894" lon="-0.068135">
        <ele>384.920919</ele>
        <time>2026-09-28T10:05:14.313Z</time>
      </trkpt>
      <trkpt lat="38.730602" lon="-0.066572">
        <ele>374.587799</ele>
        <time>2026-09-28T10:05:23.590Z</time>
      </trkpt>
      <trkpt lat="38.730505" lon="-0.066380">
        <ele>373.268448</ele>
        <time>2026-09-28T10:05:24.905Z</time>
      </trkpt>
      <trkpt lat="38.730133" lon="-0.065855">
        <ele>369.177730</ele>
        <time>2026-09-28T10:05:29.030Z</time>
      </trkpt>
      <trkpt lat="38.730105" lon="-0.065772">
        <ele>368.656161</ele>
        <time>2026-09-28T10:05:29.566Z</time>
      </trkpt>
      <trkpt lat="38.730107" lon="-0.065659">
        <ele>368.004237</ele>
        <time>2026-09-28T10:05:30.235Z</time>
      </trkpt>
      <trkpt lat="38.730173" lon="-0.065556">
        <ele>367.235438</ele>
        <time>2026-09-28T10:05:31.019Z</time>
      </trkpt>
      <trkpt lat="38.730237" lon="-0.065526">
        <ele>366.731603</ele>
        <time>2026-09-28T10:05:31.543Z</time>
      </trkpt>
      <trkpt lat="38.730329" lon="-0.065534">
        <ele>366.049829</ele>
        <time>2026-09-28T10:05:32.241Z</time>
      </trkpt>
      <trkpt lat="38.730759" lon="-0.065725">
        <ele>362.685128</ele>
        <time>2026-09-28T10:05:35.760Z</time>
      </trkpt>
      <trkpt lat="38.731497" lon="-0.066296">
        <ele>358.399006</ele>
        <time>2026-09-28T10:05:42.740Z</time>
      </trkpt>
      <trkpt lat="38.731681" lon="-0.066517">
        <ele>357.277002</ele>
        <time>2026-09-28T10:05:44.794Z</time>
      </trkpt>
      <trkpt lat="38.731957" lon="-0.067023">
        <ele>355.133768</ele>
        <time>2026-09-28T10:05:48.834Z</time>
      </trkpt>
      <trkpt lat="38.732031" lon="-0.067108">
        <ele>354.691629</ele>
        <time>2026-09-28T10:05:49.694Z</time>
      </trkpt>
      <trkpt lat="38.732330" lon="-0.067339">
        <ele>353.152991</ele>
        <time>2026-09-28T10:05:52.635Z</time>
      </trkpt>
      <trkpt lat="38.732338" lon="-0.067350">
        <ele>353.102663</ele>
        <time>2026-09-28T10:05:52.732Z</time>
      </trkpt>
      <trkpt lat="38.732397" lon="-0.067430">
        <ele>352.734235</ele>
        <time>2026-09-28T10:05:53.442Z</time>
      </trkpt>
      <trkpt lat="38.732458" lon="-0.067574">
        <ele>352.185868</ele>
        <time>2026-09-28T10:05:54.492Z</time>
      </trkpt>
      <trkpt lat="38.732638" lon="-0.068116">
        <ele>350.214527</ele>
        <time>2026-09-28T10:05:58.199Z</time>
      </trkpt>
      <trkpt lat="38.732706" lon="-0.068222">
        <ele>349.755252</ele>
        <time>2026-09-28T10:05:59.060Z</time>
      </trkpt>
      <trkpt lat="38.732788" lon="-0.068239">
        <ele>349.398903</ele>
        <time>2026-09-28T10:05:59.722Z</time>
      </trkpt>
      <trkpt lat="38.733372" lon="-0.067989">
        <ele>346.757557</ele>
        <time>2026-09-28T10:06:04.849Z</time>
      </trkpt>
      <trkpt lat="38.733547" lon="-0.067992">
        <ele>346.006743</ele>
        <time>2026-09-28T10:06:06.353Z</time>
      </trkpt>
      <trkpt lat="38.733694" lon="-0.068048">
        <ele>345.108193</ele>
        <time>2026-09-28T10:06:07.657Z</time>
      </trkpt>
      <trkpt lat="38.733828" lon="-0.068145">
        <ele>344.120680</ele>
        <time>2026-09-28T10:06:08.926Z</time>
      </trkpt>
      <trkpt lat="38.734125" lon="-0.068516">
        <ele>341.459609</ele>
        <time>2026-09-28T10:06:12.176Z</time>
      </trkpt>
      <trkpt lat="38.734274" lon="-0.068884">
        <ele>339.384143</ele>
        <time>2026-09-28T10:06:14.667Z</time>
      </trkpt>
      <trkpt lat="38.734340" lon="-0.068982">
        <ele>338.736049</ele>
        <time>2026-09-28T10:06:15.450Z</time>
      </trkpt>
      <trkpt lat="38.734509" lon="-0.068990">
        <ele>337.650819</ele>
        <time>2026-09-28T10:06:16.746Z</time>
      </trkpt>
      <trkpt lat="38.734818" lon="-0.068709">
        <ele>335.219697</ele>
        <time>2026-09-28T10:06:19.625Z</time>
      </trkpt>
      <trkpt lat="38.735603" lon="-0.068349">
        <ele>329.444032</ele>
        <time>2026-09-28T10:06:25.787Z</time>
      </trkpt>
      <trkpt lat="38.735853" lon="-0.068291">
        <ele>327.656794</ele>
        <time>2026-09-28T10:06:27.681Z</time>
      </trkpt>
      <trkpt lat="38.736366" lon="-0.068245">
        <ele>324.039184</ele>
        <time>2026-09-28T10:06:31.650Z</time>
      </trkpt>
      <trkpt lat="38.736644" lon="-0.068332">
        <ele>322.026116</ele>
        <time>2026-09-28T10:06:33.923Z</time>
      </trkpt>
      <trkpt lat="38.736900" lon="-0.068509">
        <ele>321.056667</ele>
        <time>2026-09-28T10:06:36.348Z</time>
      </trkpt>
      <trkpt lat="38.737027" lon="-0.068628">
        <ele>320.668119</ele>
        <time>2026-09-28T10:06:37.743Z</time>
      </trkpt>
      <trkpt lat="38.737170" lon="-0.068884">
        <ele>320.061461</ele>
        <time>2026-09-28T10:06:40.132Z</time>
      </trkpt>
      <trkpt lat="38.737320" lon="-0.069370">
        <ele>319.054462</ele>
        <time>2026-09-28T10:06:44.839Z</time>
      </trkpt>
      <trkpt lat="38.737546" lon="-0.070157">
        <ele>317.438683</ele>
        <time>2026-09-28T10:06:51.111Z</time>
      </trkpt>
      <trkpt lat="38.737600" lon="-0.070546">
        <ele>315.942107</ele>
        <time>2026-09-28T10:06:53.697Z</time>
      </trkpt>
      <trkpt lat="38.737591" lon="-0.070741">
        <ele>315.032666</ele>
        <time>2026-09-28T10:06:54.990Z</time>
      </trkpt>
      <trkpt lat="38.737479" lon="-0.071243">
        <ele>312.601803</ele>
        <time>2026-09-28T10:06:58.331Z</time>
      </trkpt>
      <trkpt lat="38.737430" lon="-0.071494">
        <ele>311.397190</ele>
        <time>2026-09-28T10:06:59.896Z</time>
      </trkpt>
      <trkpt lat="38.737424" lon="-0.071799">
        <ele>309.976761</ele>
        <time>2026-09-28T10:07:01.684Z</time>
      </trkpt>
      <trkpt lat="38.737447" lon="-0.072007">
        <ele>308.998701</ele>
        <time>2026-09-28T10:07:02.905Z</time>
      </trkpt>
      <trkpt lat="38.737482" lon="-0.072098">
        <ele>308.526332</ele>
        <time>2026-09-28T10:07:03.485Z</time>
      </trkpt>
      <trkpt lat="38.737581" lon="-0.072211">
        <ele>307.735177</ele>
        <time>2026-09-28T10:07:04.461Z</time>
      </trkpt>
      <trkpt lat="38.737849" lon="-0.072360">
        <ele>305.970153</ele>
        <time>2026-09-28T10:07:06.628Z</time>
      </trkpt>
      <trkpt lat="38.737896" lon="-0.072385">
        <ele>305.652538</ele>
        <time>2026-09-28T10:07:07.006Z</time>
      </trkpt>
      <trkpt lat="38.737997" lon="-0.072432">
        <ele>304.981865</ele>
        <time>2026-09-28T10:07:07.828Z</time>
      </trkpt>
      <trkpt lat="38.738174" lon="-0.072448">
        <ele>303.874315</ele>
        <time>2026-09-28T10:07:09.219Z</time>
      </trkpt>
      <trkpt lat="38.738692" lon="-0.072404">
        <ele>300.633949</ele>
        <time>2026-09-28T10:07:13.252Z</time>
      </trkpt>
      <trkpt lat="38.738957" lon="-0.072379">
        <ele>298.975386</ele>
        <time>2026-09-28T10:07:15.319Z</time>
      </trkpt>
      <trkpt lat="38.739213" lon="-0.072359">
        <ele>297.374509</ele>
        <time>2026-09-28T10:07:17.339Z</time>
      </trkpt>
      <trkpt lat="38.739337" lon="-0.072347">
        <ele>296.598318</ele>
        <time>2026-09-28T10:07:18.329Z</time>
      </trkpt>
      <trkpt lat="38.739388" lon="-0.072343">
        <ele>296.279388</ele>
        <time>2026-09-28T10:07:18.738Z</time>
      </trkpt>
      <trkpt lat="38.740122" lon="-0.072290">
        <ele>292.358567</ele>
        <time>2026-09-28T10:07:24.709Z</time>
      </trkpt>
      <trkpt lat="38.740646" lon="-0.072218">
        <ele>289.689149</ele>
        <time>2026-09-28T10:07:28.936Z</time>
      </trkpt>
      <trkpt lat="38.740806" lon="-0.072097">
        <ele>288.748212</ele>
        <time>2026-09-28T10:07:30.423Z</time>
      </trkpt>
      <trkpt lat="38.741151" lon="-0.071743">
        <ele>286.509921</ele>
        <time>2026-09-28T10:07:33.940Z</time>
      </trkpt>
      <trkpt lat="38.741396" lon="-0.071496">
        <ele>284.949731</ele>
        <time>2026-09-28T10:07:36.410Z</time>
      </trkpt>
      <trkpt lat="38.741425" lon="-0.071471">
        <ele>284.775471</ele>
        <time>2026-09-28T10:07:36.694Z</time>
      </trkpt>
      <trkpt lat="38.742032" lon="-0.070822">
        <ele>280.834220</ele>
        <time>2026-09-28T10:07:42.944Z</time>
      </trkpt>
      <trkpt lat="38.742122" lon="-0.070726">
        <ele>280.250417</ele>
        <time>2026-09-28T10:07:43.874Z</time>
      </trkpt>
      <trkpt lat="38.742728" lon="-0.070093">
        <ele>276.742728</ele>
        <time>2026-09-28T10:07:50.212Z</time>
      </trkpt>
      <trkpt lat="38.742824" lon="-0.069992">
        <ele>276.424720</ele>
        <time>2026-09-28T10:07:51.240Z</time>
      </trkpt>
      <trkpt lat="38.743913" lon="-0.068861">
        <ele>272.835905</ele>
        <time>2026-09-28T10:08:03.955Z</time>
      </trkpt>
      <trkpt lat="38.744069" lon="-0.068697">
        <ele>272.422553</ele>
        <time>2026-09-28T10:08:06.186Z</time>
      </trkpt>
      <trkpt lat="38.744308" lon="-0.068445">
        <ele>271.986916</ele>
        <time>2026-09-28T10:08:09.772Z</time>
      </trkpt>
      <trkpt lat="38.744612" lon="-0.068119">
        <ele>271.428971</ele>
        <time>2026-09-28T10:08:14.444Z</time>
      </trkpt>
      <trkpt lat="38.744166" lon="-0.067583">
        <ele>270.568368</ele>
        <time>2026-09-28T10:08:20.984Z</time>
      </trkpt>
      <trkpt lat="38.743938" lon="-0.067163">
        <ele>269.986496</ele>
        <time>2026-09-28T10:08:24.605Z</time>
      </trkpt>
      <trkpt lat="38.743712" lon="-0.066498">
        <ele>267.590976</ele>
        <time>2026-09-28T10:08:29.331Z</time>
      </trkpt>
      <trkpt lat="38.743698" lon="-0.066458">
        <ele>267.446189</ele>
        <time>2026-09-28T10:08:29.614Z</time>
      </trkpt>
      <trkpt lat="38.743436" lon="-0.065603">
        <ele>264.412521</ele>
        <time>2026-09-28T10:08:35.384Z</time>
      </trkpt>
      <trkpt lat="38.743363" lon="-0.064550">
        <ele>260.890708</ele>
        <time>2026-09-28T10:08:42.029Z</time>
      </trkpt>
      <trkpt lat="38.743366" lon="-0.064255">
        <ele>259.896223</ele>
        <time>2026-09-28T10:08:43.929Z</time>
      </trkpt>
      <trkpt lat="38.743456" lon="-0.063731">
        <ele>258.087579</ele>
        <time>2026-09-28T10:08:47.393Z</time>
      </trkpt>
      <trkpt lat="38.743497" lon="-0.063531">
        <ele>257.390512</ele>
        <time>2026-09-28T10:08:48.712Z</time>
      </trkpt>
      <trkpt lat="38.743626" lon="-0.062841">
        <ele>254.998747</ele>
        <time>2026-09-28T10:08:53.267Z</time>
      </trkpt>
      <trkpt lat="38.743713" lon="-0.062331">
        <ele>253.522192</ele>
        <time>2026-09-28T10:08:56.629Z</time>
      </trkpt>
      <trkpt lat="38.743784" lon="-0.062064">
        <ele>252.765279</ele>
        <time>2026-09-28T10:08:58.470Z</time>
      </trkpt>
      <trkpt lat="38.744031" lon="-0.061348">
        <ele>250.664569</ele>
        <time>2026-09-28T10:09:03.665Z</time>
      </trkpt>
      <trkpt lat="38.744169" lon="-0.060967">
        <ele>249.537410</ele>
        <time>2026-09-28T10:09:06.519Z</time>
      </trkpt>
      <trkpt lat="38.744275" lon="-0.060576">
        <ele>248.430648</ele>
        <time>2026-09-28T10:09:09.359Z</time>
      </trkpt>
      <trkpt lat="38.744278" lon="-0.060427">
        <ele>248.153024</ele>
        <time>2026-09-28T10:09:10.387Z</time>
      </trkpt>
      <trkpt lat="38.744251" lon="-0.060272">
        <ele>247.857204</ele>
        <time>2026-09-28T10:09:11.489Z</time>
      </trkpt>
      <trkpt lat="38.744197" lon="-0.060054">
        <ele>247.431164</ele>
        <time>2026-09-28T10:09:13.067Z</time>
      </trkpt>
      <trkpt lat="38.744148" lon="-0.059788">
        <ele>246.922072</ele>
        <time>2026-09-28T10:09:14.979Z</time>
      </trkpt>
      <trkpt lat="38.744152" lon="-0.059671">
        <ele>246.703935</ele>
        <time>2026-09-28T10:09:15.808Z</time>
      </trkpt>
      <trkpt lat="38.744189" lon="-0.059477">
        <ele>246.331938</ele>
        <time>2026-09-28T10:09:17.225Z</time>
      </trkpt>
      <trkpt lat="38.744327" lon="-0.059063">
        <ele>245.493336</ele>
        <time>2026-09-28T10:09:20.442Z</time>
      </trkpt>
      <trkpt lat="38.744855" lon="-0.057599">
        <ele>243.215245</ele>
        <time>2026-09-28T10:09:32.109Z</time>
      </trkpt>
      <trkpt lat="38.744921" lon="-0.057379">
        <ele>242.968839</ele>
        <time>2026-09-28T10:09:33.942Z</time>
      </trkpt>
      <trkpt lat="38.744955" lon="-0.057175">
        <ele>242.750769</ele>
        <time>2026-09-28T10:09:35.567Z</time>
      </trkpt>
      <trkpt lat="38.745010" lon="-0.054898">
        <ele>241.210825</ele>
        <time>2026-09-28T10:09:55.139Z</time>
      </trkpt>
      <trkpt lat="38.745028" lon="-0.054044">
        <ele>240.868684</ele>
        <time>2026-09-28T10:10:03.184Z</time>
      </trkpt>
      <trkpt lat="38.745065" lon="-0.053306">
        <ele>240.069232</ele>
        <time>2026-09-28T10:10:09.555Z</time>
      </trkpt>
      <trkpt lat="38.745131" lon="-0.052935">
        <ele>239.593654</ele>
        <time>2026-09-28T10:10:12.581Z</time>
      </trkpt>
      <trkpt lat="38.745242" lon="-0.052720">
        <ele>239.271415</ele>
        <time>2026-09-28T10:10:14.526Z</time>
      </trkpt>
      <trkpt lat="38.746082" lon="-0.051882">
        <ele>236.996584</ele>
        <time>2026-09-28T10:10:24.277Z</time>
      </trkpt>
      <trkpt lat="38.746264" lon="-0.051662">
        <ele>235.964903</ele>
        <time>2026-09-28T10:10:26.422Z</time>
      </trkpt>
      <trkpt lat="38.746349" lon="-0.051492">
        <ele>235.315307</ele>
        <time>2026-09-28T10:10:27.747Z</time>
      </trkpt>
      <trkpt lat="38.746852" lon="-0.050148">
        <ele>230.519854</ele>
        <time>2026-09-28T10:10:37.143Z</time>
      </trkpt>
      <trkpt lat="38.747004" lon="-0.049750">
        <ele>228.946227</ele>
        <time>2026-09-28T10:10:39.879Z</time>
      </trkpt>
      <trkpt lat="38.747358" lon="-0.048767">
        <ele>225.098735</ele>
        <time>2026-09-28T10:10:46.731Z</time>
      </trkpt>
      <trkpt lat="38.747468" lon="-0.048471">
        <ele>223.933599</ele>
        <time>2026-09-28T10:10:48.863Z</time>
      </trkpt>
      <trkpt lat="38.747869" lon="-0.047371">
        <ele>219.630128</ele>
        <time>2026-09-28T10:10:56.701Z</time>
      </trkpt>
      <trkpt lat="38.748001" lon="-0.046770">
        <ele>217.420711</ele>
        <time>2026-09-28T10:11:00.600Z</time>
      </trkpt>
      <trkpt lat="38.748030" lon="-0.046125">
        <ele>215.134532</ele>
        <time>2026-09-28T10:11:04.633Z</time>
      </trkpt>
      <trkpt lat="38.748039" lon="-0.045903">
        <ele>214.347905</ele>
        <time>2026-09-28T10:11:06.019Z</time>
      </trkpt>
      <trkpt lat="38.748042" lon="-0.045828">
        <ele>214.141377</ele>
        <time>2026-09-28T10:11:06.486Z</time>
      </trkpt>
      <trkpt lat="38.748063" lon="-0.045280">
        <ele>213.819754</ele>
        <time>2026-09-28T10:11:10.010Z</time>
      </trkpt>
      <trkpt lat="38.748106" lon="-0.044412">
        <ele>213.309911</ele>
        <time>2026-09-28T10:11:16.733Z</time>
      </trkpt>
      <trkpt lat="38.748198" lon="-0.044108">
        <ele>213.118762</ele>
        <time>2026-09-28T10:11:20.910Z</time>
      </trkpt>
      <trkpt lat="38.748316" lon="-0.043943">
        <ele>212.987531</ele>
        <time>2026-09-28T10:11:24.129Z</time>
      </trkpt>
      <trkpt lat="38.749609" lon="-0.043039">
        <ele>217.568237</ele>
        <time>2026-09-28T10:12:02.102Z</time>
      </trkpt>
      <trkpt lat="38.750102" lon="-0.042719">
        <ele>219.718767</ele>
        <time>2026-09-28T10:12:17.527Z</time>
      </trkpt>
      <trkpt lat="38.750229" lon="-0.042670">
        <ele>220.227706</ele>
        <time>2026-09-28T10:12:21.292Z</time>
      </trkpt>
      <trkpt lat="38.750851" lon="-0.042584">
        <ele>222.621938</ele>
        <time>2026-09-28T10:12:38.468Z</time>
      </trkpt>
      <trkpt lat="38.751019" lon="-0.042476">
        <ele>223.341163</ele>
        <time>2026-09-28T10:12:43.254Z</time>
      </trkpt>
      <trkpt lat="38.751122" lon="-0.042403">
        <ele>223.791556</ele>
        <time>2026-09-28T10:12:46.248Z</time>
      </trkpt>
      <trkpt lat="38.751249" lon="-0.042319">
        <ele>224.338444</ele>
        <time>2026-09-28T10:12:49.826Z</time>
      </trkpt>
      <trkpt lat="38.751307" lon="-0.042277">
        <ele>224.593364</ele>
        <time>2026-09-28T10:12:51.508Z</time>
      </trkpt>
      <trkpt lat="38.751936" lon="-0.041821">
        <ele>226.724090</ele>
        <time>2026-09-28T10:13:08.751Z</time>
      </trkpt>
      <trkpt lat="38.751832" lon="-0.041345">
        <ele>226.809972</ele>
        <time>2026-09-28T10:13:17.372Z</time>
      </trkpt>
      <trkpt lat="38.751744" lon="-0.041150">
        <ele>226.849114</ele>
        <time>2026-09-28T10:13:20.829Z</time>
      </trkpt>
      <trkpt lat="38.751527" lon="-0.040782">
        <ele>226.929268</ele>
        <time>2026-09-28T10:13:26.111Z</time>
      </trkpt>
      <trkpt lat="38.751259" lon="-0.040326">
        <ele>227.028470</ele>
        <time>2026-09-28T10:13:30.428Z</time>
      </trkpt>
      <trkpt lat="38.751163" lon="-0.040068">
        <ele>227.078135</ele>
        <time>2026-09-28T10:13:32.355Z</time>
      </trkpt>
      <trkpt lat="38.751092" lon="-0.039440">
        <ele>225.393447</ele>
        <time>2026-09-28T10:13:36.487Z</time>
      </trkpt>
      <trkpt lat="38.751015" lon="-0.039170">
        <ele>224.571463</ele>
        <time>2026-09-28T10:13:38.314Z</time>
      </trkpt>
      <trkpt lat="38.750816" lon="-0.038826">
        <ele>223.346839</ele>
        <time>2026-09-28T10:13:40.999Z</time>
      </trkpt>
      <trkpt lat="38.750532" lon="-0.038523">
        <ele>221.992334</ele>
        <time>2026-09-28T10:13:43.996Z</time>
      </trkpt>
      <trkpt lat="38.750048" lon="-0.038179">
        <ele>220.187688</ele>
        <time>2026-09-28T10:13:48.872Z</time>
      </trkpt>
      <trkpt lat="38.749926" lon="-0.038063">
        <ele>219.867377</ele>
        <time>2026-09-28T10:13:50.332Z</time>
      </trkpt>
      <trkpt lat="38.749870" lon="-0.037992">
        <ele>219.701292</ele>
        <time>2026-09-28T10:13:51.102Z</time>
      </trkpt>
      <trkpt lat="38.749737" lon="-0.037740">
        <ele>219.200830</ele>
        <time>2026-09-28T10:13:53.386Z</time>
      </trkpt>
      <trkpt lat="38.749731" lon="-0.037718">
        <ele>219.162497</ele>
        <time>2026-09-28T10:13:53.557Z</time>
      </trkpt>
      <trkpt lat="38.749685" lon="-0.037531">
        <ele>218.839994</ele>
        <time>2026-09-28T10:13:55.023Z</time>
      </trkpt>
      <trkpt lat="38.749683" lon="-0.037517">
        <ele>218.816585</ele>
        <time>2026-09-28T10:13:55.128Z</time>
      </trkpt>
      <trkpt lat="38.749599" lon="-0.036891">
        <ele>217.771849</ele>
        <time>2026-09-28T10:13:59.866Z</time>
      </trkpt>
      <trkpt lat="38.749522" lon="-0.036547">
        <ele>217.183216</ele>
        <time>2026-09-28T10:14:02.538Z</time>
      </trkpt>
      <trkpt lat="38.749436" lon="-0.036324">
        <ele>216.774046</ele>
        <time>2026-09-28T10:14:04.386Z</time>
      </trkpt>
      <trkpt lat="38.748882" lon="-0.035250">
        <ele>213.323529</ele>
        <time>2026-09-28T10:14:13.323Z</time>
      </trkpt>
      <trkpt lat="38.748422" lon="-0.034373">
        <ele>210.450681</ele>
        <time>2026-09-28T10:14:20.019Z</time>
      </trkpt>
      <trkpt lat="38.748085" lon="-0.033881">
        <ele>208.841322</ele>
        <time>2026-09-28T10:14:24.120Z</time>
      </trkpt>
      <trkpt lat="38.747986" lon="-0.033625">
        <ele>208.139946</ele>
        <time>2026-09-28T10:14:25.945Z</time>
      </trkpt>
      <trkpt lat="38.747950" lon="-0.033415">
        <ele>207.612182</ele>
        <time>2026-09-28T10:14:27.346Z</time>
      </trkpt>
      <trkpt lat="38.747946" lon="-0.033030">
        <ele>206.667089</ele>
        <time>2026-09-28T10:14:29.924Z</time>
      </trkpt>
      <trkpt lat="38.747983" lon="-0.032432">
        <ele>205.194646</ele>
        <time>2026-09-28T10:14:34.333Z</time>
      </trkpt>
      <trkpt lat="38.747978" lon="-0.031999">
        <ele>204.635658</ele>
        <time>2026-09-28T10:14:38.200Z</time>
      </trkpt>
      <trkpt lat="38.747737" lon="-0.031108">
        <ele>204.153096</ele>
        <time>2026-09-28T10:14:47.821Z</time>
      </trkpt>
      <trkpt lat="38.747548" lon="-0.030428">
        <ele>203.783705</ele>
        <time>2026-09-28T10:14:54.458Z</time>
      </trkpt>
      <trkpt lat="38.747434" lon="-0.029897">
        <ele>203.212185</ele>
        <time>2026-09-28T10:14:58.811Z</time>
      </trkpt>
      <trkpt lat="38.747346" lon="-0.028937">
        <ele>201.059337</ele>
        <time>2026-09-28T10:15:05.469Z</time>
      </trkpt>
      <trkpt lat="38.747191" lon="-0.028491">
        <ele>199.971838</ele>
        <time>2026-09-28T10:15:08.664Z</time>
      </trkpt>
      <trkpt lat="38.746892" lon="-0.027743">
        <ele>198.242975</ele>
        <time>2026-09-28T10:15:14.176Z</time>
      </trkpt>
      <trkpt lat="38.746752" lon="-0.027091">
        <ele>197.349314</ele>
        <time>2026-09-28T10:15:18.857Z</time>
      </trkpt>
      <trkpt lat="38.746746" lon="-0.027059">
        <ele>197.305822</ele>
        <time>2026-09-28T10:15:19.106Z</time>
      </trkpt>
      <trkpt lat="38.746503" lon="-0.025469">
        <ele>195.221574</ele>
        <time>2026-09-28T10:15:32.708Z</time>
      </trkpt>
      <trkpt lat="38.746358" lon="-0.024709">
        <ele>194.433053</ele>
        <time>2026-09-28T10:15:39.197Z</time>
      </trkpt>
      <trkpt lat="38.746336" lon="-0.024631">
        <ele>194.349461</ele>
        <time>2026-09-28T10:15:39.836Z</time>
      </trkpt>
      <trkpt lat="38.746298" lon="-0.024494">
        <ele>194.202919</ele>
        <time>2026-09-28T10:15:40.950Z</time>
      </trkpt>
      <trkpt lat="38.745989" lon="-0.023764">
        <ele>193.365845</ele>
        <time>2026-09-28T10:15:47.079Z</time>
      </trkpt>
      <trkpt lat="38.745642" lon="-0.022978">
        <ele>192.253017</ele>
        <time>2026-09-28T10:15:53.991Z</time>
      </trkpt>
      <trkpt lat="38.745303" lon="-0.022161">
        <ele>191.017802</ele>
        <time>2026-09-28T10:16:00.854Z</time>
      </trkpt>
      <trkpt lat="38.745120" lon="-0.021608">
        <ele>190.215987</ele>
        <time>2026-09-28T10:16:05.247Z</time>
      </trkpt>
      <trkpt lat="38.745090" lon="-0.021450">
        <ele>190.000080</ele>
        <time>2026-09-28T10:16:06.481Z</time>
      </trkpt>
      <trkpt lat="38.745095" lon="-0.021041">
        <ele>189.661370</ele>
        <time>2026-09-28T10:16:09.634Z</time>
      </trkpt>
      <trkpt lat="38.745081" lon="-0.020720">
        <ele>189.395153</ele>
        <time>2026-09-28T10:16:12.119Z</time>
      </trkpt>
      <trkpt lat="38.744977" lon="-0.020620">
        <ele>189.257140</ele>
        <time>2026-09-28T10:16:13.409Z</time>
      </trkpt>
      <trkpt lat="38.744538" lon="-0.020428">
        <ele>188.764695</ele>
        <time>2026-09-28T10:16:18.018Z</time>
      </trkpt>
      <trkpt lat="38.744472" lon="-0.020336">
        <ele>188.661189</ele>
        <time>2026-09-28T10:16:19.040Z</time>
      </trkpt>
      <trkpt lat="38.744455" lon="-0.020182">
        <ele>188.532399</ele>
        <time>2026-09-28T10:16:20.361Z</time>
      </trkpt>
      <trkpt lat="38.744484" lon="-0.019739">
        <ele>188.164284</ele>
        <time>2026-09-28T10:16:24.321Z</time>
      </trkpt>
      <trkpt lat="38.744471" lon="-0.019539">
        <ele>188.074686</ele>
        <time>2026-09-28T10:16:26.351Z</time>
      </trkpt>
      <trkpt lat="38.744355" lon="-0.019158">
        <ele>188.011138</ele>
        <time>2026-09-28T10:16:30.362Z</time>
      </trkpt>
      <trkpt lat="38.744340" lon="-0.019114">
        <ele>188.003677</ele>
        <time>2026-09-28T10:16:30.821Z</time>
      </trkpt>
      <trkpt lat="38.744129" lon="-0.018487">
        <ele>187.897577</ele>
        <time>2026-09-28T10:16:37.179Z</time>
      </trkpt>
      <trkpt lat="38.743808" lon="-0.017414">
        <ele>187.656633</ele>
        <time>2026-09-28T10:16:48.535Z</time>
      </trkpt>
      <trkpt lat="38.743593" lon="-0.016573">
        <ele>186.949129</ele>
        <time>2026-09-28T10:16:55.832Z</time>
      </trkpt>
      <trkpt lat="38.743440" lon="-0.015728">
        <ele>186.255657</ele>
        <time>2026-09-28T10:17:02.683Z</time>
      </trkpt>
      <trkpt lat="38.743375" lon="-0.015520">
        <ele>186.076527</ele>
        <time>2026-09-28T10:17:04.406Z</time>
      </trkpt>
      <trkpt lat="38.743263" lon="-0.015291">
        <ele>185.851695</ele>
        <time>2026-09-28T10:17:06.539Z</time>
      </trkpt>
      <trkpt lat="38.742885" lon="-0.014734">
        <ele>185.089840</ele>
        <time>2026-09-28T10:17:12.082Z</time>
      </trkpt>
      <trkpt lat="38.742779" lon="-0.014506">
        <ele>184.815949</ele>
        <time>2026-09-28T10:17:14.108Z</time>
      </trkpt>
      <trkpt lat="38.742650" lon="-0.014176">
        <ele>184.435057</ele>
        <time>2026-09-28T10:17:17.053Z</time>
      </trkpt>
      <trkpt lat="38.742640" lon="-0.014140">
        <ele>184.395624</ele>
        <time>2026-09-28T10:17:17.357Z</time>
      </trkpt>
      <trkpt lat="38.742585" lon="-0.014058">
        <ele>184.284027</ele>
        <time>2026-09-28T10:17:18.205Z</time>
      </trkpt>
      <trkpt lat="38.742580" lon="-0.013971">
        <ele>184.194010</ele>
        <time>2026-09-28T10:17:18.879Z</time>
      </trkpt>
      <trkpt lat="38.742639" lon="-0.013867">
        <ele>184.061311</ele>
        <time>2026-09-28T10:17:19.879Z</time>
      </trkpt>
      <trkpt lat="38.742667" lon="-0.013852">
        <ele>184.021164</ele>
        <time>2026-09-28T10:17:20.166Z</time>
      </trkpt>
      <trkpt lat="38.742715" lon="-0.013516">
        <ele>183.668687</ele>
        <time>2026-09-28T10:17:22.811Z</time>
      </trkpt>
      <trkpt lat="38.742756" lon="-0.012967">
        <ele>183.431675</ele>
        <time>2026-09-28T10:17:27.296Z</time>
      </trkpt>
      <trkpt lat="38.742702" lon="-0.012339">
        <ele>183.305999</ele>
        <time>2026-09-28T10:17:32.747Z</time>
      </trkpt>
      <trkpt lat="38.742699" lon="-0.011231">
        <ele>183.085597</ele>
        <time>2026-09-28T10:17:44.437Z</time>
      </trkpt>
      <trkpt lat="38.742685" lon="-0.011051">
        <ele>183.048353</ele>
        <time>2026-09-28T10:17:46.320Z</time>
      </trkpt>
      <trkpt lat="38.742675" lon="-0.010990">
        <ele>183.030048</ele>
        <time>2026-09-28T10:17:46.978Z</time>
      </trkpt>
      <trkpt lat="38.742599" lon="-0.010540">
        <ele>182.894838</ele>
        <time>2026-09-28T10:17:51.769Z</time>
      </trkpt>
      <trkpt lat="38.742368" lon="-0.009375">
        <ele>182.541840</ele>
        <time>2026-09-28T10:18:02.643Z</time>
      </trkpt>
      <trkpt lat="38.742335" lon="-0.009219">
        <ele>182.494374</ele>
        <time>2026-09-28T10:18:03.957Z</time>
      </trkpt>
      <trkpt lat="38.742274" lon="-0.008962">
        <ele>182.415486</ele>
        <time>2026-09-28T10:18:06.182Z</time>
      </trkpt>
      <trkpt lat="38.742148" lon="-0.008446">
        <ele>182.123935</ele>
        <time>2026-09-28T10:18:10.602Z</time>
      </trkpt>
      <trkpt lat="38.742042" lon="-0.008041">
        <ele>181.857764</ele>
        <time>2026-09-28T10:18:14.142Z</time>
      </trkpt>
      <trkpt lat="38.741914" lon="-0.007822">
        <ele>181.687251</ele>
        <time>2026-09-28T10:18:16.429Z</time>
      </trkpt>
      <trkpt lat="38.741895" lon="-0.007810">
        <ele>181.670332</ele>
        <time>2026-09-28T10:18:16.653Z</time>
      </trkpt>
      <trkpt lat="38.741852" lon="-0.007726">
        <ele>181.607728</ele>
        <time>2026-09-28T10:18:17.460Z</time>
      </trkpt>
      <trkpt lat="38.741852" lon="-0.007660">
        <ele>181.566606</ele>
        <time>2026-09-28T10:18:17.991Z</time>
      </trkpt>
      <trkpt lat="38.741869" lon="-0.007613">
        <ele>181.534326</ele>
        <time>2026-09-28T10:18:18.405Z</time>
      </trkpt>
      <trkpt lat="38.741914" lon="-0.007327">
        <ele>181.352538</ele>
        <time>2026-09-28T10:18:20.716Z</time>
      </trkpt>
      <trkpt lat="38.741830" lon="-0.006492">
        <ele>180.852902</ele>
        <time>2026-09-28T10:18:27.987Z</time>
      </trkpt>
      <trkpt lat="38.741724" lon="-0.005877">
        <ele>180.549210</ele>
        <time>2026-09-28T10:18:33.648Z</time>
      </trkpt>
      <trkpt lat="38.741593" lon="-0.004875">
        <ele>180.059330</ele>
        <time>2026-09-28T10:18:42.424Z</time>
      </trkpt>
      <trkpt lat="38.741590" lon="-0.004051">
        <ele>179.533897</ele>
        <time>2026-09-28T10:18:49.414Z</time>
      </trkpt>
      <trkpt lat="38.741603" lon="-0.003924">
        <ele>179.423983</ele>
        <time>2026-09-28T10:18:50.478Z</time>
      </trkpt>
      <trkpt lat="38.741672" lon="-0.003514">
        <ele>179.064062</ele>
        <time>2026-09-28T10:18:53.958Z</time>
      </trkpt>
      <trkpt lat="38.741922" lon="-0.002135">
        <ele>177.849190</ele>
        <time>2026-09-28T10:19:05.020Z</time>
      </trkpt>
      <trkpt lat="38.742033" lon="-0.001490">
        <ele>177.186182</ele>
        <time>2026-09-28T10:19:10.032Z</time>
      </trkpt>
      <trkpt lat="38.742895" lon="0.003430">
        <ele>174.347674</ele>
        <time>2026-09-28T10:19:49.815Z</time>
      </trkpt>
      <trkpt lat="38.742978" lon="0.003881">
        <ele>174.776749</ele>
        <time>2026-09-28T10:19:57.510Z</time>
      </trkpt>
      <trkpt lat="38.743078" lon="0.004101">
        <ele>175.012529</ele>
        <time>2026-09-28T10:20:02.300Z</time>
      </trkpt>
      <trkpt lat="38.743264" lon="0.004296">
        <ele>175.297770</ele>
        <time>2026-09-28T10:20:08.387Z</time>
      </trkpt>
      <trkpt lat="38.743268" lon="0.004376">
        <ele>175.371999</ele>
        <time>2026-09-28T10:20:10.063Z</time>
      </trkpt>
      <trkpt lat="38.743187" lon="0.004804">
        <ele>176.048276</ele>
        <time>2026-09-28T10:20:19.347Z</time>
      </trkpt>
      <trkpt lat="38.743154" lon="0.005183">
        <ele>176.711965</ele>
        <time>2026-09-28T10:20:26.979Z</time>
      </trkpt>
      <trkpt lat="38.743113" lon="0.005384">
        <ele>177.073541</ele>
        <time>2026-09-28T10:20:30.851Z</time>
      </trkpt>
      <trkpt lat="38.743063" lon="0.005449">
        <ele>177.232424</ele>
        <time>2026-09-28T10:20:32.478Z</time>
      </trkpt>
      <trkpt lat="38.742995" lon="0.005531">
        <ele>177.440722</ele>
        <time>2026-09-28T10:20:34.486Z</time>
      </trkpt>
      <trkpt lat="38.742984" lon="0.005551">
        <ele>177.483313</ele>
        <time>2026-09-28T10:20:34.879Z</time>
      </trkpt>
      <trkpt lat="38.742912" lon="0.005811">
        <ele>177.963479</ele>
        <time>2026-09-28T10:20:39.027Z</time>
      </trkpt>
      <trkpt lat="38.742832" lon="0.006198">
        <ele>178.660250</ele>
        <time>2026-09-28T10:20:44.267Z</time>
      </trkpt>
      <trkpt lat="38.742779" lon="0.006430">
        <ele>179.080976</ele>
        <time>2026-09-28T10:20:47.053Z</time>
      </trkpt>
      <trkpt lat="38.742496" lon="0.007338">
        <ele>179.365431</ele>
        <time>2026-09-28T10:20:56.867Z</time>
      </trkpt>
      <trkpt lat="38.742425" lon="0.007711">
        <ele>179.302210</ele>
        <time>2026-09-28T10:21:00.353Z</time>
      </trkpt>
      <trkpt lat="38.742361" lon="0.008476">
        <ele>179.175522</ele>
        <time>2026-09-28T10:21:07.085Z</time>
      </trkpt>
      <trkpt lat="38.742341" lon="0.008594">
        <ele>179.155639</ele>
        <time>2026-09-28T10:21:08.118Z</time>
      </trkpt>
      <trkpt lat="38.742149" lon="0.009017">
        <ele>179.019787</ele>
        <time>2026-09-28T10:21:12.429Z</time>
      </trkpt>
      <trkpt lat="38.741793" lon="0.009734">
        <ele>178.646634</ele>
        <time>2026-09-28T10:21:20.001Z</time>
      </trkpt>
      <trkpt lat="38.741683" lon="0.010065">
        <ele>178.488675</ele>
        <time>2026-09-28T10:21:23.000Z</time>
      </trkpt>
      <trkpt lat="38.741576" lon="0.010433">
        <ele>178.316251</ele>
        <time>2026-09-28T10:21:26.389Z</time>
      </trkpt>
      <trkpt lat="38.741430" lon="0.010736">
        <ele>178.159887</ele>
        <time>2026-09-28T10:21:29.510Z</time>
      </trkpt>
      <trkpt lat="38.740913" lon="0.011714">
        <ele>177.644275</ele>
        <time>2026-09-28T10:21:39.633Z</time>
      </trkpt>
      <trkpt lat="38.740836" lon="0.011865">
        <ele>177.565608</ele>
        <time>2026-09-28T10:21:41.112Z</time>
      </trkpt>
      <trkpt lat="38.740714" lon="0.012052">
        <ele>177.459301</ele>
        <time>2026-09-28T10:21:43.138Z</time>
      </trkpt>
      <trkpt lat="38.740577" lon="0.012195">
        <ele>177.360537</ele>
        <time>2026-09-28T10:21:45.053Z</time>
      </trkpt>
      <trkpt lat="38.740472" lon="0.012314">
        <ele>177.282189</ele>
        <time>2026-09-28T10:21:46.591Z</time>
      </trkpt>
      <trkpt lat="38.740407" lon="0.012440">
        <ele>177.216315</ele>
        <time>2026-09-28T10:21:47.917Z</time>
      </trkpt>
      <trkpt lat="38.740325" lon="0.012686">
        <ele>177.099660</ele>
        <time>2026-09-28T10:21:50.359Z</time>
      </trkpt>
      <trkpt lat="38.740254" lon="0.013012">
        <ele>177.433323</ele>
        <time>2026-09-28T10:21:53.650Z</time>
      </trkpt>
      <trkpt lat="38.740140" lon="0.013532">
        <ele>178.018038</ele>
        <time>2026-09-28T10:21:59.613Z</time>
      </trkpt>
      <trkpt lat="38.740051" lon="0.013821">
        <ele>178.354383</ele>
        <time>2026-09-28T10:22:03.555Z</time>
      </trkpt>
      <trkpt lat="38.739661" lon="0.014532">
        <ele>179.295311</ele>
        <time>2026-09-28T10:22:16.661Z</time>
      </trkpt>
      <trkpt lat="38.739572" lon="0.014720">
        <ele>179.533374</ele>
        <time>2026-09-28T10:22:20.390Z</time>
      </trkpt>
      <trkpt lat="38.739413" lon="0.015201">
        <ele>181.345904</ele>
        <time>2026-09-28T10:22:30.095Z</time>
      </trkpt>
      <trkpt lat="38.739390" lon="0.015554">
        <ele>182.662577</ele>
        <time>2026-09-28T10:22:37.305Z</time>
      </trkpt>
      <trkpt lat="38.739410" lon="0.015984">
        <ele>184.263729</ele>
        <time>2026-09-28T10:22:46.930Z</time>
      </trkpt>
      <trkpt lat="38.739411" lon="0.016047">
        <ele>184.497948</ele>
        <time>2026-09-28T10:22:48.398Z</time>
      </trkpt>
      <trkpt lat="38.739425" lon="0.016681">
        <ele>186.855474</ele>
        <time>2026-09-28T10:23:04.290Z</time>
      </trkpt>
      <trkpt lat="38.739475" lon="0.017559">
        <ele>190.630350</ele>
        <time>2026-09-28T10:23:28.873Z</time>
      </trkpt>
      <trkpt lat="38.739476" lon="0.017576">
        <ele>190.709887</ele>
        <time>2026-09-28T10:23:29.359Z</time>
      </trkpt>
      <trkpt lat="38.739548" lon="0.018831">
        <ele>196.580832</ele>
        <time>2026-09-28T10:24:00.005Z</time>
      </trkpt>
      <trkpt lat="38.739536" lon="0.019419">
        <ele>199.281718</ele>
        <time>2026-09-28T10:24:15.729Z</time>
      </trkpt>
      <trkpt lat="38.739482" lon="0.019620">
        <ele>200.168465</ele>
        <time>2026-09-28T10:24:21.665Z</time>
      </trkpt>
      <trkpt lat="38.739351" lon="0.019946">
        <ele>201.698120</ele>
        <time>2026-09-28T10:24:31.353Z</time>
      </trkpt>
      <trkpt lat="38.739157" lon="0.020387">
        <ele>203.810006</ele>
        <time>2026-09-28T10:24:43.792Z</time>
      </trkpt>
      <trkpt lat="38.739056" lon="0.020800">
        <ele>205.615402</ele>
        <time>2026-09-28T10:24:54.646Z</time>
      </trkpt>
      <trkpt lat="38.738941" lon="0.021996">
        <ele>209.622161</ele>
        <time>2026-09-28T10:25:21.309Z</time>
      </trkpt>
      <trkpt lat="38.738877" lon="0.022268">
        <ele>210.233754</ele>
        <time>2026-09-28T10:25:25.081Z</time>
      </trkpt>
      <trkpt lat="38.738826" lon="0.022393">
        <ele>210.537429</ele>
        <time>2026-09-28T10:25:26.886Z</time>
      </trkpt>
      <trkpt lat="38.738761" lon="0.022510">
        <ele>210.846648</ele>
        <time>2026-09-28T10:25:28.704Z</time>
      </trkpt>
      <trkpt lat="38.738663" lon="0.022620">
        <ele>211.206125</ele>
        <time>2026-09-28T10:25:30.791Z</time>
      </trkpt>
      <trkpt lat="38.738430" lon="0.022793">
        <ele>211.949226</ele>
        <time>2026-09-28T10:25:35.112Z</time>
      </trkpt>
      <trkpt lat="38.738272" lon="0.022832">
        <ele>212.393289</ele>
        <time>2026-09-28T10:25:37.905Z</time>
      </trkpt>
      <trkpt lat="38.738017" lon="0.022810">
        <ele>213.098640</ele>
        <time>2026-09-28T10:25:43.015Z</time>
      </trkpt>
      <trkpt lat="38.737315" lon="0.022722">
        <ele>216.387656</ele>
        <time>2026-09-28T10:26:02.552Z</time>
      </trkpt>
      <trkpt lat="38.737001" lon="0.022620">
        <ele>218.057499</ele>
        <time>2026-09-28T10:26:13.621Z</time>
      </trkpt>
      <trkpt lat="38.736666" lon="0.022510">
        <ele>219.840189</ele>
        <time>2026-09-28T10:26:25.433Z</time>
      </trkpt>
      <trkpt lat="38.736381" lon="0.022547">
        <ele>221.316894</ele>
        <time>2026-09-28T10:26:35.134Z</time>
      </trkpt>
      <trkpt lat="38.736242" lon="0.022631">
        <ele>222.109068</ele>
        <time>2026-09-28T10:26:40.354Z</time>
      </trkpt>
      <trkpt lat="38.736138" lon="0.022719">
        <ele>222.751444</ele>
        <time>2026-09-28T10:26:44.517Z</time>
      </trkpt>
      <trkpt lat="38.735985" lon="0.022905">
        <ele>223.491912</ele>
        <time>2026-09-28T10:26:51.241Z</time>
      </trkpt>
      <trkpt lat="38.735006" lon="0.024199">
        <ele>228.388382</ele>
        <time>2026-09-28T10:27:23.814Z</time>
      </trkpt>
      <trkpt lat="38.734818" lon="0.024370">
        <ele>229.173092</ele>
        <time>2026-09-28T10:27:28.328Z</time>
      </trkpt>
      <trkpt lat="38.734489" lon="0.024552">
        <ele>230.278176</ele>
        <time>2026-09-28T10:27:35.483Z</time>
      </trkpt>
      <trkpt lat="38.734229" lon="0.024738">
        <ele>231.196427</ele>
        <time>2026-09-28T10:27:41.621Z</time>
      </trkpt>
      <trkpt lat="38.734068" lon="0.024980">
        <ele>231.961594</ele>
        <time>2026-09-28T10:27:46.893Z</time>
      </trkpt>
      <trkpt lat="38.733995" lon="0.025190">
        <ele>232.514690</ele>
        <time>2026-09-28T10:27:50.902Z</time>
      </trkpt>
      <trkpt lat="38.733962" lon="0.025455">
        <ele>233.160281</ele>
        <time>2026-09-28T10:27:55.883Z</time>
      </trkpt>
      <trkpt lat="38.734105" lon="0.026323">
        <ele>235.827638</ele>
        <time>2026-09-28T10:28:14.322Z</time>
      </trkpt>
      <trkpt lat="38.734114" lon="0.026691">
        <ele>237.375114</ele>
        <time>2026-09-28T10:28:22.702Z</time>
      </trkpt>
      <trkpt lat="38.734019" lon="0.027095">
        <ele>239.148615</ele>
        <time>2026-09-28T10:28:32.693Z</time>
      </trkpt>
      <trkpt lat="38.733856" lon="0.027393">
        <ele>240.678358</ele>
        <time>2026-09-28T10:28:41.674Z</time>
      </trkpt>
      <trkpt lat="38.733729" lon="0.027537">
        <ele>241.591904</ele>
        <time>2026-09-28T10:28:47.153Z</time>
      </trkpt>
      <trkpt lat="38.733409" lon="0.027774">
        <ele>243.583163</ele>
        <time>2026-09-28T10:28:59.398Z</time>
      </trkpt>
      <trkpt lat="38.732199" lon="0.028507">
        <ele>252.147988</ele>
        <time>2026-09-28T10:29:46.713Z</time>
      </trkpt>
      <trkpt lat="38.731788" lon="0.028796">
        <ele>255.198120</ele>
        <time>2026-09-28T10:30:03.615Z</time>
      </trkpt>
      <trkpt lat="38.731502" lon="0.029139">
        <ele>257.122181</ele>
        <time>2026-09-28T10:30:17.158Z</time>
      </trkpt>
      <trkpt lat="38.730993" lon="0.029783">
        <ele>260.135328</ele>
        <time>2026-09-28T10:30:39.202Z</time>
      </trkpt>
      <trkpt lat="38.730669" lon="0.030269">
        <ele>262.236499</ele>
        <time>2026-09-28T10:30:51.099Z</time>
      </trkpt>
      <trkpt lat="38.730443" lon="0.030553">
        <ele>263.549779</ele>
        <time>2026-09-28T10:30:57.252Z</time>
      </trkpt>
      <trkpt lat="38.730348" lon="0.030669">
        <ele>263.427661</ele>
        <time>2026-09-28T10:30:59.490Z</time>
      </trkpt>
      <trkpt lat="38.730212" lon="0.030819">
        <ele>263.260671</ele>
        <time>2026-09-28T10:31:02.272Z</time>
      </trkpt>
      <trkpt lat="38.729794" lon="0.031280">
        <ele>262.747433</ele>
        <time>2026-09-28T10:31:08.848Z</time>
      </trkpt>
      <trkpt lat="38.729085" lon="0.031741">
        <ele>262.007477</ele>
        <time>2026-09-28T10:31:16.217Z</time>
      </trkpt>
      <trkpt lat="38.728534" lon="0.032299">
        <ele>259.904467</ele>
        <time>2026-09-28T10:31:22.201Z</time>
      </trkpt>
      <trkpt lat="38.728329" lon="0.032699">
        <ele>258.598288</ele>
        <time>2026-09-28T10:31:25.419Z</time>
      </trkpt>
      <trkpt lat="38.728256" lon="0.033045">
        <ele>257.620060</ele>
        <time>2026-09-28T10:31:27.769Z</time>
      </trkpt>
      <trkpt lat="38.728239" lon="0.033152">
        <ele>257.322040</ele>
        <time>2026-09-28T10:31:28.474Z</time>
      </trkpt>
      <trkpt lat="38.728226" lon="0.033235">
        <ele>257.090996</ele>
        <time>2026-09-28T10:31:29.020Z</time>
      </trkpt>
      <trkpt lat="38.728152" lon="0.033677">
        <ele>255.857221</ele>
        <time>2026-09-28T10:31:31.935Z</time>
      </trkpt>
      <trkpt lat="38.728101" lon="0.033799">
        <ele>255.467219</ele>
        <time>2026-09-28T10:31:32.819Z</time>
      </trkpt>
      <trkpt lat="38.727826" lon="0.034255">
        <ele>253.714815</ele>
        <time>2026-09-28T10:31:36.581Z</time>
      </trkpt>
      <trkpt lat="38.727785" lon="0.034378">
        <ele>253.308133</ele>
        <time>2026-09-28T10:31:37.485Z</time>
      </trkpt>
      <trkpt lat="38.727737" lon="0.034672">
        <ele>252.394876</ele>
        <time>2026-09-28T10:31:39.515Z</time>
      </trkpt>
      <trkpt lat="38.727668" lon="0.035227">
        <ele>250.686134</ele>
        <time>2026-09-28T10:31:43.163Z</time>
      </trkpt>
      <trkpt lat="38.727664" lon="0.035501">
        <ele>249.852905</ele>
        <time>2026-09-28T10:31:44.936Z</time>
      </trkpt>
      <trkpt lat="38.727692" lon="0.035682">
        <ele>249.291868</ele>
        <time>2026-09-28T10:31:46.127Z</time>
      </trkpt>
      <trkpt lat="38.727873" lon="0.036349">
        <ele>246.632382</ele>
        <time>2026-09-28T10:31:50.673Z</time>
      </trkpt>
      <trkpt lat="38.727894" lon="0.036698">
        <ele>245.187407</ele>
        <time>2026-09-28T10:31:52.906Z</time>
      </trkpt>
      <trkpt lat="38.727784" lon="0.037180">
        <ele>243.114286</ele>
        <time>2026-09-28T10:31:56.040Z</time>
      </trkpt>
      <trkpt lat="38.727668" lon="0.037527">
        <ele>241.555868</ele>
        <time>2026-09-28T10:31:58.337Z</time>
      </trkpt>
      <trkpt lat="38.727339" lon="0.038094">
        <ele>238.701716</ele>
        <time>2026-09-28T10:32:02.585Z</time>
      </trkpt>
      <trkpt lat="38.727249" lon="0.038311">
        <ele>237.839005</ele>
        <time>2026-09-28T10:32:04.071Z</time>
      </trkpt>
      <trkpt lat="38.727104" lon="0.038815">
        <ele>235.953297</ele>
        <time>2026-09-28T10:32:07.327Z</time>
      </trkpt>
      <trkpt lat="38.727071" lon="0.039145">
        <ele>234.785390</ele>
        <time>2026-09-28T10:32:09.390Z</time>
      </trkpt>
      <trkpt lat="38.727129" lon="0.039589">
        <ele>233.205078</ele>
        <time>2026-09-28T10:32:12.278Z</time>
      </trkpt>
      <trkpt lat="38.727173" lon="0.039865">
        <ele>232.216189</ele>
        <time>2026-09-28T10:32:14.174Z</time>
      </trkpt>
      <trkpt lat="38.727236" lon="0.040114">
        <ele>231.297283</ele>
        <time>2026-09-28T10:32:16.045Z</time>
      </trkpt>
      <trkpt lat="38.727537" lon="0.040929">
        <ele>229.668460</ele>
        <time>2026-09-28T10:32:23.419Z</time>
      </trkpt>
      <trkpt lat="38.727553" lon="0.041075">
        <ele>229.431519</ele>
        <time>2026-09-28T10:32:24.633Z</time>
      </trkpt>
      <trkpt lat="38.727510" lon="0.041402">
        <ele>228.898583</ele>
        <time>2026-09-28T10:32:27.357Z</time>
      </trkpt>
      <trkpt lat="38.727425" lon="0.041906">
        <ele>228.069891</ele>
        <time>2026-09-28T10:32:31.296Z</time>
      </trkpt>
      <trkpt lat="38.727402" lon="0.041987">
        <ele>227.931361</ele>
        <time>2026-09-28T10:32:31.897Z</time>
      </trkpt>
      <trkpt lat="38.727206" lon="0.042339">
        <ele>227.200277</ele>
        <time>2026-09-28T10:32:34.797Z</time>
      </trkpt>
      <trkpt lat="38.726979" lon="0.042527">
        <ele>225.816194</ele>
        <time>2026-09-28T10:32:37.006Z</time>
      </trkpt>
      <trkpt lat="38.726930" lon="0.042542">
        <ele>225.558192</ele>
        <time>2026-09-28T10:32:37.411Z</time>
      </trkpt>
      <trkpt lat="38.726870" lon="0.042551">
        <ele>225.248816</ele>
        <time>2026-09-28T10:32:37.897Z</time>
      </trkpt>
      <trkpt lat="38.726635" lon="0.042585">
        <ele>224.037662</ele>
        <time>2026-09-28T10:32:39.765Z</time>
      </trkpt>
      <trkpt lat="38.726340" lon="0.042625">
        <ele>222.518440</ele>
        <time>2026-09-28T10:32:42.065Z</time>
      </trkpt>
      <trkpt lat="38.726006" lon="0.042669">
        <ele>220.798907</ele>
        <time>2026-09-28T10:32:44.672Z</time>
      </trkpt>
      <trkpt lat="38.724661" lon="0.042833">
        <ele>215.464251</ele>
        <time>2026-09-28T10:32:55.495Z</time>
      </trkpt>
      <trkpt lat="38.723089" lon="0.043240">
        <ele>211.822044</ele>
        <time>2026-09-28T10:33:10.975Z</time>
      </trkpt>
      <trkpt lat="38.722957" lon="0.043275">
        <ele>211.709623</ele>
        <time>2026-09-28T10:33:12.650Z</time>
      </trkpt>
      <trkpt lat="38.722226" lon="0.043526">
        <ele>211.078459</ele>
        <time>2026-09-28T10:33:21.834Z</time>
      </trkpt>
      <trkpt lat="38.722090" lon="0.043620">
        <ele>210.949592</ele>
        <time>2026-09-28T10:33:23.606Z</time>
      </trkpt>
      <trkpt lat="38.721643" lon="0.044055">
        <ele>210.503921</ele>
        <time>2026-09-28T10:33:29.477Z</time>
      </trkpt>
      <trkpt lat="38.721117" lon="0.044544">
        <ele>209.996015</ele>
        <time>2026-09-28T10:33:35.755Z</time>
      </trkpt>
      <trkpt lat="38.720717" lon="0.044961">
        <ele>209.592996</ele>
        <time>2026-09-28T10:33:41.196Z</time>
      </trkpt>
      <trkpt lat="38.720714" lon="0.044965">
        <ele>209.589612</ele>
        <time>2026-09-28T10:33:41.247Z</time>
      </trkpt>
      <trkpt lat="38.720412" lon="0.045415">
        <ele>209.702512</ele>
        <time>2026-09-28T10:33:48.135Z</time>
      </trkpt>
      <trkpt lat="38.720252" lon="0.045734">
        <ele>210.007264</ele>
        <time>2026-09-28T10:33:53.009Z</time>
      </trkpt>
      <trkpt lat="38.720064" lon="0.046267">
        <ele>210.477323</ele>
        <time>2026-09-28T10:34:01.078Z</time>
      </trkpt>
      <trkpt lat="38.719996" lon="0.046235">
        <ele>210.551934</ele>
        <time>2026-09-28T10:34:02.724Z</time>
      </trkpt>
      <trkpt lat="38.719963" lon="0.046152">
        <ele>210.626794</ele>
        <time>2026-09-28T10:34:04.366Z</time>
      </trkpt>
      <trkpt lat="38.719932" lon="0.045982">
        <ele>210.767090</ele>
        <time>2026-09-28T10:34:07.443Z</time>
      </trkpt>
      <trkpt lat="38.719877" lon="0.045011">
        <ele>211.487342</ele>
        <time>2026-09-28T10:34:23.599Z</time>
      </trkpt>
      <trkpt lat="38.719645" lon="0.043369">
        <ele>212.513280</ele>
        <time>2026-09-28T10:34:47.701Z</time>
      </trkpt>
      <trkpt lat="38.719486" lon="0.042731">
        <ele>213.331396</ele>
        <time>2026-09-28T10:34:59.038Z</time>
      </trkpt>
      <trkpt lat="38.719266" lon="0.042135">
        <ele>214.476667</ele>
        <time>2026-09-28T10:35:11.249Z</time>
      </trkpt>
      <trkpt lat="38.719043" lon="0.041700">
        <ele>215.380773</ele>
        <time>2026-09-28T10:35:21.607Z</time>
      </trkpt>
      <trkpt lat="38.718238" lon="0.040510">
        <ele>218.649582</ele>
        <time>2026-09-28T10:35:55.269Z</time>
      </trkpt>
      <trkpt lat="38.717694" lon="0.040006">
        <ele>220.708965</ele>
        <time>2026-09-28T10:36:13.894Z</time>
      </trkpt>
      <trkpt lat="38.717240" lon="0.039514">
        <ele>222.562498</ele>
        <time>2026-09-28T10:36:30.557Z</time>
      </trkpt>
      <trkpt lat="38.714480" lon="0.036814">
        <ele>234.291683</ele>
        <time>2026-09-28T10:38:10.542Z</time>
      </trkpt>
      <trkpt lat="38.714100" lon="0.036388">
        <ele>236.294880</ele>
        <time>2026-09-28T10:38:24.889Z</time>
      </trkpt>
      <trkpt lat="38.713600" lon="0.035902">
        <ele>238.803391</ele>
        <time>2026-09-28T10:38:43.014Z</time>
      </trkpt>
      <trkpt lat="38.713357" lon="0.036063">
        <ele>239.896883</ele>
        <time>2026-09-28T10:38:51.491Z</time>
      </trkpt>
      <trkpt lat="38.712966" lon="0.036257">
        <ele>241.579223</ele>
        <time>2026-09-28T10:39:05.467Z</time>
      </trkpt>
      <trkpt lat="38.712841" lon="0.036268">
        <ele>242.509420</ele>
        <time>2026-09-28T10:39:09.841Z</time>
      </trkpt>
      <trkpt lat="38.712732" lon="0.036238">
        <ele>243.337098</ele>
        <time>2026-09-28T10:39:13.850Z</time>
      </trkpt>
      <trkpt lat="38.712652" lon="0.036075">
        <ele>244.452608</ele>
        <time>2026-09-28T10:39:19.427Z</time>
      </trkpt>
      <trkpt lat="38.712013" lon="0.036513">
        <ele>249.832530</ele>
        <time>2026-09-28T10:39:46.130Z</time>
      </trkpt>
      <trkpt lat="38.711796" lon="0.036568">
        <ele>251.474763</ele>
        <time>2026-09-28T10:39:55.460Z</time>
      </trkpt>
      <trkpt lat="38.711577" lon="0.036566">
        <ele>253.100682</ele>
        <time>2026-09-28T10:40:05.221Z</time>
      </trkpt>
      <trkpt lat="38.711267" lon="0.036404">
        <ele>255.377851</ele>
        <time>2026-09-28T10:40:21.383Z</time>
      </trkpt>
      <trkpt lat="38.710952" lon="0.036137">
        <ele>257.306508</ele>
        <time>2026-09-28T10:40:38.606Z</time>
      </trkpt>
      <trkpt lat="38.710928" lon="0.036015">
        <ele>257.807874</ele>
        <time>2026-09-28T10:40:42.312Z</time>
      </trkpt>
      <trkpt lat="38.710871" lon="0.035912">
        <ele>258.311058</ele>
        <time>2026-09-28T10:40:45.819Z</time>
      </trkpt>
      <trkpt lat="38.710803" lon="0.035851">
        <ele>258.734941</ele>
        <time>2026-09-28T10:40:48.578Z</time>
      </trkpt>
      <trkpt lat="38.710642" lon="0.035820">
        <ele>259.566361</ele>
        <time>2026-09-28T10:40:53.306Z</time>
      </trkpt>
      <trkpt lat="38.710493" lon="0.035918">
        <ele>260.421633</ele>
        <time>2026-09-28T10:40:57.655Z</time>
      </trkpt>
      <trkpt lat="38.710422" lon="0.036089">
        <ele>261.193511</ele>
        <time>2026-09-28T10:41:01.310Z</time>
      </trkpt>
      <trkpt lat="38.710439" lon="0.036300">
        <ele>262.038796</ele>
        <time>2026-09-28T10:41:04.922Z</time>
      </trkpt>
      <trkpt lat="38.710514" lon="0.036426">
        <ele>262.670300</ele>
        <time>2026-09-28T10:41:07.427Z</time>
      </trkpt>
      <trkpt lat="38.710588" lon="0.036481">
        <ele>263.107158</ele>
        <time>2026-09-28T10:41:08.887Z</time>
      </trkpt>
      <trkpt lat="38.710672" lon="0.036503">
        <ele>263.544994</ele>
        <time>2026-09-28T10:41:10.581Z</time>
      </trkpt>
      <trkpt lat="38.710759" lon="0.036715">
        <ele>264.168857</ele>
        <time>2026-09-28T10:41:13.614Z</time>
      </trkpt>
      <trkpt lat="38.710767" lon="0.036914">
        <ele>264.298891</ele>
        <time>2026-09-28T10:41:15.792Z</time>
      </trkpt>
      <trkpt lat="38.710668" lon="0.037160">
        <ele>264.479516</ele>
        <time>2026-09-28T10:41:18.227Z</time>
      </trkpt>
      <trkpt lat="38.710487" lon="0.037356">
        <ele>264.677688</ele>
        <time>2026-09-28T10:41:20.618Z</time>
      </trkpt>
      <trkpt lat="38.709347" lon="0.037755">
        <ele>265.478967</ele>
        <time>2026-09-28T10:41:41.058Z</time>
      </trkpt>
      <trkpt lat="38.709155" lon="0.037792">
        <ele>265.114864</ele>
        <time>2026-09-28T10:41:44.186Z</time>
      </trkpt>
      <trkpt lat="38.708469" lon="0.037834">
        <ele>263.826950</ele>
        <time>2026-09-28T10:41:51.602Z</time>
      </trkpt>
      <trkpt lat="38.707490" lon="0.037519">
        <ele>261.237764</ele>
        <time>2026-09-28T10:42:00.084Z</time>
      </trkpt>
      <trkpt lat="38.707222" lon="0.037447">
        <ele>259.537461</ele>
        <time>2026-09-28T10:42:02.273Z</time>
      </trkpt>
      <trkpt lat="38.706895" lon="0.037407">
        <ele>257.497750</ele>
        <time>2026-09-28T10:42:04.872Z</time>
      </trkpt>
      <trkpt lat="38.706491" lon="0.037426">
        <ele>254.987454</ele>
        <time>2026-09-28T10:42:07.946Z</time>
      </trkpt>
      <trkpt lat="38.705989" lon="0.037556">
        <ele>251.807311</ele>
        <time>2026-09-28T10:42:11.805Z</time>
      </trkpt>
      <trkpt lat="38.705847" lon="0.037600">
        <ele>250.912301</ele>
        <time>2026-09-28T10:42:12.908Z</time>
      </trkpt>
      <trkpt lat="38.705579" lon="0.037750">
        <ele>249.228654</ele>
        <time>2026-09-28T10:42:15.155Z</time>
      </trkpt>
      <trkpt lat="38.705026" lon="0.038101">
        <ele>245.675851</ele>
        <time>2026-09-28T10:42:19.963Z</time>
      </trkpt>
      <trkpt lat="38.704562" lon="0.038340">
        <ele>242.796839</ele>
        <time>2026-09-28T10:42:23.945Z</time>
      </trkpt>
      <trkpt lat="38.704180" lon="0.038456">
        <ele>240.535105</ele>
        <time>2026-09-28T10:42:27.200Z</time>
      </trkpt>
      <trkpt lat="38.703652" lon="0.038487">
        <ele>237.463970</ele>
        <time>2026-09-28T10:42:31.519Z</time>
      </trkpt>
      <trkpt lat="38.703059" lon="0.038454">
        <ele>234.015126</ele>
        <time>2026-09-28T10:42:36.130Z</time>
      </trkpt>
      <trkpt lat="38.701864" lon="0.038387">
        <ele>227.560378</ele>
        <time>2026-09-28T10:42:45.307Z</time>
      </trkpt>
      <trkpt lat="38.701329" lon="0.038393">
        <ele>224.933528</ele>
        <time>2026-09-28T10:42:49.544Z</time>
      </trkpt>
      <trkpt lat="38.700843" lon="0.038498">
        <ele>222.513680</ele>
        <time>2026-09-28T10:42:53.629Z</time>
      </trkpt>
      <trkpt lat="38.700502" lon="0.038638">
        <ele>221.201900</ele>
        <time>2026-09-28T10:42:56.804Z</time>
      </trkpt>
      <trkpt lat="38.700026" lon="0.038927">
        <ele>220.327346</ele>
        <time>2026-09-28T10:43:02.158Z</time>
      </trkpt>
      <trkpt lat="38.699917" lon="0.039006">
        <ele>220.119424</ele>
        <time>2026-09-28T10:43:03.614Z</time>
      </trkpt>
      <trkpt lat="38.698977" lon="0.039648">
        <ele>218.219612</ele>
        <time>2026-09-28T10:43:14.647Z</time>
      </trkpt>
      <trkpt lat="38.698522" lon="0.039925">
        <ele>216.199830</ele>
        <time>2026-09-28T10:43:19.091Z</time>
      </trkpt>
      <trkpt lat="38.697004" lon="0.040671">
        <ele>209.033675</ele>
        <time>2026-09-28T10:43:32.156Z</time>
      </trkpt>
      <trkpt lat="38.696703" lon="0.040822">
        <ele>207.196571</ele>
        <time>2026-09-28T10:43:34.702Z</time>
      </trkpt>
      <trkpt lat="38.695616" lon="0.041350">
        <ele>200.707423</ele>
        <time>2026-09-28T10:43:43.768Z</time>
      </trkpt>
      <trkpt lat="38.695404" lon="0.041375">
        <ele>199.836301</ele>
        <time>2026-09-28T10:43:45.413Z</time>
      </trkpt>
      <trkpt lat="38.695034" lon="0.041355">
        <ele>198.321000</ele>
        <time>2026-09-28T10:43:48.331Z</time>
      </trkpt>
      <trkpt lat="38.694216" lon="0.041180">
        <ele>194.927595</ele>
        <time>2026-09-28T10:43:55.382Z</time>
      </trkpt>
      <trkpt lat="38.693077" lon="0.040953">
        <ele>191.000817</ele>
        <time>2026-09-28T10:44:06.036Z</time>
      </trkpt>
      <trkpt lat="38.692849" lon="0.040933">
        <ele>190.280460</ele>
        <time>2026-09-28T10:44:08.086Z</time>
      </trkpt>
      <trkpt lat="38.692605" lon="0.040953">
        <ele>189.509779</ele>
        <time>2026-09-28T10:44:10.190Z</time>
      </trkpt>
      <trkpt lat="38.691891" lon="0.041102">
        <ele>186.670503</ele>
        <time>2026-09-28T10:44:16.084Z</time>
      </trkpt>
      <trkpt lat="38.690548" lon="0.041465">
        <ele>179.123983</ele>
        <time>2026-09-28T10:44:26.889Z</time>
      </trkpt>
      <trkpt lat="38.690269" lon="0.041535">
        <ele>177.561352</ele>
        <time>2026-09-28T10:44:29.101Z</time>
      </trkpt>
      <trkpt lat="38.689557" lon="0.041693">
        <ele>173.592023</ele>
        <time>2026-09-28T10:44:34.722Z</time>
      </trkpt>
      <trkpt lat="38.689254" lon="0.041739">
        <ele>171.915967</ele>
        <time>2026-09-28T10:44:37.113Z</time>
      </trkpt>
      <trkpt lat="38.689006" lon="0.041740">
        <ele>170.553670</ele>
        <time>2026-09-28T10:44:39.083Z</time>
      </trkpt>
      <trkpt lat="38.688548" lon="0.041687">
        <ele>168.119330</ele>
        <time>2026-09-28T10:44:42.810Z</time>
      </trkpt>
      <trkpt lat="38.688275" lon="0.041571">
        <ele>167.328303</ele>
        <time>2026-09-28T10:44:45.172Z</time>
      </trkpt>
      <trkpt lat="38.688099" lon="0.041453">
        <ele>166.781988</ele>
        <time>2026-09-28T10:44:46.834Z</time>
      </trkpt>
      <trkpt lat="38.687890" lon="0.041258">
        <ele>166.070917</ele>
        <time>2026-09-28T10:44:49.053Z</time>
      </trkpt>
      <trkpt lat="38.687579" lon="0.040842">
        <ele>164.834357</ele>
        <time>2026-09-28T10:44:53.047Z</time>
      </trkpt>
      <trkpt lat="38.687560" lon="0.040816">
        <ele>164.757899</ele>
        <time>2026-09-28T10:44:53.304Z</time>
      </trkpt>
      <trkpt lat="38.686925" lon="0.039844">
        <ele>162.452541</ele>
        <time>2026-09-28T10:45:03.562Z</time>
      </trkpt>
      <trkpt lat="38.686798" lon="0.039647">
        <ele>162.089733</ele>
        <time>2026-09-28T10:45:05.754Z</time>
      </trkpt>
      <trkpt lat="38.686552" lon="0.039367">
        <ele>161.491107</ele>
        <time>2026-09-28T10:45:09.258Z</time>
      </trkpt>
      <trkpt lat="38.686322" lon="0.039179">
        <ele>160.994789</ele>
        <time>2026-09-28T10:45:12.087Z</time>
      </trkpt>
      <trkpt lat="38.685045" lon="0.038446">
        <ele>156.614316</ele>
        <time>2026-09-28T10:45:23.912Z</time>
      </trkpt>
      <trkpt lat="38.684823" lon="0.038337">
        <ele>155.667655</ele>
        <time>2026-09-28T10:45:25.773Z</time>
      </trkpt>
      <trkpt lat="38.684180" lon="0.037979">
        <ele>152.876000</ele>
        <time>2026-09-28T10:45:31.469Z</time>
      </trkpt>
      <trkpt lat="38.683893" lon="0.037830">
        <ele>152.278829</ele>
        <time>2026-09-28T10:45:34.122Z</time>
      </trkpt>
      <trkpt lat="38.683095" lon="0.037515">
        <ele>150.733835</ele>
        <time>2026-09-28T10:45:42.588Z</time>
      </trkpt>
      <trkpt lat="38.682812" lon="0.037431">
        <ele>150.196347</ele>
        <time>2026-09-28T10:45:46.316Z</time>
      </trkpt>
      <trkpt lat="38.682693" lon="0.037347">
        <ele>149.944955</ele>
        <time>2026-09-28T10:45:47.839Z</time>
      </trkpt>
      <trkpt lat="38.682331" lon="0.037199">
        <ele>149.023132</ele>
        <time>2026-09-28T10:45:51.478Z</time>
      </trkpt>
      <trkpt lat="38.682112" lon="0.037128">
        <ele>148.254814</ele>
        <time>2026-09-28T10:45:53.497Z</time>
      </trkpt>
      <trkpt lat="38.681806" lon="0.037021">
        <ele>147.176011</ele>
        <time>2026-09-28T10:45:56.221Z</time>
      </trkpt>
      <trkpt lat="38.681576" lon="0.036997">
        <ele>146.391174</ele>
        <time>2026-09-28T10:45:58.150Z</time>
      </trkpt>
      <trkpt lat="38.681538" lon="0.036997">
        <ele>146.261934</ele>
        <time>2026-09-28T10:45:58.470Z</time>
      </trkpt>
      <trkpt lat="38.681291" lon="0.037026">
        <ele>145.418348</ele>
        <time>2026-09-28T10:46:00.528Z</time>
      </trkpt>
      <trkpt lat="38.680845" lon="0.037174">
        <ele>143.851403</ele>
        <time>2026-09-28T10:46:04.304Z</time>
      </trkpt>
      <trkpt lat="38.679921" lon="0.037502">
        <ele>139.383853</ele>
        <time>2026-09-28T10:46:12.174Z</time>
      </trkpt>
      <trkpt lat="38.679782" lon="0.037583">
        <ele>138.640304</ele>
        <time>2026-09-28T10:46:13.423Z</time>
      </trkpt>
      <trkpt lat="38.679597" lon="0.037755">
        <ele>137.527262</ele>
        <time>2026-09-28T10:46:15.284Z</time>
      </trkpt>
      <trkpt lat="38.679379" lon="0.037964">
        <ele>136.201425</ele>
        <time>2026-09-28T10:46:17.461Z</time>
      </trkpt>
      <trkpt lat="38.679245" lon="0.038144">
        <ele>135.255993</ele>
        <time>2026-09-28T10:46:18.980Z</time>
      </trkpt>
      <trkpt lat="38.678793" lon="0.038879">
        <ele>131.276360</ele>
        <time>2026-09-28T10:46:24.641Z</time>
      </trkpt>
      <trkpt lat="38.678709" lon="0.038964">
        <ele>130.679829</ele>
        <time>2026-09-28T10:46:25.482Z</time>
      </trkpt>
      <trkpt lat="38.678521" lon="0.039088">
        <ele>129.501459</ele>
        <time>2026-09-28T10:46:27.143Z</time>
      </trkpt>
      <trkpt lat="38.678372" lon="0.039120">
        <ele>128.659555</ele>
        <time>2026-09-28T10:46:28.329Z</time>
      </trkpt>
      <trkpt lat="38.678207" lon="0.039104">
        <ele>127.737447</ele>
        <time>2026-09-28T10:46:29.641Z</time>
      </trkpt>
      <trkpt lat="38.678020" lon="0.039050">
        <ele>126.669223</ele>
        <time>2026-09-28T10:46:31.160Z</time>
      </trkpt>
      <trkpt lat="38.677909" lon="0.038989">
        <ele>125.996145</ele>
        <time>2026-09-28T10:46:32.125Z</time>
      </trkpt>
      <trkpt lat="38.677407" lon="0.038541">
        <ele>123.264514</ele>
        <time>2026-09-28T10:46:37.051Z</time>
      </trkpt>
      <trkpt lat="38.677231" lon="0.038382">
        <ele>122.467470</ele>
        <time>2026-09-28T10:46:38.831Z</time>
      </trkpt>
      <trkpt lat="38.677030" lon="0.038286">
        <ele>121.673576</ele>
        <time>2026-09-28T10:46:40.643Z</time>
      </trkpt>
      <trkpt lat="38.676527" lon="0.038288">
        <ele>119.812048</ele>
        <time>2026-09-28T10:46:44.923Z</time>
      </trkpt>
      <trkpt lat="38.676469" lon="0.038294">
        <ele>119.596701</ele>
        <time>2026-09-28T10:46:45.426Z</time>
      </trkpt>
      <trkpt lat="38.675633" lon="0.038356">
        <ele>116.817988</ele>
        <time>2026-09-28T10:46:52.846Z</time>
      </trkpt>
      <trkpt lat="38.675104" lon="0.038402">
        <ele>115.289123</ele>
        <time>2026-09-28T10:46:57.695Z</time>
      </trkpt>
      <trkpt lat="38.673622" lon="0.038507">
        <ele>110.732384</ele>
        <time>2026-09-28T10:47:10.459Z</time>
      </trkpt>
      <trkpt lat="38.672500" lon="0.038554">
        <ele>106.983948</ele>
        <time>2026-09-28T10:47:20.051Z</time>
      </trkpt>
      <trkpt lat="38.672333" lon="0.038541">
        <ele>106.360687</ele>
        <time>2026-09-28T10:47:21.488Z</time>
      </trkpt>
      <trkpt lat="38.672203" lon="0.038495">
        <ele>105.822380</ele>
        <time>2026-09-28T10:47:22.635Z</time>
      </trkpt>
      <trkpt lat="38.671903" lon="0.038342">
        <ele>104.533556</ele>
        <time>2026-09-28T10:47:25.373Z</time>
      </trkpt>
      <trkpt lat="38.671340" lon="0.037822">
        <ele>101.763132</ele>
        <time>2026-09-28T10:47:31.100Z</time>
      </trkpt>
      <trkpt lat="38.671229" lon="0.037755">
        <ele>101.273364</ele>
        <time>2026-09-28T10:47:32.079Z</time>
      </trkpt>
      <trkpt lat="38.671032" lon="0.037704">
        <ele>100.471175</ele>
        <time>2026-09-28T10:47:33.699Z</time>
      </trkpt>
      <trkpt lat="38.670844" lon="0.037717">
        <ele>99.719714</ele>
        <time>2026-09-28T10:47:35.255Z</time>
      </trkpt>
      <trkpt lat="38.670628" lon="0.037806">
        <ele>99.013685</ele>
        <time>2026-09-28T10:47:37.135Z</time>
      </trkpt>
      <trkpt lat="38.670459" lon="0.037935">
        <ele>98.433874</ele>
        <time>2026-09-28T10:47:38.788Z</time>
      </trkpt>
      <trkpt lat="38.670286" lon="0.038196">
        <ele>97.646072</ele>
        <time>2026-09-28T10:47:41.038Z</time>
      </trkpt>
      <trkpt lat="38.670144" lon="0.038409">
        <ele>97.001594</ele>
        <time>2026-09-28T10:47:42.929Z</time>
      </trkpt>
      <trkpt lat="38.670057" lon="0.038487">
        <ele>96.688616</ele>
        <time>2026-09-28T10:47:43.863Z</time>
      </trkpt>
      <trkpt lat="38.669981" lon="0.038535">
        <ele>96.438881</ele>
        <time>2026-09-28T10:47:44.616Z</time>
      </trkpt>
      <trkpt lat="38.669772" lon="0.038589">
        <ele>95.810516</ele>
        <time>2026-09-28T10:47:46.556Z</time>
      </trkpt>
      <trkpt lat="38.669376" lon="0.038519">
        <ele>94.632378</ele>
        <time>2026-09-28T10:47:50.510Z</time>
      </trkpt>
      <trkpt lat="38.668940" lon="0.038366">
        <ele>92.963308</ele>
        <time>2026-09-28T10:47:54.932Z</time>
      </trkpt>
      <trkpt lat="38.668748" lon="0.038248">
        <ele>92.119158</ele>
        <time>2026-09-28T10:47:56.793Z</time>
      </trkpt>
      <trkpt lat="38.668626" lon="0.038130">
        <ele>91.513161</ele>
        <time>2026-09-28T10:47:58.076Z</time>
      </trkpt>
      <trkpt lat="38.668224" lon="0.037495">
        <ele>88.983054</ele>
        <time>2026-09-28T10:48:03.211Z</time>
      </trkpt>
      <trkpt lat="38.667935" lon="0.037135">
        <ele>87.385027</ele>
        <time>2026-09-28T10:48:06.402Z</time>
      </trkpt>
      <trkpt lat="38.667828" lon="0.037052">
        <ele>86.896258</ele>
        <time>2026-09-28T10:48:07.393Z</time>
      </trkpt>
      <trkpt lat="38.667721" lon="0.037009">
        <ele>86.463982</ele>
        <time>2026-09-28T10:48:08.284Z</time>
      </trkpt>
      <trkpt lat="38.667619" lon="0.036996">
        <ele>86.068864</ele>
        <time>2026-09-28T10:48:09.107Z</time>
      </trkpt>
      <trkpt lat="38.667439" lon="0.037022">
        <ele>85.370625</ele>
        <time>2026-09-28T10:48:10.562Z</time>
      </trkpt>
      <trkpt lat="38.667240" lon="0.037114">
        <ele>84.555101</ele>
        <time>2026-09-28T10:48:12.278Z</time>
      </trkpt>
      <trkpt lat="38.666940" lon="0.037347">
        <ele>83.202687</ele>
        <time>2026-09-28T10:48:15.279Z</time>
      </trkpt>
      <trkpt lat="38.666672" lon="0.037477">
        <ele>82.098024</ele>
        <time>2026-09-28T10:48:17.859Z</time>
      </trkpt>
      <trkpt lat="38.666392" lon="0.037454">
        <ele>81.016499</ele>
        <time>2026-09-28T10:48:20.421Z</time>
      </trkpt>
      <trkpt lat="38.666220" lon="0.037366">
        <ele>80.302551</ele>
        <time>2026-09-28T10:48:22.044Z</time>
      </trkpt>
      <trkpt lat="38.666121" lon="0.037272">
        <ele>79.654417</ele>
        <time>2026-09-28T10:48:23.082Z</time>
      </trkpt>
      <trkpt lat="38.665996" lon="0.037084">
        <ele>78.577886</ele>
        <time>2026-09-28T10:48:24.690Z</time>
      </trkpt>
      <trkpt lat="38.665993" lon="0.037078">
        <ele>78.546824</ele>
        <time>2026-09-28T10:48:24.736Z</time>
      </trkpt>
      <trkpt lat="38.665833" lon="0.036641">
        <ele>76.442571</ele>
        <time>2026-09-28T10:48:27.801Z</time>
      </trkpt>
      <trkpt lat="38.665649" lon="0.036050">
        <ele>73.668701</ele>
        <time>2026-09-28T10:48:31.712Z</time>
      </trkpt>
      <trkpt lat="38.665573" lon="0.035856">
        <ele>72.722428</ele>
        <time>2026-09-28T10:48:33.012Z</time>
      </trkpt>
      <trkpt lat="38.665492" lon="0.035742">
        <ele>72.050439</ele>
        <time>2026-09-28T10:48:33.921Z</time>
      </trkpt>
      <trkpt lat="38.665294" lon="0.035521">
        <ele>70.583949</ele>
        <time>2026-09-28T10:48:35.900Z</time>
      </trkpt>
      <trkpt lat="38.664974" lon="0.035252">
        <ele>68.087848</ele>
        <time>2026-09-28T10:48:38.787Z</time>
      </trkpt>
      <trkpt lat="38.664618" lon="0.034960">
        <ele>65.235984</ele>
        <time>2026-09-28T10:48:42.019Z</time>
      </trkpt>
      <trkpt lat="38.664353" lon="0.034792">
        <ele>63.241274</ele>
        <time>2026-09-28T10:48:44.291Z</time>
      </trkpt>
      <trkpt lat="38.664106" lon="0.034712">
        <ele>61.522565</ele>
        <time>2026-09-28T10:48:46.263Z</time>
      </trkpt>
      <trkpt lat="38.663848" lon="0.034672">
        <ele>59.769402</ele>
        <time>2026-09-28T10:48:48.267Z</time>
      </trkpt>
      <trkpt lat="38.663567" lon="0.034672">
        <ele>57.926181</ele>
        <time>2026-09-28T10:48:50.446Z</time>
      </trkpt>
      <trkpt lat="38.663398" lon="0.034702">
        <ele>57.144933</ele>
        <time>2026-09-28T10:48:51.779Z</time>
      </trkpt>
      <trkpt lat="38.663042" lon="0.034817">
        <ele>55.463754</ele>
        <time>2026-09-28T10:48:54.671Z</time>
      </trkpt>
      <trkpt lat="38.662278" lon="0.035203">
        <ele>51.703010</ele>
        <time>2026-09-28T10:49:01.271Z</time>
      </trkpt>
      <trkpt lat="38.662029" lon="0.035236">
        <ele>50.556751</ele>
        <time>2026-09-28T10:49:03.419Z</time>
      </trkpt>
      <trkpt lat="38.661882" lon="0.035185">
        <ele>49.859377</ele>
        <time>2026-09-28T10:49:04.771Z</time>
      </trkpt>
      <trkpt lat="38.661785" lon="0.035114">
        <ele>49.745713</ele>
        <time>2026-09-28T10:49:05.794Z</time>
      </trkpt>
      <trkpt lat="38.661664" lon="0.035009">
        <ele>49.664179</ele>
        <time>2026-09-28T10:49:07.209Z</time>
      </trkpt>
      <trkpt lat="38.661518" lon="0.034945">
        <ele>49.578095</ele>
        <time>2026-09-28T10:49:08.755Z</time>
      </trkpt>
      <trkpt lat="38.661293" lon="0.034984">
        <ele>49.451438</ele>
        <time>2026-09-28T10:49:11.097Z</time>
      </trkpt>
      <trkpt lat="38.660741" lon="0.035000">
        <ele>49.143432</ele>
        <time>2026-09-28T10:49:17.021Z</time>
      </trkpt>
      <trkpt lat="38.660614" lon="0.034978">
        <ele>49.071942</ele>
        <time>2026-09-28T10:49:18.711Z</time>
      </trkpt>
      <trkpt lat="38.660565" lon="0.034994">
        <ele>49.043733</ele>
        <time>2026-09-28T10:49:19.553Z</time>
      </trkpt>
      <trkpt lat="38.660443" lon="0.035089">
        <ele>48.964084</ele>
        <time>2026-09-28T10:49:21.960Z</time>
      </trkpt>
      <trkpt lat="38.660416" lon="0.035156">
        <ele>48.931241</ele>
        <time>2026-09-28T10:49:23.005Z</time>
      </trkpt>
      <trkpt lat="38.659832" lon="0.035564">
        <ele>49.543061</ele>
        <time>2026-09-28T10:49:34.770Z</time>
      </trkpt>
      <trkpt lat="38.658808" lon="0.035966">
        <ele>51.419052</ele>
        <time>2026-09-28T10:49:54.936Z</time>
      </trkpt>
      <trkpt lat="38.657483" lon="0.036530">
        <ele>54.119829</ele>
        <time>2026-09-28T10:50:22.329Z</time>
      </trkpt>
      <trkpt lat="38.657106" lon="0.036695">
        <ele>54.910549</ele>
        <time>2026-09-28T10:50:29.871Z</time>
      </trkpt>
      <trkpt lat="38.656179" lon="0.037089">
        <ele>56.958031</ele>
        <time>2026-09-28T10:50:48.725Z</time>
      </trkpt>
      <trkpt lat="38.655593" lon="0.037298">
        <ele>58.264159</ele>
        <time>2026-09-28T10:51:01.426Z</time>
      </trkpt>
      <trkpt lat="38.654669" lon="0.037367">
        <ele>60.029093</ele>
        <time>2026-09-28T10:51:20.079Z</time>
      </trkpt>
      <trkpt lat="38.654378" lon="0.037317">
        <ele>60.498677</ele>
        <time>2026-09-28T10:51:25.358Z</time>
      </trkpt>
      <trkpt lat="38.654245" lon="0.037176">
        <ele>60.774830</ele>
        <time>2026-09-28T10:51:28.457Z</time>
      </trkpt>
      <trkpt lat="38.654161" lon="0.037147">
        <ele>60.913973</ele>
        <time>2026-09-28T10:51:30.016Z</time>
      </trkpt>
      <trkpt lat="38.654057" lon="0.037155">
        <ele>61.080606</ele>
        <time>2026-09-28T10:51:31.881Z</time>
      </trkpt>
      <trkpt lat="38.653923" lon="0.037243">
        <ele>61.321461</ele>
        <time>2026-09-28T10:51:34.544Z</time>
      </trkpt>
      <trkpt lat="38.653839" lon="0.037403">
        <ele>61.562260</ele>
        <time>2026-09-28T10:51:37.195Z</time>
      </trkpt>
      <trkpt lat="38.653408" lon="0.037506">
        <ele>62.262263</ele>
        <time>2026-09-28T10:51:44.703Z</time>
      </trkpt>
      <trkpt lat="38.652606" lon="0.037583">
        <ele>63.326546</ele>
        <time>2026-09-28T10:51:56.816Z</time>
      </trkpt>
      <trkpt lat="38.651690" lon="0.037678">
        <ele>64.542678</ele>
        <time>2026-09-28T10:52:13.865Z</time>
      </trkpt>
      <trkpt lat="38.651478" lon="0.037713">
        <ele>64.758044</ele>
        <time>2026-09-28T10:52:17.659Z</time>
      </trkpt>
      <trkpt lat="38.651295" lon="0.037724">
        <ele>64.913872</ele>
        <time>2026-09-28T10:52:20.865Z</time>
      </trkpt>
      <trkpt lat="38.650414" lon="0.037809">
        <ele>65.665361</ele>
        <time>2026-09-28T10:52:35.970Z</time>
      </trkpt>
      <trkpt lat="38.649958" lon="0.037798">
        <ele>66.053296</ele>
        <time>2026-09-28T10:52:42.001Z</time>
      </trkpt>
      <trkpt lat="38.649420" lon="0.037714">
        <ele>66.056381</ele>
        <time>2026-09-28T10:52:48.150Z</time>
      </trkpt>
      <trkpt lat="38.649396" lon="0.037705">
        <ele>66.049647</ele>
        <time>2026-09-28T10:52:48.405Z</time>
      </trkpt>
      <trkpt lat="38.649375" lon="0.037697">
        <ele>66.043747</ele>
        <time>2026-09-28T10:52:48.626Z</time>
      </trkpt>
      <trkpt lat="38.649323" lon="0.037687">
        <ele>66.029588</ele>
        <time>2026-09-28T10:52:49.174Z</time>
      </trkpt>
      <trkpt lat="38.648984" lon="0.037550">
        <ele>65.933867</ele>
        <time>2026-09-28T10:52:52.842Z</time>
      </trkpt>
      <trkpt lat="38.648590" lon="0.037259">
        <ele>65.811389</ele>
        <time>2026-09-28T10:52:57.757Z</time>
      </trkpt>
      <trkpt lat="38.648545" lon="0.037223">
        <ele>65.797101</ele>
        <time>2026-09-28T10:52:58.336Z</time>
      </trkpt>
      <trkpt lat="38.648519" lon="0.037201">
        <ele>65.788710</ele>
        <time>2026-09-28T10:52:58.696Z</time>
      </trkpt>
      <trkpt lat="38.648106" lon="0.036846">
        <ele>65.902730</ele>
        <time>2026-09-28T10:53:05.381Z</time>
      </trkpt>
      <trkpt lat="38.647264" lon="0.036139">
        <ele>68.085288</ele>
        <time>2026-09-28T10:53:23.490Z</time>
      </trkpt>
      <trkpt lat="38.646844" lon="0.035758">
        <ele>69.201010</ele>
        <time>2026-09-28T10:53:35.396Z</time>
      </trkpt>
      <trkpt lat="38.646526" lon="0.035399">
        <ele>70.269737</ele>
        <time>2026-09-28T10:53:47.225Z</time>
      </trkpt>
      <trkpt lat="38.646305" lon="0.035141">
        <ele>71.098100</ele>
        <time>2026-09-28T10:53:55.920Z</time>
      </trkpt>
      <trkpt lat="38.645689" lon="0.034405">
        <ele>73.431770</ele>
        <time>2026-09-28T10:54:15.866Z</time>
      </trkpt>
      <trkpt lat="38.645177" lon="0.033793">
        <ele>74.279401</ele>
        <time>2026-09-28T10:54:26.404Z</time>
      </trkpt>
      <trkpt lat="38.645077" lon="0.033646">
        <ele>74.131718</ele>
        <time>2026-09-28T10:54:27.986Z</time>
      </trkpt>
      <trkpt lat="38.644965" lon="0.033406">
        <ele>73.919917</ele>
        <time>2026-09-28T10:54:30.030Z</time>
      </trkpt>
      <trkpt lat="38.644910" lon="0.033149">
        <ele>73.718044</ele>
        <time>2026-09-28T10:54:31.875Z</time>
      </trkpt>
      <trkpt lat="38.644897" lon="0.032935">
        <ele>73.555433</ele>
        <time>2026-09-28T10:54:33.369Z</time>
      </trkpt>
      <trkpt lat="38.644939" lon="0.032667">
        <ele>73.348356</ele>
        <time>2026-09-28T10:54:35.258Z</time>
      </trkpt>
      <trkpt lat="38.645269" lon="0.031627">
        <ele>73.204710</ele>
        <time>2026-09-28T10:54:44.737Z</time>
      </trkpt>
      <trkpt lat="38.645296" lon="0.031394">
        <ele>73.420174</ele>
        <time>2026-09-28T10:54:47.730Z</time>
      </trkpt>
      <trkpt lat="38.645279" lon="0.031048">
        <ele>73.737295</ele>
        <time>2026-09-28T10:54:52.489Z</time>
      </trkpt>
      <trkpt lat="38.645163" lon="0.030660">
        <ele>74.117323</ele>
        <time>2026-09-28T10:54:58.506Z</time>
      </trkpt>
      <trkpt lat="38.644995" lon="0.030399">
        <ele>74.426698</ele>
        <time>2026-09-28T10:55:03.754Z</time>
      </trkpt>
      <trkpt lat="38.644798" lon="0.030195">
        <ele>74.723438</ele>
        <time>2026-09-28T10:55:08.808Z</time>
      </trkpt>
      <trkpt lat="38.644143" lon="0.029614">
        <ele>76.184556</ele>
        <time>2026-09-28T10:55:24.398Z</time>
      </trkpt>
      <trkpt lat="38.643758" lon="0.029267">
        <ele>77.133628</ele>
        <time>2026-09-28T10:55:33.690Z</time>
      </trkpt>
      <trkpt lat="38.643343" lon="0.028887">
        <ele>78.162087</ele>
        <time>2026-09-28T10:55:43.530Z</time>
      </trkpt>
      <trkpt lat="38.643087" lon="0.028616">
        <ele>78.851994</ele>
        <time>2026-09-28T10:55:49.576Z</time>
      </trkpt>
      <trkpt lat="38.642989" lon="0.028461">
        <ele>79.188647</ele>
        <time>2026-09-28T10:55:52.443Z</time>
      </trkpt>
      <trkpt lat="38.642890" lon="0.028217">
        <ele>79.652822</ele>
        <time>2026-09-28T10:55:56.733Z</time>
      </trkpt>
      <trkpt lat="38.642838" lon="0.027852">
        <ele>80.279169</ele>
        <time>2026-09-28T10:56:02.885Z</time>
      </trkpt>
      <trkpt lat="38.642879" lon="0.027194">
        <ele>81.393512</ele>
        <time>2026-09-28T10:56:13.471Z</time>
      </trkpt>
      <trkpt lat="38.642904" lon="0.026895">
        <ele>81.901158</ele>
        <time>2026-09-28T10:56:18.012Z</time>
      </trkpt>
      <trkpt lat="38.642922" lon="0.026606">
        <ele>82.390586</ele>
        <time>2026-09-28T10:56:22.442Z</time>
      </trkpt>
      <trkpt lat="38.642907" lon="0.026355">
        <ele>82.844330</ele>
        <time>2026-09-28T10:56:26.389Z</time>
      </trkpt>
      <trkpt lat="38.642871" lon="0.026200">
        <ele>83.138118</ele>
        <time>2026-09-28T10:56:28.992Z</time>
      </trkpt>
      <trkpt lat="38.642767" lon="0.025950">
        <ele>83.652721</ele>
        <time>2026-09-28T10:56:33.750Z</time>
      </trkpt>
      <trkpt lat="38.641158" lon="0.023957">
        <ele>88.361542</ele>
        <time>2026-09-28T10:57:19.961Z</time>
      </trkpt>
      <trkpt lat="38.640869" lon="0.023606">
        <ele>89.081711</ele>
        <time>2026-09-28T10:57:28.016Z</time>
      </trkpt>
      <trkpt lat="38.640063" lon="0.022638">
        <ele>89.957555</ele>
        <time>2026-09-28T10:57:43.696Z</time>
      </trkpt>
      <trkpt lat="38.639670" lon="0.022147">
        <ele>90.026835</ele>
        <time>2026-09-28T10:57:49.638Z</time>
      </trkpt>
      <trkpt lat="38.639605" lon="0.022018">
        <ele>90.041963</ele>
        <time>2026-09-28T10:57:51.010Z</time>
      </trkpt>
      <trkpt lat="38.639574" lon="0.021930">
        <ele>90.051476</ele>
        <time>2026-09-28T10:57:51.930Z</time>
      </trkpt>
      <trkpt lat="38.639538" lon="0.021675">
        <ele>90.077013</ele>
        <time>2026-09-28T10:57:54.345Z</time>
      </trkpt>
      <trkpt lat="38.639562" lon="0.021427">
        <ele>90.116016</ele>
        <time>2026-09-28T10:57:56.816Z</time>
      </trkpt>
      <trkpt lat="38.639892" lon="0.019883">
        <ele>91.967756</ele>
        <time>2026-09-28T10:58:17.241Z</time>
      </trkpt>
      <trkpt lat="38.639907" lon="0.019693">
        <ele>92.188666</ele>
        <time>2026-09-28T10:58:20.284Z</time>
      </trkpt>
      <trkpt lat="38.639879" lon="0.019510">
        <ele>92.404381</ele>
        <time>2026-09-28T10:58:23.297Z</time>
      </trkpt>
      <trkpt lat="38.639846" lon="0.019384">
        <ele>92.558111</ele>
        <time>2026-09-28T10:58:25.457Z</time>
      </trkpt>
      <trkpt lat="38.639648" lon="0.018950">
        <ele>94.080136</ele>
        <time>2026-09-28T10:58:34.093Z</time>
      </trkpt>
      <trkpt lat="38.639584" lon="0.018609">
        <ele>95.502247</ele>
        <time>2026-09-28T10:58:40.398Z</time>
      </trkpt>
      <trkpt lat="38.639630" lon="0.016096">
        <ele>106.810116</ele>
        <time>2026-09-28T10:59:47.578Z</time>
      </trkpt>
      <trkpt lat="38.639545" lon="0.013750">
        <ele>117.525248</ele>
        <time>2026-09-28T11:00:55.164Z</time>
      </trkpt>
      <trkpt lat="38.639564" lon="0.013579">
        <ele>118.116266</ele>
        <time>2026-09-28T11:00:59.933Z</time>
      </trkpt>
      <trkpt lat="38.640047" lon="0.012188">
        <ele>121.569232</ele>
        <time>2026-09-28T11:01:25.599Z</time>
      </trkpt>
      <trkpt lat="38.640073" lon="0.011967">
        <ele>121.123652</ele>
        <time>2026-09-28T11:01:27.252Z</time>
      </trkpt>
      <trkpt lat="38.640035" lon="0.010998">
        <ele>119.189310</ele>
        <time>2026-09-28T11:01:33.616Z</time>
      </trkpt>
      <trkpt lat="38.640049" lon="0.011000">
        <ele>119.153354</ele>
        <time>2026-09-28T11:01:33.776Z</time>
      </trkpt>
      <trkpt lat="38.640020" lon="0.010651">
        <ele>118.453621</ele>
        <time>2026-09-28T11:01:36.850Z</time>
      </trkpt>
      <trkpt lat="38.639966" lon="0.009538">
        <ele>117.150949</ele>
        <time>2026-09-28T11:01:44.093Z</time>
      </trkpt>
      <trkpt lat="38.639951" lon="0.009388">
        <ele>117.048521</ele>
        <time>2026-09-28T11:01:45.275Z</time>
      </trkpt>
      <trkpt lat="38.639882" lon="0.009133">
        <ele>116.865733</ele>
        <time>2026-09-28T11:01:47.618Z</time>
      </trkpt>
      <trkpt lat="38.639421" lon="0.008229">
        <ele>116.134486</ele>
        <time>2026-09-28T11:02:02.327Z</time>
      </trkpt>
      <trkpt lat="38.639270" lon="0.008055">
        <ele>115.373314</ele>
        <time>2026-09-28T11:02:06.439Z</time>
      </trkpt>
      <trkpt lat="38.638968" lon="0.007821">
        <ele>113.387424</ele>
        <time>2026-09-28T11:02:11.722Z</time>
      </trkpt>
      <trkpt lat="38.638853" lon="0.007690">
        <ele>112.521447</ele>
        <time>2026-09-28T11:02:13.303Z</time>
      </trkpt>
      <trkpt lat="38.638683" lon="0.007328">
        <ele>110.665375</ele>
        <time>2026-09-28T11:02:16.189Z</time>
      </trkpt>
      <trkpt lat="38.638542" lon="0.007108">
        <ele>109.414865</ele>
        <time>2026-09-28T11:02:17.934Z</time>
      </trkpt>
      <trkpt lat="38.638359" lon="0.006885">
        <ele>107.993558</ele>
        <time>2026-09-28T11:02:19.790Z</time>
      </trkpt>
      <trkpt lat="38.637840" lon="0.006501">
        <ele>102.925523</ele>
        <time>2026-09-28T11:02:24.033Z</time>
      </trkpt>
      <trkpt lat="38.637377" lon="0.006102">
        <ele>95.767238</ele>
        <time>2026-09-28T11:02:27.955Z</time>
      </trkpt>
      <trkpt lat="38.637026" lon="0.005832">
        <ele>90.515309</ele>
        <time>2026-09-28T11:02:30.850Z</time>
      </trkpt>
      <trkpt lat="38.636773" lon="0.005688">
        <ele>86.964191</ele>
        <time>2026-09-28T11:02:32.833Z</time>
      </trkpt>
      <trkpt lat="38.635509" lon="0.005359">
        <ele>76.267331</ele>
        <time>2026-09-28T11:02:42.689Z</time>
      </trkpt>
      <trkpt lat="38.634895" lon="0.005205">
        <ele>72.008961</ele>
        <time>2026-09-28T11:02:47.569Z</time>
      </trkpt>
      <trkpt lat="38.634626" lon="0.005076">
        <ele>70.416331</ele>
        <time>2026-09-28T11:02:49.805Z</time>
      </trkpt>
      <trkpt lat="38.634481" lon="0.004966">
        <ele>69.983525</ele>
        <time>2026-09-28T11:02:51.132Z</time>
      </trkpt>
      <trkpt lat="38.634381" lon="0.004848">
        <ele>69.634294</ele>
        <time>2026-09-28T11:02:52.215Z</time>
      </trkpt>
      <trkpt lat="38.634257" lon="0.004599">
        <ele>69.041968</ele>
        <time>2026-09-28T11:02:54.077Z</time>
      </trkpt>
      <trkpt lat="38.634205" lon="0.004435">
        <ele>68.686937</ele>
        <time>2026-09-28T11:02:55.221Z</time>
      </trkpt>
      <trkpt lat="38.634153" lon="0.004132">
        <ele>68.064660</ele>
        <time>2026-09-28T11:02:57.299Z</time>
      </trkpt>
      <trkpt lat="38.634117" lon="0.003311">
        <ele>66.415241</ele>
        <time>2026-09-28T11:03:05.063Z</time>
      </trkpt>
      <trkpt lat="38.634266" lon="0.002107">
        <ele>64.534539</ele>
        <time>2026-09-28T11:03:20.137Z</time>
      </trkpt>
      <trkpt lat="38.634259" lon="0.001890">
        <ele>64.219017</ele>
        <time>2026-09-28T11:03:21.798Z</time>
      </trkpt>
      <trkpt lat="38.634188" lon="0.001697">
        <ele>63.909092</ele>
        <time>2026-09-28T11:03:23.293Z</time>
      </trkpt>
      <trkpt lat="38.634058" lon="0.001530">
        <ele>63.566577</ele>
        <time>2026-09-28T11:03:24.882Z</time>
      </trkpt>
      <trkpt lat="38.633358" lon="0.000797">
        <ele>60.392719</ele>
        <time>2026-09-28T11:03:32.119Z</time>
      </trkpt>
      <trkpt lat="38.633181" lon="0.000638">
        <ele>59.228681</ele>
        <time>2026-09-28T11:03:33.790Z</time>
      </trkpt>
      <trkpt lat="38.632724" lon="0.000249">
        <ele>56.274287</ele>
        <time>2026-09-28T11:03:38.080Z</time>
      </trkpt>
      <trkpt lat="38.632538" lon="0.000084">
        <ele>55.056071</ele>
        <time>2026-09-28T11:03:39.890Z</time>
      </trkpt>
      <trkpt lat="38.632359" lon="-0.000069">
        <ele>53.897397</ele>
        <time>2026-09-28T11:03:41.636Z</time>
      </trkpt>
      <trkpt lat="38.631910" lon="-0.000467">
        <ele>51.385281</ele>
        <time>2026-09-28T11:03:46.011Z</time>
      </trkpt>
      <trkpt lat="38.631794" lon="-0.000687">
        <ele>50.504126</ele>
        <time>2026-09-28T11:03:47.655Z</time>
      </trkpt>
      <trkpt lat="38.631741" lon="-0.000983">
        <ele>49.495986</ele>
        <time>2026-09-28T11:03:49.527Z</time>
      </trkpt>
      <trkpt lat="38.631713" lon="-0.001384">
        <ele>48.159443</ele>
        <time>2026-09-28T11:03:52.061Z</time>
      </trkpt>
      <trkpt lat="38.631844" lon="-0.001789">
        <ele>46.704229</ele>
        <time>2026-09-28T11:03:54.925Z</time>
      </trkpt>
      <trkpt lat="38.631983" lon="-0.002154">
        <ele>45.356190</ele>
        <time>2026-09-28T11:03:57.701Z</time>
      </trkpt>
      <trkpt lat="38.631994" lon="-0.002238">
        <ele>45.284026</ele>
        <time>2026-09-28T11:03:58.311Z</time>
      </trkpt>
      <trkpt lat="38.631849" lon="-0.002838">
        <ele>44.811694</ele>
        <time>2026-09-28T11:04:03.130Z</time>
      </trkpt>
      <trkpt lat="38.631777" lon="-0.003595">
        <ele>44.238185</ele>
        <time>2026-09-28T11:04:10.181Z</time>
      </trkpt>
      <trkpt lat="38.631652" lon="-0.004093">
        <ele>43.844802</ele>
        <time>2026-09-28T11:04:15.875Z</time>
      </trkpt>
      <trkpt lat="38.631674" lon="-0.004692">
        <ele>43.503972</ele>
        <time>2026-09-28T11:04:20.888Z</time>
      </trkpt>
      <trkpt lat="38.631654" lon="-0.005061">
        <ele>43.364893</ele>
        <time>2026-09-28T11:04:23.722Z</time>
      </trkpt>
      <trkpt lat="38.631572" lon="-0.005517">
        <ele>43.188950</ele>
        <time>2026-09-28T11:04:27.255Z</time>
      </trkpt>
      <trkpt lat="38.631414" lon="-0.006154">
        <ele>42.937650</ele>
        <time>2026-09-28T11:04:32.624Z</time>
      </trkpt>
      <trkpt lat="38.631358" lon="-0.006924">
        <ele>43.352045</ele>
        <time>2026-09-28T11:04:41.304Z</time>
      </trkpt>
      <trkpt lat="38.631359" lon="-0.007459">
        <ele>44.548614</ele>
        <time>2026-09-28T11:04:50.882Z</time>
      </trkpt>
      <trkpt lat="38.631490" lon="-0.008005">
        <ele>45.826081</ele>
        <time>2026-09-28T11:05:01.865Z</time>
      </trkpt>
      <trkpt lat="38.631503" lon="-0.008157">
        <ele>46.168071</ele>
        <time>2026-09-28T11:05:04.859Z</time>
      </trkpt>
      <trkpt lat="38.631460" lon="-0.008676">
        <ele>47.335360</ele>
        <time>2026-09-28T11:05:15.504Z</time>
      </trkpt>
      <trkpt lat="38.631414" lon="-0.009099">
        <ele>48.319595</ele>
        <time>2026-09-28T11:05:23.905Z</time>
      </trkpt>
      <trkpt lat="38.631433" lon="-0.009378">
        <ele>48.992307</ele>
        <time>2026-09-28T11:05:29.174Z</time>
      </trkpt>
      <trkpt lat="38.631528" lon="-0.009704">
        <ele>49.828084</ele>
        <time>2026-09-28T11:05:35.395Z</time>
      </trkpt>
      <trkpt lat="38.632510" lon="-0.012197">
        <ele>56.298285</ele>
        <time>2026-09-28T11:06:24.241Z</time>
      </trkpt>
      <trkpt lat="38.632560" lon="-0.012353">
        <ele>56.672502</ele>
        <time>2026-09-28T11:06:27.436Z</time>
      </trkpt>
      <trkpt lat="38.632590" lon="-0.012551">
        <ele>57.120108</ele>
        <time>2026-09-28T11:06:31.135Z</time>
      </trkpt>
      <trkpt lat="38.632571" lon="-0.012798">
        <ele>57.670922</ele>
        <time>2026-09-28T11:06:35.472Z</time>
      </trkpt>
      <trkpt lat="38.632510" lon="-0.012970">
        <ele>58.090136</ele>
        <time>2026-09-28T11:06:38.699Z</time>
      </trkpt>
      <trkpt lat="38.632326" lon="-0.013152">
        <ele>58.724770</ele>
        <time>2026-09-28T11:06:43.663Z</time>
      </trkpt>
      <trkpt lat="38.632143" lon="-0.013195">
        <ele>59.188650</ele>
        <time>2026-09-28T11:06:47.409Z</time>
      </trkpt>
      <trkpt lat="38.632029" lon="-0.013186">
        <ele>59.473416</ele>
        <time>2026-09-28T11:06:49.642Z</time>
      </trkpt>
      <trkpt lat="38.631389" lon="-0.013037">
        <ele>61.095243</ele>
        <time>2026-09-28T11:07:03.602Z</time>
      </trkpt>
      <trkpt lat="38.630932" lon="-0.012852">
        <ele>62.290253</ele>
        <time>2026-09-28T11:07:14.141Z</time>
      </trkpt>
      <trkpt lat="38.630741" lon="-0.012811">
        <ele>62.773105</ele>
        <time>2026-09-28T11:07:18.111Z</time>
      </trkpt>
      <trkpt lat="38.630461" lon="-0.012819">
        <ele>62.885907</ele>
        <time>2026-09-28T11:07:23.926Z</time>
      </trkpt>
      <trkpt lat="38.630319" lon="-0.012860">
        <ele>62.774974</ele>
        <time>2026-09-28T11:07:26.776Z</time>
      </trkpt>
      <trkpt lat="38.630097" lon="-0.013041">
        <ele>62.574394</ele>
        <time>2026-09-28T11:07:31.486Z</time>
      </trkpt>
      <trkpt lat="38.630024" lon="-0.013137">
        <ele>62.494638</ele>
        <time>2026-09-28T11:07:33.066Z</time>
      </trkpt>
      <trkpt lat="38.629918" lon="-0.013352">
        <ele>62.343284</ele>
        <time>2026-09-28T11:07:35.644Z</time>
      </trkpt>
      <trkpt lat="38.629885" lon="-0.013492">
        <ele>62.256227</ele>
        <time>2026-09-28T11:07:36.824Z</time>
      </trkpt>
      <trkpt lat="38.629874" lon="-0.013785">
        <ele>62.081595</ele>
        <time>2026-09-28T11:07:38.966Z</time>
      </trkpt>
      <trkpt lat="38.629933" lon="-0.014307">
        <ele>61.767600</ele>
        <time>2026-09-28T11:07:42.795Z</time>
      </trkpt>
      <trkpt lat="38.629973" lon="-0.014438">
        <ele>61.683866</ele>
        <time>2026-09-28T11:07:43.772Z</time>
      </trkpt>
      <trkpt lat="38.630012" lon="-0.014563">
        <ele>61.198622</ele>
        <time>2026-09-28T11:07:44.667Z</time>
      </trkpt>
      <trkpt lat="38.630111" lon="-0.014681">
        <ele>60.235176</ele>
        <time>2026-09-28T11:07:45.756Z</time>
      </trkpt>
      <trkpt lat="38.630180" lon="-0.014724">
        <ele>59.688593</ele>
        <time>2026-09-28T11:07:46.363Z</time>
      </trkpt>
      <trkpt lat="38.630402" lon="-0.014777">
        <ele>58.080174</ele>
        <time>2026-09-28T11:07:48.081Z</time>
      </trkpt>
      <trkpt lat="38.630592" lon="-0.014832">
        <ele>56.692763</ele>
        <time>2026-09-28T11:07:49.525Z</time>
      </trkpt>
      <trkpt lat="38.630593" lon="-0.014833">
        <ele>56.683725</ele>
        <time>2026-09-28T11:07:49.539Z</time>
      </trkpt>
      <trkpt lat="38.630710" lon="-0.014936">
        <ele>55.672376</ele>
        <time>2026-09-28T11:07:50.582Z</time>
      </trkpt>
      <trkpt lat="38.630774" lon="-0.015123">
        <ele>54.536463</ele>
        <time>2026-09-28T11:07:51.763Z</time>
      </trkpt>
      <trkpt lat="38.630757" lon="-0.015330">
        <ele>53.378398</ele>
        <time>2026-09-28T11:07:52.964Z</time>
      </trkpt>
      <trkpt lat="38.630511" lon="-0.015971">
        <ele>49.404821</ele>
        <time>2026-09-28T11:07:57.186Z</time>
      </trkpt>
      <trkpt lat="38.630469" lon="-0.016229">
        <ele>48.250611</ele>
        <time>2026-09-28T11:07:58.743Z</time>
      </trkpt>
      <trkpt lat="38.630499" lon="-0.016392">
        <ele>47.640822</ele>
        <time>2026-09-28T11:07:59.718Z</time>
      </trkpt>
      <trkpt lat="38.630590" lon="-0.016586">
        <ele>46.816834</ele>
        <time>2026-09-28T11:08:01.053Z</time>
      </trkpt>
      <trkpt lat="38.630882" lon="-0.016888">
        <ele>45.067011</ele>
        <time>2026-09-28T11:08:03.990Z</time>
      </trkpt>
      <trkpt lat="38.630961" lon="-0.017068">
        <ele>44.315213</ele>
        <time>2026-09-28T11:08:05.340Z</time>
      </trkpt>
      <trkpt lat="38.630997" lon="-0.017237">
        <ele>43.677362</ele>
        <time>2026-09-28T11:08:06.547Z</time>
      </trkpt>
      <trkpt lat="38.630955" lon="-0.017513">
        <ele>42.653467</ele>
        <time>2026-09-28T11:08:08.534Z</time>
      </trkpt>
      <trkpt lat="38.630878" lon="-0.017755">
        <ele>41.701976</ele>
        <time>2026-09-28T11:08:10.394Z</time>
      </trkpt>
      <trkpt lat="38.630769" lon="-0.017881">
        <ele>41.017396</ele>
        <time>2026-09-28T11:08:11.713Z</time>
      </trkpt>
      <trkpt lat="38.630665" lon="-0.017933">
        <ele>40.496955</ele>
        <time>2026-09-28T11:08:12.702Z</time>
      </trkpt>
      <trkpt lat="38.630599" lon="-0.017953">
        <ele>40.296804</ele>
        <time>2026-09-28T11:08:13.324Z</time>
      </trkpt>
      <trkpt lat="38.630434" lon="-0.017969">
        <ele>39.848534</ele>
        <time>2026-09-28T11:08:14.826Z</time>
      </trkpt>
      <trkpt lat="38.630048" lon="-0.017900">
        <ele>38.792705</ele>
        <time>2026-09-28T11:08:18.381Z</time>
      </trkpt>
      <trkpt lat="38.629836" lon="-0.017902">
        <ele>38.218377</ele>
        <time>2026-09-28T11:08:20.302Z</time>
      </trkpt>
      <trkpt lat="38.629646" lon="-0.017993">
        <ele>37.668814</ele>
        <time>2026-09-28T11:08:22.075Z</time>
      </trkpt>
      <trkpt lat="38.629094" lon="-0.018423">
        <ele>35.918308</ele>
        <time>2026-09-28T11:08:27.654Z</time>
      </trkpt>
      <trkpt lat="38.629013" lon="-0.018482">
        <ele>35.665840</ele>
        <time>2026-09-28T11:08:28.478Z</time>
      </trkpt>
      <trkpt lat="38.627680" lon="-0.019499">
        <ele>31.657399</ele>
        <time>2026-09-28T11:08:42.267Z</time>
      </trkpt>
      <trkpt lat="38.626972" lon="-0.020038">
        <ele>30.563254</ele>
        <time>2026-09-28T11:08:49.921Z</time>
      </trkpt>
      <trkpt lat="38.626927" lon="-0.020064">
        <ele>30.528935</ele>
        <time>2026-09-28T11:08:50.428Z</time>
      </trkpt>
      <trkpt lat="38.626758" lon="-0.020161">
        <ele>30.400190</ele>
        <time>2026-09-28T11:08:52.471Z</time>
      </trkpt>
      <trkpt lat="38.626371" lon="-0.020417">
        <ele>30.097380</ele>
        <time>2026-09-28T11:08:57.189Z</time>
      </trkpt>
      <trkpt lat="38.625788" lon="-0.020952">
        <ele>29.956000</ele>
        <time>2026-09-28T11:09:06.814Z</time>
      </trkpt>
      <trkpt lat="38.625692" lon="-0.021070">
        <ele>30.212967</ele>
        <time>2026-09-28T11:09:09.453Z</time>
      </trkpt>
      <trkpt lat="38.625588" lon="-0.021345">
        <ele>30.673806</ele>
        <time>2026-09-28T11:09:14.097Z</time>
      </trkpt>
      <trkpt lat="38.625498" lon="-0.022297">
        <ele>32.120225</ele>
        <time>2026-09-28T11:09:29.152Z</time>
      </trkpt>
      <trkpt lat="38.625322" lon="-0.024231">
        <ele>33.703420</ele>
        <time>2026-09-28T11:10:01.183Z</time>
      </trkpt>
      <trkpt lat="38.625264" lon="-0.024506">
        <ele>33.825526</ele>
        <time>2026-09-28T11:10:03.832Z</time>
      </trkpt>
      <trkpt lat="38.625143" lon="-0.024750">
        <ele>33.949416</ele>
        <time>2026-09-28T11:10:06.206Z</time>
      </trkpt>
      <trkpt lat="38.624996" lon="-0.024911">
        <ele>34.055573</ele>
        <time>2026-09-28T11:10:08.077Z</time>
      </trkpt>
      <trkpt lat="38.624775" lon="-0.025078">
        <ele>33.874989</ele>
        <time>2026-09-28T11:10:10.408Z</time>
      </trkpt>
      <trkpt lat="38.623267" lon="-0.026043">
        <ele>27.965927</ele>
        <time>2026-09-28T11:10:24.606Z</time>
      </trkpt>
      <trkpt lat="38.621954" lon="-0.026893">
        <ele>21.492131</ele>
        <time>2026-09-28T11:10:36.564Z</time>
      </trkpt>
      <trkpt lat="38.621598" lon="-0.027122">
        <ele>19.730778</ele>
        <time>2026-09-28T11:10:39.864Z</time>
      </trkpt>
      <trkpt lat="38.621530" lon="-0.027228">
        <ele>19.256905</ele>
        <time>2026-09-28T11:10:41.132Z</time>
      </trkpt>
      <trkpt lat="38.621375" lon="-0.027362">
        <ele>18.429750</ele>
        <time>2026-09-28T11:10:43.325Z</time>
      </trkpt>
      <trkpt lat="38.621278" lon="-0.027530">
        <ele>17.707998</ele>
        <time>2026-09-28T11:10:45.230Z</time>
      </trkpt>
      <trkpt lat="38.621205" lon="-0.027629">
        <ele>17.237665</ele>
        <time>2026-09-28T11:10:46.470Z</time>
      </trkpt>
      <trkpt lat="38.621142" lon="-0.027647">
        <ele>16.952206</ele>
        <time>2026-09-28T11:10:47.221Z</time>
      </trkpt>
      <trkpt lat="38.621095" lon="-0.027659">
        <ele>16.740266</ele>
        <time>2026-09-28T11:10:47.775Z</time>
      </trkpt>
      <trkpt lat="38.621037" lon="-0.027639">
        <ele>16.474630</ele>
        <time>2026-09-28T11:10:48.472Z</time>
      </trkpt>
      <trkpt lat="38.620952" lon="-0.027535">
        <ele>15.954621</ele>
        <time>2026-09-28T11:10:49.847Z</time>
      </trkpt>
      <trkpt lat="38.620466" lon="-0.027910">
        <ele>13.445073</ele>
        <time>2026-09-28T11:10:54.436Z</time>
      </trkpt>
      <trkpt lat="38.620114" lon="-0.028224">
        <ele>11.725455</ele>
        <time>2026-09-28T11:10:57.920Z</time>
      </trkpt>
      <trkpt lat="38.619338" lon="-0.029019">
        <ele>9.302642</ele>
        <time>2026-09-28T11:11:06.624Z</time>
      </trkpt>
      <trkpt lat="38.619087" lon="-0.029263">
        <ele>8.534369</ele>
        <time>2026-09-28T11:11:09.876Z</time>
      </trkpt>
      <trkpt lat="38.618541" lon="-0.029795">
        <ele>7.207292</ele>
        <time>2026-09-28T11:11:16.960Z</time>
      </trkpt>
      <trkpt lat="38.618164" lon="-0.030162">
        <ele>6.624447</ele>
        <time>2026-09-28T11:11:21.680Z</time>
      </trkpt>
      <trkpt lat="38.618131" lon="-0.030194">
        <ele>6.573502</ele>
        <time>2026-09-28T11:11:22.067Z</time>
      </trkpt>
      <trkpt lat="38.617933" lon="-0.030387">
        <ele>6.267245</ele>
        <time>2026-09-28T11:11:24.347Z</time>
      </trkpt>
      <trkpt lat="38.617545" lon="-0.030759">
        <ele>5.670699</ele>
        <time>2026-09-28T11:11:28.783Z</time>
      </trkpt>
      <trkpt lat="38.617016" lon="-0.031276">
        <ele>5.971113</ele>
        <time>2026-09-28T11:11:37.770Z</time>
      </trkpt>
      <trkpt lat="38.616985" lon="-0.031303">
        <ele>6.029391</ele>
        <time>2026-09-28T11:11:38.401Z</time>
      </trkpt>
      <trkpt lat="38.616552" lon="-0.031713">
        <ele>6.866515</ele>
        <time>2026-09-28T11:11:48.243Z</time>
      </trkpt>
      <trkpt lat="38.616332" lon="-0.031942">
        <ele>7.307247</ele>
        <time>2026-09-28T11:11:53.750Z</time>
      </trkpt>
      <trkpt lat="38.615538" lon="-0.032718">
        <ele>9.208186</ele>
        <time>2026-09-28T11:12:16.234Z</time>
      </trkpt>
      <trkpt lat="38.615298" lon="-0.032953">
        <ele>9.905581</ele>
        <time>2026-09-28T11:12:21.999Z</time>
      </trkpt>
      <trkpt lat="38.615101" lon="-0.033139">
        <ele>10.470558</ele>
        <time>2026-09-28T11:12:27.111Z</time>
      </trkpt>
      <trkpt lat="38.614770" lon="-0.033458">
        <ele>11.426820</ele>
        <time>2026-09-28T11:12:36.138Z</time>
      </trkpt>
      <trkpt lat="38.614324" lon="-0.033895">
        <ele>12.131174</ele>
        <time>2026-09-28T11:12:47.635Z</time>
      </trkpt>
      <trkpt lat="38.613805" lon="-0.034403">
        <ele>11.564952</ele>
        <time>2026-09-28T11:12:55.737Z</time>
      </trkpt>
      <trkpt lat="38.613523" lon="-0.034679">
        <ele>11.257302</ele>
        <time>2026-09-28T11:12:59.035Z</time>
      </trkpt>
      <trkpt lat="38.612891" lon="-0.035298">
        <ele>10.416147</ele>
        <time>2026-09-28T11:13:06.115Z</time>
      </trkpt>
      <trkpt lat="38.612742" lon="-0.035444">
        <ele>10.105523</ele>
        <time>2026-09-28T11:13:07.812Z</time>
      </trkpt>
      <trkpt lat="38.612675" lon="-0.035510">
        <ele>9.965571</ele>
        <time>2026-09-28T11:13:08.590Z</time>
      </trkpt>
      <trkpt lat="38.612258" lon="-0.035922">
        <ele>9.093562</ele>
        <time>2026-09-28T11:13:13.496Z</time>
      </trkpt>
      <trkpt lat="38.611762" lon="-0.036412">
        <ele>8.056391</ele>
        <time>2026-09-28T11:13:19.913Z</time>
      </trkpt>
      <trkpt lat="38.611278" lon="-0.036891">
        <ele>7.523348</ele>
        <time>2026-09-28T11:13:26.836Z</time>
      </trkpt>
      <trkpt lat="38.610692" lon="-0.037453">
        <ele>7.126502</ele>
        <time>2026-09-28T11:13:34.896Z</time>
      </trkpt>
      <trkpt lat="38.610669" lon="-0.037475">
        <ele>7.110941</ele>
        <time>2026-09-28T11:13:35.219Z</time>
      </trkpt>
      <trkpt lat="38.609581" lon="-0.038549">
        <ele>6.299590</ele>
        <time>2026-09-28T11:13:51.269Z</time>
      </trkpt>
      <trkpt lat="38.609243" lon="-0.038882">
        <ele>6.031341</ele>
        <time>2026-09-28T11:13:55.796Z</time>
      </trkpt>
      <trkpt lat="38.609117" lon="-0.038997">
        <ele>5.934016</ele>
        <time>2026-09-28T11:13:57.427Z</time>
      </trkpt>
      <trkpt lat="38.607141" lon="-0.040926">
        <ele>4.645816</ele>
        <time>2026-09-28T11:14:24.011Z</time>
      </trkpt>
      <trkpt lat="38.607069" lon="-0.041003">
        <ele>4.735475</ele>
        <time>2026-09-28T11:14:25.270Z</time>
      </trkpt>
      <trkpt lat="38.604931" lon="-0.043066">
        <ele>7.425480</ele>
        <time>2026-09-28T11:15:12.330Z</time>
      </trkpt>
      <trkpt lat="38.604740" lon="-0.043261">
        <ele>7.685499</ele>
        <time>2026-09-28T11:15:16.539Z</time>
      </trkpt>
      <trkpt lat="38.604619" lon="-0.043384">
        <ele>7.849946</ele>
        <time>2026-09-28T11:15:18.961Z</time>
      </trkpt>
      <trkpt lat="38.604470" lon="-0.043527">
        <ele>8.048147</ele>
        <time>2026-09-28T11:15:21.493Z</time>
      </trkpt>
      <trkpt lat="38.604170" lon="-0.043815">
        <ele>7.561060</ele>
        <time>2026-09-28T11:15:25.619Z</time>
      </trkpt>
      <trkpt lat="38.604014" lon="-0.043966">
        <ele>7.302058</ele>
        <time>2026-09-28T11:15:27.534Z</time>
      </trkpt>
      <trkpt lat="38.603834" lon="-0.044140">
        <ele>7.003353</ele>
        <time>2026-09-28T11:15:29.738Z</time>
      </trkpt>
      <trkpt lat="38.603679" lon="-0.044291">
        <ele>6.745405</ele>
        <time>2026-09-28T11:15:31.676Z</time>
      </trkpt>
      <trkpt lat="38.603113" lon="-0.044844">
        <ele>5.802471</ele>
        <time>2026-09-28T11:15:38.324Z</time>
      </trkpt>
      <trkpt lat="38.602901" lon="-0.045070">
        <ele>5.494263</ele>
        <time>2026-09-28T11:15:40.822Z</time>
      </trkpt>
      <trkpt lat="38.602326" lon="-0.045619">
        <ele>4.776677</ele>
        <time>2026-09-28T11:15:47.701Z</time>
      </trkpt>
      <trkpt lat="38.602285" lon="-0.045657">
        <ele>4.726041</ele>
        <time>2026-09-28T11:15:48.286Z</time>
      </trkpt>
      <trkpt lat="38.601638" lon="-0.046263">
        <ele>3.924055</ele>
        <time>2026-09-28T11:15:57.276Z</time>
      </trkpt>
      <trkpt lat="38.601244" lon="-0.046695">
        <ele>4.246300</ele>
        <time>2026-09-28T11:16:05.128Z</time>
      </trkpt>
      <trkpt lat="38.600727" lon="-0.047175">
        <ele>4.759146</ele>
        <time>2026-09-28T11:16:15.469Z</time>
      </trkpt>
      <trkpt lat="38.600025" lon="-0.047861">
        <ele>5.324408</ele>
        <time>2026-09-28T11:16:30.497Z</time>
      </trkpt>
      <trkpt lat="38.599893" lon="-0.047990">
        <ele>5.331912</ele>
        <time>2026-09-28T11:16:33.007Z</time>
      </trkpt>
      <trkpt lat="38.598904" lon="-0.048601">
        <ele>5.381534</ele>
        <time>2026-09-28T11:16:45.266Z</time>
      </trkpt>
      <trkpt lat="38.598459" lon="-0.048860">
        <ele>5.663790</ele>
        <time>2026-09-28T11:16:51.134Z</time>
      </trkpt>
      <trkpt lat="38.598388" lon="-0.048903">
        <ele>5.808741</ele>
        <time>2026-09-28T11:16:52.220Z</time>
      </trkpt>
      <trkpt lat="38.598227" lon="-0.048998">
        <ele>6.135904</ele>
        <time>2026-09-28T11:16:54.766Z</time>
      </trkpt>
      <trkpt lat="38.598141" lon="-0.049052">
        <ele>6.312678</ele>
        <time>2026-09-28T11:16:56.169Z</time>
      </trkpt>
      <trkpt lat="38.597947" lon="-0.049200">
        <ele>6.729467</ele>
        <time>2026-09-28T11:16:59.810Z</time>
      </trkpt>
      <trkpt lat="38.597240" lon="-0.050144">
        <ele>8.615079</ele>
        <time>2026-09-28T11:17:22.690Z</time>
      </trkpt>
      <trkpt lat="38.596800" lon="-0.050716">
        <ele>9.680801</ele>
        <time>2026-09-28T11:17:37.271Z</time>
      </trkpt>
      <trkpt lat="38.596613" lon="-0.050954">
        <ele>10.125243</ele>
        <time>2026-09-28T11:17:42.621Z</time>
      </trkpt>
      <trkpt lat="38.596429" lon="-0.051196">
        <ele>10.569875</ele>
        <time>2026-09-28T11:17:47.531Z</time>
      </trkpt>
      <trkpt lat="38.595520" lon="-0.052380">
        <ele>11.592390</ele>
        <time>2026-09-28T11:18:05.454Z</time>
      </trkpt>
      <trkpt lat="38.595317" lon="-0.052634">
        <ele>11.519110</ele>
        <time>2026-09-28T11:18:09.055Z</time>
      </trkpt>
      <trkpt lat="38.595255" lon="-0.052712">
        <ele>11.496669</ele>
        <time>2026-09-28T11:18:10.120Z</time>
      </trkpt>
      <trkpt lat="38.595084" lon="-0.052936">
        <ele>11.433508</ele>
        <time>2026-09-28T11:18:12.956Z</time>
      </trkpt>
      <trkpt lat="38.594758" lon="-0.053386">
        <ele>11.309740</ele>
        <time>2026-09-28T11:18:18.161Z</time>
      </trkpt>
      <trkpt lat="38.593690" lon="-0.054762">
        <ele>9.033868</ele>
        <time>2026-09-28T11:18:33.332Z</time>
      </trkpt>
      <trkpt lat="38.593561" lon="-0.054927">
        <ele>8.743116</ele>
        <time>2026-09-28T11:18:35.034Z</time>
      </trkpt>
      <trkpt lat="38.593379" lon="-0.055159">
        <ele>8.268079</ele>
        <time>2026-09-28T11:18:37.340Z</time>
      </trkpt>
      <trkpt lat="38.592972" lon="-0.055697">
        <ele>6.590711</ele>
        <time>2026-09-28T11:18:42.356Z</time>
      </trkpt>
      <trkpt lat="38.592337" lon="-0.054945">
        <ele>4.110608</ele>
        <time>2026-09-28T11:18:49.732Z</time>
      </trkpt>
      <trkpt lat="38.592108" lon="-0.055139">
        <ele>3.323382</ele>
        <time>2026-09-28T11:18:52.098Z</time>
      </trkpt>
      <trkpt lat="38.590676" lon="-0.056369">
        <ele>1.418576</ele>
        <time>2026-09-28T11:19:10.234Z</time>
      </trkpt>
      <trkpt lat="38.590657" lon="-0.056385">
        <ele>1.393973</ele>
        <time>2026-09-28T11:19:10.522Z</time>
      </trkpt>
      <trkpt lat="38.590634" lon="-0.056405">
        <ele>1.363895</ele>
        <time>2026-09-28T11:19:10.870Z</time>
      </trkpt>
      <trkpt lat="38.590261" lon="-0.056719">
        <ele>1.232033</ele>
        <time>2026-09-28T11:19:16.428Z</time>
      </trkpt>
      <trkpt lat="38.589766" lon="-0.057155">
        <ele>1.107928</ele>
        <time>2026-09-28T11:19:23.724Z</time>
      </trkpt>
      <trkpt lat="38.589464" lon="-0.057370">
        <ele>1.036557</ele>
        <time>2026-09-28T11:19:28.057Z</time>
      </trkpt>
      <trkpt lat="38.588740" lon="-0.057795">
        <ele>0.841114</ele>
        <time>2026-09-28T11:19:37.852Z</time>
      </trkpt>
      <trkpt lat="38.588587" lon="-0.057883">
        <ele>0.791456</ele>
        <time>2026-09-28T11:19:39.753Z</time>
      </trkpt>
      <trkpt lat="38.588532" lon="-0.057914">
        <ele>0.773665</ele>
        <time>2026-09-28T11:19:40.436Z</time>
      </trkpt>
      <trkpt lat="38.588290" lon="-0.058045">
        <ele>0.695879</ele>
        <time>2026-09-28T11:19:43.418Z</time>
      </trkpt>
      <trkpt lat="38.587994" lon="-0.058232">
        <ele>0.598155</ele>
        <time>2026-09-28T11:19:47.219Z</time>
      </trkpt>
      <trkpt lat="38.587899" lon="-0.058301">
        <ele>0.565817</ele>
        <time>2026-09-28T11:19:48.483Z</time>
      </trkpt>
      <trkpt lat="38.587872" lon="-0.058318">
        <ele>0.556909</ele>
        <time>2026-09-28T11:19:48.856Z</time>
      </trkpt>
      <trkpt lat="38.587794" lon="-0.058368">
        <ele>0.531083</ele>
        <time>2026-09-28T11:19:49.873Z</time>
      </trkpt>
      <trkpt lat="38.587421" lon="-0.058608">
        <ele>0.408720</ele>
        <time>2026-09-28T11:19:54.749Z</time>
      </trkpt>
      <trkpt lat="38.586429" lon="-0.059250">
        <ele>0.194817</ele>
        <time>2026-09-28T11:20:07.894Z</time>
      </trkpt>
      <trkpt lat="38.585468" lon="-0.059834">
        <ele>0.150185</ele>
        <time>2026-09-28T11:20:21.065Z</time>
      </trkpt>
      <trkpt lat="38.584103" lon="-0.060677">
        <ele>0.517701</ele>
        <time>2026-09-28T11:20:41.435Z</time>
      </trkpt>
      <trkpt lat="38.582756" lon="-0.061719">
        <ele>1.386053</ele>
        <time>2026-09-28T11:21:05.335Z</time>
      </trkpt>
      <trkpt lat="38.582566" lon="-0.061834">
        <ele>1.421254</ele>
        <time>2026-09-28T11:21:08.125Z</time>
      </trkpt>
      <trkpt lat="38.582294" lon="-0.061999">
        <ele>1.322060</ele>
        <time>2026-09-28T11:21:11.829Z</time>
      </trkpt>
      <trkpt lat="38.582178" lon="-0.062102">
        <ele>1.275532</ele>
        <time>2026-09-28T11:21:13.513Z</time>
      </trkpt>
      <trkpt lat="38.582203" lon="-0.062187">
        <ele>1.252139</ele>
        <time>2026-09-28T11:21:15.709Z</time>
      </trkpt>
      <trkpt lat="38.582164" lon="-0.062263">
        <ele>1.228721</ele>
        <time>2026-09-28T11:21:17.862Z</time>
      </trkpt>
      <trkpt lat="38.582104" lon="-0.062274">
        <ele>1.208749</ele>
        <time>2026-09-28T11:21:19.731Z</time>
      </trkpt>
      <trkpt lat="38.582052" lon="-0.062213">
        <ele>1.185501</ele>
        <time>2026-09-28T11:21:21.845Z</time>
      </trkpt>
      <trkpt lat="38.582027" lon="-0.062223">
        <ele>1.176870</ele>
        <time>2026-09-28T11:21:22.288Z</time>
      </trkpt>
      <trkpt lat="38.581571" lon="-0.062394">
        <ele>1.020290</ele>
        <time>2026-09-28T11:21:29.600Z</time>
      </trkpt>
      <trkpt lat="38.581439" lon="-0.062444">
        <ele>0.974928</ele>
        <time>2026-09-28T11:21:31.701Z</time>
      </trkpt>
      <trkpt lat="38.580228" lon="-0.062902">
        <ele>0.601875</ele>
        <time>2026-09-28T11:21:51.587Z</time>
      </trkpt>
      <trkpt lat="38.579231" lon="-0.063325">
        <ele>0.498911</ele>
        <time>2026-09-28T11:22:09.047Z</time>
      </trkpt>
      <trkpt lat="38.579226" lon="-0.063308">
        <ele>0.511852</ele>
        <time>2026-09-28T11:22:09.297Z</time>
      </trkpt>
      <trkpt lat="38.578641" lon="-0.063656">
        <ele>1.099834</ele>
        <time>2026-09-28T11:22:21.847Z</time>
      </trkpt>
      <trkpt lat="38.577609" lon="-0.064309">
        <ele>2.087182</ele>
        <time>2026-09-28T11:22:47.473Z</time>
      </trkpt>
      <trkpt lat="38.577106" lon="-0.064472">
        <ele>2.375478</ele>
        <time>2026-09-28T11:22:58.279Z</time>
      </trkpt>
      <trkpt lat="38.577094" lon="-0.064526">
        <ele>2.399863</ele>
        <time>2026-09-28T11:22:59.153Z</time>
      </trkpt>
      <trkpt lat="38.577056" lon="-0.064548">
        <ele>2.423037</ele>
        <time>2026-09-28T11:22:59.969Z</time>
      </trkpt>
      <trkpt lat="38.577072" lon="-0.064668">
        <ele>2.475913</ele>
        <time>2026-09-28T11:23:03.174Z</time>
      </trkpt>
      <trkpt lat="38.576993" lon="-0.064734">
        <ele>2.528338</ele>
        <time>2026-09-28T11:23:06.342Z</time>
      </trkpt>
      <trkpt lat="38.576924" lon="-0.064691">
        <ele>2.570982</ele>
        <time>2026-09-28T11:23:08.866Z</time>
      </trkpt>
      <trkpt lat="38.576906" lon="-0.064612">
        <ele>2.606724</ele>
        <time>2026-09-28T11:23:10.977Z</time>
      </trkpt>
      <trkpt lat="38.576869" lon="-0.064575">
        <ele>2.632817</ele>
        <time>2026-09-28T11:23:12.524Z</time>
      </trkpt>
      <trkpt lat="38.576615" lon="-0.064624">
        <ele>2.775536</ele>
        <time>2026-09-28T11:23:20.826Z</time>
      </trkpt>
      <trkpt lat="38.575666" lon="-0.064764">
        <ele>2.989744</ele>
        <time>2026-09-28T11:23:49.590Z</time>
      </trkpt>
      <trkpt lat="38.574559" lon="-0.064782">
        <ele>2.989744</ele>
        <time>2026-09-28T11:24:22.792Z</time>
      </trkpt>
      <trkpt lat="38.574448" lon="-0.064780">
        <ele>2.989744</ele>
        <time>2026-09-28T11:24:26.134Z</time>
      </trkpt>
      <trkpt lat="38.574186" lon="-0.064774">
        <ele>2.989744</ele>
        <time>2026-09-28T11:24:34.130Z</time>
      </trkpt>
      <trkpt lat="38.574110" lon="-0.064785">
        <ele>2.989744</ele>
        <time>2026-09-28T11:24:36.474Z</time>
      </trkpt>
    </trkseg>
  </trk>
</gpx>