<?xml version="1.0" encoding="UTF-8"?>
<gpx creator="StravaGPX" version="1.1" xmlns="http://www.topografix.com/GPX/1/1" xmlns:xsi="http://www.w3.org/2001/XMLSchema-instance" xsi:schemaLocation="http://www.topografix.com/GPX/1/1 http://www.topografix.com/GPX/1/1/gpx.xsd">
 <metadata>
  <name>🔴 Rit 3: De Slag om de Aitana &amp; Tudons XL 👑 </name>
  <author>
   <name>Roel Terro ⚡️Forza Fortuna 🧡</name>
   <link href="https://www.strava.com/athletes/3097444"/>
  </author>
  <copyright author="OpenStreetMap contributors">
   <year>2020</year>
   <license>https://www.openstreetmap.org/copyright</license>
  </copyright>
  <link href="https://www.strava.com/routes/3538526952722070624"/>
 </metadata>
 <trk>
  <name>🔴 Rit 3: De Slag om de Aitana &amp; Tudons XL 👑 </name>
  <link href="https://www.strava.com/routes/3538526952722070624"/>
  <type>cycling</type>
  <trkseg>
   <trkpt lat="38.573710000000005" lon="-0.06479">
    <ele>7.670000000000001</ele>
   </trkpt>
   <trkpt lat="38.57459500005063" lon="-0.06480499981605238">
    <ele>7.78</ele>
   </trkpt>
   <trkpt lat="38.575480000000006" lon="-0.06482">
    <ele>7.630000000000001</ele>
   </trkpt>
   <trkpt lat="38.576080000000005" lon="-0.06473000000000001">
    <ele>7.73</ele>
   </trkpt>
   <trkpt lat="38.576840000000004" lon="-0.06464">
    <ele>8.100000000000001</ele>
   </trkpt>
   <trkpt lat="38.5769" lon="-0.06462000000000001">
    <ele>8.110000000000001</ele>
   </trkpt>
   <trkpt lat="38.57696" lon="-0.06453">
    <ele>8.360000000000001</ele>
   </trkpt>
   <trkpt lat="38.57705" lon="-0.06455000000000001">
    <ele>8.360000000000001</ele>
   </trkpt>
   <trkpt lat="38.577070000000006" lon="-0.06468">
    <ele>8.360000000000001</ele>
   </trkpt>
   <trkpt lat="38.577020000000005" lon="-0.06475">
    <ele>8.360000000000001</ele>
   </trkpt>
   <trkpt lat="38.57699" lon="-0.06474">
    <ele>8.360000000000001</ele>
   </trkpt>
   <trkpt lat="38.57705" lon="-0.06489">
    <ele>8.13</ele>
   </trkpt>
   <trkpt lat="38.577505001225326" lon="-0.06541999667814756">
    <ele>8.15</ele>
   </trkpt>
   <trkpt lat="38.577960000000004" lon="-0.06595000000000001">
    <ele>8.63</ele>
   </trkpt>
   <trkpt lat="38.57836000089201" lon="-0.0663899976249726">
    <ele>8.48</ele>
   </trkpt>
   <trkpt lat="38.57876" lon="-0.06683">
    <ele>8.56</ele>
   </trkpt>
   <trkpt lat="38.57883" lon="-0.06693">
    <ele>8.56</ele>
   </trkpt>
   <trkpt lat="38.57896" lon="-0.06695000000000001">
    <ele>8.48</ele>
   </trkpt>
   <trkpt lat="38.579130000000006" lon="-0.06676">
    <ele>8.3</ele>
   </trkpt>
   <trkpt lat="38.579716672254236" lon="-0.06595001322498006">
    <ele>8.51</ele>
   </trkpt>
   <trkpt lat="38.580303338926186" lon="-0.06514001321790219">
    <ele>8.76</ele>
   </trkpt>
   <trkpt lat="38.580890000000004" lon="-0.06433000000000001">
    <ele>8.84</ele>
   </trkpt>
   <trkpt lat="38.581160000000004" lon="-0.06403">
    <ele>8.63</ele>
   </trkpt>
   <trkpt lat="38.581900000000005" lon="-0.06347">
    <ele>8.57</ele>
   </trkpt>
   <trkpt lat="38.58205" lon="-0.06326000000000001">
    <ele>8.450000000000001</ele>
   </trkpt>
   <trkpt lat="38.58213000000001" lon="-0.0631">
    <ele>8.31</ele>
   </trkpt>
   <trkpt lat="38.582170000000005" lon="-0.06292">
    <ele>8.31</ele>
   </trkpt>
   <trkpt lat="38.58218" lon="-0.06275">
    <ele>8.25</ele>
   </trkpt>
   <trkpt lat="38.582150000000006" lon="-0.06237">
    <ele>8.350000000000001</ele>
   </trkpt>
   <trkpt lat="38.58216" lon="-0.062270000000000006">
    <ele>8.350000000000001</ele>
   </trkpt>
   <trkpt lat="38.5822" lon="-0.06219">
    <ele>8.350000000000001</ele>
   </trkpt>
   <trkpt lat="38.58218" lon="-0.062110000000000005">
    <ele>8.180000000000001</ele>
   </trkpt>
   <trkpt lat="38.58229" lon="-0.062000000000000006">
    <ele>8.180000000000001</ele>
   </trkpt>
   <trkpt lat="38.582750000000004" lon="-0.061720000000000004">
    <ele>8.040000000000001</ele>
   </trkpt>
   <trkpt lat="38.5834250011962" lon="-0.0612000048522014">
    <ele>8.0</ele>
   </trkpt>
   <trkpt lat="38.58410000000001" lon="-0.060680000000000005">
    <ele>8.13</ele>
   </trkpt>
   <trkpt lat="38.58487333522939" lon="-0.06020334362264442">
    <ele>7.840000000000002</ele>
   </trkpt>
   <trkpt lat="38.585646668525534" lon="-0.05972667697908342">
    <ele>7.790000000000001</ele>
   </trkpt>
   <trkpt lat="38.586420000000004" lon="-0.059250000000000004">
    <ele>7.53</ele>
   </trkpt>
   <trkpt lat="38.58704333475184" lon="-0.0588500069079988">
    <ele>7.25</ele>
   </trkpt>
   <trkpt lat="38.587666668142255" lon="-0.05845000687145768">
    <ele>6.78</ele>
   </trkpt>
   <trkpt lat="38.58829" lon="-0.058050000000000004">
    <ele>5.9799999999999995</ele>
   </trkpt>
   <trkpt lat="38.58887500072562" lon="-0.05771500258727636">
    <ele>6.23</ele>
   </trkpt>
   <trkpt lat="38.58946" lon="-0.05738000000000001">
    <ele>6.3100000000000005</ele>
   </trkpt>
   <trkpt lat="38.589760000000005" lon="-0.05716">
    <ele>6.53</ele>
   </trkpt>
   <trkpt lat="38.590250000000005" lon="-0.056720000000000007">
    <ele>6.55</ele>
   </trkpt>
   <trkpt lat="38.59084500323527" lon="-0.056215012572154145">
    <ele>6.61</ele>
   </trkpt>
   <trkpt lat="38.591440004300566" lon="-0.055710016774256244">
    <ele>6.68</ele>
   </trkpt>
   <trkpt lat="38.59203500319578" lon="-0.05520501260601981">
    <ele>6.73</ele>
   </trkpt>
   <trkpt lat="38.59263" lon="-0.054700000000000006">
    <ele>6.7700000000000005</ele>
   </trkpt>
   <trkpt lat="38.5927" lon="-0.054560000000000004">
    <ele>6.53</ele>
   </trkpt>
   <trkpt lat="38.5927" lon="-0.05446">
    <ele>6.49</ele>
   </trkpt>
   <trkpt lat="38.59275" lon="-0.054400000000000004">
    <ele>6.57</ele>
   </trkpt>
   <trkpt lat="38.59311" lon="-0.05428">
    <ele>7.12</ele>
   </trkpt>
   <trkpt lat="38.59353" lon="-0.05385">
    <ele>7.78</ele>
   </trkpt>
   <trkpt lat="38.59393" lon="-0.053340000000000005">
    <ele>8.31</ele>
   </trkpt>
   <trkpt lat="38.594010000000004" lon="-0.053380000000000004">
    <ele>8.67</ele>
   </trkpt>
   <trkpt lat="38.59432" lon="-0.0534">
    <ele>9.97</ele>
   </trkpt>
   <trkpt lat="38.594620000000006" lon="-0.053380000000000004">
    <ele>11.290000000000001</ele>
   </trkpt>
   <trkpt lat="38.594750000000005" lon="-0.05339000000000001">
    <ele>11.83</ele>
   </trkpt>
   <trkpt lat="38.59525" lon="-0.05272">
    <ele>12.190000000000001</ele>
   </trkpt>
   <trkpt lat="38.59574750528567" lon="-0.052077513337296204">
    <ele>12.450000000000001</ele>
   </trkpt>
   <trkpt lat="38.59624500705868" lon="-0.051435017768955815">
    <ele>12.84</ele>
   </trkpt>
   <trkpt lat="38.59674250531889" lon="-0.05079251329475967">
    <ele>12.860000000000001</ele>
   </trkpt>
   <trkpt lat="38.597240000000006" lon="-0.05015000000000001">
    <ele>11.05</ele>
   </trkpt>
   <trkpt lat="38.59759000101848" lon="-0.04967500223676286">
    <ele>10.32</ele>
   </trkpt>
   <trkpt lat="38.59794" lon="-0.0492">
    <ele>9.47</ele>
   </trkpt>
   <trkpt lat="38.598040000000005" lon="-0.04911">
    <ele>9.36</ele>
   </trkpt>
   <trkpt lat="38.59847000060479" lon="-0.04886000130067575">
    <ele>8.83</ele>
   </trkpt>
   <trkpt lat="38.5989" lon="-0.04861000000000001">
    <ele>8.63</ele>
   </trkpt>
   <trkpt lat="38.59939500030397" lon="-0.04830500216004483">
    <ele>8.530000000000001</ele>
   </trkpt>
   <trkpt lat="38.59989" lon="-0.048">
    <ele>9.07</ele>
   </trkpt>
   <trkpt lat="38.60030500075246" lon="-0.04759000233392641">
    <ele>8.97</ele>
   </trkpt>
   <trkpt lat="38.60072" lon="-0.04718000000000001">
    <ele>8.860000000000001</ele>
   </trkpt>
   <trkpt lat="38.601240000000004" lon="-0.046700000000000005">
    <ele>8.66</ele>
   </trkpt>
   <trkpt lat="38.60163" lon="-0.046270000000000006">
    <ele>8.67</ele>
   </trkpt>
   <trkpt lat="38.60226500163516" lon="-0.045675005143896774">
    <ele>9.120000000000001</ele>
   </trkpt>
   <trkpt lat="38.602900000000005" lon="-0.04508">
    <ele>9.7</ele>
   </trkpt>
   <trkpt lat="38.60325" lon="-0.04469">
    <ele>9.950000000000001</ele>
   </trkpt>
   <trkpt lat="38.60338" lon="-0.0446">
    <ele>9.99</ele>
   </trkpt>
   <trkpt lat="38.60389666887191" lon="-0.044090007351744696">
    <ele>10.5</ele>
   </trkpt>
   <trkpt lat="38.60441333553039" lon="-0.04358000735992726">
    <ele>11.410000000000002</ele>
   </trkpt>
   <trkpt lat="38.60493" lon="-0.043070000000000004">
    <ele>12.25</ele>
   </trkpt>
   <trkpt lat="38.60548000364341" lon="-0.04253501231170991">
    <ele>12.360000000000001</ele>
   </trkpt>
   <trkpt lat="38.60603000485107" lon="-0.04200001642245972">
    <ele>12.41</ele>
   </trkpt>
   <trkpt lat="38.606580003622895" lon="-0.04146501233199859">
    <ele>12.57</ele>
   </trkpt>
   <trkpt lat="38.607130000000005" lon="-0.04093">
    <ele>12.32</ele>
   </trkpt>
   <trkpt lat="38.607465001475404" lon="-0.04151999723521624">
    <ele>9.39</ele>
   </trkpt>
   <trkpt lat="38.607800000000005" lon="-0.04211">
    <ele>9.31</ele>
   </trkpt>
   <trkpt lat="38.60783" lon="-0.04222">
    <ele>9.31</ele>
   </trkpt>
   <trkpt lat="38.60857" lon="-0.04195">
    <ele>13.540000000000001</ele>
   </trkpt>
   <trkpt lat="38.608830000000005" lon="-0.04179">
    <ele>14.730000000000002</ele>
   </trkpt>
   <trkpt lat="38.60911" lon="-0.041800000000000004">
    <ele>14.66</ele>
   </trkpt>
   <trkpt lat="38.609570000000005" lon="-0.04168">
    <ele>13.98</ele>
   </trkpt>
   <trkpt lat="38.60992" lon="-0.04148">
    <ele>13.81</ele>
   </trkpt>
   <trkpt lat="38.61032" lon="-0.04123">
    <ele>14.120000000000001</ele>
   </trkpt>
   <trkpt lat="38.61041" lon="-0.04079">
    <ele>14.32</ele>
   </trkpt>
   <trkpt lat="38.610510000000005" lon="-0.04054000000000001">
    <ele>14.63</ele>
   </trkpt>
   <trkpt lat="38.610710000000005" lon="-0.040630000000000006">
    <ele>16.020000000000003</ele>
   </trkpt>
   <trkpt lat="38.611320000000006" lon="-0.04098">
    <ele>21.150000000000002</ele>
   </trkpt>
   <trkpt lat="38.61177500021112" lon="-0.04112999908671982">
    <ele>23.14</ele>
   </trkpt>
   <trkpt lat="38.612230000000004" lon="-0.041280000000000004">
    <ele>23.500000000000004</ele>
   </trkpt>
   <trkpt lat="38.61274000005344" lon="-0.041354999471166394">
    <ele>23.87</ele>
   </trkpt>
   <trkpt lat="38.61325" lon="-0.04143">
    <ele>23.810000000000002</ele>
   </trkpt>
   <trkpt lat="38.6137" lon="-0.04136">
    <ele>23.28</ele>
   </trkpt>
   <trkpt lat="38.61384" lon="-0.04141">
    <ele>23.28</ele>
   </trkpt>
   <trkpt lat="38.614070000000005" lon="-0.04159">
    <ele>23.180000000000003</ele>
   </trkpt>
   <trkpt lat="38.614230000000006" lon="-0.04161">
    <ele>23.200000000000003</ele>
   </trkpt>
   <trkpt lat="38.61464" lon="-0.041510000000000005">
    <ele>23.39</ele>
   </trkpt>
   <trkpt lat="38.61464" lon="-0.04152">
    <ele>23.380000000000003</ele>
   </trkpt>
   <trkpt lat="38.61482" lon="-0.04143">
    <ele>23.55</ele>
   </trkpt>
   <trkpt lat="38.615100000000005" lon="-0.04125">
    <ele>23.85</ele>
   </trkpt>
   <trkpt lat="38.61558" lon="-0.04102">
    <ele>24.740000000000002</ele>
   </trkpt>
   <trkpt lat="38.61582000000001" lon="-0.04095">
    <ele>24.740000000000002</ele>
   </trkpt>
   <trkpt lat="38.6159" lon="-0.04096">
    <ele>25.300000000000004</ele>
   </trkpt>
   <trkpt lat="38.616150000000005" lon="-0.04107">
    <ele>25.560000000000002</ele>
   </trkpt>
   <trkpt lat="38.616400000000006" lon="-0.04122000000000001">
    <ele>26.36</ele>
   </trkpt>
   <trkpt lat="38.616710000000005" lon="-0.04134">
    <ele>27.22</ele>
   </trkpt>
   <trkpt lat="38.61694000000001" lon="-0.04159">
    <ele>27.98</ele>
   </trkpt>
   <trkpt lat="38.617000000000004" lon="-0.04161">
    <ele>27.98</ele>
   </trkpt>
   <trkpt lat="38.617650000000005" lon="-0.04143">
    <ele>28.610000000000003</ele>
   </trkpt>
   <trkpt lat="38.6182" lon="-0.04118">
    <ele>29.52</ele>
   </trkpt>
   <trkpt lat="38.61889" lon="-0.041030000000000004">
    <ele>31.090000000000003</ele>
   </trkpt>
   <trkpt lat="38.6193" lon="-0.04082">
    <ele>33.370000000000005</ele>
   </trkpt>
   <trkpt lat="38.61943" lon="-0.04082">
    <ele>33.88</ele>
   </trkpt>
   <trkpt lat="38.619620000000005" lon="-0.04098">
    <ele>34.370000000000005</ele>
   </trkpt>
   <trkpt lat="38.619780000000006" lon="-0.04107">
    <ele>35.03000000000001</ele>
   </trkpt>
   <trkpt lat="38.620450000000005" lon="-0.04104">
    <ele>37.540000000000006</ele>
   </trkpt>
   <trkpt lat="38.62064" lon="-0.04114">
    <ele>38.24</ele>
   </trkpt>
   <trkpt lat="38.62088" lon="-0.04138">
    <ele>38.900000000000006</ele>
   </trkpt>
   <trkpt lat="38.62104" lon="-0.041460000000000004">
    <ele>39.41</ele>
   </trkpt>
   <trkpt lat="38.621410000000004" lon="-0.041550000000000004">
    <ele>40.24</ele>
   </trkpt>
   <trkpt lat="38.62165" lon="-0.041490000000000006">
    <ele>40.88</ele>
   </trkpt>
   <trkpt lat="38.6218" lon="-0.04148">
    <ele>41.6</ele>
   </trkpt>
   <trkpt lat="38.622040000000005" lon="-0.04134">
    <ele>42.85000000000001</ele>
   </trkpt>
   <trkpt lat="38.622170000000004" lon="-0.0413">
    <ele>43.38</ele>
   </trkpt>
   <trkpt lat="38.622490000000006" lon="-0.04139">
    <ele>44.230000000000004</ele>
   </trkpt>
   <trkpt lat="38.62319" lon="-0.04141">
    <ele>45.87</ele>
   </trkpt>
   <trkpt lat="38.62377" lon="-0.04157">
    <ele>47.370000000000005</ele>
   </trkpt>
   <trkpt lat="38.62397" lon="-0.04166">
    <ele>47.81</ele>
   </trkpt>
   <trkpt lat="38.62404" lon="-0.04184">
    <ele>48.11000000000001</ele>
   </trkpt>
   <trkpt lat="38.62411" lon="-0.04216">
    <ele>49.080000000000005</ele>
   </trkpt>
   <trkpt lat="38.62445" lon="-0.04231">
    <ele>49.57</ele>
   </trkpt>
   <trkpt lat="38.624900000000004" lon="-0.04243">
    <ele>50.60000000000001</ele>
   </trkpt>
   <trkpt lat="38.625490000000006" lon="-0.04245">
    <ele>51.870000000000005</ele>
   </trkpt>
   <trkpt lat="38.62601" lon="-0.0425">
    <ele>53.62</ele>
   </trkpt>
   <trkpt lat="38.62668" lon="-0.04227">
    <ele>55.06</ele>
   </trkpt>
   <trkpt lat="38.6274" lon="-0.04211">
    <ele>56.52</ele>
   </trkpt>
   <trkpt lat="38.62782" lon="-0.04195">
    <ele>56.940000000000005</ele>
   </trkpt>
   <trkpt lat="38.62827" lon="-0.04191">
    <ele>58.0</ele>
   </trkpt>
   <trkpt lat="38.62865" lon="-0.04173">
    <ele>59.830000000000005</ele>
   </trkpt>
   <trkpt lat="38.62886" lon="-0.04225">
    <ele>60.82000000000001</ele>
   </trkpt>
   <trkpt lat="38.62894" lon="-0.04234">
    <ele>61.85</ele>
   </trkpt>
   <trkpt lat="38.62924" lon="-0.04247">
    <ele>62.21000000000001</ele>
   </trkpt>
   <trkpt lat="38.62942" lon="-0.0427">
    <ele>63.230000000000004</ele>
   </trkpt>
   <trkpt lat="38.629810000000006" lon="-0.04342">
    <ele>69.02000000000001</ele>
   </trkpt>
   <trkpt lat="38.63006" lon="-0.04415">
    <ele>74.15</ele>
   </trkpt>
   <trkpt lat="38.63017" lon="-0.04426">
    <ele>74.37</ele>
   </trkpt>
   <trkpt lat="38.63059000048674" lon="-0.044554998353574786">
    <ele>75.16</ele>
   </trkpt>
   <trkpt lat="38.63101" lon="-0.04485">
    <ele>76.09</ele>
   </trkpt>
   <trkpt lat="38.63118" lon="-0.04494">
    <ele>75.67</ele>
   </trkpt>
   <trkpt lat="38.631510000000006" lon="-0.045020000000000004">
    <ele>72.35000000000001</ele>
   </trkpt>
   <trkpt lat="38.63177" lon="-0.045040000000000004">
    <ele>71.37</ele>
   </trkpt>
   <trkpt lat="38.631870000000006" lon="-0.04506">
    <ele>71.02</ele>
   </trkpt>
   <trkpt lat="38.63196000000001" lon="-0.045160000000000006">
    <ele>70.76</ele>
   </trkpt>
   <trkpt lat="38.632020000000004" lon="-0.04544">
    <ele>70.48</ele>
   </trkpt>
   <trkpt lat="38.63203" lon="-0.04574">
    <ele>71.24000000000001</ele>
   </trkpt>
   <trkpt lat="38.632000000000005" lon="-0.04587">
    <ele>71.51</ele>
   </trkpt>
   <trkpt lat="38.63188" lon="-0.0461">
    <ele>73.24</ele>
   </trkpt>
   <trkpt lat="38.63139" lon="-0.04667">
    <ele>74.52</ele>
   </trkpt>
   <trkpt lat="38.631330000000005" lon="-0.04678">
    <ele>74.32000000000001</ele>
   </trkpt>
   <trkpt lat="38.6313" lon="-0.04701">
    <ele>74.02</ele>
   </trkpt>
   <trkpt lat="38.631330000000005" lon="-0.047150000000000004">
    <ele>73.02</ele>
   </trkpt>
   <trkpt lat="38.63165" lon="-0.04814">
    <ele>71.2</ele>
   </trkpt>
   <trkpt lat="38.63168" lon="-0.048440000000000004">
    <ele>70.88000000000001</ele>
   </trkpt>
   <trkpt lat="38.63168" lon="-0.04875">
    <ele>69.87</ele>
   </trkpt>
   <trkpt lat="38.63165" lon="-0.04891">
    <ele>69.45000000000002</ele>
   </trkpt>
   <trkpt lat="38.63158000000001" lon="-0.04914">
    <ele>68.98</ele>
   </trkpt>
   <trkpt lat="38.631510000000006" lon="-0.04927">
    <ele>68.92</ele>
   </trkpt>
   <trkpt lat="38.63136" lon="-0.04948">
    <ele>69.14</ele>
   </trkpt>
   <trkpt lat="38.63074" lon="-0.05016">
    <ele>71.17000000000002</ele>
   </trkpt>
   <trkpt lat="38.63035000172907" lon="-0.05078000322460583">
    <ele>76.6</ele>
   </trkpt>
   <trkpt lat="38.629960000000004" lon="-0.0514">
    <ele>76.75000000000001</ele>
   </trkpt>
   <trkpt lat="38.62991" lon="-0.051480000000000005">
    <ele>76.61000000000001</ele>
   </trkpt>
   <trkpt lat="38.62937" lon="-0.05229">
    <ele>75.73</ele>
   </trkpt>
   <trkpt lat="38.629310000000004" lon="-0.05247">
    <ele>75.41</ele>
   </trkpt>
   <trkpt lat="38.629290000000005" lon="-0.05274">
    <ele>74.68</ele>
   </trkpt>
   <trkpt lat="38.629290000000005" lon="-0.053040000000000004">
    <ele>73.18</ele>
   </trkpt>
   <trkpt lat="38.62934500215621" lon="-0.053749999594934934">
    <ele>70.9</ele>
   </trkpt>
   <trkpt lat="38.629400000000004" lon="-0.05446">
    <ele>67.44</ele>
   </trkpt>
   <trkpt lat="38.629550001834616" lon="-0.05511499866780088">
    <ele>65.01</ele>
   </trkpt>
   <trkpt lat="38.6297" lon="-0.05577000000000001">
    <ele>63.050000000000004</ele>
   </trkpt>
   <trkpt lat="38.629720000000006" lon="-0.05596">
    <ele>62.31</ele>
   </trkpt>
   <trkpt lat="38.6296" lon="-0.05695000000000001">
    <ele>60.63</ele>
   </trkpt>
   <trkpt lat="38.62950000185003" lon="-0.0576100009457842">
    <ele>59.64000000000001</ele>
   </trkpt>
   <trkpt lat="38.629400000000004" lon="-0.05827">
    <ele>61.870000000000005</ele>
   </trkpt>
   <trkpt lat="38.62930500389078" lon="-0.0592250011717192">
    <ele>65.75999999999999</ele>
   </trkpt>
   <trkpt lat="38.62921" lon="-0.060180000000000004">
    <ele>66.31</ele>
   </trkpt>
   <trkpt lat="38.62921" lon="-0.06033">
    <ele>65.86</ele>
   </trkpt>
   <trkpt lat="38.62924" lon="-0.06056">
    <ele>65.38000000000001</ele>
   </trkpt>
   <trkpt lat="38.62932" lon="-0.06074">
    <ele>64.66000000000001</ele>
   </trkpt>
   <trkpt lat="38.629540000000006" lon="-0.06106">
    <ele>63.99</ele>
   </trkpt>
   <trkpt lat="38.62964" lon="-0.061290000000000004">
    <ele>64.46000000000001</ele>
   </trkpt>
   <trkpt lat="38.629690000000004" lon="-0.061540000000000004">
    <ele>65.31</ele>
   </trkpt>
   <trkpt lat="38.629700002587676" lon="-0.062319999765545295">
    <ele>70.10000000000001</ele>
   </trkpt>
   <trkpt lat="38.62971" lon="-0.0631">
    <ele>72.25000000000001</ele>
   </trkpt>
   <trkpt lat="38.62975" lon="-0.06336">
    <ele>71.84</ele>
   </trkpt>
   <trkpt lat="38.62989" lon="-0.06367">
    <ele>70.56000000000002</ele>
   </trkpt>
   <trkpt lat="38.630280000000006" lon="-0.06418">
    <ele>69.67</ele>
   </trkpt>
   <trkpt lat="38.63066000084176" lon="-0.06460999778293798">
    <ele>71.69</ele>
   </trkpt>
   <trkpt lat="38.631040000000006" lon="-0.06504">
    <ele>77.05000000000001</ele>
   </trkpt>
   <trkpt lat="38.631170000000004" lon="-0.06521">
    <ele>78.34</ele>
   </trkpt>
   <trkpt lat="38.63159" lon="-0.06601">
    <ele>82.17</ele>
   </trkpt>
   <trkpt lat="38.63163" lon="-0.06622">
    <ele>81.91000000000001</ele>
   </trkpt>
   <trkpt lat="38.63161" lon="-0.06643">
    <ele>81.68</ele>
   </trkpt>
   <trkpt lat="38.6315" lon="-0.06686">
    <ele>80.5</ele>
   </trkpt>
   <trkpt lat="38.631175004758866" lon="-0.06792000488058819">
    <ele>76.71</ele>
   </trkpt>
   <trkpt lat="38.63085" lon="-0.06898">
    <ele>79.67</ele>
   </trkpt>
   <trkpt lat="38.63082" lon="-0.06915">
    <ele>79.9</ele>
   </trkpt>
   <trkpt lat="38.630840000000006" lon="-0.06934">
    <ele>79.88000000000001</ele>
   </trkpt>
   <trkpt lat="38.630930000000006" lon="-0.06951">
    <ele>79.7</ele>
   </trkpt>
   <trkpt lat="38.631400000000006" lon="-0.07026">
    <ele>78.46</ele>
   </trkpt>
   <trkpt lat="38.63158000000001" lon="-0.0704">
    <ele>77.95</ele>
   </trkpt>
   <trkpt lat="38.63215" lon="-0.07044">
    <ele>74.4</ele>
   </trkpt>
   <trkpt lat="38.63223" lon="-0.07051">
    <ele>73.87</ele>
   </trkpt>
   <trkpt lat="38.632290000000005" lon="-0.07062">
    <ele>73.38</ele>
   </trkpt>
   <trkpt lat="38.63233" lon="-0.07077">
    <ele>73.16</ele>
   </trkpt>
   <trkpt lat="38.63248667494905" lon="-0.07175666232836643">
    <ele>73.47000000000001</ele>
   </trkpt>
   <trkpt lat="38.63264334161164" lon="-0.07274332896924504">
    <ele>76.11000000000001</ele>
   </trkpt>
   <trkpt lat="38.6328" lon="-0.07373">
    <ele>76.17</ele>
   </trkpt>
   <trkpt lat="38.63291" lon="-0.07435">
    <ele>77.08000000000001</ele>
   </trkpt>
   <trkpt lat="38.63304" lon="-0.07481">
    <ele>76.44000000000001</ele>
   </trkpt>
   <trkpt lat="38.633100000000006" lon="-0.07516">
    <ele>75.17</ele>
   </trkpt>
   <trkpt lat="38.633070000000004" lon="-0.07585">
    <ele>71.69</ele>
   </trkpt>
   <trkpt lat="38.63304" lon="-0.07606">
    <ele>71.01</ele>
   </trkpt>
   <trkpt lat="38.633" lon="-0.07621">
    <ele>70.49000000000001</ele>
   </trkpt>
   <trkpt lat="38.63284" lon="-0.07642">
    <ele>69.86</ele>
   </trkpt>
   <trkpt lat="38.632450000000006" lon="-0.07674">
    <ele>68.64</ele>
   </trkpt>
   <trkpt lat="38.632340000000006" lon="-0.07695">
    <ele>67.91000000000001</ele>
   </trkpt>
   <trkpt lat="38.632250000000006" lon="-0.07717">
    <ele>66.82000000000001</ele>
   </trkpt>
   <trkpt lat="38.63219" lon="-0.07728">
    <ele>66.10000000000001</ele>
   </trkpt>
   <trkpt lat="38.63196000000001" lon="-0.07749">
    <ele>63.76000000000001</ele>
   </trkpt>
   <trkpt lat="38.63154500043238" lon="-0.07774000134692434">
    <ele>61.07000000000001</ele>
   </trkpt>
   <trkpt lat="38.631130000000006" lon="-0.07799">
    <ele>60.620000000000005</ele>
   </trkpt>
   <trkpt lat="38.63045" lon="-0.07846">
    <ele>61.59</ele>
   </trkpt>
   <trkpt lat="38.630320000000005" lon="-0.07863">
    <ele>61.88</ele>
   </trkpt>
   <trkpt lat="38.630280000000006" lon="-0.07871">
    <ele>62.11000000000001</ele>
   </trkpt>
   <trkpt lat="38.63022" lon="-0.07896">
    <ele>63.49</ele>
   </trkpt>
   <trkpt lat="38.6302550049172" lon="-0.08003499944332562">
    <ele>66.28</ele>
   </trkpt>
   <trkpt lat="38.63029" lon="-0.08111">
    <ele>71.51</ele>
   </trkpt>
   <trkpt lat="38.63033" lon="-0.0815">
    <ele>71.95</ele>
   </trkpt>
   <trkpt lat="38.630500002348015" lon="-0.08224499817160287">
    <ele>72.64000000000001</ele>
   </trkpt>
   <trkpt lat="38.63067" lon="-0.08299000000000001">
    <ele>73.87</ele>
   </trkpt>
   <trkpt lat="38.63083" lon="-0.0834">
    <ele>74.79</ele>
   </trkpt>
   <trkpt lat="38.63121333632238" lon="-0.08399666022178878">
    <ele>76.86000000000001</ele>
   </trkpt>
   <trkpt lat="38.63159666961446" lon="-0.08459332682416455">
    <ele>78.86</ele>
   </trkpt>
   <trkpt lat="38.631980000000006" lon="-0.08519">
    <ele>80.95</ele>
   </trkpt>
   <trkpt lat="38.63201" lon="-0.0853">
    <ele>81.17</ele>
   </trkpt>
   <trkpt lat="38.63204" lon="-0.08553000000000001">
    <ele>81.38000000000001</ele>
   </trkpt>
   <trkpt lat="38.632045002085434" lon="-0.08622999995182834">
    <ele>81.78</ele>
   </trkpt>
   <trkpt lat="38.63205000000001" lon="-0.08693000000000001">
    <ele>83.09</ele>
   </trkpt>
   <trkpt lat="38.632145002880996" lon="-0.08775499877013941">
    <ele>84.44</ele>
   </trkpt>
   <trkpt lat="38.63224" lon="-0.08858">
    <ele>85.9</ele>
   </trkpt>
   <trkpt lat="38.63246" lon="-0.08929000000000001">
    <ele>88.16</ele>
   </trkpt>
   <trkpt lat="38.6327" lon="-0.08991">
    <ele>89.71000000000001</ele>
   </trkpt>
   <trkpt lat="38.63296000206896" lon="-0.090604997514686">
    <ele>92.24</ele>
   </trkpt>
   <trkpt lat="38.63322" lon="-0.0913">
    <ele>94.26</ele>
   </trkpt>
   <trkpt lat="38.63345000162037" lon="-0.09192999779012835">
    <ele>97.95</ele>
   </trkpt>
   <trkpt lat="38.633680000000005" lon="-0.09256">
    <ele>102.87</ele>
   </trkpt>
   <trkpt lat="38.63373" lon="-0.09274">
    <ele>103.94</ele>
   </trkpt>
   <trkpt lat="38.63388667367756" lon="-0.09364666278241185">
    <ele>108.62</ele>
   </trkpt>
   <trkpt lat="38.63404334035785" lon="-0.09455332952785585">
    <ele>115.33000000000001</ele>
   </trkpt>
   <trkpt lat="38.6342" lon="-0.09546">
    <ele>120.92000000000002</ele>
   </trkpt>
   <trkpt lat="38.63427" lon="-0.09595000000000001">
    <ele>123.39000000000001</ele>
   </trkpt>
   <trkpt lat="38.63429" lon="-0.09623000000000001">
    <ele>124.18</ele>
   </trkpt>
   <trkpt lat="38.634170000000005" lon="-0.09699">
    <ele>127.47</ele>
   </trkpt>
   <trkpt lat="38.634175001614494" lon="-0.09760500054138378">
    <ele>130.74</ele>
   </trkpt>
   <trkpt lat="38.63418" lon="-0.09822">
    <ele>132.09</ele>
   </trkpt>
   <trkpt lat="38.63423" lon="-0.09854">
    <ele>132.8</ele>
   </trkpt>
   <trkpt lat="38.63441500260604" lon="-0.0993199980572705">
    <ele>135.51000000000002</ele>
   </trkpt>
   <trkpt lat="38.634600000000006" lon="-0.10010000000000001">
    <ele>137.36</ele>
   </trkpt>
   <trkpt lat="38.634620000000005" lon="-0.10046000000000001">
    <ele>137.75</ele>
   </trkpt>
   <trkpt lat="38.634600000000006" lon="-0.10089000000000001">
    <ele>137.78</ele>
   </trkpt>
   <trkpt lat="38.634530000000005" lon="-0.10158">
    <ele>139.12</ele>
   </trkpt>
   <trkpt lat="38.634530000000005" lon="-0.10172">
    <ele>139.52</ele>
   </trkpt>
   <trkpt lat="38.634570000000004" lon="-0.10193">
    <ele>139.49</ele>
   </trkpt>
   <trkpt lat="38.634890001600965" lon="-0.10254499723772427">
    <ele>135.77</ele>
   </trkpt>
   <trkpt lat="38.63521" lon="-0.10316">
    <ele>133.3</ele>
   </trkpt>
   <trkpt lat="38.635380000000005" lon="-0.1034">
    <ele>132.62</ele>
   </trkpt>
   <trkpt lat="38.63571" lon="-0.10358">
    <ele>132.43</ele>
   </trkpt>
   <trkpt lat="38.636340000000004" lon="-0.10368000000000001">
    <ele>132.95000000000002</ele>
   </trkpt>
   <trkpt lat="38.63651" lon="-0.10375000000000001">
    <ele>133.62</ele>
   </trkpt>
   <trkpt lat="38.63669" lon="-0.10397">
    <ele>135.26000000000002</ele>
   </trkpt>
   <trkpt lat="38.637010000000004" lon="-0.10446000000000001">
    <ele>140.33</ele>
   </trkpt>
   <trkpt lat="38.63712" lon="-0.10459">
    <ele>141.66</ele>
   </trkpt>
   <trkpt lat="38.63723" lon="-0.10466">
    <ele>142.29</ele>
   </trkpt>
   <trkpt lat="38.63731000000001" lon="-0.10469">
    <ele>142.53</ele>
   </trkpt>
   <trkpt lat="38.63768" lon="-0.10472000000000001">
    <ele>142.89000000000001</ele>
   </trkpt>
   <trkpt lat="38.637890000000006" lon="-0.10476">
    <ele>143.01</ele>
   </trkpt>
   <trkpt lat="38.637980000000006" lon="-0.10483">
    <ele>143.17000000000002</ele>
   </trkpt>
   <trkpt lat="38.63806" lon="-0.10494">
    <ele>143.4</ele>
   </trkpt>
   <trkpt lat="38.63837" lon="-0.10554000000000001">
    <ele>147.45000000000002</ele>
   </trkpt>
   <trkpt lat="38.63906" lon="-0.10626000000000001">
    <ele>154.37</ele>
   </trkpt>
   <trkpt lat="38.63950500179712" lon="-0.10688499630840263">
    <ele>156.02</ele>
   </trkpt>
   <trkpt lat="38.639950000000006" lon="-0.10751000000000001">
    <ele>160.3</ele>
   </trkpt>
   <trkpt lat="38.64005" lon="-0.10758000000000001">
    <ele>160.3</ele>
   </trkpt>
   <trkpt lat="38.64014" lon="-0.10762000000000001">
    <ele>160.92000000000002</ele>
   </trkpt>
   <trkpt lat="38.64023" lon="-0.10763">
    <ele>161.79000000000002</ele>
   </trkpt>
   <trkpt lat="38.640550000000005" lon="-0.10756">
    <ele>163.36</ele>
   </trkpt>
   <trkpt lat="38.64076" lon="-0.10761000000000001">
    <ele>163.73000000000002</ele>
   </trkpt>
   <trkpt lat="38.64148" lon="-0.10794000000000001">
    <ele>164.97</ele>
   </trkpt>
   <trkpt lat="38.641670000000005" lon="-0.10813">
    <ele>165.89000000000001</ele>
   </trkpt>
   <trkpt lat="38.6422" lon="-0.10887000000000001">
    <ele>168.87</ele>
   </trkpt>
   <trkpt lat="38.642630000000004" lon="-0.1092">
    <ele>172.0</ele>
   </trkpt>
   <trkpt lat="38.642700000000005" lon="-0.10928">
    <ele>172.0</ele>
   </trkpt>
   <trkpt lat="38.643100002574805" lon="-0.11005999561749605">
    <ele>176.83</ele>
   </trkpt>
   <trkpt lat="38.6435" lon="-0.11084000000000001">
    <ele>181.56000000000003</ele>
   </trkpt>
   <trkpt lat="38.64381" lon="-0.11121">
    <ele>185.46</ele>
   </trkpt>
   <trkpt lat="38.64401" lon="-0.11142">
    <ele>188.98000000000002</ele>
   </trkpt>
   <trkpt lat="38.64474666973246" lon="-0.1120266541378028">
    <ele>191.18</ele>
   </trkpt>
   <trkpt lat="38.64548333633191" lon="-0.11263332074889018">
    <ele>192.25</ele>
   </trkpt>
   <trkpt lat="38.64622000000001" lon="-0.11324000000000001">
    <ele>196.04000000000002</ele>
   </trkpt>
   <trkpt lat="38.646460000000005" lon="-0.11346">
    <ele>195.18</ele>
   </trkpt>
   <trkpt lat="38.64663" lon="-0.11367000000000001">
    <ele>194.16000000000003</ele>
   </trkpt>
   <trkpt lat="38.64668" lon="-0.11378">
    <ele>194.16000000000003</ele>
   </trkpt>
   <trkpt lat="38.646730000000005" lon="-0.11410000000000001">
    <ele>193.21</ele>
   </trkpt>
   <trkpt lat="38.64678" lon="-0.11506000000000001">
    <ele>196.41000000000003</ele>
   </trkpt>
   <trkpt lat="38.646860000000004" lon="-0.11562000000000001">
    <ele>199.9</ele>
   </trkpt>
   <trkpt lat="38.647180000000006" lon="-0.11658">
    <ele>207.48000000000002</ele>
   </trkpt>
   <trkpt lat="38.64741000175328" lon="-0.11719999832544437">
    <ele>215.41000000000003</ele>
   </trkpt>
   <trkpt lat="38.64764" lon="-0.11782000000000001">
    <ele>217.36</ele>
   </trkpt>
   <trkpt lat="38.64776500133177" lon="-0.11837499912349914">
    <ele>222.02</ele>
   </trkpt>
   <trkpt lat="38.647890000000004" lon="-0.11893000000000001">
    <ele>223.96</ele>
   </trkpt>
   <trkpt lat="38.648120000000006" lon="-0.11965">
    <ele>224.06</ele>
   </trkpt>
   <trkpt lat="38.64817" lon="-0.11975000000000001">
    <ele>223.79000000000002</ele>
   </trkpt>
   <trkpt lat="38.648300000000006" lon="-0.11993000000000001">
    <ele>223.68</ele>
   </trkpt>
   <trkpt lat="38.64881000107025" lon="-0.12044999621626795">
    <ele>224.10000000000002</ele>
   </trkpt>
   <trkpt lat="38.64932" lon="-0.12097000000000001">
    <ele>225.32000000000002</ele>
   </trkpt>
   <trkpt lat="38.649770000000004" lon="-0.12144">
    <ele>229.96</ele>
   </trkpt>
   <trkpt lat="38.64983" lon="-0.12155">
    <ele>229.96</ele>
   </trkpt>
   <trkpt lat="38.6499" lon="-0.12155">
    <ele>230.99000000000004</ele>
   </trkpt>
   <trkpt lat="38.64996" lon="-0.12164000000000001">
    <ele>230.96</ele>
   </trkpt>
   <trkpt lat="38.650000000000006" lon="-0.12158000000000001">
    <ele>230.92000000000002</ele>
   </trkpt>
   <trkpt lat="38.650360000000006" lon="-0.12074000000000001">
    <ele>229.02</ele>
   </trkpt>
   <trkpt lat="38.650470000000006" lon="-0.12062">
    <ele>229.02</ele>
   </trkpt>
   <trkpt lat="38.650650000000006" lon="-0.12053000000000001">
    <ele>227.23000000000002</ele>
   </trkpt>
   <trkpt lat="38.651" lon="-0.12050000000000001">
    <ele>225.84</ele>
   </trkpt>
   <trkpt lat="38.651180000000004" lon="-0.12046000000000001">
    <ele>224.01000000000002</ele>
   </trkpt>
   <trkpt lat="38.65131" lon="-0.12033">
    <ele>222.38000000000002</ele>
   </trkpt>
   <trkpt lat="38.65137" lon="-0.12021000000000001">
    <ele>222.38000000000002</ele>
   </trkpt>
   <trkpt lat="38.6514" lon="-0.11995000000000001">
    <ele>219.23</ele>
   </trkpt>
   <trkpt lat="38.65135" lon="-0.11983">
    <ele>219.23</ele>
   </trkpt>
   <trkpt lat="38.65113" lon="-0.11950000000000001">
    <ele>215.45000000000002</ele>
   </trkpt>
   <trkpt lat="38.65102" lon="-0.1193">
    <ele>214.77</ele>
   </trkpt>
   <trkpt lat="38.65095" lon="-0.11911000000000001">
    <ele>213.63000000000002</ele>
   </trkpt>
   <trkpt lat="38.650920000000006" lon="-0.11887">
    <ele>211.8</ele>
   </trkpt>
   <trkpt lat="38.65096500179162" lon="-0.11822500010760494">
    <ele>208.69</ele>
   </trkpt>
   <trkpt lat="38.65101000000001" lon="-0.11758">
    <ele>205.02</ele>
   </trkpt>
   <trkpt lat="38.650960001803455" lon="-0.11692499924507027">
    <ele>202.26000000000002</ele>
   </trkpt>
   <trkpt lat="38.65091" lon="-0.11627000000000001">
    <ele>198.84</ele>
   </trkpt>
   <trkpt lat="38.65093" lon="-0.11596000000000001">
    <ele>196.71</ele>
   </trkpt>
   <trkpt lat="38.65115" lon="-0.11503000000000001">
    <ele>191.56</ele>
   </trkpt>
   <trkpt lat="38.651210000000006" lon="-0.11489">
    <ele>190.57000000000002</ele>
   </trkpt>
   <trkpt lat="38.651340000000005" lon="-0.11471">
    <ele>189.35000000000002</ele>
   </trkpt>
   <trkpt lat="38.65190500191192" lon="-0.11403500535636248">
    <ele>184.24</ele>
   </trkpt>
   <trkpt lat="38.65247" lon="-0.11336">
    <ele>181.96</ele>
   </trkpt>
   <trkpt lat="38.652530000000006" lon="-0.11328">
    <ele>179.46</ele>
   </trkpt>
   <trkpt lat="38.65256" lon="-0.11317">
    <ele>179.46</ele>
   </trkpt>
   <trkpt lat="38.652570000000004" lon="-0.11303">
    <ele>179.46</ele>
   </trkpt>
   <trkpt lat="38.652550000000005" lon="-0.11288000000000001">
    <ele>179.46</ele>
   </trkpt>
   <trkpt lat="38.65243" lon="-0.11231000000000001">
    <ele>175.33</ele>
   </trkpt>
   <trkpt lat="38.652420000000006" lon="-0.11213000000000001">
    <ele>175.33</ele>
   </trkpt>
   <trkpt lat="38.652440000000006" lon="-0.11199">
    <ele>174.90000000000003</ele>
   </trkpt>
   <trkpt lat="38.652530000000006" lon="-0.11178">
    <ele>174.3</ele>
   </trkpt>
   <trkpt lat="38.6526" lon="-0.11163000000000001">
    <ele>173.6</ele>
   </trkpt>
   <trkpt lat="38.65269" lon="-0.11152000000000001">
    <ele>172.8</ele>
   </trkpt>
   <trkpt lat="38.65276" lon="-0.11146">
    <ele>172.8</ele>
   </trkpt>
   <trkpt lat="38.65288" lon="-0.11145000000000001">
    <ele>172.45000000000002</ele>
   </trkpt>
   <trkpt lat="38.653400000000005" lon="-0.11157">
    <ele>170.1</ele>
   </trkpt>
   <trkpt lat="38.65404" lon="-0.11177000000000001">
    <ele>168.53</ele>
   </trkpt>
   <trkpt lat="38.65417" lon="-0.11177000000000001">
    <ele>168.53</ele>
   </trkpt>
   <trkpt lat="38.65424" lon="-0.11174">
    <ele>168.53</ele>
   </trkpt>
   <trkpt lat="38.65431" lon="-0.11167">
    <ele>168.8</ele>
   </trkpt>
   <trkpt lat="38.654430000000005" lon="-0.11144000000000001">
    <ele>168.83</ele>
   </trkpt>
   <trkpt lat="38.65444" lon="-0.11138">
    <ele>168.83</ele>
   </trkpt>
   <trkpt lat="38.654430000000005" lon="-0.11128">
    <ele>168.74</ele>
   </trkpt>
   <trkpt lat="38.65439000000001" lon="-0.11120000000000001">
    <ele>168.74</ele>
   </trkpt>
   <trkpt lat="38.653855000980045" lon="-0.11071499635856867">
    <ele>169.78</ele>
   </trkpt>
   <trkpt lat="38.65332" lon="-0.11023000000000001">
    <ele>171.51000000000002</ele>
   </trkpt>
   <trkpt lat="38.653240000000004" lon="-0.11013">
    <ele>171.71</ele>
   </trkpt>
   <trkpt lat="38.65321" lon="-0.11002">
    <ele>171.71</ele>
   </trkpt>
   <trkpt lat="38.65319" lon="-0.10980000000000001">
    <ele>171.93000000000004</ele>
   </trkpt>
   <trkpt lat="38.653325003211584" lon="-0.10893500145950838">
    <ele>174.59000000000003</ele>
   </trkpt>
   <trkpt lat="38.65346" lon="-0.10807000000000001">
    <ele>179.13</ele>
   </trkpt>
   <trkpt lat="38.65353" lon="-0.10773">
    <ele>180.56000000000003</ele>
   </trkpt>
   <trkpt lat="38.65359" lon="-0.10751000000000001">
    <ele>181.22000000000003</ele>
   </trkpt>
   <trkpt lat="38.653710000000004" lon="-0.10731">
    <ele>181.96</ele>
   </trkpt>
   <trkpt lat="38.653960000000005" lon="-0.10712">
    <ele>182.26</ele>
   </trkpt>
   <trkpt lat="38.654445000019436" lon="-0.10700000082282855">
    <ele>181.84</ele>
   </trkpt>
   <trkpt lat="38.65493" lon="-0.10688">
    <ele>180.32</ele>
   </trkpt>
   <trkpt lat="38.65532" lon="-0.10681">
    <ele>177.48000000000002</ele>
   </trkpt>
   <trkpt lat="38.655530000000006" lon="-0.1068">
    <ele>176.3</ele>
   </trkpt>
   <trkpt lat="38.656000000000006" lon="-0.10688">
    <ele>174.27</ele>
   </trkpt>
   <trkpt lat="38.656110000000005" lon="-0.10688">
    <ele>173.88</ele>
   </trkpt>
   <trkpt lat="38.656240000000004" lon="-0.1068">
    <ele>173.42000000000002</ele>
   </trkpt>
   <trkpt lat="38.656310000000005" lon="-0.10673">
    <ele>173.22</ele>
   </trkpt>
   <trkpt lat="38.656380000000006" lon="-0.10656">
    <ele>173.06</ele>
   </trkpt>
   <trkpt lat="38.656530001653785" lon="-0.10594500110849693">
    <ele>175.33</ele>
   </trkpt>
   <trkpt lat="38.65668" lon="-0.10533000000000001">
    <ele>176.82</ele>
   </trkpt>
   <trkpt lat="38.65675" lon="-0.10515000000000001">
    <ele>177.42000000000002</ele>
   </trkpt>
   <trkpt lat="38.656850000000006" lon="-0.10504000000000001">
    <ele>178.58</ele>
   </trkpt>
   <trkpt lat="38.65695" lon="-0.10501">
    <ele>178.58</ele>
   </trkpt>
   <trkpt lat="38.657320000000006" lon="-0.10494">
    <ele>180.61</ele>
   </trkpt>
   <trkpt lat="38.65749" lon="-0.10495000000000002">
    <ele>180.61</ele>
   </trkpt>
   <trkpt lat="38.657610000000005" lon="-0.10502">
    <ele>181.83</ele>
   </trkpt>
   <trkpt lat="38.65787" lon="-0.10526">
    <ele>183.38000000000002</ele>
   </trkpt>
   <trkpt lat="38.65796" lon="-0.1053">
    <ele>183.38000000000002</ele>
   </trkpt>
   <trkpt lat="38.658030000000004" lon="-0.1053">
    <ele>185.2</ele>
   </trkpt>
   <trkpt lat="38.65813" lon="-0.10527">
    <ele>185.2</ele>
   </trkpt>
   <trkpt lat="38.65847" lon="-0.10515000000000001">
    <ele>187.98000000000002</ele>
   </trkpt>
   <trkpt lat="38.6586" lon="-0.10515000000000001">
    <ele>188.55</ele>
   </trkpt>
   <trkpt lat="38.65881" lon="-0.10519">
    <ele>190.45000000000002</ele>
   </trkpt>
   <trkpt lat="38.65892" lon="-0.10516">
    <ele>190.45000000000002</ele>
   </trkpt>
   <trkpt lat="38.65903" lon="-0.10511000000000001">
    <ele>190.45000000000002</ele>
   </trkpt>
   <trkpt lat="38.65921" lon="-0.10490000000000001">
    <ele>194.44000000000003</ele>
   </trkpt>
   <trkpt lat="38.65936000000001" lon="-0.10476">
    <ele>194.44000000000003</ele>
   </trkpt>
   <trkpt lat="38.65955" lon="-0.10469">
    <ele>194.44000000000003</ele>
   </trkpt>
   <trkpt lat="38.65999" lon="-0.10460000000000001">
    <ele>198.17000000000002</ele>
   </trkpt>
   <trkpt lat="38.660140000000006" lon="-0.10454000000000001">
    <ele>198.17000000000002</ele>
   </trkpt>
   <trkpt lat="38.66051" lon="-0.10429000000000001">
    <ele>200.37</ele>
   </trkpt>
   <trkpt lat="38.66064" lon="-0.10429000000000001">
    <ele>200.39000000000001</ele>
   </trkpt>
   <trkpt lat="38.66076" lon="-0.10439000000000001">
    <ele>200.03</ele>
   </trkpt>
   <trkpt lat="38.661030000000004" lon="-0.10501">
    <ele>197.70000000000002</ele>
   </trkpt>
   <trkpt lat="38.66113" lon="-0.10537">
    <ele>196.45000000000002</ele>
   </trkpt>
   <trkpt lat="38.661190000000005" lon="-0.10544">
    <ele>196.22</ele>
   </trkpt>
   <trkpt lat="38.66129" lon="-0.10544">
    <ele>195.63000000000002</ele>
   </trkpt>
   <trkpt lat="38.66152" lon="-0.1052">
    <ele>193.43</ele>
   </trkpt>
   <trkpt lat="38.66179" lon="-0.10477">
    <ele>190.24</ele>
   </trkpt>
   <trkpt lat="38.66189" lon="-0.10469">
    <ele>189.21</ele>
   </trkpt>
   <trkpt lat="38.662040000000005" lon="-0.10469">
    <ele>189.21</ele>
   </trkpt>
   <trkpt lat="38.662420000000004" lon="-0.10455">
    <ele>186.32000000000002</ele>
   </trkpt>
   <trkpt lat="38.66259" lon="-0.10458">
    <ele>185.48</ele>
   </trkpt>
   <trkpt lat="38.66272" lon="-0.10465">
    <ele>184.87</ele>
   </trkpt>
   <trkpt lat="38.66284" lon="-0.1048">
    <ele>182.67000000000002</ele>
   </trkpt>
   <trkpt lat="38.66299" lon="-0.10515000000000001">
    <ele>181.51</ele>
   </trkpt>
   <trkpt lat="38.66308" lon="-0.10527">
    <ele>180.71</ele>
   </trkpt>
   <trkpt lat="38.663410000000006" lon="-0.10566">
    <ele>177.79</ele>
   </trkpt>
   <trkpt lat="38.66348" lon="-0.10579000000000001">
    <ele>177.79</ele>
   </trkpt>
   <trkpt lat="38.66353" lon="-0.10591">
    <ele>176.19</ele>
   </trkpt>
   <trkpt lat="38.66355" lon="-0.10605">
    <ele>176.19</ele>
   </trkpt>
   <trkpt lat="38.663540000000005" lon="-0.10659">
    <ele>174.53</ele>
   </trkpt>
   <trkpt lat="38.66358" lon="-0.10684">
    <ele>173.78</ele>
   </trkpt>
   <trkpt lat="38.66366" lon="-0.10695">
    <ele>172.89000000000001</ele>
   </trkpt>
   <trkpt lat="38.663810000000005" lon="-0.10705">
    <ele>172.57</ele>
   </trkpt>
   <trkpt lat="38.663920000000005" lon="-0.10708000000000001">
    <ele>172.17000000000002</ele>
   </trkpt>
   <trkpt lat="38.664010000000005" lon="-0.10706">
    <ele>171.95000000000002</ele>
   </trkpt>
   <trkpt lat="38.664080000000006" lon="-0.10701000000000001">
    <ele>171.77</ele>
   </trkpt>
   <trkpt lat="38.66427" lon="-0.10683000000000001">
    <ele>171.94</ele>
   </trkpt>
   <trkpt lat="38.66438" lon="-0.10665000000000001">
    <ele>172.90000000000003</ele>
   </trkpt>
   <trkpt lat="38.66445" lon="-0.10634">
    <ele>174.75</ele>
   </trkpt>
   <trkpt lat="38.66452" lon="-0.10615000000000001">
    <ele>176.08</ele>
   </trkpt>
   <trkpt lat="38.664640000000006" lon="-0.10590000000000001">
    <ele>179.52</ele>
   </trkpt>
   <trkpt lat="38.664730000000006" lon="-0.1058">
    <ele>180.44000000000003</ele>
   </trkpt>
   <trkpt lat="38.66479" lon="-0.10576">
    <ele>180.44000000000003</ele>
   </trkpt>
   <trkpt lat="38.66517" lon="-0.10576">
    <ele>184.00000000000003</ele>
   </trkpt>
   <trkpt lat="38.66563" lon="-0.10597000000000001">
    <ele>187.27</ele>
   </trkpt>
   <trkpt lat="38.665690000000005" lon="-0.10597000000000001">
    <ele>188.25000000000003</ele>
   </trkpt>
   <trkpt lat="38.66602" lon="-0.10583000000000001">
    <ele>191.55</ele>
   </trkpt>
   <trkpt lat="38.6661" lon="-0.10583000000000001">
    <ele>191.55</ele>
   </trkpt>
   <trkpt lat="38.666450000000005" lon="-0.10594">
    <ele>194.81</ele>
   </trkpt>
   <trkpt lat="38.66657" lon="-0.10594">
    <ele>195.48000000000002</ele>
   </trkpt>
   <trkpt lat="38.66667" lon="-0.10583000000000001">
    <ele>196.22</ele>
   </trkpt>
   <trkpt lat="38.66678" lon="-0.10541">
    <ele>199.26000000000002</ele>
   </trkpt>
   <trkpt lat="38.666850000000004" lon="-0.10532000000000001">
    <ele>199.41</ele>
   </trkpt>
   <trkpt lat="38.667320000178876" lon="-0.10509500149448871">
    <ele>198.42000000000002</ele>
   </trkpt>
   <trkpt lat="38.667790000000004" lon="-0.10487">
    <ele>194.25</ele>
   </trkpt>
   <trkpt lat="38.66807" lon="-0.1048">
    <ele>192.06</ele>
   </trkpt>
   <trkpt lat="38.66823" lon="-0.10486000000000001">
    <ele>191.03</ele>
   </trkpt>
   <trkpt lat="38.66854" lon="-0.10501">
    <ele>188.47000000000003</ele>
   </trkpt>
   <trkpt lat="38.668620000000004" lon="-0.10515000000000001">
    <ele>187.96</ele>
   </trkpt>
   <trkpt lat="38.66866" lon="-0.10534">
    <ele>187.08</ele>
   </trkpt>
   <trkpt lat="38.668620000000004" lon="-0.10562">
    <ele>186.35000000000002</ele>
   </trkpt>
   <trkpt lat="38.668620000000004" lon="-0.10583000000000001">
    <ele>186.2</ele>
   </trkpt>
   <trkpt lat="38.668670000000006" lon="-0.10595">
    <ele>186.2</ele>
   </trkpt>
   <trkpt lat="38.66879" lon="-0.10608000000000001">
    <ele>186.45</ele>
   </trkpt>
   <trkpt lat="38.669525000330545" lon="-0.10631499761797786">
    <ele>189.54000000000002</ele>
   </trkpt>
   <trkpt lat="38.670260000000006" lon="-0.10655">
    <ele>191.37</ele>
   </trkpt>
   <trkpt lat="38.6706" lon="-0.10673">
    <ele>191.09</ele>
   </trkpt>
   <trkpt lat="38.670770000000005" lon="-0.10687">
    <ele>191.09</ele>
   </trkpt>
   <trkpt lat="38.67141000133661" lon="-0.10741499518919415">
    <ele>189.72000000000003</ele>
   </trkpt>
   <trkpt lat="38.672050000000006" lon="-0.10796000000000001">
    <ele>190.37</ele>
   </trkpt>
   <trkpt lat="38.67204" lon="-0.10796000000000001">
    <ele>190.37</ele>
   </trkpt>
   <trkpt lat="38.67258333514098" lon="-0.10841999302235689">
    <ele>192.41000000000003</ele>
   </trkpt>
   <trkpt lat="38.67312666848028" lon="-0.10887999302731857">
    <ele>194.24</ele>
   </trkpt>
   <trkpt lat="38.67367" lon="-0.10934">
    <ele>195.71</ele>
   </trkpt>
   <trkpt lat="38.67403" lon="-0.10952">
    <ele>197.09</ele>
   </trkpt>
   <trkpt lat="38.674620000000004" lon="-0.10977">
    <ele>201.38</ele>
   </trkpt>
   <trkpt lat="38.674820000000004" lon="-0.10988">
    <ele>202.09</ele>
   </trkpt>
   <trkpt lat="38.675573335787014" lon="-0.11041665537129072">
    <ele>205.62000000000003</ele>
   </trkpt>
   <trkpt lat="38.676326669121714" lon="-0.11095332203872617">
    <ele>206.33</ele>
   </trkpt>
   <trkpt lat="38.677080000000004" lon="-0.11149">
    <ele>211.46</ele>
   </trkpt>
   <trkpt lat="38.677350000000004" lon="-0.11170000000000001">
    <ele>213.52</ele>
   </trkpt>
   <trkpt lat="38.677420000000005" lon="-0.11177000000000001">
    <ele>214.05</ele>
   </trkpt>
   <trkpt lat="38.67745" lon="-0.11188000000000001">
    <ele>214.47000000000003</ele>
   </trkpt>
   <trkpt lat="38.67754" lon="-0.11245000000000001">
    <ele>216.81000000000003</ele>
   </trkpt>
   <trkpt lat="38.67765" lon="-0.1126">
    <ele>217.46</ele>
   </trkpt>
   <trkpt lat="38.6779" lon="-0.11278">
    <ele>218.64000000000001</ele>
   </trkpt>
   <trkpt lat="38.678250000000006" lon="-0.11288000000000001">
    <ele>219.95</ele>
   </trkpt>
   <trkpt lat="38.67864" lon="-0.11317">
    <ele>221.56</ele>
   </trkpt>
   <trkpt lat="38.679050000000004" lon="-0.11353">
    <ele>224.21</ele>
   </trkpt>
   <trkpt lat="38.67925" lon="-0.11359000000000001">
    <ele>224.4</ele>
   </trkpt>
   <trkpt lat="38.67934" lon="-0.11358000000000001">
    <ele>223.78</ele>
   </trkpt>
   <trkpt lat="38.679410000000004" lon="-0.11356000000000001">
    <ele>224.69000000000003</ele>
   </trkpt>
   <trkpt lat="38.67945" lon="-0.11346">
    <ele>226.11</ele>
   </trkpt>
   <trkpt lat="38.679480000000005" lon="-0.11313000000000001">
    <ele>228.88000000000002</ele>
   </trkpt>
   <trkpt lat="38.67951" lon="-0.11299000000000001">
    <ele>228.88000000000002</ele>
   </trkpt>
   <trkpt lat="38.679550000000006" lon="-0.11288000000000001">
    <ele>229.67000000000002</ele>
   </trkpt>
   <trkpt lat="38.67989" lon="-0.11249">
    <ele>233.63000000000002</ele>
   </trkpt>
   <trkpt lat="38.680210001043456" lon="-0.11201000205248038">
    <ele>239.88</ele>
   </trkpt>
   <trkpt lat="38.680530000000005" lon="-0.11153">
    <ele>239.77</ele>
   </trkpt>
   <trkpt lat="38.680640000000004" lon="-0.11145000000000001">
    <ele>239.77</ele>
   </trkpt>
   <trkpt lat="38.68081" lon="-0.11138">
    <ele>236.51000000000002</ele>
   </trkpt>
   <trkpt lat="38.680960000000006" lon="-0.11141000000000001">
    <ele>236.51000000000002</ele>
   </trkpt>
   <trkpt lat="38.68119" lon="-0.11153">
    <ele>233.46000000000004</ele>
   </trkpt>
   <trkpt lat="38.681340000000006" lon="-0.11167">
    <ele>232.26000000000002</ele>
   </trkpt>
   <trkpt lat="38.681450000000005" lon="-0.11184000000000001">
    <ele>231.62</ele>
   </trkpt>
   <trkpt lat="38.681720000000006" lon="-0.11252000000000001">
    <ele>233.32000000000002</ele>
   </trkpt>
   <trkpt lat="38.68177" lon="-0.1126">
    <ele>233.70000000000002</ele>
   </trkpt>
   <trkpt lat="38.68188000000001" lon="-0.11271">
    <ele>234.41</ele>
   </trkpt>
   <trkpt lat="38.682010000000005" lon="-0.11278">
    <ele>235.95000000000002</ele>
   </trkpt>
   <trkpt lat="38.682120000000005" lon="-0.11274">
    <ele>235.95000000000002</ele>
   </trkpt>
   <trkpt lat="38.68235000000001" lon="-0.11256000000000001">
    <ele>239.0</ele>
   </trkpt>
   <trkpt lat="38.68238" lon="-0.11249">
    <ele>240.96</ele>
   </trkpt>
   <trkpt lat="38.682370000000006" lon="-0.11239">
    <ele>240.96</ele>
   </trkpt>
   <trkpt lat="38.68227" lon="-0.11224">
    <ele>242.34000000000003</ele>
   </trkpt>
   <trkpt lat="38.68224" lon="-0.11213000000000001">
    <ele>244.98000000000002</ele>
   </trkpt>
   <trkpt lat="38.68226000000001" lon="-0.11203">
    <ele>244.98000000000002</ele>
   </trkpt>
   <trkpt lat="38.68233" lon="-0.112">
    <ele>244.98000000000002</ele>
   </trkpt>
   <trkpt lat="38.68238" lon="-0.112">
    <ele>245.45000000000002</ele>
   </trkpt>
   <trkpt lat="38.683010000467775" lon="-0.11234999688879652">
    <ele>249.33</ele>
   </trkpt>
   <trkpt lat="38.683640000000004" lon="-0.11270000000000001">
    <ele>257.42</ele>
   </trkpt>
   <trkpt lat="38.683710000000005" lon="-0.11268">
    <ele>257.42</ele>
   </trkpt>
   <trkpt lat="38.68374" lon="-0.11264">
    <ele>258.53000000000003</ele>
   </trkpt>
   <trkpt lat="38.68376000000001" lon="-0.11256000000000001">
    <ele>258.53000000000003</ele>
   </trkpt>
   <trkpt lat="38.683730000000004" lon="-0.11246">
    <ele>259.38</ele>
   </trkpt>
   <trkpt lat="38.683600000000006" lon="-0.11239">
    <ele>259.69000000000005</ele>
   </trkpt>
   <trkpt lat="38.68325" lon="-0.11227000000000001">
    <ele>261.18</ele>
   </trkpt>
   <trkpt lat="38.683150000000005" lon="-0.11220000000000001">
    <ele>262.16</ele>
   </trkpt>
   <trkpt lat="38.68289" lon="-0.11181">
    <ele>265.06</ele>
   </trkpt>
   <trkpt lat="38.68258" lon="-0.11124">
    <ele>270.02000000000004</ele>
   </trkpt>
   <trkpt lat="38.682480000000005" lon="-0.11117">
    <ele>270.02000000000004</ele>
   </trkpt>
   <trkpt lat="38.682190000000006" lon="-0.11113">
    <ele>273.94</ele>
   </trkpt>
   <trkpt lat="38.682100000000005" lon="-0.11109000000000001">
    <ele>273.94</ele>
   </trkpt>
   <trkpt lat="38.682010000000005" lon="-0.11099">
    <ele>273.94</ele>
   </trkpt>
   <trkpt lat="38.68191" lon="-0.11081">
    <ele>276.1</ele>
   </trkpt>
   <trkpt lat="38.68191" lon="-0.11066000000000001">
    <ele>276.1</ele>
   </trkpt>
   <trkpt lat="38.681960000000004" lon="-0.11056">
    <ele>276.95000000000005</ele>
   </trkpt>
   <trkpt lat="38.682" lon="-0.11052000000000001">
    <ele>276.95000000000005</ele>
   </trkpt>
   <trkpt lat="38.68234" lon="-0.11035">
    <ele>279.43</ele>
   </trkpt>
   <trkpt lat="38.682410000000004" lon="-0.11027">
    <ele>279.43</ele>
   </trkpt>
   <trkpt lat="38.68247" lon="-0.11002">
    <ele>280.56</ele>
   </trkpt>
   <trkpt lat="38.682520000000004" lon="-0.10998000000000001">
    <ele>280.96999999999997</ele>
   </trkpt>
   <trkpt lat="38.68272" lon="-0.10992">
    <ele>281.92</ele>
   </trkpt>
   <trkpt lat="38.682790000000004" lon="-0.10988">
    <ele>282.35</ele>
   </trkpt>
   <trkpt lat="38.68289" lon="-0.10963">
    <ele>283.40000000000003</ele>
   </trkpt>
   <trkpt lat="38.68294" lon="-0.10927">
    <ele>284.29</ele>
   </trkpt>
   <trkpt lat="38.68301" lon="-0.10894000000000001">
    <ele>287.15000000000003</ele>
   </trkpt>
   <trkpt lat="38.683" lon="-0.10885">
    <ele>287.82</ele>
   </trkpt>
   <trkpt lat="38.682930000000006" lon="-0.10866">
    <ele>289.2</ele>
   </trkpt>
   <trkpt lat="38.682840000000006" lon="-0.10849">
    <ele>290.83000000000004</ele>
   </trkpt>
   <trkpt lat="38.682500000000005" lon="-0.10809">
    <ele>293.98</ele>
   </trkpt>
   <trkpt lat="38.682370000000006" lon="-0.10756">
    <ele>295.62000000000006</ele>
   </trkpt>
   <trkpt lat="38.68235000000001" lon="-0.10741">
    <ele>296.03000000000003</ele>
   </trkpt>
   <trkpt lat="38.68236" lon="-0.10733000000000001">
    <ele>296.22</ele>
   </trkpt>
   <trkpt lat="38.68242" lon="-0.10716">
    <ele>296.97</ele>
   </trkpt>
   <trkpt lat="38.68253" lon="-0.10708000000000001">
    <ele>297.59000000000003</ele>
   </trkpt>
   <trkpt lat="38.68278" lon="-0.10701000000000001">
    <ele>298.91</ele>
   </trkpt>
   <trkpt lat="38.68283" lon="-0.10695">
    <ele>301.6</ele>
   </trkpt>
   <trkpt lat="38.68287" lon="-0.10688">
    <ele>301.6</ele>
   </trkpt>
   <trkpt lat="38.68289" lon="-0.10673">
    <ele>301.6</ele>
   </trkpt>
   <trkpt lat="38.682880000000004" lon="-0.10633000000000001">
    <ele>304.49</ele>
   </trkpt>
   <trkpt lat="38.682930000000006" lon="-0.1062">
    <ele>305.12</ele>
   </trkpt>
   <trkpt lat="38.683130000000006" lon="-0.10594">
    <ele>306.98</ele>
   </trkpt>
   <trkpt lat="38.68325" lon="-0.10573">
    <ele>308.38000000000005</ele>
   </trkpt>
   <trkpt lat="38.68329000000001" lon="-0.10562">
    <ele>309.59000000000003</ele>
   </trkpt>
   <trkpt lat="38.6833" lon="-0.10548">
    <ele>309.59000000000003</ele>
   </trkpt>
   <trkpt lat="38.683110000000006" lon="-0.10504000000000001">
    <ele>311.8</ele>
   </trkpt>
   <trkpt lat="38.683110000000006" lon="-0.10494">
    <ele>311.92</ele>
   </trkpt>
   <trkpt lat="38.68316" lon="-0.10479000000000001">
    <ele>311.70000000000005</ele>
   </trkpt>
   <trkpt lat="38.68345" lon="-0.10444">
    <ele>309.88000000000005</ele>
   </trkpt>
   <trkpt lat="38.6835" lon="-0.10436000000000001">
    <ele>309.58000000000004</ele>
   </trkpt>
   <trkpt lat="38.68352" lon="-0.10426">
    <ele>309.45</ele>
   </trkpt>
   <trkpt lat="38.68352" lon="-0.10418000000000001">
    <ele>309.24</ele>
   </trkpt>
   <trkpt lat="38.68336" lon="-0.10383">
    <ele>308.69</ele>
   </trkpt>
   <trkpt lat="38.6833" lon="-0.10358">
    <ele>308.07</ele>
   </trkpt>
   <trkpt lat="38.683310000000006" lon="-0.10347">
    <ele>307.57</ele>
   </trkpt>
   <trkpt lat="38.683370000000004" lon="-0.10333">
    <ele>306.09000000000003</ele>
   </trkpt>
   <trkpt lat="38.68372" lon="-0.10272">
    <ele>305.86</ele>
   </trkpt>
   <trkpt lat="38.68401" lon="-0.1024">
    <ele>309.75</ele>
   </trkpt>
   <trkpt lat="38.68408" lon="-0.10226">
    <ele>312.18</ele>
   </trkpt>
   <trkpt lat="38.68413" lon="-0.10211">
    <ele>313.85</ele>
   </trkpt>
   <trkpt lat="38.68423000000001" lon="-0.10136">
    <ele>320.43000000000006</ele>
   </trkpt>
   <trkpt lat="38.68423000000001" lon="-0.10126">
    <ele>321.43000000000006</ele>
   </trkpt>
   <trkpt lat="38.684200000000004" lon="-0.10121000000000001">
    <ele>321.88</ele>
   </trkpt>
   <trkpt lat="38.68415" lon="-0.10118">
    <ele>322.28000000000003</ele>
   </trkpt>
   <trkpt lat="38.684090000000005" lon="-0.10118">
    <ele>322.63</ele>
   </trkpt>
   <trkpt lat="38.68397" lon="-0.10126">
    <ele>323.17</ele>
   </trkpt>
   <trkpt lat="38.683910000000004" lon="-0.10136">
    <ele>323.81000000000006</ele>
   </trkpt>
   <trkpt lat="38.68365" lon="-0.10187">
    <ele>330.26000000000005</ele>
   </trkpt>
   <trkpt lat="38.683580000000006" lon="-0.1019">
    <ele>330.26000000000005</ele>
   </trkpt>
   <trkpt lat="38.6835" lon="-0.10189000000000001">
    <ele>331.44</ele>
   </trkpt>
   <trkpt lat="38.683440000000004" lon="-0.10182000000000001">
    <ele>331.98</ele>
   </trkpt>
   <trkpt lat="38.68341" lon="-0.10175000000000001">
    <ele>332.90000000000003</ele>
   </trkpt>
   <trkpt lat="38.68341" lon="-0.10161">
    <ele>333.59000000000003</ele>
   </trkpt>
   <trkpt lat="38.683490000000006" lon="-0.10137">
    <ele>335.03000000000003</ele>
   </trkpt>
   <trkpt lat="38.683710000000005" lon="-0.10093">
    <ele>337.13000000000005</ele>
   </trkpt>
   <trkpt lat="38.683840000000004" lon="-0.10075">
    <ele>338.73</ele>
   </trkpt>
   <trkpt lat="38.68417" lon="-0.10039000000000001">
    <ele>342.31</ele>
   </trkpt>
   <trkpt lat="38.684540000000005" lon="-0.09977000000000001">
    <ele>347.53</ele>
   </trkpt>
   <trkpt lat="38.684540000000005" lon="-0.09975">
    <ele>347.48</ele>
   </trkpt>
   <trkpt lat="38.684870000000004" lon="-0.09921">
    <ele>353.78000000000003</ele>
   </trkpt>
   <trkpt lat="38.684940000000005" lon="-0.09915">
    <ele>353.78000000000003</ele>
   </trkpt>
   <trkpt lat="38.68502" lon="-0.09917000000000001">
    <ele>353.78000000000003</ele>
   </trkpt>
   <trkpt lat="38.6852" lon="-0.09936">
    <ele>355.93</ele>
   </trkpt>
   <trkpt lat="38.68533" lon="-0.09943">
    <ele>356.68000000000006</ele>
   </trkpt>
   <trkpt lat="38.68542" lon="-0.09942000000000001">
    <ele>357.53000000000003</ele>
   </trkpt>
   <trkpt lat="38.685460000000006" lon="-0.09936">
    <ele>357.53000000000003</ele>
   </trkpt>
   <trkpt lat="38.685460000000006" lon="-0.09928000000000001">
    <ele>359.39000000000004</ele>
   </trkpt>
   <trkpt lat="38.6854" lon="-0.09924000000000001">
    <ele>359.39000000000004</ele>
   </trkpt>
   <trkpt lat="38.68526000000001" lon="-0.09924000000000001">
    <ele>362.06000000000006</ele>
   </trkpt>
   <trkpt lat="38.685210000000005" lon="-0.09921">
    <ele>362.06000000000006</ele>
   </trkpt>
   <trkpt lat="38.68518" lon="-0.09917000000000001">
    <ele>362.06000000000006</ele>
   </trkpt>
   <trkpt lat="38.685190000000006" lon="-0.09908">
    <ele>362.48</ele>
   </trkpt>
   <trkpt lat="38.68525" lon="-0.09907">
    <ele>363.25</ele>
   </trkpt>
   <trkpt lat="38.68553" lon="-0.09910000000000001">
    <ele>365.68</ele>
   </trkpt>
   <trkpt lat="38.685700000000004" lon="-0.09915">
    <ele>365.68</ele>
   </trkpt>
   <trkpt lat="38.686110000000006" lon="-0.09914">
    <ele>369.53000000000003</ele>
   </trkpt>
   <trkpt lat="38.686350000000004" lon="-0.09896">
    <ele>371.49</ele>
   </trkpt>
   <trkpt lat="38.68659" lon="-0.09860000000000001">
    <ele>372.84</ele>
   </trkpt>
   <trkpt lat="38.686800000000005" lon="-0.0981">
    <ele>378.16</ele>
   </trkpt>
   <trkpt lat="38.686955002089206" lon="-0.09740000150342416">
    <ele>381.98</ele>
   </trkpt>
   <trkpt lat="38.687110000000004" lon="-0.09670000000000001">
    <ele>385.12</ele>
   </trkpt>
   <trkpt lat="38.68714000000001" lon="-0.09589">
    <ele>390.70000000000005</ele>
   </trkpt>
   <trkpt lat="38.68712" lon="-0.09563">
    <ele>391.90000000000003</ele>
   </trkpt>
   <trkpt lat="38.68704" lon="-0.09524">
    <ele>395.21</ele>
   </trkpt>
   <trkpt lat="38.6869" lon="-0.09416000000000001">
    <ele>402.9800000000001</ele>
   </trkpt>
   <trkpt lat="38.68680000184443" lon="-0.09349999900981922">
    <ele>408.23</ele>
   </trkpt>
   <trkpt lat="38.6867" lon="-0.09284">
    <ele>410.76</ele>
   </trkpt>
   <trkpt lat="38.686730000000004" lon="-0.09273">
    <ele>411.63000000000005</ele>
   </trkpt>
   <trkpt lat="38.68685" lon="-0.09262000000000001">
    <ele>412.56</ele>
   </trkpt>
   <trkpt lat="38.686960000000006" lon="-0.09262000000000001">
    <ele>412.56</ele>
   </trkpt>
   <trkpt lat="38.6871" lon="-0.09271">
    <ele>413.47</ele>
   </trkpt>
   <trkpt lat="38.68723000000001" lon="-0.09291">
    <ele>414.7</ele>
   </trkpt>
   <trkpt lat="38.68746" lon="-0.09334">
    <ele>417.35</ele>
   </trkpt>
   <trkpt lat="38.687580000000004" lon="-0.09345">
    <ele>418.90000000000003</ele>
   </trkpt>
   <trkpt lat="38.68773" lon="-0.09348000000000001">
    <ele>419.47</ele>
   </trkpt>
   <trkpt lat="38.68789" lon="-0.09348000000000001">
    <ele>420.2</ele>
   </trkpt>
   <trkpt lat="38.688300000000005" lon="-0.09330000000000001">
    <ele>422.35</ele>
   </trkpt>
   <trkpt lat="38.68851" lon="-0.09327">
    <ele>423.68000000000006</ele>
   </trkpt>
   <trkpt lat="38.68896" lon="-0.09328">
    <ele>426.78000000000003</ele>
   </trkpt>
   <trkpt lat="38.68907" lon="-0.09323000000000001">
    <ele>428.05</ele>
   </trkpt>
   <trkpt lat="38.689370000000004" lon="-0.09298000000000001">
    <ele>431.92</ele>
   </trkpt>
   <trkpt lat="38.68945" lon="-0.09295">
    <ele>432.68</ele>
   </trkpt>
   <trkpt lat="38.68952" lon="-0.09302">
    <ele>433.34000000000003</ele>
   </trkpt>
   <trkpt lat="38.68959" lon="-0.09319000000000001">
    <ele>433.64000000000004</ele>
   </trkpt>
   <trkpt lat="38.689690000000006" lon="-0.09330000000000001">
    <ele>434.98</ele>
   </trkpt>
   <trkpt lat="38.68999" lon="-0.09345">
    <ele>437.54</ele>
   </trkpt>
   <trkpt lat="38.69061000000001" lon="-0.09413">
    <ele>443.44000000000005</ele>
   </trkpt>
   <trkpt lat="38.690690000000004" lon="-0.09416000000000001">
    <ele>445.48</ele>
   </trkpt>
   <trkpt lat="38.690760000000004" lon="-0.09416000000000001">
    <ele>445.95</ele>
   </trkpt>
   <trkpt lat="38.6908" lon="-0.09409000000000001">
    <ele>446.71000000000004</ele>
   </trkpt>
   <trkpt lat="38.69079" lon="-0.09398000000000001">
    <ele>447.19</ele>
   </trkpt>
   <trkpt lat="38.690720000000006" lon="-0.09384">
    <ele>447.8</ele>
   </trkpt>
   <trkpt lat="38.69057" lon="-0.09364">
    <ele>448.44000000000005</ele>
   </trkpt>
   <trkpt lat="38.69026" lon="-0.09338">
    <ele>452.15000000000003</ele>
   </trkpt>
   <trkpt lat="38.69015" lon="-0.09327">
    <ele>452.91</ele>
   </trkpt>
   <trkpt lat="38.69014000000001" lon="-0.09306">
    <ele>453.93000000000006</ele>
   </trkpt>
   <trkpt lat="38.690340000000006" lon="-0.0926">
    <ele>456.08000000000004</ele>
   </trkpt>
   <trkpt lat="38.690360000000005" lon="-0.09224">
    <ele>458.77</ele>
   </trkpt>
   <trkpt lat="38.69028" lon="-0.09216">
    <ele>459.17</ele>
   </trkpt>
   <trkpt lat="38.689790000155405" lon="-0.09186999789382316">
    <ele>460.25000000000006</ele>
   </trkpt>
   <trkpt lat="38.6893" lon="-0.09158000000000001">
    <ele>462.84000000000003</ele>
   </trkpt>
   <trkpt lat="38.688880000000005" lon="-0.09116">
    <ele>467.75000000000006</ele>
   </trkpt>
   <trkpt lat="38.68846500135528" lon="-0.09058499659205452">
    <ele>471.4200000000001</ele>
   </trkpt>
   <trkpt lat="38.688050000000004" lon="-0.09001">
    <ele>475.33000000000004</ele>
   </trkpt>
   <trkpt lat="38.68791" lon="-0.08961000000000001">
    <ele>477.4200000000001</ele>
   </trkpt>
   <trkpt lat="38.68789" lon="-0.08947000000000001">
    <ele>479.01000000000005</ele>
   </trkpt>
   <trkpt lat="38.687900000000006" lon="-0.08936000000000001">
    <ele>479.75000000000006</ele>
   </trkpt>
   <trkpt lat="38.688" lon="-0.08929000000000001">
    <ele>480.67</ele>
   </trkpt>
   <trkpt lat="38.68838" lon="-0.08926">
    <ele>483.26</ele>
   </trkpt>
   <trkpt lat="38.688480000000006" lon="-0.0893">
    <ele>483.78000000000003</ele>
   </trkpt>
   <trkpt lat="38.688590000000005" lon="-0.08969">
    <ele>484.77000000000004</ele>
   </trkpt>
   <trkpt lat="38.688680000000005" lon="-0.08977">
    <ele>486.1</ele>
   </trkpt>
   <trkpt lat="38.68912" lon="-0.09012">
    <ele>487.21000000000004</ele>
   </trkpt>
   <trkpt lat="38.689350000000005" lon="-0.09019">
    <ele>487.99</ele>
   </trkpt>
   <trkpt lat="38.689890000066974" lon="-0.090299999172872">
    <ele>490.66</ele>
   </trkpt>
   <trkpt lat="38.690430000000006" lon="-0.09041">
    <ele>493.78000000000003</ele>
   </trkpt>
   <trkpt lat="38.69102" lon="-0.09072000000000001">
    <ele>496.57000000000005</ele>
   </trkpt>
   <trkpt lat="38.691410000000005" lon="-0.09119000000000001">
    <ele>498.24</ele>
   </trkpt>
   <trkpt lat="38.69147" lon="-0.09133000000000001">
    <ele>498.24</ele>
   </trkpt>
   <trkpt lat="38.69154" lon="-0.09213">
    <ele>500.88</ele>
   </trkpt>
   <trkpt lat="38.6916" lon="-0.09259">
    <ele>503.84000000000003</ele>
   </trkpt>
   <trkpt lat="38.69167" lon="-0.09287000000000001">
    <ele>504.76</ele>
   </trkpt>
   <trkpt lat="38.69194" lon="-0.09364">
    <ele>507.51</ele>
   </trkpt>
   <trkpt lat="38.69201" lon="-0.09391000000000001">
    <ele>509.50000000000006</ele>
   </trkpt>
   <trkpt lat="38.69209" lon="-0.0941">
    <ele>510.53999999999996</ele>
   </trkpt>
   <trkpt lat="38.692130000000006" lon="-0.09416000000000001">
    <ele>510.53999999999996</ele>
   </trkpt>
   <trkpt lat="38.692220000000006" lon="-0.09421">
    <ele>510.53999999999996</ele>
   </trkpt>
   <trkpt lat="38.692330000000005" lon="-0.09423000000000001">
    <ele>512.14</ele>
   </trkpt>
   <trkpt lat="38.69239" lon="-0.09422000000000001">
    <ele>512.14</ele>
   </trkpt>
   <trkpt lat="38.69295499992695" lon="-0.09417500036192726">
    <ele>514.98</ele>
   </trkpt>
   <trkpt lat="38.69352000000001" lon="-0.09413">
    <ele>518.0</ele>
   </trkpt>
   <trkpt lat="38.693580000000004" lon="-0.09413">
    <ele>518.0</ele>
   </trkpt>
   <trkpt lat="38.69364" lon="-0.09417">
    <ele>518.0</ele>
   </trkpt>
   <trkpt lat="38.6937" lon="-0.09424">
    <ele>518.96</ele>
   </trkpt>
   <trkpt lat="38.69402" lon="-0.09481">
    <ele>521.32</ele>
   </trkpt>
   <trkpt lat="38.69404" lon="-0.095">
    <ele>521.82</ele>
   </trkpt>
   <trkpt lat="38.69402" lon="-0.09534000000000001">
    <ele>523.93</ele>
   </trkpt>
   <trkpt lat="38.694030000000005" lon="-0.09549">
    <ele>524.4000000000001</ele>
   </trkpt>
   <trkpt lat="38.694050000000004" lon="-0.09563">
    <ele>524.83</ele>
   </trkpt>
   <trkpt lat="38.694120000000005" lon="-0.09584000000000001">
    <ele>525.5500000000001</ele>
   </trkpt>
   <trkpt lat="38.69429" lon="-0.096">
    <ele>526.6800000000001</ele>
   </trkpt>
   <trkpt lat="38.694430000000004" lon="-0.09606">
    <ele>526.6800000000001</ele>
   </trkpt>
   <trkpt lat="38.694610000000004" lon="-0.09617">
    <ele>527.3100000000001</ele>
   </trkpt>
   <trkpt lat="38.69494" lon="-0.09645000000000001">
    <ele>528.84</ele>
   </trkpt>
   <trkpt lat="38.69534" lon="-0.09696">
    <ele>530.81</ele>
   </trkpt>
   <trkpt lat="38.695800000000006" lon="-0.09767">
    <ele>535.5600000000001</ele>
   </trkpt>
   <trkpt lat="38.69617500091162" lon="-0.09811499774813388">
    <ele>539.3800000000001</ele>
   </trkpt>
   <trkpt lat="38.69655" lon="-0.09856000000000001">
    <ele>541.66</ele>
   </trkpt>
   <trkpt lat="38.69668" lon="-0.09884000000000001">
    <ele>543.3800000000001</ele>
   </trkpt>
   <trkpt lat="38.696740000000005" lon="-0.09898000000000001">
    <ele>544.1600000000001</ele>
   </trkpt>
   <trkpt lat="38.697" lon="-0.09999000000000001">
    <ele>550.09</ele>
   </trkpt>
   <trkpt lat="38.697010000000006" lon="-0.10017000000000001">
    <ele>550.09</ele>
   </trkpt>
   <trkpt lat="38.696960000000004" lon="-0.10057">
    <ele>552.5</ele>
   </trkpt>
   <trkpt lat="38.69688" lon="-0.10085000000000001">
    <ele>553.5600000000001</ele>
   </trkpt>
   <trkpt lat="38.69671" lon="-0.10126">
    <ele>555.06</ele>
   </trkpt>
   <trkpt lat="38.696635002289206" lon="-0.10199500087991026">
    <ele>559.5</ele>
   </trkpt>
   <trkpt lat="38.696560000000005" lon="-0.10273">
    <ele>563.89</ele>
   </trkpt>
   <trkpt lat="38.69653" lon="-0.1029">
    <ele>563.89</ele>
   </trkpt>
   <trkpt lat="38.696470000000005" lon="-0.10301">
    <ele>564.85</ele>
   </trkpt>
   <trkpt lat="38.69642" lon="-0.10305">
    <ele>564.85</ele>
   </trkpt>
   <trkpt lat="38.69633" lon="-0.10307000000000001">
    <ele>566.3000000000001</ele>
   </trkpt>
   <trkpt lat="38.69617" lon="-0.10305">
    <ele>566.3000000000001</ele>
   </trkpt>
   <trkpt lat="38.696070000000006" lon="-0.10311000000000001">
    <ele>568.25</ele>
   </trkpt>
   <trkpt lat="38.69595" lon="-0.10325000000000001">
    <ele>568.25</ele>
   </trkpt>
   <trkpt lat="38.695730000000005" lon="-0.10361000000000001">
    <ele>571.98</ele>
   </trkpt>
   <trkpt lat="38.69572" lon="-0.10379000000000001">
    <ele>572.65</ele>
   </trkpt>
   <trkpt lat="38.69585" lon="-0.10401">
    <ele>573.77</ele>
   </trkpt>
   <trkpt lat="38.69596000000001" lon="-0.10411000000000001">
    <ele>575.46</ele>
   </trkpt>
   <trkpt lat="38.69603" lon="-0.10415">
    <ele>575.46</ele>
   </trkpt>
   <trkpt lat="38.696810000000006" lon="-0.10443000000000001">
    <ele>580.28</ele>
   </trkpt>
   <trkpt lat="38.69689" lon="-0.1044">
    <ele>580.84</ele>
   </trkpt>
   <trkpt lat="38.697070000000004" lon="-0.10422000000000001">
    <ele>582.37</ele>
   </trkpt>
   <trkpt lat="38.697410000000005" lon="-0.10379000000000001">
    <ele>583.49</ele>
   </trkpt>
   <trkpt lat="38.69751" lon="-0.10355">
    <ele>585.6600000000001</ele>
   </trkpt>
   <trkpt lat="38.69755" lon="-0.10329">
    <ele>586.96</ele>
   </trkpt>
   <trkpt lat="38.697590000000005" lon="-0.10275000000000001">
    <ele>588.49</ele>
   </trkpt>
   <trkpt lat="38.69764" lon="-0.10258">
    <ele>589.01</ele>
   </trkpt>
   <trkpt lat="38.69783" lon="-0.10237">
    <ele>590.49</ele>
   </trkpt>
   <trkpt lat="38.698150000000005" lon="-0.10214000000000001">
    <ele>593.69</ele>
   </trkpt>
   <trkpt lat="38.698280000000004" lon="-0.10209000000000001">
    <ele>593.62</ele>
   </trkpt>
   <trkpt lat="38.698440000000005" lon="-0.10208">
    <ele>593.4</ele>
   </trkpt>
   <trkpt lat="38.698660000000004" lon="-0.10218">
    <ele>592.49</ele>
   </trkpt>
   <trkpt lat="38.69879" lon="-0.10231000000000001">
    <ele>591.96</ele>
   </trkpt>
   <trkpt lat="38.69917" lon="-0.10282000000000001">
    <ele>589.9000000000001</ele>
   </trkpt>
   <trkpt lat="38.699270000000006" lon="-0.10287">
    <ele>589.9000000000001</ele>
   </trkpt>
   <trkpt lat="38.6995" lon="-0.1029">
    <ele>589.0600000000001</ele>
   </trkpt>
   <trkpt lat="38.699630000000006" lon="-0.10294">
    <ele>588.37</ele>
   </trkpt>
   <trkpt lat="38.70015" lon="-0.10350000000000001">
    <ele>586.2900000000001</ele>
   </trkpt>
   <trkpt lat="38.700250000000004" lon="-0.10358">
    <ele>585.74</ele>
   </trkpt>
   <trkpt lat="38.70047" lon="-0.10365">
    <ele>584.8000000000001</ele>
   </trkpt>
   <trkpt lat="38.700660000000006" lon="-0.10383">
    <ele>583.5100000000001</ele>
   </trkpt>
   <trkpt lat="38.70092" lon="-0.10401">
    <ele>581.62</ele>
   </trkpt>
   <trkpt lat="38.700970000000005" lon="-0.10411000000000001">
    <ele>581.0200000000001</ele>
   </trkpt>
   <trkpt lat="38.701170000000005" lon="-0.10498">
    <ele>576.1800000000001</ele>
   </trkpt>
   <trkpt lat="38.701220000000006" lon="-0.10515000000000001">
    <ele>575.58</ele>
   </trkpt>
   <trkpt lat="38.70139" lon="-0.10547000000000001">
    <ele>572.28</ele>
   </trkpt>
   <trkpt lat="38.7015" lon="-0.1058">
    <ele>570.2400000000001</ele>
   </trkpt>
   <trkpt lat="38.701510000000006" lon="-0.10590000000000001">
    <ele>570.2400000000001</ele>
   </trkpt>
   <trkpt lat="38.701460000000004" lon="-0.10601000000000001">
    <ele>570.2400000000001</ele>
   </trkpt>
   <trkpt lat="38.70141" lon="-0.10605">
    <ele>570.2400000000001</ele>
   </trkpt>
   <trkpt lat="38.701240000000006" lon="-0.10612">
    <ele>570.2400000000001</ele>
   </trkpt>
   <trkpt lat="38.7012" lon="-0.10615000000000001">
    <ele>565.83</ele>
   </trkpt>
   <trkpt lat="38.701170000000005" lon="-0.10623">
    <ele>565.83</ele>
   </trkpt>
   <trkpt lat="38.701170000000005" lon="-0.10637">
    <ele>565.83</ele>
   </trkpt>
   <trkpt lat="38.70123" lon="-0.10645">
    <ele>565.83</ele>
   </trkpt>
   <trkpt lat="38.70136" lon="-0.10652">
    <ele>565.83</ele>
   </trkpt>
   <trkpt lat="38.70214" lon="-0.10663">
    <ele>559.97</ele>
   </trkpt>
   <trkpt lat="38.70272000000001" lon="-0.10677">
    <ele>554.7800000000001</ele>
   </trkpt>
   <trkpt lat="38.70284" lon="-0.10683000000000001">
    <ele>554.2</ele>
   </trkpt>
   <trkpt lat="38.703160000000004" lon="-0.10708000000000001">
    <ele>552.71</ele>
   </trkpt>
   <trkpt lat="38.703450000000004" lon="-0.10726000000000001">
    <ele>551.9300000000001</ele>
   </trkpt>
   <trkpt lat="38.704040000000006" lon="-0.10751000000000001">
    <ele>547.5000000000001</ele>
   </trkpt>
   <trkpt lat="38.704170000000005" lon="-0.10755">
    <ele>547.5000000000001</ele>
   </trkpt>
   <trkpt lat="38.70458" lon="-0.10745">
    <ele>544.4</ele>
   </trkpt>
   <trkpt lat="38.704660000000004" lon="-0.10745">
    <ele>544.4</ele>
   </trkpt>
   <trkpt lat="38.704730000000005" lon="-0.10748">
    <ele>541.8700000000001</ele>
   </trkpt>
   <trkpt lat="38.70523" lon="-0.10787000000000001">
    <ele>539.6899999999999</ele>
   </trkpt>
   <trkpt lat="38.705630000000006" lon="-0.10824">
    <ele>535.6500000000001</ele>
   </trkpt>
   <trkpt lat="38.705740000000006" lon="-0.10830000000000001">
    <ele>535.6500000000001</ele>
   </trkpt>
   <trkpt lat="38.705850000000005" lon="-0.10834">
    <ele>533.88</ele>
   </trkpt>
   <trkpt lat="38.706070000000004" lon="-0.10826000000000001">
    <ele>532.0500000000001</ele>
   </trkpt>
   <trkpt lat="38.706140000000005" lon="-0.10819000000000001">
    <ele>532.0500000000001</ele>
   </trkpt>
   <trkpt lat="38.706230000000005" lon="-0.10801000000000001">
    <ele>530.75</ele>
   </trkpt>
   <trkpt lat="38.7064" lon="-0.10784">
    <ele>528.94</ele>
   </trkpt>
   <trkpt lat="38.70647" lon="-0.10766">
    <ele>528.3800000000001</ele>
   </trkpt>
   <trkpt lat="38.706480000000006" lon="-0.10749">
    <ele>527.44</ele>
   </trkpt>
   <trkpt lat="38.70642" lon="-0.10724">
    <ele>525.7900000000001</ele>
   </trkpt>
   <trkpt lat="38.706410000000005" lon="-0.10709">
    <ele>525.15</ele>
   </trkpt>
   <trkpt lat="38.706500000000005" lon="-0.10662">
    <ele>521.88</ele>
   </trkpt>
   <trkpt lat="38.706570000000006" lon="-0.10579000000000001">
    <ele>518.85</ele>
   </trkpt>
   <trkpt lat="38.7066" lon="-0.10562">
    <ele>517.12</ele>
   </trkpt>
   <trkpt lat="38.70664" lon="-0.10548">
    <ele>515.6800000000001</ele>
   </trkpt>
   <trkpt lat="38.70687" lon="-0.10502">
    <ele>513.37</ele>
   </trkpt>
   <trkpt lat="38.707010000000004" lon="-0.10483">
    <ele>509.6700000000001</ele>
   </trkpt>
   <trkpt lat="38.70723" lon="-0.10462">
    <ele>508.49</ele>
   </trkpt>
   <trkpt lat="38.70729" lon="-0.10452">
    <ele>507.51</ele>
   </trkpt>
   <trkpt lat="38.70731" lon="-0.10438000000000001">
    <ele>506.99000000000007</ele>
   </trkpt>
   <trkpt lat="38.70734" lon="-0.10401">
    <ele>505.99000000000007</ele>
   </trkpt>
   <trkpt lat="38.707330000000006" lon="-0.10368000000000001">
    <ele>506.18000000000006</ele>
   </trkpt>
   <trkpt lat="38.707280000000004" lon="-0.10337">
    <ele>506.8</ele>
   </trkpt>
   <trkpt lat="38.70712" lon="-0.10301">
    <ele>509.21999999999997</ele>
   </trkpt>
   <trkpt lat="38.70705" lon="-0.10276">
    <ele>509.81000000000006</ele>
   </trkpt>
   <trkpt lat="38.70703" lon="-0.10237">
    <ele>510.57000000000005</ele>
   </trkpt>
   <trkpt lat="38.70698" lon="-0.10197">
    <ele>511.21000000000004</ele>
   </trkpt>
   <trkpt lat="38.707" lon="-0.10186">
    <ele>511.33000000000004</ele>
   </trkpt>
   <trkpt lat="38.707060000000006" lon="-0.10175000000000001">
    <ele>511.41</ele>
   </trkpt>
   <trkpt lat="38.707370000000004" lon="-0.10161">
    <ele>511.78000000000003</ele>
   </trkpt>
   <trkpt lat="38.707460000000005" lon="-0.10154">
    <ele>512.39</ele>
   </trkpt>
   <trkpt lat="38.7077" lon="-0.10111">
    <ele>513.5600000000001</ele>
   </trkpt>
   <trkpt lat="38.707730000000005" lon="-0.10097">
    <ele>513.5600000000001</ele>
   </trkpt>
   <trkpt lat="38.707750000000004" lon="-0.10069">
    <ele>514.57</ele>
   </trkpt>
   <trkpt lat="38.707800000000006" lon="-0.10057">
    <ele>514.97</ele>
   </trkpt>
   <trkpt lat="38.70803" lon="-0.10043">
    <ele>515.2500000000001</ele>
   </trkpt>
   <trkpt lat="38.708130000000004" lon="-0.10032">
    <ele>515.69</ele>
   </trkpt>
   <trkpt lat="38.708360000000006" lon="-0.09996000000000001">
    <ele>516.4000000000001</ele>
   </trkpt>
   <trkpt lat="38.70844" lon="-0.09989">
    <ele>516.4000000000001</ele>
   </trkpt>
   <trkpt lat="38.708650000000006" lon="-0.09979">
    <ele>516.99</ele>
   </trkpt>
   <trkpt lat="38.708920000000006" lon="-0.09958">
    <ele>517.84</ele>
   </trkpt>
   <trkpt lat="38.709010000000006" lon="-0.09942000000000001">
    <ele>518.5500000000001</ele>
   </trkpt>
   <trkpt lat="38.709120000000006" lon="-0.09903">
    <ele>519.5200000000001</ele>
   </trkpt>
   <trkpt lat="38.70918" lon="-0.09889">
    <ele>520.94</ele>
   </trkpt>
   <trkpt lat="38.70931" lon="-0.09881000000000001">
    <ele>521.59</ele>
   </trkpt>
   <trkpt lat="38.709700000000005" lon="-0.09878">
    <ele>522.93</ele>
   </trkpt>
   <trkpt lat="38.70982" lon="-0.09874000000000001">
    <ele>523.7900000000001</ele>
   </trkpt>
   <trkpt lat="38.709900000000005" lon="-0.09871">
    <ele>523.7900000000001</ele>
   </trkpt>
   <trkpt lat="38.709970000000006" lon="-0.09860000000000001">
    <ele>524.19</ele>
   </trkpt>
   <trkpt lat="38.71009" lon="-0.09821">
    <ele>525.6800000000001</ele>
   </trkpt>
   <trkpt lat="38.710100000000004" lon="-0.09796">
    <ele>526.47</ele>
   </trkpt>
   <trkpt lat="38.71003" lon="-0.0976">
    <ele>527.75</ele>
   </trkpt>
   <trkpt lat="38.70982" lon="-0.09686">
    <ele>532.0500000000001</ele>
   </trkpt>
   <trkpt lat="38.70969" lon="-0.09656">
    <ele>533.81</ele>
   </trkpt>
   <trkpt lat="38.70969" lon="-0.09634000000000001">
    <ele>534.81</ele>
   </trkpt>
   <trkpt lat="38.70984" lon="-0.09618">
    <ele>535.45</ele>
   </trkpt>
   <trkpt lat="38.71002" lon="-0.09618">
    <ele>535.83</ele>
   </trkpt>
   <trkpt lat="38.710300000000004" lon="-0.09634000000000001">
    <ele>536.72</ele>
   </trkpt>
   <trkpt lat="38.7107" lon="-0.09645000000000001">
    <ele>539.97</ele>
   </trkpt>
   <trkpt lat="38.71079" lon="-0.09652000000000001">
    <ele>539.97</ele>
   </trkpt>
   <trkpt lat="38.710930000000005" lon="-0.09674">
    <ele>542.0200000000001</ele>
   </trkpt>
   <trkpt lat="38.711040000000004" lon="-0.09731000000000001">
    <ele>544.96</ele>
   </trkpt>
   <trkpt lat="38.711330000000004" lon="-0.09806000000000001">
    <ele>547.18</ele>
   </trkpt>
   <trkpt lat="38.71152" lon="-0.09825">
    <ele>547.6800000000001</ele>
   </trkpt>
   <trkpt lat="38.71161" lon="-0.09828">
    <ele>548.0500000000001</ele>
   </trkpt>
   <trkpt lat="38.71168" lon="-0.09828">
    <ele>548.0500000000001</ele>
   </trkpt>
   <trkpt lat="38.711780000000005" lon="-0.09824000000000001">
    <ele>549.7200000000001</ele>
   </trkpt>
   <trkpt lat="38.71186" lon="-0.09818">
    <ele>549.7200000000001</ele>
   </trkpt>
   <trkpt lat="38.712120000000006" lon="-0.09770000000000001">
    <ele>551.1100000000001</ele>
   </trkpt>
   <trkpt lat="38.712160000000004" lon="-0.09753">
    <ele>551.1100000000001</ele>
   </trkpt>
   <trkpt lat="38.712270000000004" lon="-0.09721">
    <ele>551.91</ele>
   </trkpt>
   <trkpt lat="38.71258" lon="-0.09668">
    <ele>553.47</ele>
   </trkpt>
   <trkpt lat="38.71262" lon="-0.09656">
    <ele>553.5500000000001</ele>
   </trkpt>
   <trkpt lat="38.712610000000005" lon="-0.09645000000000001">
    <ele>553.67</ele>
   </trkpt>
   <trkpt lat="38.71256" lon="-0.09634000000000001">
    <ele>553.67</ele>
   </trkpt>
   <trkpt lat="38.71247" lon="-0.09627000000000001">
    <ele>553.9200000000001</ele>
   </trkpt>
   <trkpt lat="38.71222" lon="-0.09614">
    <ele>554.25</ele>
   </trkpt>
   <trkpt lat="38.71211" lon="-0.09599">
    <ele>554.67</ele>
   </trkpt>
   <trkpt lat="38.712070000000004" lon="-0.09581">
    <ele>555.3</ele>
   </trkpt>
   <trkpt lat="38.712" lon="-0.09487000000000001">
    <ele>556.5100000000001</ele>
   </trkpt>
   <trkpt lat="38.71188" lon="-0.09434000000000001">
    <ele>557.67</ele>
   </trkpt>
   <trkpt lat="38.711890000000004" lon="-0.09413">
    <ele>558.74</ele>
   </trkpt>
   <trkpt lat="38.711940000000006" lon="-0.09399">
    <ele>559.4100000000001</ele>
   </trkpt>
   <trkpt lat="38.71204" lon="-0.09384">
    <ele>559.64</ele>
   </trkpt>
   <trkpt lat="38.71226" lon="-0.09355000000000001">
    <ele>560.27</ele>
   </trkpt>
   <trkpt lat="38.712300000000006" lon="-0.09345">
    <ele>560.6300000000001</ele>
   </trkpt>
   <trkpt lat="38.712320000000005" lon="-0.09328">
    <ele>561.03</ele>
   </trkpt>
   <trkpt lat="38.71233" lon="-0.09273">
    <ele>561.4800000000001</ele>
   </trkpt>
   <trkpt lat="38.7122" lon="-0.09223">
    <ele>562.57</ele>
   </trkpt>
   <trkpt lat="38.71199" lon="-0.09169000000000001">
    <ele>562.8000000000001</ele>
   </trkpt>
   <trkpt lat="38.71184" lon="-0.09141">
    <ele>560.9200000000001</ele>
   </trkpt>
   <trkpt lat="38.71163000000001" lon="-0.09108000000000001">
    <ele>560.9200000000001</ele>
   </trkpt>
   <trkpt lat="38.71161" lon="-0.09094000000000001">
    <ele>558.28</ele>
   </trkpt>
   <trkpt lat="38.71168" lon="-0.09075000000000001">
    <ele>558.28</ele>
   </trkpt>
   <trkpt lat="38.712050000000005" lon="-0.09013">
    <ele>554.72</ele>
   </trkpt>
   <trkpt lat="38.71222" lon="-0.08994">
    <ele>554.01</ele>
   </trkpt>
   <trkpt lat="38.71244" lon="-0.08977">
    <ele>553.5300000000001</ele>
   </trkpt>
   <trkpt lat="38.712480000000006" lon="-0.08969">
    <ele>553.0400000000001</ele>
   </trkpt>
   <trkpt lat="38.712500000000006" lon="-0.08961000000000001">
    <ele>553.0400000000001</ele>
   </trkpt>
   <trkpt lat="38.712500000000006" lon="-0.08951">
    <ele>552.8100000000001</ele>
   </trkpt>
   <trkpt lat="38.712450000000004" lon="-0.08929000000000001">
    <ele>552.8100000000001</ele>
   </trkpt>
   <trkpt lat="38.712430000000005" lon="-0.08908">
    <ele>551.7</ele>
   </trkpt>
   <trkpt lat="38.712450000000004" lon="-0.08893000000000001">
    <ele>551.2</ele>
   </trkpt>
   <trkpt lat="38.71267" lon="-0.08854000000000001">
    <ele>549.69</ele>
   </trkpt>
   <trkpt lat="38.712880000000006" lon="-0.08786000000000001">
    <ele>547.48</ele>
   </trkpt>
   <trkpt lat="38.712950000000006" lon="-0.08757000000000001">
    <ele>546.4499999999999</ele>
   </trkpt>
   <trkpt lat="38.71304000000001" lon="-0.08689000000000001">
    <ele>541.9000000000001</ele>
   </trkpt>
   <trkpt lat="38.713100000000004" lon="-0.08668000000000001">
    <ele>541.2600000000001</ele>
   </trkpt>
   <trkpt lat="38.7132" lon="-0.08644">
    <ele>540.59</ele>
   </trkpt>
   <trkpt lat="38.71336" lon="-0.08625000000000001">
    <ele>538.54</ele>
   </trkpt>
   <trkpt lat="38.713660000000004" lon="-0.08612">
    <ele>535.71</ele>
   </trkpt>
   <trkpt lat="38.713860000000004" lon="-0.08607000000000001">
    <ele>533.63</ele>
   </trkpt>
   <trkpt lat="38.713910000000006" lon="-0.08603000000000001">
    <ele>533.63</ele>
   </trkpt>
   <trkpt lat="38.71397" lon="-0.08594">
    <ele>532.6899999999999</ele>
   </trkpt>
   <trkpt lat="38.71399" lon="-0.08587">
    <ele>532.6899999999999</ele>
   </trkpt>
   <trkpt lat="38.71399" lon="-0.08573">
    <ele>530.9200000000001</ele>
   </trkpt>
   <trkpt lat="38.713860000000004" lon="-0.08521000000000001">
    <ele>529.2600000000001</ele>
   </trkpt>
   <trkpt lat="38.713820000000005" lon="-0.08493">
    <ele>528.8900000000001</ele>
   </trkpt>
   <trkpt lat="38.71385" lon="-0.08428000000000001">
    <ele>528.0400000000001</ele>
   </trkpt>
   <trkpt lat="38.71378" lon="-0.08375">
    <ele>527.81</ele>
   </trkpt>
   <trkpt lat="38.713770000000004" lon="-0.08339">
    <ele>527.91</ele>
   </trkpt>
   <trkpt lat="38.713820000000005" lon="-0.08317000000000001">
    <ele>528.05</ele>
   </trkpt>
   <trkpt lat="38.71388" lon="-0.08303">
    <ele>528.25</ele>
   </trkpt>
   <trkpt lat="38.71394" lon="-0.08293">
    <ele>528.46</ele>
   </trkpt>
   <trkpt lat="38.71455" lon="-0.08249000000000001">
    <ele>530.2800000000001</ele>
   </trkpt>
   <trkpt lat="38.714710000000004" lon="-0.08217">
    <ele>530.61</ele>
   </trkpt>
   <trkpt lat="38.7149" lon="-0.08193">
    <ele>530.8000000000001</ele>
   </trkpt>
   <trkpt lat="38.71502" lon="-0.08175">
    <ele>531.02</ele>
   </trkpt>
   <trkpt lat="38.71524" lon="-0.08118">
    <ele>532.1400000000001</ele>
   </trkpt>
   <trkpt lat="38.71524" lon="-0.08104">
    <ele>532.1400000000001</ele>
   </trkpt>
   <trkpt lat="38.715210000000006" lon="-0.08096">
    <ele>532.1400000000001</ele>
   </trkpt>
   <trkpt lat="38.71473" lon="-0.08042">
    <ele>531.37</ele>
   </trkpt>
   <trkpt lat="38.714690000000004" lon="-0.08028">
    <ele>530.93</ele>
   </trkpt>
   <trkpt lat="38.714740000000006" lon="-0.0801">
    <ele>529.98</ele>
   </trkpt>
   <trkpt lat="38.714830000000006" lon="-0.08">
    <ele>529.48</ele>
   </trkpt>
   <trkpt lat="38.71493" lon="-0.07996">
    <ele>529.3</ele>
   </trkpt>
   <trkpt lat="38.715" lon="-0.07989">
    <ele>529.2600000000001</ele>
   </trkpt>
   <trkpt lat="38.715140000000005" lon="-0.07951000000000001">
    <ele>530.1600000000001</ele>
   </trkpt>
   <trkpt lat="38.715210000000006" lon="-0.07943">
    <ele>530.63</ele>
   </trkpt>
   <trkpt lat="38.715680000000006" lon="-0.07936">
    <ele>531.36</ele>
   </trkpt>
   <trkpt lat="38.715790000000005" lon="-0.07932">
    <ele>531.37</ele>
   </trkpt>
   <trkpt lat="38.71604000000001" lon="-0.0791">
    <ele>531.07</ele>
   </trkpt>
   <trkpt lat="38.716150000000006" lon="-0.07899">
    <ele>530.8000000000001</ele>
   </trkpt>
   <trkpt lat="38.7162" lon="-0.07889">
    <ele>530.5500000000001</ele>
   </trkpt>
   <trkpt lat="38.7165" lon="-0.07803">
    <ele>525.78</ele>
   </trkpt>
   <trkpt lat="38.716730000000005" lon="-0.0776">
    <ele>525.1300000000001</ele>
   </trkpt>
   <trkpt lat="38.716770000000004" lon="-0.07749">
    <ele>525.4300000000001</ele>
   </trkpt>
   <trkpt lat="38.716770000000004" lon="-0.07735">
    <ele>526.09</ele>
   </trkpt>
   <trkpt lat="38.71674" lon="-0.07724">
    <ele>526.09</ele>
   </trkpt>
   <trkpt lat="38.71654" lon="-0.07688">
    <ele>528.3800000000001</ele>
   </trkpt>
   <trkpt lat="38.716440000000006" lon="-0.07664">
    <ele>529.1800000000001</ele>
   </trkpt>
   <trkpt lat="38.716390000000004" lon="-0.07642">
    <ele>529.49</ele>
   </trkpt>
   <trkpt lat="38.71638" lon="-0.07624">
    <ele>529.66</ele>
   </trkpt>
   <trkpt lat="38.716390000000004" lon="-0.07613">
    <ele>529.7900000000001</ele>
   </trkpt>
   <trkpt lat="38.71647" lon="-0.07599">
    <ele>529.82</ele>
   </trkpt>
   <trkpt lat="38.716570000000004" lon="-0.07591">
    <ele>529.83</ele>
   </trkpt>
   <trkpt lat="38.716640000000005" lon="-0.07588">
    <ele>529.8900000000001</ele>
   </trkpt>
   <trkpt lat="38.716730000000005" lon="-0.07588">
    <ele>530.0</ele>
   </trkpt>
   <trkpt lat="38.716840000000005" lon="-0.07595">
    <ele>530.2300000000001</ele>
   </trkpt>
   <trkpt lat="38.71692" lon="-0.07595">
    <ele>530.2300000000001</ele>
   </trkpt>
   <trkpt lat="38.717020000000005" lon="-0.07592">
    <ele>530.6</ele>
   </trkpt>
   <trkpt lat="38.71708" lon="-0.07581">
    <ele>530.94</ele>
   </trkpt>
   <trkpt lat="38.717180000000006" lon="-0.07556">
    <ele>531.59</ele>
   </trkpt>
   <trkpt lat="38.71735" lon="-0.07538">
    <ele>532.21</ele>
   </trkpt>
   <trkpt lat="38.717380000000006" lon="-0.07533000000000001">
    <ele>532.21</ele>
   </trkpt>
   <trkpt lat="38.71741" lon="-0.07524">
    <ele>532.21</ele>
   </trkpt>
   <trkpt lat="38.71741" lon="-0.07502">
    <ele>533.2600000000001</ele>
   </trkpt>
   <trkpt lat="38.71757" lon="-0.07434">
    <ele>534.19</ele>
   </trkpt>
   <trkpt lat="38.71768" lon="-0.07398">
    <ele>536.47</ele>
   </trkpt>
   <trkpt lat="38.717830000000006" lon="-0.0737">
    <ele>537.45</ele>
   </trkpt>
   <trkpt lat="38.71786" lon="-0.07359">
    <ele>538.2600000000001</ele>
   </trkpt>
   <trkpt lat="38.717870000000005" lon="-0.0732">
    <ele>541.03</ele>
   </trkpt>
   <trkpt lat="38.71792000000001" lon="-0.07298">
    <ele>541.64</ele>
   </trkpt>
   <trkpt lat="38.718050000000005" lon="-0.07273">
    <ele>543.62</ele>
   </trkpt>
   <trkpt lat="38.718560000000004" lon="-0.07209">
    <ele>548.2</ele>
   </trkpt>
   <trkpt lat="38.718630000000005" lon="-0.07195">
    <ele>549.06</ele>
   </trkpt>
   <trkpt lat="38.718630000000005" lon="-0.07184">
    <ele>549.7500000000001</ele>
   </trkpt>
   <trkpt lat="38.718610000000005" lon="-0.07176">
    <ele>549.7500000000001</ele>
   </trkpt>
   <trkpt lat="38.71828" lon="-0.07098">
    <ele>553.59</ele>
   </trkpt>
   <trkpt lat="38.71828" lon="-0.07083">
    <ele>554.1600000000001</ele>
   </trkpt>
   <trkpt lat="38.718320000000006" lon="-0.07062">
    <ele>554.1600000000001</ele>
   </trkpt>
   <trkpt lat="38.718410000000006" lon="-0.0704">
    <ele>555.4100000000001</ele>
   </trkpt>
   <trkpt lat="38.718720000000005" lon="-0.06991">
    <ele>558.03</ele>
   </trkpt>
   <trkpt lat="38.718920000000004" lon="-0.06944">
    <ele>560.37</ele>
   </trkpt>
   <trkpt lat="38.71917000127458" lon="-0.06892000156319447">
    <ele>564.06</ele>
   </trkpt>
   <trkpt lat="38.71942000000001" lon="-0.0684">
    <ele>567.13</ele>
   </trkpt>
   <trkpt lat="38.719710000000006" lon="-0.06747">
    <ele>572.96</ele>
   </trkpt>
   <trkpt lat="38.719730000000006" lon="-0.06729">
    <ele>573.5300000000001</ele>
   </trkpt>
   <trkpt lat="38.71972" lon="-0.06654">
    <ele>576.58</ele>
   </trkpt>
   <trkpt lat="38.719820000000006" lon="-0.06619">
    <ele>578.72</ele>
   </trkpt>
   <trkpt lat="38.72041" lon="-0.06543">
    <ele>584.31</ele>
   </trkpt>
   <trkpt lat="38.7205" lon="-0.06533">
    <ele>584.31</ele>
   </trkpt>
   <trkpt lat="38.72081" lon="-0.06511">
    <ele>586.11</ele>
   </trkpt>
   <trkpt lat="38.721160000000005" lon="-0.06489">
    <ele>588.57</ele>
   </trkpt>
   <trkpt lat="38.72131" lon="-0.06482">
    <ele>590.34</ele>
   </trkpt>
   <trkpt lat="38.72157" lon="-0.06478">
    <ele>592.35</ele>
   </trkpt>
   <trkpt lat="38.72167" lon="-0.06471">
    <ele>592.35</ele>
   </trkpt>
   <trkpt lat="38.72176" lon="-0.06464">
    <ele>593.44</ele>
   </trkpt>
   <trkpt lat="38.72182" lon="-0.06453">
    <ele>593.44</ele>
   </trkpt>
   <trkpt lat="38.721990000000005" lon="-0.06403">
    <ele>596.1800000000001</ele>
   </trkpt>
   <trkpt lat="38.72213" lon="-0.06375">
    <ele>597.8800000000001</ele>
   </trkpt>
   <trkpt lat="38.7227" lon="-0.06307">
    <ele>605.77</ele>
   </trkpt>
   <trkpt lat="38.72285" lon="-0.06282">
    <ele>608.04</ele>
   </trkpt>
   <trkpt lat="38.72314" lon="-0.06217">
    <ele>613.12</ele>
   </trkpt>
   <trkpt lat="38.723180000000006" lon="-0.062060000000000004">
    <ele>613.12</ele>
   </trkpt>
   <trkpt lat="38.723240000000004" lon="-0.061450000000000005">
    <ele>616.17</ele>
   </trkpt>
   <trkpt lat="38.72334" lon="-0.060860000000000004">
    <ele>621.9100000000001</ele>
   </trkpt>
   <trkpt lat="38.72347500201922" lon="-0.06017500118864601">
    <ele>625.61</ele>
   </trkpt>
   <trkpt lat="38.72361" lon="-0.05949000000000001">
    <ele>626.07</ele>
   </trkpt>
   <trkpt lat="38.7237" lon="-0.05888">
    <ele>621.38</ele>
   </trkpt>
   <trkpt lat="38.72379" lon="-0.05868">
    <ele>621.38</ele>
   </trkpt>
   <trkpt lat="38.72419000123468" lon="-0.0581700026931524">
    <ele>617.48</ele>
   </trkpt>
   <trkpt lat="38.724590000000006" lon="-0.05766">
    <ele>614.5</ele>
   </trkpt>
   <trkpt lat="38.72469" lon="-0.0575">
    <ele>613.6</ele>
   </trkpt>
   <trkpt lat="38.72475" lon="-0.057370000000000004">
    <ele>612.89</ele>
   </trkpt>
   <trkpt lat="38.724790000000006" lon="-0.057210000000000004">
    <ele>610.1800000000001</ele>
   </trkpt>
   <trkpt lat="38.7248" lon="-0.057030000000000004">
    <ele>610.1800000000001</ele>
   </trkpt>
   <trkpt lat="38.724790000000006" lon="-0.05689">
    <ele>609.11</ele>
   </trkpt>
   <trkpt lat="38.724700000000006" lon="-0.05659">
    <ele>606.98</ele>
   </trkpt>
   <trkpt lat="38.724700000000006" lon="-0.0565">
    <ele>606.98</ele>
   </trkpt>
   <trkpt lat="38.72473" lon="-0.056440000000000004">
    <ele>606.36</ele>
   </trkpt>
   <trkpt lat="38.724790000000006" lon="-0.056440000000000004">
    <ele>606.36</ele>
   </trkpt>
   <trkpt lat="38.72482" lon="-0.05646">
    <ele>606.0699999999999</ele>
   </trkpt>
   <trkpt lat="38.724880000000006" lon="-0.05659">
    <ele>605.02</ele>
   </trkpt>
   <trkpt lat="38.72495" lon="-0.05684">
    <ele>603.8800000000001</ele>
   </trkpt>
   <trkpt lat="38.72498" lon="-0.057120000000000004">
    <ele>602.33</ele>
   </trkpt>
   <trkpt lat="38.724970000000006" lon="-0.057280000000000005">
    <ele>601.1700000000001</ele>
   </trkpt>
   <trkpt lat="38.724920000000004" lon="-0.05759">
    <ele>599.22</ele>
   </trkpt>
   <trkpt lat="38.72485" lon="-0.05782">
    <ele>598.45</ele>
   </trkpt>
   <trkpt lat="38.72466" lon="-0.0582">
    <ele>595.08</ele>
   </trkpt>
   <trkpt lat="38.724630000000005" lon="-0.05836">
    <ele>595.08</ele>
   </trkpt>
   <trkpt lat="38.72464" lon="-0.0585">
    <ele>593.6600000000001</ele>
   </trkpt>
   <trkpt lat="38.724790000000006" lon="-0.058660000000000004">
    <ele>591.5400000000001</ele>
   </trkpt>
   <trkpt lat="38.72486" lon="-0.05877">
    <ele>591.16</ele>
   </trkpt>
   <trkpt lat="38.72495" lon="-0.059000000000000004">
    <ele>589.19</ele>
   </trkpt>
   <trkpt lat="38.725120000000004" lon="-0.059590000000000004">
    <ele>587.4</ele>
   </trkpt>
   <trkpt lat="38.72514" lon="-0.05972">
    <ele>587.2900000000001</ele>
   </trkpt>
   <trkpt lat="38.725150000000006" lon="-0.06008">
    <ele>587.1</ele>
   </trkpt>
   <trkpt lat="38.72514" lon="-0.060180000000000004">
    <ele>586.9700000000001</ele>
   </trkpt>
   <trkpt lat="38.725120000000004" lon="-0.06022">
    <ele>586.9700000000001</ele>
   </trkpt>
   <trkpt lat="38.72473" lon="-0.06072">
    <ele>585.35</ele>
   </trkpt>
   <trkpt lat="38.7246" lon="-0.06106">
    <ele>583.6300000000001</ele>
   </trkpt>
   <trkpt lat="38.72457" lon="-0.061220000000000004">
    <ele>582.8000000000001</ele>
   </trkpt>
   <trkpt lat="38.72455" lon="-0.06214000000000001">
    <ele>579.04</ele>
   </trkpt>
   <trkpt lat="38.724680000000006" lon="-0.06303">
    <ele>575.97</ele>
   </trkpt>
   <trkpt lat="38.72464" lon="-0.06329">
    <ele>575.0200000000001</ele>
   </trkpt>
   <trkpt lat="38.724450000000004" lon="-0.06414">
    <ele>570.32</ele>
   </trkpt>
   <trkpt lat="38.72444" lon="-0.06429">
    <ele>570.32</ele>
   </trkpt>
   <trkpt lat="38.72448" lon="-0.06443">
    <ele>569.88</ele>
   </trkpt>
   <trkpt lat="38.72482" lon="-0.06493">
    <ele>567.6300000000001</ele>
   </trkpt>
   <trkpt lat="38.72529" lon="-0.06539">
    <ele>563.33</ele>
   </trkpt>
   <trkpt lat="38.725460000000005" lon="-0.06575">
    <ele>560.76</ele>
   </trkpt>
   <trkpt lat="38.72558" lon="-0.06607">
    <ele>560.76</ele>
   </trkpt>
   <trkpt lat="38.7257" lon="-0.06647">
    <ele>556.71</ele>
   </trkpt>
   <trkpt lat="38.725750000000005" lon="-0.06675">
    <ele>556.0</ele>
   </trkpt>
   <trkpt lat="38.725750000000005" lon="-0.06707">
    <ele>555.09</ele>
   </trkpt>
   <trkpt lat="38.72572" lon="-0.06761">
    <ele>553.58</ele>
   </trkpt>
   <trkpt lat="38.725750000000005" lon="-0.06776">
    <ele>553.07</ele>
   </trkpt>
   <trkpt lat="38.72580000000001" lon="-0.06786">
    <ele>551.7</ele>
   </trkpt>
   <trkpt lat="38.726020000000005" lon="-0.06811">
    <ele>551.18</ele>
   </trkpt>
   <trkpt lat="38.72636" lon="-0.06833">
    <ele>547.8000000000001</ele>
   </trkpt>
   <trkpt lat="38.72648" lon="-0.06845000000000001">
    <ele>547.8000000000001</ele>
   </trkpt>
   <trkpt lat="38.726710000000004" lon="-0.06901">
    <ele>545.46</ele>
   </trkpt>
   <trkpt lat="38.72673" lon="-0.06915">
    <ele>545.46</ele>
   </trkpt>
   <trkpt lat="38.72672" lon="-0.06929">
    <ele>541.5600000000001</ele>
   </trkpt>
   <trkpt lat="38.72654" lon="-0.06984">
    <ele>540.6700000000001</ele>
   </trkpt>
   <trkpt lat="38.72654" lon="-0.06994">
    <ele>539.91</ele>
   </trkpt>
   <trkpt lat="38.726620000000004" lon="-0.07005">
    <ele>539.0600000000001</ele>
   </trkpt>
   <trkpt lat="38.726670000000006" lon="-0.07008">
    <ele>538.1600000000001</ele>
   </trkpt>
   <trkpt lat="38.72701" lon="-0.07012">
    <ele>534.51</ele>
   </trkpt>
   <trkpt lat="38.727120000000006" lon="-0.07015">
    <ele>533.6500000000001</ele>
   </trkpt>
   <trkpt lat="38.72726" lon="-0.07023">
    <ele>532.0100000000001</ele>
   </trkpt>
   <trkpt lat="38.72735" lon="-0.07034">
    <ele>532.0100000000001</ele>
   </trkpt>
   <trkpt lat="38.72776" lon="-0.07108">
    <ele>523.47</ele>
   </trkpt>
   <trkpt lat="38.72822" lon="-0.07173">
    <ele>523.47</ele>
   </trkpt>
   <trkpt lat="38.728410000000004" lon="-0.07216">
    <ele>515.47</ele>
   </trkpt>
   <trkpt lat="38.72855500142683" lon="-0.07272999901223763">
    <ele>512.2800000000001</ele>
   </trkpt>
   <trkpt lat="38.7287" lon="-0.0733">
    <ele>509.36</ele>
   </trkpt>
   <trkpt lat="38.72878" lon="-0.07338">
    <ele>508.65000000000003</ele>
   </trkpt>
   <trkpt lat="38.72896" lon="-0.07348">
    <ele>507.06000000000006</ele>
   </trkpt>
   <trkpt lat="38.729060000000004" lon="-0.07359">
    <ele>506.18000000000006</ele>
   </trkpt>
   <trkpt lat="38.72928" lon="-0.07387">
    <ele>502.97</ele>
   </trkpt>
   <trkpt lat="38.72939" lon="-0.07405">
    <ele>501.2300000000001</ele>
   </trkpt>
   <trkpt lat="38.729720001955556" lon="-0.07473499674660802">
    <ele>494.76000000000005</ele>
   </trkpt>
   <trkpt lat="38.730050000000006" lon="-0.07542">
    <ele>490.52000000000004</ele>
   </trkpt>
   <trkpt lat="38.730140000000006" lon="-0.07574">
    <ele>489.22</ele>
   </trkpt>
   <trkpt lat="38.73013" lon="-0.0761">
    <ele>485.80000000000007</ele>
   </trkpt>
   <trkpt lat="38.73015" lon="-0.07627">
    <ele>484.26</ele>
   </trkpt>
   <trkpt lat="38.730380000000004" lon="-0.07688">
    <ele>482.34000000000003</ele>
   </trkpt>
   <trkpt lat="38.73055" lon="-0.0772">
    <ele>478.95000000000005</ele>
   </trkpt>
   <trkpt lat="38.73078" lon="-0.07752">
    <ele>476.80000000000007</ele>
   </trkpt>
   <trkpt lat="38.731030000000004" lon="-0.07789">
    <ele>473.68000000000006</ele>
   </trkpt>
   <trkpt lat="38.731120000000004" lon="-0.07796">
    <ele>472.90000000000003</ele>
   </trkpt>
   <trkpt lat="38.731210000000004" lon="-0.07796">
    <ele>471.70000000000005</ele>
   </trkpt>
   <trkpt lat="38.731350000000006" lon="-0.07789">
    <ele>470.46000000000004</ele>
   </trkpt>
   <trkpt lat="38.731370000000005" lon="-0.07779000000000001">
    <ele>469.66</ele>
   </trkpt>
   <trkpt lat="38.73136" lon="-0.07767">
    <ele>468.9200000000001</ele>
   </trkpt>
   <trkpt lat="38.73133" lon="-0.0776">
    <ele>468.9200000000001</ele>
   </trkpt>
   <trkpt lat="38.73106000000001" lon="-0.07731">
    <ele>465.31000000000006</ele>
   </trkpt>
   <trkpt lat="38.730970000000006" lon="-0.07713">
    <ele>464.31000000000006</ele>
   </trkpt>
   <trkpt lat="38.7308" lon="-0.07645">
    <ele>462.28000000000003</ele>
   </trkpt>
   <trkpt lat="38.7308" lon="-0.07638">
    <ele>462.28000000000003</ele>
   </trkpt>
   <trkpt lat="38.730880000000006" lon="-0.07613">
    <ele>458.69000000000005</ele>
   </trkpt>
   <trkpt lat="38.730940000000004" lon="-0.07574">
    <ele>457.06</ele>
   </trkpt>
   <trkpt lat="38.731030000000004" lon="-0.07563">
    <ele>456.57000000000005</ele>
   </trkpt>
   <trkpt lat="38.73127" lon="-0.07541">
    <ele>455.24</ele>
   </trkpt>
   <trkpt lat="38.73131" lon="-0.07531">
    <ele>454.79</ele>
   </trkpt>
   <trkpt lat="38.73131" lon="-0.07524">
    <ele>454.79</ele>
   </trkpt>
   <trkpt lat="38.731280000000005" lon="-0.07517">
    <ele>454.79</ele>
   </trkpt>
   <trkpt lat="38.73104" lon="-0.07491">
    <ele>452.51</ele>
   </trkpt>
   <trkpt lat="38.73102" lon="-0.07477">
    <ele>452.51</ele>
   </trkpt>
   <trkpt lat="38.73105" lon="-0.07466">
    <ele>451.94000000000005</ele>
   </trkpt>
   <trkpt lat="38.73113" lon="-0.07456">
    <ele>451.40000000000003</ele>
   </trkpt>
   <trkpt lat="38.73122" lon="-0.07448">
    <ele>451.40000000000003</ele>
   </trkpt>
   <trkpt lat="38.731700000000004" lon="-0.07423">
    <ele>449.38000000000005</ele>
   </trkpt>
   <trkpt lat="38.73194" lon="-0.07398">
    <ele>447.45</ele>
   </trkpt>
   <trkpt lat="38.73203" lon="-0.07395">
    <ele>447.45</ele>
   </trkpt>
   <trkpt lat="38.73208" lon="-0.07395">
    <ele>447.45</ele>
   </trkpt>
   <trkpt lat="38.73243" lon="-0.07456">
    <ele>442.54</ele>
   </trkpt>
   <trkpt lat="38.73259" lon="-0.07481">
    <ele>441.81</ele>
   </trkpt>
   <trkpt lat="38.732670000000006" lon="-0.07491">
    <ele>441.02000000000004</ele>
   </trkpt>
   <trkpt lat="38.73281" lon="-0.07499">
    <ele>441.02000000000004</ele>
   </trkpt>
   <trkpt lat="38.73306" lon="-0.07509">
    <ele>438.84000000000003</ele>
   </trkpt>
   <trkpt lat="38.73326" lon="-0.07509">
    <ele>438.11000000000007</ele>
   </trkpt>
   <trkpt lat="38.733430000000006" lon="-0.07503">
    <ele>436.51</ele>
   </trkpt>
   <trkpt lat="38.73386" lon="-0.07484">
    <ele>433.78000000000003</ele>
   </trkpt>
   <trkpt lat="38.734640000000006" lon="-0.07431">
    <ele>429.38000000000005</ele>
   </trkpt>
   <trkpt lat="38.734730000000006" lon="-0.0742">
    <ele>428.86</ele>
   </trkpt>
   <trkpt lat="38.73478" lon="-0.07406">
    <ele>428.31</ele>
   </trkpt>
   <trkpt lat="38.73481" lon="-0.07381">
    <ele>427.13</ele>
   </trkpt>
   <trkpt lat="38.73478" lon="-0.07341">
    <ele>425.00000000000006</ele>
   </trkpt>
   <trkpt lat="38.73472" lon="-0.0732">
    <ele>421.71000000000004</ele>
   </trkpt>
   <trkpt lat="38.73451" lon="-0.07273">
    <ele>419.2</ele>
   </trkpt>
   <trkpt lat="38.73434" lon="-0.07184">
    <ele>416.29</ele>
   </trkpt>
   <trkpt lat="38.73427" lon="-0.0717">
    <ele>415.46000000000004</ele>
   </trkpt>
   <trkpt lat="38.73422" lon="-0.07166">
    <ele>415.46000000000004</ele>
   </trkpt>
   <trkpt lat="38.73411" lon="-0.07162">
    <ele>413.82</ele>
   </trkpt>
   <trkpt lat="38.73377" lon="-0.07163">
    <ele>411.55</ele>
   </trkpt>
   <trkpt lat="38.73366" lon="-0.07162">
    <ele>411.55</ele>
   </trkpt>
   <trkpt lat="38.73355" lon="-0.07155">
    <ele>410.99</ele>
   </trkpt>
   <trkpt lat="38.73306" lon="-0.07116">
    <ele>408.45000000000005</ele>
   </trkpt>
   <trkpt lat="38.73301" lon="-0.07108">
    <ele>407.89000000000004</ele>
   </trkpt>
   <trkpt lat="38.732800000000005" lon="-0.07019">
    <ele>403.20000000000005</ele>
   </trkpt>
   <trkpt lat="38.73275" lon="-0.07008">
    <ele>403.20000000000005</ele>
   </trkpt>
   <trkpt lat="38.7327" lon="-0.07002">
    <ele>401.26</ele>
   </trkpt>
   <trkpt lat="38.73256000000001" lon="-0.07002">
    <ele>401.26</ele>
   </trkpt>
   <trkpt lat="38.732060000000004" lon="-0.07047">
    <ele>397.40000000000003</ele>
   </trkpt>
   <trkpt lat="38.73194" lon="-0.07048">
    <ele>396.70000000000005</ele>
   </trkpt>
   <trkpt lat="38.731860000000005" lon="-0.07044">
    <ele>396.70000000000005</ele>
   </trkpt>
   <trkpt lat="38.73183" lon="-0.07037">
    <ele>396.70000000000005</ele>
   </trkpt>
   <trkpt lat="38.73174" lon="-0.06997">
    <ele>395.39</ele>
   </trkpt>
   <trkpt lat="38.731680000000004" lon="-0.0698">
    <ele>395.07000000000005</ele>
   </trkpt>
   <trkpt lat="38.731550000000006" lon="-0.06955">
    <ele>393.66</ele>
   </trkpt>
   <trkpt lat="38.731460000000006" lon="-0.06944">
    <ele>392.44</ele>
   </trkpt>
   <trkpt lat="38.73134" lon="-0.0694">
    <ele>391.85</ele>
   </trkpt>
   <trkpt lat="38.73114" lon="-0.06937">
    <ele>389.92</ele>
   </trkpt>
   <trkpt lat="38.73069" lon="-0.06941">
    <ele>387.92</ele>
   </trkpt>
   <trkpt lat="38.730540000000005" lon="-0.06947">
    <ele>386.90000000000003</ele>
   </trkpt>
   <trkpt lat="38.730470000000004" lon="-0.06947">
    <ele>386.71000000000004</ele>
   </trkpt>
   <trkpt lat="38.730430000000005" lon="-0.06944">
    <ele>386.71000000000004</ele>
   </trkpt>
   <trkpt lat="38.730410000000006" lon="-0.06929">
    <ele>386.01</ele>
   </trkpt>
   <trkpt lat="38.730630000000005" lon="-0.0689">
    <ele>382.38000000000005</ele>
   </trkpt>
   <trkpt lat="38.7308" lon="-0.06854">
    <ele>380.6</ele>
   </trkpt>
   <trkpt lat="38.73087" lon="-0.06833">
    <ele>379.95</ele>
   </trkpt>
   <trkpt lat="38.73089" lon="-0.06815">
    <ele>378.94000000000005</ele>
   </trkpt>
   <trkpt lat="38.7307450026677" lon="-0.06736499863966099">
    <ele>376.75</ele>
   </trkpt>
   <trkpt lat="38.7306" lon="-0.06658">
    <ele>372.57</ele>
   </trkpt>
   <trkpt lat="38.730500000000006" lon="-0.0664">
    <ele>371.99</ele>
   </trkpt>
   <trkpt lat="38.73013" lon="-0.06586">
    <ele>368.12</ele>
   </trkpt>
   <trkpt lat="38.7301" lon="-0.06579">
    <ele>367.68</ele>
   </trkpt>
   <trkpt lat="38.7301" lon="-0.06568">
    <ele>365.79</ele>
   </trkpt>
   <trkpt lat="38.73017" lon="-0.06556000000000001">
    <ele>365.06000000000006</ele>
   </trkpt>
   <trkpt lat="38.730320000000006" lon="-0.06554">
    <ele>364.37</ele>
   </trkpt>
   <trkpt lat="38.730560000000004" lon="-0.06564">
    <ele>362.7</ele>
   </trkpt>
   <trkpt lat="38.73075" lon="-0.06575">
    <ele>360.81</ele>
   </trkpt>
   <trkpt lat="38.731170000526916" lon="-0.06607499814883486">
    <ele>358.47</ele>
   </trkpt>
   <trkpt lat="38.731590000000004" lon="-0.0664">
    <ele>356.1</ele>
   </trkpt>
   <trkpt lat="38.731680000000004" lon="-0.06654">
    <ele>355.11</ele>
   </trkpt>
   <trkpt lat="38.731950000000005" lon="-0.06704">
    <ele>353.33000000000004</ele>
   </trkpt>
   <trkpt lat="38.732330000000005" lon="-0.06736">
    <ele>350.42</ele>
   </trkpt>
   <trkpt lat="38.73239" lon="-0.06744">
    <ele>350.42</ele>
   </trkpt>
   <trkpt lat="38.73245" lon="-0.06758">
    <ele>349.84000000000003</ele>
   </trkpt>
   <trkpt lat="38.73263" lon="-0.06812">
    <ele>347.27000000000004</ele>
   </trkpt>
   <trkpt lat="38.7327" lon="-0.06823">
    <ele>346.84000000000003</ele>
   </trkpt>
   <trkpt lat="38.732780000000005" lon="-0.06826">
    <ele>346.35</ele>
   </trkpt>
   <trkpt lat="38.733430000000006" lon="-0.06798">
    <ele>341.67</ele>
   </trkpt>
   <trkpt lat="38.73369" lon="-0.06805">
    <ele>339.13000000000005</ele>
   </trkpt>
   <trkpt lat="38.73382" lon="-0.06815">
    <ele>338.0</ele>
   </trkpt>
   <trkpt lat="38.734120000000004" lon="-0.06854">
    <ele>336.39000000000004</ele>
   </trkpt>
   <trkpt lat="38.73427" lon="-0.0689">
    <ele>333.84000000000003</ele>
   </trkpt>
   <trkpt lat="38.73434" lon="-0.06899000000000001">
    <ele>333.31000000000006</ele>
   </trkpt>
   <trkpt lat="38.73443" lon="-0.06901">
    <ele>333.07000000000005</ele>
   </trkpt>
   <trkpt lat="38.734500000000004" lon="-0.06901">
    <ele>333.07000000000005</ele>
   </trkpt>
   <trkpt lat="38.734570000000005" lon="-0.06897">
    <ele>332.19000000000005</ele>
   </trkpt>
   <trkpt lat="38.73471" lon="-0.06879">
    <ele>331.49</ele>
   </trkpt>
   <trkpt lat="38.73481" lon="-0.06872">
    <ele>330.76000000000005</ele>
   </trkpt>
   <trkpt lat="38.735600000000005" lon="-0.06836">
    <ele>326.78000000000003</ele>
   </trkpt>
   <trkpt lat="38.735850000000006" lon="-0.0683">
    <ele>324.3</ele>
   </trkpt>
   <trkpt lat="38.736360000000005" lon="-0.06826">
    <ele>321.41</ele>
   </trkpt>
   <trkpt lat="38.73649" lon="-0.06829">
    <ele>319.37000000000006</ele>
   </trkpt>
   <trkpt lat="38.73664" lon="-0.06836">
    <ele>319.37000000000006</ele>
   </trkpt>
   <trkpt lat="38.73689" lon="-0.06851">
    <ele>318.33</ele>
   </trkpt>
   <trkpt lat="38.73702" lon="-0.06865">
    <ele>316.74</ele>
   </trkpt>
   <trkpt lat="38.737170000000006" lon="-0.0689">
    <ele>314.24</ele>
   </trkpt>
   <trkpt lat="38.73731" lon="-0.06937">
    <ele>313.35</ele>
   </trkpt>
   <trkpt lat="38.73754" lon="-0.07016">
    <ele>309.27000000000004</ele>
   </trkpt>
   <trkpt lat="38.737590000000004" lon="-0.07055">
    <ele>308.00000000000006</ele>
   </trkpt>
   <trkpt lat="38.737590000000004" lon="-0.07076">
    <ele>307.50000000000006</ele>
   </trkpt>
   <trkpt lat="38.73743" lon="-0.07150000000000001">
    <ele>305.87</ele>
   </trkpt>
   <trkpt lat="38.73742" lon="-0.0718">
    <ele>304.44000000000005</ele>
   </trkpt>
   <trkpt lat="38.73744000000001" lon="-0.07202">
    <ele>304.44000000000005</ele>
   </trkpt>
   <trkpt lat="38.737480000000005" lon="-0.07212">
    <ele>302.96</ele>
   </trkpt>
   <trkpt lat="38.73758" lon="-0.07223">
    <ele>302.8</ele>
   </trkpt>
   <trkpt lat="38.73799" lon="-0.07244">
    <ele>302.02</ele>
   </trkpt>
   <trkpt lat="38.738170000000004" lon="-0.07245">
    <ele>301.25</ele>
   </trkpt>
   <trkpt lat="38.7387749999091" lon="-0.07240000043195781">
    <ele>299.19</ele>
   </trkpt>
   <trkpt lat="38.739380000000004" lon="-0.07235000000000001">
    <ele>297.67</ele>
   </trkpt>
   <trkpt lat="38.740080000000006" lon="-0.07231">
    <ele>294.47</ele>
   </trkpt>
   <trkpt lat="38.74006" lon="-0.07231">
    <ele>294.51000000000005</ele>
   </trkpt>
   <trkpt lat="38.740520000000004" lon="-0.07227">
    <ele>292.3</ele>
   </trkpt>
   <trkpt lat="38.740640000000006" lon="-0.07223">
    <ele>291.8</ele>
   </trkpt>
   <trkpt lat="38.7408" lon="-0.07212">
    <ele>290.96</ele>
   </trkpt>
   <trkpt lat="38.7414220071922" lon="-0.0714700226534951">
    <ele>286.72</ele>
   </trkpt>
   <trkpt lat="38.74204401078522" lon="-0.07082003398399628">
    <ele>280.59</ele>
   </trkpt>
   <trkpt lat="38.74266601077892" lon="-0.07017003399112001">
    <ele>276.64</ele>
   </trkpt>
   <trkpt lat="38.74328800717314" lon="-0.0695200226744827">
    <ele>275.21</ele>
   </trkpt>
   <trkpt lat="38.74391" lon="-0.06887">
    <ele>274.93</ele>
   </trkpt>
   <trkpt lat="38.74394" lon="-0.06916">
    <ele>274.47</ele>
   </trkpt>
   <trkpt lat="38.743890002295004" lon="-0.06989500060565373">
    <ele>275.14</ele>
   </trkpt>
   <trkpt lat="38.743840000000006" lon="-0.07063000000000001">
    <ele>277.36</ele>
   </trkpt>
   <trkpt lat="38.743770000000005" lon="-0.07148">
    <ele>279.19000000000005</ele>
   </trkpt>
   <trkpt lat="38.743860000000005" lon="-0.07252">
    <ele>280.06</ele>
   </trkpt>
   <trkpt lat="38.74385" lon="-0.0727">
    <ele>280.17</ele>
   </trkpt>
   <trkpt lat="38.743760001432534" lon="-0.07327500057036852">
    <ele>281.5</ele>
   </trkpt>
   <trkpt lat="38.74367" lon="-0.07385000000000001">
    <ele>282.49</ele>
   </trkpt>
   <trkpt lat="38.743700000000004" lon="-0.07427">
    <ele>283.42</ele>
   </trkpt>
   <trkpt lat="38.7438" lon="-0.07488">
    <ele>285.22</ele>
   </trkpt>
   <trkpt lat="38.74394" lon="-0.07538">
    <ele>285.45000000000005</ele>
   </trkpt>
   <trkpt lat="38.74434" lon="-0.07627">
    <ele>285.3</ele>
   </trkpt>
   <trkpt lat="38.74438000000001" lon="-0.07638">
    <ele>285.3</ele>
   </trkpt>
   <trkpt lat="38.74443" lon="-0.07678">
    <ele>285.46999999999997</ele>
   </trkpt>
   <trkpt lat="38.74477" lon="-0.0775">
    <ele>287.33000000000004</ele>
   </trkpt>
   <trkpt lat="38.74495" lon="-0.07837000000000001">
    <ele>290.42</ele>
   </trkpt>
   <trkpt lat="38.744960000000006" lon="-0.07849">
    <ele>290.56000000000006</ele>
   </trkpt>
   <trkpt lat="38.74492" lon="-0.07871">
    <ele>290.66</ele>
   </trkpt>
   <trkpt lat="38.74475" lon="-0.07903">
    <ele>290.16</ele>
   </trkpt>
   <trkpt lat="38.744710000000005" lon="-0.07931">
    <ele>290.08</ele>
   </trkpt>
   <trkpt lat="38.744730000000004" lon="-0.07946">
    <ele>290.21000000000004</ele>
   </trkpt>
   <trkpt lat="38.74497500123603" lon="-0.07999999813366651">
    <ele>290.78000000000003</ele>
   </trkpt>
   <trkpt lat="38.74522" lon="-0.08054">
    <ele>292.72</ele>
   </trkpt>
   <trkpt lat="38.74571" lon="-0.08139">
    <ele>296.36</ele>
   </trkpt>
   <trkpt lat="38.74593500133733" lon="-0.08193999838596089">
    <ele>297.45000000000005</ele>
   </trkpt>
   <trkpt lat="38.74616" lon="-0.08249000000000001">
    <ele>298.13</ele>
   </trkpt>
   <trkpt lat="38.74622" lon="-0.08265">
    <ele>298.13</ele>
   </trkpt>
   <trkpt lat="38.74624" lon="-0.08281000000000001">
    <ele>298.91</ele>
   </trkpt>
   <trkpt lat="38.746230000000004" lon="-0.08310000000000001">
    <ele>299.02</ele>
   </trkpt>
   <trkpt lat="38.74625" lon="-0.0834">
    <ele>299.06000000000006</ele>
   </trkpt>
   <trkpt lat="38.74629" lon="-0.08354">
    <ele>299.11</ele>
   </trkpt>
   <trkpt lat="38.746340000000004" lon="-0.08364">
    <ele>299.18</ele>
   </trkpt>
   <trkpt lat="38.746680000000005" lon="-0.08425">
    <ele>301.73</ele>
   </trkpt>
   <trkpt lat="38.74708000079498" lon="-0.08468499755086026">
    <ele>303.35</ele>
   </trkpt>
   <trkpt lat="38.74748" lon="-0.08512">
    <ele>305.92</ele>
   </trkpt>
   <trkpt lat="38.74757" lon="-0.08525">
    <ele>306.47</ele>
   </trkpt>
   <trkpt lat="38.74767000000001" lon="-0.0855">
    <ele>307.26000000000005</ele>
   </trkpt>
   <trkpt lat="38.747840000000004" lon="-0.08578000000000001">
    <ele>308.1</ele>
   </trkpt>
   <trkpt lat="38.74833" lon="-0.08646000000000001">
    <ele>310.01</ele>
   </trkpt>
   <trkpt lat="38.748610000000006" lon="-0.08675000000000001">
    <ele>310.44000000000005</ele>
   </trkpt>
   <trkpt lat="38.74873" lon="-0.0869">
    <ele>310.4</ele>
   </trkpt>
   <trkpt lat="38.749010000000006" lon="-0.08748">
    <ele>309.81</ele>
   </trkpt>
   <trkpt lat="38.74926500128106" lon="-0.0880199981535126">
    <ele>308.85</ele>
   </trkpt>
   <trkpt lat="38.749520000000004" lon="-0.08856000000000001">
    <ele>308.01</ele>
   </trkpt>
   <trkpt lat="38.74967" lon="-0.08901">
    <ele>307.36</ele>
   </trkpt>
   <trkpt lat="38.74991" lon="-0.09002">
    <ele>305.20000000000005</ele>
   </trkpt>
   <trkpt lat="38.74987" lon="-0.09062">
    <ele>303.37</ele>
   </trkpt>
   <trkpt lat="38.749880000000005" lon="-0.09098">
    <ele>302.91</ele>
   </trkpt>
   <trkpt lat="38.74994" lon="-0.09123">
    <ele>302.57</ele>
   </trkpt>
   <trkpt lat="38.750040000000006" lon="-0.09145">
    <ele>302.67</ele>
   </trkpt>
   <trkpt lat="38.75032667169668" lon="-0.09221999375852956">
    <ele>302.11</ele>
   </trkpt>
   <trkpt lat="38.75061333834199" lon="-0.09298999370111397">
    <ele>299.09000000000003</ele>
   </trkpt>
   <trkpt lat="38.7509" lon="-0.09376000000000001">
    <ele>297.28000000000003</ele>
   </trkpt>
   <trkpt lat="38.751000000000005" lon="-0.09405000000000001">
    <ele>296.99</ele>
   </trkpt>
   <trkpt lat="38.75112" lon="-0.09432">
    <ele>296.88000000000005</ele>
   </trkpt>
   <trkpt lat="38.75133" lon="-0.09473000000000001">
    <ele>297.21000000000004</ele>
   </trkpt>
   <trkpt lat="38.751540000000006" lon="-0.09543">
    <ele>297.83000000000004</ele>
   </trkpt>
   <trkpt lat="38.75191" lon="-0.09628">
    <ele>300.28000000000003</ele>
   </trkpt>
   <trkpt lat="38.751960000000004" lon="-0.09649">
    <ele>301.19</ele>
   </trkpt>
   <trkpt lat="38.75197" lon="-0.09667">
    <ele>301.19</ele>
   </trkpt>
   <trkpt lat="38.751880002574715" lon="-0.09744500083862025">
    <ele>306.18</ele>
   </trkpt>
   <trkpt lat="38.75179" lon="-0.09822">
    <ele>307.85</ele>
   </trkpt>
   <trkpt lat="38.75179" lon="-0.09842000000000001">
    <ele>308.1</ele>
   </trkpt>
   <trkpt lat="38.75186" lon="-0.09899000000000001">
    <ele>309.36</ele>
   </trkpt>
   <trkpt lat="38.75193" lon="-0.09932">
    <ele>310.25</ele>
   </trkpt>
   <trkpt lat="38.752100000000006" lon="-0.09993">
    <ele>312.82000000000005</ele>
   </trkpt>
   <trkpt lat="38.75224" lon="-0.10022">
    <ele>313.64000000000004</ele>
   </trkpt>
   <trkpt lat="38.75233" lon="-0.10047">
    <ele>314.5</ele>
   </trkpt>
   <trkpt lat="38.752430000000004" lon="-0.10087">
    <ele>315.6</ele>
   </trkpt>
   <trkpt lat="38.75254" lon="-0.10151">
    <ele>316.61</ele>
   </trkpt>
   <trkpt lat="38.75255000000001" lon="-0.10169">
    <ele>317.12</ele>
   </trkpt>
   <trkpt lat="38.752520000000004" lon="-0.10182000000000001">
    <ele>318.26000000000005</ele>
   </trkpt>
   <trkpt lat="38.75226" lon="-0.10229">
    <ele>320.24</ele>
   </trkpt>
   <trkpt lat="38.752010000000006" lon="-0.10268000000000001">
    <ele>321.65999999999997</ele>
   </trkpt>
   <trkpt lat="38.75193" lon="-0.10283">
    <ele>321.78000000000003</ele>
   </trkpt>
   <trkpt lat="38.751870000000004" lon="-0.10307000000000001">
    <ele>321.89</ele>
   </trkpt>
   <trkpt lat="38.75171" lon="-0.10414000000000001">
    <ele>321.98</ele>
   </trkpt>
   <trkpt lat="38.75159" lon="-0.10483">
    <ele>321.56</ele>
   </trkpt>
   <trkpt lat="38.75153" lon="-0.10494">
    <ele>321.40000000000003</ele>
   </trkpt>
   <trkpt lat="38.751430000000006" lon="-0.10501">
    <ele>320.86</ele>
   </trkpt>
   <trkpt lat="38.751360000000005" lon="-0.10501">
    <ele>320.86</ele>
   </trkpt>
   <trkpt lat="38.75114000000001" lon="-0.10494">
    <ele>320.32000000000005</ele>
   </trkpt>
   <trkpt lat="38.75106" lon="-0.10498">
    <ele>320.27</ele>
   </trkpt>
   <trkpt lat="38.750960000000006" lon="-0.10511000000000001">
    <ele>320.11</ele>
   </trkpt>
   <trkpt lat="38.750910000000005" lon="-0.10521000000000001">
    <ele>320.11</ele>
   </trkpt>
   <trkpt lat="38.750890000000005" lon="-0.10537">
    <ele>320.05</ele>
   </trkpt>
   <trkpt lat="38.750960000000006" lon="-0.10551">
    <ele>320.05</ele>
   </trkpt>
   <trkpt lat="38.75162" lon="-0.10616">
    <ele>319.78000000000003</ele>
   </trkpt>
   <trkpt lat="38.752120000000005" lon="-0.10665000000000001">
    <ele>317.87000000000006</ele>
   </trkpt>
   <trkpt lat="38.75233" lon="-0.10698">
    <ele>317.3</ele>
   </trkpt>
   <trkpt lat="38.75245" lon="-0.10726000000000001">
    <ele>315.67</ele>
   </trkpt>
   <trkpt lat="38.75267" lon="-0.1078">
    <ele>312.11</ele>
   </trkpt>
   <trkpt lat="38.752950000000006" lon="-0.10836000000000001">
    <ele>311.01</ele>
   </trkpt>
   <trkpt lat="38.75302000000001" lon="-0.10844000000000001">
    <ele>311.01</ele>
   </trkpt>
   <trkpt lat="38.75314" lon="-0.10853000000000002">
    <ele>311.31</ele>
   </trkpt>
   <trkpt lat="38.75323" lon="-0.10864000000000001">
    <ele>310.47</ele>
   </trkpt>
   <trkpt lat="38.753220000000006" lon="-0.10873000000000001">
    <ele>310.68</ele>
   </trkpt>
   <trkpt lat="38.753260000000004" lon="-0.10895">
    <ele>311.67</ele>
   </trkpt>
   <trkpt lat="38.75358000000001" lon="-0.10974">
    <ele>313.39</ele>
   </trkpt>
   <trkpt lat="38.753730000000004" lon="-0.11026000000000001">
    <ele>314.18</ele>
   </trkpt>
   <trkpt lat="38.75386" lon="-0.11102000000000001">
    <ele>314.73</ele>
   </trkpt>
   <trkpt lat="38.753910000000005" lon="-0.11203">
    <ele>315.14000000000004</ele>
   </trkpt>
   <trkpt lat="38.75386" lon="-0.11235">
    <ele>315.16</ele>
   </trkpt>
   <trkpt lat="38.75372" lon="-0.11295000000000001">
    <ele>315.62</ele>
   </trkpt>
   <trkpt lat="38.75368" lon="-0.11320000000000001">
    <ele>316.61</ele>
   </trkpt>
   <trkpt lat="38.75368" lon="-0.11335">
    <ele>316.61</ele>
   </trkpt>
   <trkpt lat="38.753795003671904" lon="-0.11427999839990112">
    <ele>318.03000000000003</ele>
   </trkpt>
   <trkpt lat="38.753910000000005" lon="-0.11521">
    <ele>319.88000000000005</ele>
   </trkpt>
   <trkpt lat="38.754000000000005" lon="-0.11560000000000001">
    <ele>320.71000000000004</ele>
   </trkpt>
   <trkpt lat="38.7542350021592" lon="-0.11631499758928528">
    <ele>322.13</ele>
   </trkpt>
   <trkpt lat="38.754470000000005" lon="-0.11703000000000001">
    <ele>324.83</ele>
   </trkpt>
   <trkpt lat="38.75461000000001" lon="-0.11736">
    <ele>325.57</ele>
   </trkpt>
   <trkpt lat="38.75490500135973" lon="-0.11789499804346489">
    <ele>328.43</ele>
   </trkpt>
   <trkpt lat="38.7552" lon="-0.11843000000000001">
    <ele>329.76000000000005</ele>
   </trkpt>
   <trkpt lat="38.755480000000006" lon="-0.11901">
    <ele>330.48</ele>
   </trkpt>
   <trkpt lat="38.75567" lon="-0.11955">
    <ele>330.93</ele>
   </trkpt>
   <trkpt lat="38.7558" lon="-0.12003000000000001">
    <ele>331.51000000000005</ele>
   </trkpt>
   <trkpt lat="38.75594" lon="-0.12066">
    <ele>331.74</ele>
   </trkpt>
   <trkpt lat="38.755990000000004" lon="-0.12104000000000001">
    <ele>332.01000000000005</ele>
   </trkpt>
   <trkpt lat="38.756040000000006" lon="-0.12172000000000001">
    <ele>332.32</ele>
   </trkpt>
   <trkpt lat="38.756040000000006" lon="-0.12209">
    <ele>332.77</ele>
   </trkpt>
   <trkpt lat="38.75599000510214" lon="-0.12286333431344405">
    <ele>333.40000000000003</ele>
   </trkpt>
   <trkpt lat="38.75594000510882" lon="-0.12363666754344493">
    <ele>334.27</ele>
   </trkpt>
   <trkpt lat="38.75589" lon="-0.12441">
    <ele>335.06</ele>
   </trkpt>
   <trkpt lat="38.755860000000006" lon="-0.12542">
    <ele>336.46000000000004</ele>
   </trkpt>
   <trkpt lat="38.755870001884574" lon="-0.12608499995019526">
    <ele>336.82</ele>
   </trkpt>
   <trkpt lat="38.755880000000005" lon="-0.12675">
    <ele>337.79</ele>
   </trkpt>
   <trkpt lat="38.75595500500729" lon="-0.12783499874708673">
    <ele>338.51000000000005</ele>
   </trkpt>
   <trkpt lat="38.75603" lon="-0.12892">
    <ele>338.88</ele>
   </trkpt>
   <trkpt lat="38.75605" lon="-0.1295">
    <ele>339.04</ele>
   </trkpt>
   <trkpt lat="38.75601" lon="-0.13022">
    <ele>339.19000000000005</ele>
   </trkpt>
   <trkpt lat="38.75587" lon="-0.13109">
    <ele>340.26</ele>
   </trkpt>
   <trkpt lat="38.75572000249679" lon="-0.1318600017671857">
    <ele>342.35</ele>
   </trkpt>
   <trkpt lat="38.755570000000006" lon="-0.13263">
    <ele>344.28000000000003</ele>
   </trkpt>
   <trkpt lat="38.75549500154428" lon="-0.13323000054530768">
    <ele>346.44</ele>
   </trkpt>
   <trkpt lat="38.75542" lon="-0.13383">
    <ele>346.44</ele>
   </trkpt>
   <trkpt lat="38.755370000000006" lon="-0.13408">
    <ele>347.41</ele>
   </trkpt>
   <trkpt lat="38.755230000000005" lon="-0.13452">
    <ele>348.38</ele>
   </trkpt>
   <trkpt lat="38.754870000000004" lon="-0.13533">
    <ele>348.90000000000003</ele>
   </trkpt>
   <trkpt lat="38.754740000000005" lon="-0.13569">
    <ele>348.88</ele>
   </trkpt>
   <trkpt lat="38.754690000000004" lon="-0.13594">
    <ele>348.88</ele>
   </trkpt>
   <trkpt lat="38.754670000000004" lon="-0.13624">
    <ele>348.96000000000004</ele>
   </trkpt>
   <trkpt lat="38.75468" lon="-0.1366">
    <ele>348.99</ele>
   </trkpt>
   <trkpt lat="38.75471" lon="-0.13677">
    <ele>349.07000000000005</ele>
   </trkpt>
   <trkpt lat="38.75475" lon="-0.13694">
    <ele>349.17</ele>
   </trkpt>
   <trkpt lat="38.75486" lon="-0.13721">
    <ele>349.48</ele>
   </trkpt>
   <trkpt lat="38.755050000000004" lon="-0.13752">
    <ele>350.21000000000004</ele>
   </trkpt>
   <trkpt lat="38.75546000000001" lon="-0.13796">
    <ele>353.15000000000003</ele>
   </trkpt>
   <trkpt lat="38.7556" lon="-0.13815000000000002">
    <ele>354.53000000000003</ele>
   </trkpt>
   <trkpt lat="38.75573" lon="-0.13835">
    <ele>355.06000000000006</ele>
   </trkpt>
   <trkpt lat="38.75583" lon="-0.13857">
    <ele>356.28000000000003</ele>
   </trkpt>
   <trkpt lat="38.755950000000006" lon="-0.13905">
    <ele>358.07000000000005</ele>
   </trkpt>
   <trkpt lat="38.75596" lon="-0.1393">
    <ele>358.66</ele>
   </trkpt>
   <trkpt lat="38.755930000000006" lon="-0.13966">
    <ele>359.24</ele>
   </trkpt>
   <trkpt lat="38.75582" lon="-0.14046">
    <ele>360.79</ele>
   </trkpt>
   <trkpt lat="38.75582" lon="-0.14066">
    <ele>360.84000000000003</ele>
   </trkpt>
   <trkpt lat="38.75567" lon="-0.14165">
    <ele>361.77000000000004</ele>
   </trkpt>
   <trkpt lat="38.75556" lon="-0.14196">
    <ele>361.96</ele>
   </trkpt>
   <trkpt lat="38.755390000000006" lon="-0.14226000000000003">
    <ele>362.25</ele>
   </trkpt>
   <trkpt lat="38.75529" lon="-0.14243">
    <ele>362.88000000000005</ele>
   </trkpt>
   <trkpt lat="38.7552" lon="-0.14252">
    <ele>362.88000000000005</ele>
   </trkpt>
   <trkpt lat="38.754850000000005" lon="-0.14304">
    <ele>366.69</ele>
   </trkpt>
   <trkpt lat="38.7547" lon="-0.14332">
    <ele>367.58</ele>
   </trkpt>
   <trkpt lat="38.75455" lon="-0.14376">
    <ele>370.63</ele>
   </trkpt>
   <trkpt lat="38.75446" lon="-0.14432">
    <ele>372.53000000000003</ele>
   </trkpt>
   <trkpt lat="38.754375002336936" lon="-0.14506000084529988">
    <ele>373.6</ele>
   </trkpt>
   <trkpt lat="38.754290000000005" lon="-0.1458">
    <ele>374.31</ele>
   </trkpt>
   <trkpt lat="38.754290000000005" lon="-0.14587">
    <ele>374.41</ele>
   </trkpt>
   <trkpt lat="38.75417401724652" lon="-0.14687600652849112">
    <ele>374.56</ele>
   </trkpt>
   <trkpt lat="38.754058025870336" lon="-0.14788200978754662">
    <ele>374.64000000000004</ele>
   </trkpt>
   <trkpt lat="38.75394202587152" lon="-0.14888800977694766">
    <ele>374.66</ele>
   </trkpt>
   <trkpt lat="38.753826017250134" lon="-0.14989400649647538">
    <ele>375.49000000000007</ele>
   </trkpt>
   <trkpt lat="38.753710000000005" lon="-0.1509">
    <ele>379.3</ele>
   </trkpt>
   <trkpt lat="38.75367" lon="-0.15148">
    <ele>381.62</ele>
   </trkpt>
   <trkpt lat="38.75366" lon="-0.15206">
    <ele>384.62</ele>
   </trkpt>
   <trkpt lat="38.753690000000006" lon="-0.15278">
    <ele>387.35</ele>
   </trkpt>
   <trkpt lat="38.75368" lon="-0.15337">
    <ele>389.20000000000005</ele>
   </trkpt>
   <trkpt lat="38.753620000000005" lon="-0.15392">
    <ele>390.05</ele>
   </trkpt>
   <trkpt lat="38.7535" lon="-0.15453">
    <ele>390.06</ele>
   </trkpt>
   <trkpt lat="38.753420000000006" lon="-0.15484">
    <ele>390.1</ele>
   </trkpt>
   <trkpt lat="38.75334" lon="-0.15506">
    <ele>390.1</ele>
   </trkpt>
   <trkpt lat="38.75323" lon="-0.15525">
    <ele>390.1</ele>
   </trkpt>
   <trkpt lat="38.75311000000001" lon="-0.15542">
    <ele>389.98</ele>
   </trkpt>
   <trkpt lat="38.75302000000001" lon="-0.15553">
    <ele>389.98</ele>
   </trkpt>
   <trkpt lat="38.752790000000005" lon="-0.15573">
    <ele>389.95</ele>
   </trkpt>
   <trkpt lat="38.752500000000005" lon="-0.15587">
    <ele>389.95</ele>
   </trkpt>
   <trkpt lat="38.751920000000005" lon="-0.15606">
    <ele>390.28000000000003</ele>
   </trkpt>
   <trkpt lat="38.75157" lon="-0.1562">
    <ele>390.18</ele>
   </trkpt>
   <trkpt lat="38.751090000000005" lon="-0.15648">
    <ele>390.12</ele>
   </trkpt>
   <trkpt lat="38.75095" lon="-0.15661">
    <ele>390.06</ele>
   </trkpt>
   <trkpt lat="38.75088" lon="-0.15673">
    <ele>390.06</ele>
   </trkpt>
   <trkpt lat="38.750780000000006" lon="-0.15735000000000002">
    <ele>389.92</ele>
   </trkpt>
   <trkpt lat="38.75072" lon="-0.15814">
    <ele>389.32000000000005</ele>
   </trkpt>
   <trkpt lat="38.75072" lon="-0.15872">
    <ele>389.26000000000005</ele>
   </trkpt>
   <trkpt lat="38.75081" lon="-0.15912">
    <ele>389.39</ele>
   </trkpt>
   <trkpt lat="38.750910000000005" lon="-0.15936">
    <ele>390.07</ele>
   </trkpt>
   <trkpt lat="38.75101" lon="-0.15953">
    <ele>390.37000000000006</ele>
   </trkpt>
   <trkpt lat="38.751335000864266" lon="-0.15997499800237125">
    <ele>392.23</ele>
   </trkpt>
   <trkpt lat="38.75166" lon="-0.16042">
    <ele>395.84000000000003</ele>
   </trkpt>
   <trkpt lat="38.751920000000005" lon="-0.16083">
    <ele>398.06</ele>
   </trkpt>
   <trkpt lat="38.75209" lon="-0.16122">
    <ele>399.69000000000005</ele>
   </trkpt>
   <trkpt lat="38.75216" lon="-0.16147">
    <ele>400.35</ele>
   </trkpt>
   <trkpt lat="38.752210000000005" lon="-0.16172">
    <ele>401.76</ele>
   </trkpt>
   <trkpt lat="38.752280000000006" lon="-0.16233">
    <ele>403.31000000000006</ele>
   </trkpt>
   <trkpt lat="38.75233500392506" lon="-0.16328999924398613">
    <ele>408.24000000000007</ele>
   </trkpt>
   <trkpt lat="38.752390000000005" lon="-0.16425">
    <ele>411.7</ele>
   </trkpt>
   <trkpt lat="38.752300000000005" lon="-0.16502">
    <ele>412.85</ele>
   </trkpt>
   <trkpt lat="38.752315001661444" lon="-0.1656449997603833">
    <ele>413.52000000000004</ele>
   </trkpt>
   <trkpt lat="38.75233" lon="-0.16627">
    <ele>413.78000000000003</ele>
   </trkpt>
   <trkpt lat="38.752370001837164" lon="-0.16692499978900305">
    <ele>414.52000000000004</ele>
   </trkpt>
   <trkpt lat="38.752410000000005" lon="-0.16758">
    <ele>415.30000000000007</ele>
   </trkpt>
   <trkpt lat="38.752370000000006" lon="-0.1678">
    <ele>415.30000000000007</ele>
   </trkpt>
   <trkpt lat="38.752320000000005" lon="-0.16794">
    <ele>415.51000000000005</ele>
   </trkpt>
   <trkpt lat="38.75186" lon="-0.16836">
    <ele>415.21000000000004</ele>
   </trkpt>
   <trkpt lat="38.75157" lon="-0.16883">
    <ele>413.89000000000004</ele>
   </trkpt>
   <trkpt lat="38.751310000000004" lon="-0.16931000000000002">
    <ele>411.68000000000006</ele>
   </trkpt>
   <trkpt lat="38.75133" lon="-0.1695">
    <ele>411.68000000000006</ele>
   </trkpt>
   <trkpt lat="38.75141" lon="-0.16963">
    <ele>410.99</ele>
   </trkpt>
   <trkpt lat="38.751940000000005" lon="-0.17006000000000002">
    <ele>410.88</ele>
   </trkpt>
   <trkpt lat="38.75207" lon="-0.17022">
    <ele>410.55</ele>
   </trkpt>
   <trkpt lat="38.75222" lon="-0.17052">
    <ele>410.48</ele>
   </trkpt>
   <trkpt lat="38.752400002595465" lon="-0.1712999980491412">
    <ele>411.44</ele>
   </trkpt>
   <trkpt lat="38.75258" lon="-0.17208">
    <ele>414.27000000000004</ele>
   </trkpt>
   <trkpt lat="38.75262" lon="-0.1728">
    <ele>418.96000000000004</ele>
   </trkpt>
   <trkpt lat="38.752590000000005" lon="-0.17320000000000002">
    <ele>418.84000000000003</ele>
   </trkpt>
   <trkpt lat="38.75254" lon="-0.1736">
    <ele>420.29</ele>
   </trkpt>
   <trkpt lat="38.752300000000005" lon="-0.17471">
    <ele>423.19</ele>
   </trkpt>
   <trkpt lat="38.75226" lon="-0.17502">
    <ele>424.86</ele>
   </trkpt>
   <trkpt lat="38.75224" lon="-0.17550000000000002">
    <ele>425.73</ele>
   </trkpt>
   <trkpt lat="38.752300000000005" lon="-0.17646">
    <ele>428.40000000000003</ele>
   </trkpt>
   <trkpt lat="38.752300000000005" lon="-0.17701">
    <ele>431.14</ele>
   </trkpt>
   <trkpt lat="38.75226" lon="-0.17726">
    <ele>431.74</ele>
   </trkpt>
   <trkpt lat="38.75215" lon="-0.17758000000000002">
    <ele>432.47</ele>
   </trkpt>
   <trkpt lat="38.75188" lon="-0.17800000000000002">
    <ele>434.09000000000003</ele>
   </trkpt>
   <trkpt lat="38.7516" lon="-0.1784">
    <ele>434.92</ele>
   </trkpt>
   <trkpt lat="38.75151" lon="-0.17855000000000001">
    <ele>434.92</ele>
   </trkpt>
   <trkpt lat="38.75141" lon="-0.17880000000000001">
    <ele>434.92</ele>
   </trkpt>
   <trkpt lat="38.751340000000006" lon="-0.17915">
    <ele>435.61000000000007</ele>
   </trkpt>
   <trkpt lat="38.75133" lon="-0.18004">
    <ele>436.39000000000004</ele>
   </trkpt>
   <trkpt lat="38.751290000000004" lon="-0.18029">
    <ele>436.50000000000006</ele>
   </trkpt>
   <trkpt lat="38.7511" lon="-0.18087">
    <ele>436.53000000000003</ele>
   </trkpt>
   <trkpt lat="38.750840000000004" lon="-0.18134">
    <ele>436.37</ele>
   </trkpt>
   <trkpt lat="38.750730000000004" lon="-0.18163">
    <ele>436.26000000000005</ele>
   </trkpt>
   <trkpt lat="38.75067000000001" lon="-0.1819">
    <ele>436.13</ele>
   </trkpt>
   <trkpt lat="38.75058000000001" lon="-0.18245">
    <ele>435.92</ele>
   </trkpt>
   <trkpt lat="38.75045" lon="-0.18280000000000002">
    <ele>435.6700000000001</ele>
   </trkpt>
   <trkpt lat="38.75025" lon="-0.1831">
    <ele>435.32000000000005</ele>
   </trkpt>
   <trkpt lat="38.750080000000004" lon="-0.18326">
    <ele>435.12000000000006</ele>
   </trkpt>
   <trkpt lat="38.74982" lon="-0.18341000000000002">
    <ele>435.06000000000006</ele>
   </trkpt>
   <trkpt lat="38.749660000000006" lon="-0.18346">
    <ele>435.14000000000004</ele>
   </trkpt>
   <trkpt lat="38.74945" lon="-0.18348">
    <ele>435.58000000000004</ele>
   </trkpt>
   <trkpt lat="38.749210000000005" lon="-0.18346">
    <ele>436.35</ele>
   </trkpt>
   <trkpt lat="38.74859" lon="-0.18335">
    <ele>438.95000000000005</ele>
   </trkpt>
   <trkpt lat="38.74832" lon="-0.1834">
    <ele>442.56</ele>
   </trkpt>
   <trkpt lat="38.748160000000006" lon="-0.18346">
    <ele>442.56</ele>
   </trkpt>
   <trkpt lat="38.747820000000004" lon="-0.18371">
    <ele>444.8</ele>
   </trkpt>
   <trkpt lat="38.747620000000005" lon="-0.18399000000000001">
    <ele>445.68</ele>
   </trkpt>
   <trkpt lat="38.74748" lon="-0.18435">
    <ele>446.73</ele>
   </trkpt>
   <trkpt lat="38.747420000000005" lon="-0.1847">
    <ele>447.24</ele>
   </trkpt>
   <trkpt lat="38.747385001972425" lon="-0.18538000028125412">
    <ele>447.75</ele>
   </trkpt>
   <trkpt lat="38.747350000000004" lon="-0.18606">
    <ele>449.33000000000004</ele>
   </trkpt>
   <trkpt lat="38.747260000000004" lon="-0.18645">
    <ele>449.98</ele>
   </trkpt>
   <trkpt lat="38.747110000000006" lon="-0.18682">
    <ele>451.31000000000006</ele>
   </trkpt>
   <trkpt lat="38.746990000000004" lon="-0.18703">
    <ele>451.31000000000006</ele>
   </trkpt>
   <trkpt lat="38.746750000000006" lon="-0.18729">
    <ele>452.19000000000005</ele>
   </trkpt>
   <trkpt lat="38.74654" lon="-0.18745">
    <ele>453.51</ele>
   </trkpt>
   <trkpt lat="38.74625" lon="-0.18759">
    <ele>454.77000000000004</ele>
   </trkpt>
   <trkpt lat="38.74567999999642" lon="-0.18777500152536883">
    <ele>456.46000000000004</ele>
   </trkpt>
   <trkpt lat="38.745110000000004" lon="-0.18796000000000002">
    <ele>459.03000000000003</ele>
   </trkpt>
   <trkpt lat="38.74499" lon="-0.18804">
    <ele>459.03000000000003</ele>
   </trkpt>
   <trkpt lat="38.744510000000005" lon="-0.18860000000000002">
    <ele>461.19000000000005</ele>
   </trkpt>
   <trkpt lat="38.744400000000006" lon="-0.18879">
    <ele>463.23</ele>
   </trkpt>
   <trkpt lat="38.74436" lon="-0.18889">
    <ele>463.23</ele>
   </trkpt>
   <trkpt lat="38.744260000000004" lon="-0.18923">
    <ele>464.96000000000004</ele>
   </trkpt>
   <trkpt lat="38.744200000000006" lon="-0.18996000000000002">
    <ele>468.06</ele>
   </trkpt>
   <trkpt lat="38.744110000000006" lon="-0.19039">
    <ele>469.51000000000005</ele>
   </trkpt>
   <trkpt lat="38.744" lon="-0.19068000000000002">
    <ele>470.44</ele>
   </trkpt>
   <trkpt lat="38.743900000000004" lon="-0.19087">
    <ele>471.55</ele>
   </trkpt>
   <trkpt lat="38.743520000000004" lon="-0.19145">
    <ele>475.72</ele>
   </trkpt>
   <trkpt lat="38.74336" lon="-0.19165000000000001">
    <ele>476.52000000000004</ele>
   </trkpt>
   <trkpt lat="38.74307" lon="-0.19190000000000002">
    <ele>478.90000000000003</ele>
   </trkpt>
   <trkpt lat="38.742920000000005" lon="-0.19198">
    <ele>478.90000000000003</ele>
   </trkpt>
   <trkpt lat="38.74241000000001" lon="-0.19217">
    <ele>483.39000000000004</ele>
   </trkpt>
   <trkpt lat="38.742230000000006" lon="-0.19226000000000001">
    <ele>484.87</ele>
   </trkpt>
   <trkpt lat="38.742020000000004" lon="-0.19243000000000002">
    <ele>485.92</ele>
   </trkpt>
   <trkpt lat="38.74181" lon="-0.19268000000000002">
    <ele>487.99</ele>
   </trkpt>
   <trkpt lat="38.741550000000004" lon="-0.19311">
    <ele>489.66</ele>
   </trkpt>
   <trkpt lat="38.740950000000005" lon="-0.19389">
    <ele>492.96000000000004</ele>
   </trkpt>
   <trkpt lat="38.74082000000001" lon="-0.19411">
    <ele>494.11</ele>
   </trkpt>
   <trkpt lat="38.740730000000006" lon="-0.19445">
    <ele>495.7900000000001</ele>
   </trkpt>
   <trkpt lat="38.740640000000006" lon="-0.19497">
    <ele>495.7900000000001</ele>
   </trkpt>
   <trkpt lat="38.740570000000005" lon="-0.19515000000000002">
    <ele>499.7300000000001</ele>
   </trkpt>
   <trkpt lat="38.74047" lon="-0.19531">
    <ele>499.7300000000001</ele>
   </trkpt>
   <trkpt lat="38.74018" lon="-0.19559">
    <ele>501.51</ele>
   </trkpt>
   <trkpt lat="38.73986" lon="-0.19581">
    <ele>503.83</ele>
   </trkpt>
   <trkpt lat="38.739740000000005" lon="-0.19592">
    <ele>504.77000000000004</ele>
   </trkpt>
   <trkpt lat="38.73959" lon="-0.19614">
    <ele>505.7900000000001</ele>
   </trkpt>
   <trkpt lat="38.739540000000005" lon="-0.19633">
    <ele>507.21999999999997</ele>
   </trkpt>
   <trkpt lat="38.739520000000006" lon="-0.19661">
    <ele>509.45000000000005</ele>
   </trkpt>
   <trkpt lat="38.739650000000005" lon="-0.19742">
    <ele>515.49</ele>
   </trkpt>
   <trkpt lat="38.739610000000006" lon="-0.19767">
    <ele>516.95</ele>
   </trkpt>
   <trkpt lat="38.73955" lon="-0.19783">
    <ele>518.1800000000001</ele>
   </trkpt>
   <trkpt lat="38.7394" lon="-0.19803">
    <ele>519.3000000000001</ele>
   </trkpt>
   <trkpt lat="38.738890000000005" lon="-0.19842">
    <ele>520.23</ele>
   </trkpt>
   <trkpt lat="38.738550000000004" lon="-0.19883">
    <ele>518.81</ele>
   </trkpt>
   <trkpt lat="38.738440000000004" lon="-0.19891">
    <ele>518.81</ele>
   </trkpt>
   <trkpt lat="38.738260000000004" lon="-0.19898000000000002">
    <ele>517.5500000000001</ele>
   </trkpt>
   <trkpt lat="38.73809" lon="-0.19897">
    <ele>517.21</ele>
   </trkpt>
   <trkpt lat="38.737930000000006" lon="-0.19891">
    <ele>516.7900000000001</ele>
   </trkpt>
   <trkpt lat="38.737730000000006" lon="-0.19873000000000002">
    <ele>516.4000000000001</ele>
   </trkpt>
   <trkpt lat="38.73762" lon="-0.19867">
    <ele>516.3000000000001</ele>
   </trkpt>
   <trkpt lat="38.73733" lon="-0.19859000000000002">
    <ele>516.51</ele>
   </trkpt>
   <trkpt lat="38.736920000000005" lon="-0.19864">
    <ele>518.39</ele>
   </trkpt>
   <trkpt lat="38.73624" lon="-0.19878">
    <ele>521.0400000000001</ele>
   </trkpt>
   <trkpt lat="38.735440000000004" lon="-0.19883">
    <ele>522.81</ele>
   </trkpt>
   <trkpt lat="38.73481" lon="-0.19875">
    <ele>523.45</ele>
   </trkpt>
   <trkpt lat="38.73397000000001" lon="-0.19855">
    <ele>524.5600000000001</ele>
   </trkpt>
   <trkpt lat="38.73313" lon="-0.19858">
    <ele>526.51</ele>
   </trkpt>
   <trkpt lat="38.7329" lon="-0.19853">
    <ele>527.12</ele>
   </trkpt>
   <trkpt lat="38.732670000000006" lon="-0.19844">
    <ele>527.8000000000001</ele>
   </trkpt>
   <trkpt lat="38.73196" lon="-0.19805">
    <ele>530.47</ele>
   </trkpt>
   <trkpt lat="38.73171" lon="-0.19798000000000002">
    <ele>531.51</ele>
   </trkpt>
   <trkpt lat="38.73147" lon="-0.19797">
    <ele>533.15</ele>
   </trkpt>
   <trkpt lat="38.730850000000004" lon="-0.19798000000000002">
    <ele>535.37</ele>
   </trkpt>
   <trkpt lat="38.73057" lon="-0.19803">
    <ele>535.86</ele>
   </trkpt>
   <trkpt lat="38.73022" lon="-0.19814">
    <ele>536.42</ele>
   </trkpt>
   <trkpt lat="38.729980000000005" lon="-0.19814">
    <ele>536.3800000000001</ele>
   </trkpt>
   <trkpt lat="38.72975" lon="-0.19810000000000003">
    <ele>536.27</ele>
   </trkpt>
   <trkpt lat="38.728950000000005" lon="-0.19775">
    <ele>534.09</ele>
   </trkpt>
   <trkpt lat="38.72836" lon="-0.19744">
    <ele>532.0600000000001</ele>
   </trkpt>
   <trkpt lat="38.72814" lon="-0.1973">
    <ele>532.0600000000001</ele>
   </trkpt>
   <trkpt lat="38.727610000000006" lon="-0.19687000000000002">
    <ele>529.7700000000001</ele>
   </trkpt>
   <trkpt lat="38.72717" lon="-0.19655">
    <ele>528.5600000000001</ele>
   </trkpt>
   <trkpt lat="38.72708" lon="-0.19645">
    <ele>527.9</ele>
   </trkpt>
   <trkpt lat="38.72692" lon="-0.19621000000000002">
    <ele>525.99</ele>
   </trkpt>
   <trkpt lat="38.726800000000004" lon="-0.19606">
    <ele>525.99</ele>
   </trkpt>
   <trkpt lat="38.726910000000004" lon="-0.19617">
    <ele>527.46</ele>
   </trkpt>
   <trkpt lat="38.72708" lon="-0.19645">
    <ele>528.27</ele>
   </trkpt>
   <trkpt lat="38.72717" lon="-0.19655">
    <ele>528.7900000000001</ele>
   </trkpt>
   <trkpt lat="38.727410000000006" lon="-0.19673000000000002">
    <ele>529.2</ele>
   </trkpt>
   <trkpt lat="38.72742" lon="-0.1967">
    <ele>529.1400000000001</ele>
   </trkpt>
   <trkpt lat="38.727610000000006" lon="-0.19687000000000002">
    <ele>529.7700000000001</ele>
   </trkpt>
   <trkpt lat="38.72717" lon="-0.19655">
    <ele>528.5600000000001</ele>
   </trkpt>
   <trkpt lat="38.72708" lon="-0.19645">
    <ele>528.27</ele>
   </trkpt>
   <trkpt lat="38.726910000000004" lon="-0.19617">
    <ele>527.46</ele>
   </trkpt>
   <trkpt lat="38.72681" lon="-0.19606">
    <ele>525.5200000000001</ele>
   </trkpt>
   <trkpt lat="38.726760000000006" lon="-0.19597">
    <ele>525.5200000000001</ele>
   </trkpt>
   <trkpt lat="38.72663" lon="-0.19585000000000002">
    <ele>525.3800000000001</ele>
   </trkpt>
   <trkpt lat="38.72637" lon="-0.19563000000000003">
    <ele>525.47</ele>
   </trkpt>
   <trkpt lat="38.72596" lon="-0.19540000000000002">
    <ele>527.2600000000001</ele>
   </trkpt>
   <trkpt lat="38.72571000000001" lon="-0.19534">
    <ele>529.0</ele>
   </trkpt>
   <trkpt lat="38.72545" lon="-0.19533">
    <ele>531.2800000000001</ele>
   </trkpt>
   <trkpt lat="38.72478" lon="-0.19540000000000002">
    <ele>535.5300000000001</ele>
   </trkpt>
   <trkpt lat="38.72455" lon="-0.19531">
    <ele>535.95</ele>
   </trkpt>
   <trkpt lat="38.724320000000006" lon="-0.19511">
    <ele>536.51</ele>
   </trkpt>
   <trkpt lat="38.72421000000001" lon="-0.19506">
    <ele>536.95</ele>
   </trkpt>
   <trkpt lat="38.723530000000004" lon="-0.19496000000000002">
    <ele>539.4100000000001</ele>
   </trkpt>
   <trkpt lat="38.72339" lon="-0.195">
    <ele>539.2</ele>
   </trkpt>
   <trkpt lat="38.723290000000006" lon="-0.19506">
    <ele>538.8000000000001</ele>
   </trkpt>
   <trkpt lat="38.722820000000006" lon="-0.19553">
    <ele>535.9</ele>
   </trkpt>
   <trkpt lat="38.722680000000004" lon="-0.19564">
    <ele>535.5600000000001</ele>
   </trkpt>
   <trkpt lat="38.72196" lon="-0.19592">
    <ele>532.63</ele>
   </trkpt>
   <trkpt lat="38.72171" lon="-0.19592">
    <ele>532.21</ele>
   </trkpt>
   <trkpt lat="38.721610000000005" lon="-0.19593000000000002">
    <ele>531.84</ele>
   </trkpt>
   <trkpt lat="38.72153" lon="-0.19603">
    <ele>531.84</ele>
   </trkpt>
   <trkpt lat="38.721430000000005" lon="-0.19628">
    <ele>531.9200000000001</ele>
   </trkpt>
   <trkpt lat="38.72142" lon="-0.19640000000000002">
    <ele>532.0400000000001</ele>
   </trkpt>
   <trkpt lat="38.721450000000004" lon="-0.19653">
    <ele>532.0100000000001</ele>
   </trkpt>
   <trkpt lat="38.721560000000004" lon="-0.19661">
    <ele>532.0100000000001</ele>
   </trkpt>
   <trkpt lat="38.72198" lon="-0.19672">
    <ele>531.9</ele>
   </trkpt>
   <trkpt lat="38.7222" lon="-0.19666000000000003">
    <ele>532.1800000000001</ele>
   </trkpt>
   <trkpt lat="38.72269" lon="-0.19642">
    <ele>532.2600000000001</ele>
   </trkpt>
   <trkpt lat="38.722820000000006" lon="-0.19639">
    <ele>532.4000000000001</ele>
   </trkpt>
   <trkpt lat="38.72292" lon="-0.19642">
    <ele>532.4000000000001</ele>
   </trkpt>
   <trkpt lat="38.72298" lon="-0.19644">
    <ele>532.45</ele>
   </trkpt>
   <trkpt lat="38.72305" lon="-0.19653">
    <ele>532.4300000000001</ele>
   </trkpt>
   <trkpt lat="38.72316" lon="-0.19683">
    <ele>532.36</ele>
   </trkpt>
   <trkpt lat="38.72328" lon="-0.19697">
    <ele>532.37</ele>
   </trkpt>
   <trkpt lat="38.72339" lon="-0.19705">
    <ele>532.5300000000001</ele>
   </trkpt>
   <trkpt lat="38.723800000000004" lon="-0.19726000000000002">
    <ele>532.4300000000001</ele>
   </trkpt>
   <trkpt lat="38.723910000000004" lon="-0.19729000000000002">
    <ele>532.3800000000001</ele>
   </trkpt>
   <trkpt lat="38.724050000000005" lon="-0.19729000000000002">
    <ele>532.2800000000001</ele>
   </trkpt>
   <trkpt lat="38.72478" lon="-0.19717">
    <ele>533.24</ele>
   </trkpt>
   <trkpt lat="38.72498" lon="-0.19717">
    <ele>533.87</ele>
   </trkpt>
   <trkpt lat="38.725370000000005" lon="-0.19723000000000002">
    <ele>535.6800000000001</ele>
   </trkpt>
   <trkpt lat="38.725460000000005" lon="-0.1973">
    <ele>535.6800000000001</ele>
   </trkpt>
   <trkpt lat="38.725530000000006" lon="-0.19742">
    <ele>536.6899999999999</ele>
   </trkpt>
   <trkpt lat="38.72554" lon="-0.19766">
    <ele>537.1700000000001</ele>
   </trkpt>
   <trkpt lat="38.725500000000004" lon="-0.1978">
    <ele>538.32</ele>
   </trkpt>
   <trkpt lat="38.725460000000005" lon="-0.19787000000000002">
    <ele>538.73</ele>
   </trkpt>
   <trkpt lat="38.72538" lon="-0.19795000000000001">
    <ele>539.08</ele>
   </trkpt>
   <trkpt lat="38.72513" lon="-0.19805">
    <ele>539.72</ele>
   </trkpt>
   <trkpt lat="38.724940000000004" lon="-0.19816">
    <ele>541.4300000000001</ele>
   </trkpt>
   <trkpt lat="38.724540000000005" lon="-0.19845000000000002">
    <ele>542.7700000000001</ele>
   </trkpt>
   <trkpt lat="38.724450000000004" lon="-0.19858">
    <ele>542.7700000000001</ele>
   </trkpt>
   <trkpt lat="38.72442" lon="-0.19869">
    <ele>543.97</ele>
   </trkpt>
   <trkpt lat="38.724430000000005" lon="-0.19878">
    <ele>543.97</ele>
   </trkpt>
   <trkpt lat="38.72448" lon="-0.19894">
    <ele>543.97</ele>
   </trkpt>
   <trkpt lat="38.72482" lon="-0.19977">
    <ele>547.09</ele>
   </trkpt>
   <trkpt lat="38.724970000000006" lon="-0.20056000000000002">
    <ele>551.18</ele>
   </trkpt>
   <trkpt lat="38.725120000000004" lon="-0.20102">
    <ele>553.8700000000001</ele>
   </trkpt>
   <trkpt lat="38.725120000000004" lon="-0.20113">
    <ele>554.19</ele>
   </trkpt>
   <trkpt lat="38.72502" lon="-0.20127">
    <ele>554.7500000000001</ele>
   </trkpt>
   <trkpt lat="38.72489" lon="-0.20133">
    <ele>556.0</ele>
   </trkpt>
   <trkpt lat="38.72473" lon="-0.20136">
    <ele>556.48</ele>
   </trkpt>
   <trkpt lat="38.724680000000006" lon="-0.20136">
    <ele>557.13</ele>
   </trkpt>
   <trkpt lat="38.72462" lon="-0.2013">
    <ele>557.13</ele>
   </trkpt>
   <trkpt lat="38.724340000000005" lon="-0.20086">
    <ele>559.36</ele>
   </trkpt>
   <trkpt lat="38.724160000000005" lon="-0.20061">
    <ele>561.36</ele>
   </trkpt>
   <trkpt lat="38.724050000000005" lon="-0.20056000000000002">
    <ele>562.0</ele>
   </trkpt>
   <trkpt lat="38.724000000000004" lon="-0.20056000000000002">
    <ele>562.1700000000001</ele>
   </trkpt>
   <trkpt lat="38.72393" lon="-0.20061">
    <ele>562.1700000000001</ele>
   </trkpt>
   <trkpt lat="38.72383000000001" lon="-0.20075">
    <ele>562.7</ele>
   </trkpt>
   <trkpt lat="38.72368" lon="-0.20102">
    <ele>563.99</ele>
   </trkpt>
   <trkpt lat="38.72361" lon="-0.20122">
    <ele>564.6600000000001</ele>
   </trkpt>
   <trkpt lat="38.723470000000006" lon="-0.20211">
    <ele>568.98</ele>
   </trkpt>
   <trkpt lat="38.72341" lon="-0.20222">
    <ele>569.62</ele>
   </trkpt>
   <trkpt lat="38.72300500101576" lon="-0.20272000289431977">
    <ele>573.44</ele>
   </trkpt>
   <trkpt lat="38.7226" lon="-0.20322">
    <ele>575.2</ele>
   </trkpt>
   <trkpt lat="38.722100000000005" lon="-0.20358">
    <ele>577.49</ele>
   </trkpt>
   <trkpt lat="38.72187" lon="-0.20406000000000002">
    <ele>577.2900000000001</ele>
   </trkpt>
   <trkpt lat="38.721700000000006" lon="-0.20449">
    <ele>575.69</ele>
   </trkpt>
   <trkpt lat="38.72169" lon="-0.20463">
    <ele>575.69</ele>
   </trkpt>
   <trkpt lat="38.72175" lon="-0.20475000000000002">
    <ele>575.45</ele>
   </trkpt>
   <trkpt lat="38.72186000000001" lon="-0.20486000000000001">
    <ele>575.22</ele>
   </trkpt>
   <trkpt lat="38.72202" lon="-0.20494">
    <ele>575.1800000000001</ele>
   </trkpt>
   <trkpt lat="38.72214" lon="-0.20491">
    <ele>575.2400000000001</ele>
   </trkpt>
   <trkpt lat="38.722370000000005" lon="-0.20483">
    <ele>575.2400000000001</ele>
   </trkpt>
   <trkpt lat="38.722440000000006" lon="-0.20483">
    <ele>575.3100000000001</ele>
   </trkpt>
   <trkpt lat="38.72251" lon="-0.20483">
    <ele>575.3900000000001</ele>
   </trkpt>
   <trkpt lat="38.72269" lon="-0.20496">
    <ele>575.71</ele>
   </trkpt>
   <trkpt lat="38.72280000000001" lon="-0.20508">
    <ele>576.0900000000001</ele>
   </trkpt>
   <trkpt lat="38.722930000000005" lon="-0.2053">
    <ele>577.2700000000001</ele>
   </trkpt>
   <trkpt lat="38.72294" lon="-0.20555">
    <ele>578.4100000000001</ele>
   </trkpt>
   <trkpt lat="38.7229" lon="-0.20569">
    <ele>578.4100000000001</ele>
   </trkpt>
   <trkpt lat="38.722840000000005" lon="-0.20577">
    <ele>578.88</ele>
   </trkpt>
   <trkpt lat="38.722660000000005" lon="-0.20589000000000002">
    <ele>580.5300000000001</ele>
   </trkpt>
   <trkpt lat="38.72251" lon="-0.20596">
    <ele>581.52</ele>
   </trkpt>
   <trkpt lat="38.722370000000005" lon="-0.20597000000000001">
    <ele>583.25</ele>
   </trkpt>
   <trkpt lat="38.72193" lon="-0.20593000000000003">
    <ele>585.67</ele>
   </trkpt>
   <trkpt lat="38.72178" lon="-0.20600000000000002">
    <ele>586.4100000000001</ele>
   </trkpt>
   <trkpt lat="38.72164" lon="-0.20614000000000002">
    <ele>586.86</ele>
   </trkpt>
   <trkpt lat="38.721120000000006" lon="-0.20682">
    <ele>591.43</ele>
   </trkpt>
   <trkpt lat="38.72083000000001" lon="-0.2071">
    <ele>593.43</ele>
   </trkpt>
   <trkpt lat="38.720670000000005" lon="-0.20736000000000002">
    <ele>594.5</ele>
   </trkpt>
   <trkpt lat="38.720600000000005" lon="-0.20766">
    <ele>594.57</ele>
   </trkpt>
   <trkpt lat="38.72061" lon="-0.20782">
    <ele>594.7300000000001</ele>
   </trkpt>
   <trkpt lat="38.72082" lon="-0.20849">
    <ele>597.2900000000001</ele>
   </trkpt>
   <trkpt lat="38.72088" lon="-0.2086">
    <ele>597.7800000000001</ele>
   </trkpt>
   <trkpt lat="38.72101" lon="-0.20866">
    <ele>598.1800000000001</ele>
   </trkpt>
   <trkpt lat="38.72111" lon="-0.20868">
    <ele>598.1800000000001</ele>
   </trkpt>
   <trkpt lat="38.72117" lon="-0.20866">
    <ele>598.1800000000001</ele>
   </trkpt>
   <trkpt lat="38.7214" lon="-0.20849">
    <ele>599.62</ele>
   </trkpt>
   <trkpt lat="38.72151" lon="-0.20843">
    <ele>600.1700000000001</ele>
   </trkpt>
   <trkpt lat="38.7216" lon="-0.20846">
    <ele>600.6400000000001</ele>
   </trkpt>
   <trkpt lat="38.72167" lon="-0.20855">
    <ele>601.45</ele>
   </trkpt>
   <trkpt lat="38.721700000000006" lon="-0.20866">
    <ele>601.6700000000001</ele>
   </trkpt>
   <trkpt lat="38.72177000000001" lon="-0.20924">
    <ele>605.82</ele>
   </trkpt>
   <trkpt lat="38.72175" lon="-0.20932">
    <ele>606.59</ele>
   </trkpt>
   <trkpt lat="38.721680000000006" lon="-0.20941">
    <ele>606.92</ele>
   </trkpt>
   <trkpt lat="38.721610000000005" lon="-0.20941">
    <ele>607.21</ele>
   </trkpt>
   <trkpt lat="38.721090000000004" lon="-0.20921">
    <ele>610.71</ele>
   </trkpt>
   <trkpt lat="38.720940000000006" lon="-0.20927">
    <ele>611.47</ele>
   </trkpt>
   <trkpt lat="38.720850000000006" lon="-0.20935">
    <ele>612.33</ele>
   </trkpt>
   <trkpt lat="38.72079" lon="-0.20949">
    <ele>613.74</ele>
   </trkpt>
   <trkpt lat="38.72079" lon="-0.20963">
    <ele>615.0600000000001</ele>
   </trkpt>
   <trkpt lat="38.72086" lon="-0.20977">
    <ele>616.2</ele>
   </trkpt>
   <trkpt lat="38.72129" lon="-0.21007">
    <ele>619.9</ele>
   </trkpt>
   <trkpt lat="38.721610000000005" lon="-0.21013">
    <ele>621.39</ele>
   </trkpt>
   <trkpt lat="38.72205" lon="-0.21027">
    <ele>626.08</ele>
   </trkpt>
   <trkpt lat="38.722480000000004" lon="-0.21018">
    <ele>629.74</ele>
   </trkpt>
   <trkpt lat="38.72274" lon="-0.21007">
    <ele>631.1000000000001</ele>
   </trkpt>
   <trkpt lat="38.723130000000005" lon="-0.20974">
    <ele>634.39</ele>
   </trkpt>
   <trkpt lat="38.72325" lon="-0.20963">
    <ele>636.7400000000001</ele>
   </trkpt>
   <trkpt lat="38.723580000000005" lon="-0.20908000000000002">
    <ele>640.6</ele>
   </trkpt>
   <trkpt lat="38.724120000000006" lon="-0.20852">
    <ele>642.9</ele>
   </trkpt>
   <trkpt lat="38.724180000000004" lon="-0.20849">
    <ele>643.2</ele>
   </trkpt>
   <trkpt lat="38.724340000000005" lon="-0.20846">
    <ele>643.78</ele>
   </trkpt>
   <trkpt lat="38.72451" lon="-0.20858000000000002">
    <ele>644.99</ele>
   </trkpt>
   <trkpt lat="38.72455" lon="-0.20872000000000002">
    <ele>645.39</ele>
   </trkpt>
   <trkpt lat="38.72457" lon="-0.20888">
    <ele>645.7400000000001</ele>
   </trkpt>
   <trkpt lat="38.724540000000005" lon="-0.2091">
    <ele>645.85</ele>
   </trkpt>
   <trkpt lat="38.724410000000006" lon="-0.20956000000000002">
    <ele>646.05</ele>
   </trkpt>
   <trkpt lat="38.72413" lon="-0.21022000000000002">
    <ele>646.1300000000001</ele>
   </trkpt>
   <trkpt lat="38.724000000000004" lon="-0.21121">
    <ele>647.14</ele>
   </trkpt>
   <trkpt lat="38.72384" lon="-0.21179">
    <ele>648.1</ele>
   </trkpt>
   <trkpt lat="38.72374000000001" lon="-0.21204">
    <ele>648.3100000000001</ele>
   </trkpt>
   <trkpt lat="38.723600000000005" lon="-0.21224">
    <ele>648.45</ele>
   </trkpt>
   <trkpt lat="38.7235" lon="-0.21235">
    <ele>648.45</ele>
   </trkpt>
   <trkpt lat="38.723220000000005" lon="-0.21255000000000002">
    <ele>648.4200000000001</ele>
   </trkpt>
   <trkpt lat="38.723040000000005" lon="-0.21274">
    <ele>648.26</ele>
   </trkpt>
   <trkpt lat="38.7229" lon="-0.21296">
    <ele>647.82</ele>
   </trkpt>
   <trkpt lat="38.72279" lon="-0.21318">
    <ele>647.63</ele>
   </trkpt>
   <trkpt lat="38.722480000000004" lon="-0.21335">
    <ele>647.59</ele>
   </trkpt>
   <trkpt lat="38.72243" lon="-0.21352000000000002">
    <ele>647.71</ele>
   </trkpt>
   <trkpt lat="38.72242" lon="-0.21399">
    <ele>648.33</ele>
   </trkpt>
   <trkpt lat="38.722390000000004" lon="-0.21421">
    <ele>648.33</ele>
   </trkpt>
   <trkpt lat="38.722170000000006" lon="-0.21462">
    <ele>648.71</ele>
   </trkpt>
   <trkpt lat="38.72214" lon="-0.21473">
    <ele>648.71</ele>
   </trkpt>
   <trkpt lat="38.722170000000006" lon="-0.21495000000000003">
    <ele>648.76</ele>
   </trkpt>
   <trkpt lat="38.722480000000004" lon="-0.21549000000000001">
    <ele>648.8000000000001</ele>
   </trkpt>
   <trkpt lat="38.72251" lon="-0.21562">
    <ele>648.66</ele>
   </trkpt>
   <trkpt lat="38.72245" lon="-0.21607">
    <ele>648.0300000000001</ele>
   </trkpt>
   <trkpt lat="38.722440000000006" lon="-0.21632">
    <ele>647.6800000000001</ele>
   </trkpt>
   <trkpt lat="38.722460000000005" lon="-0.21671">
    <ele>647.3100000000001</ele>
   </trkpt>
   <trkpt lat="38.72251" lon="-0.21682">
    <ele>647.3100000000001</ele>
   </trkpt>
   <trkpt lat="38.7226" lon="-0.21687">
    <ele>647.33</ele>
   </trkpt>
   <trkpt lat="38.72269" lon="-0.21688000000000002">
    <ele>647.4700000000001</ele>
   </trkpt>
   <trkpt lat="38.722910000000006" lon="-0.21687">
    <ele>648.1</ele>
   </trkpt>
   <trkpt lat="38.72299" lon="-0.21693">
    <ele>648.3800000000001</ele>
   </trkpt>
   <trkpt lat="38.723060000000004" lon="-0.21699000000000002">
    <ele>648.3800000000001</ele>
   </trkpt>
   <trkpt lat="38.723090000000006" lon="-0.21712">
    <ele>648.5300000000001</ele>
   </trkpt>
   <trkpt lat="38.72316" lon="-0.21784">
    <ele>649.26</ele>
   </trkpt>
   <trkpt lat="38.723200000000006" lon="-0.21795">
    <ele>649.7400000000001</ele>
   </trkpt>
   <trkpt lat="38.72326" lon="-0.21804">
    <ele>650.09</ele>
   </trkpt>
   <trkpt lat="38.72334" lon="-0.21809">
    <ele>650.09</ele>
   </trkpt>
   <trkpt lat="38.72341" lon="-0.21812">
    <ele>651.05</ele>
   </trkpt>
   <trkpt lat="38.723470000000006" lon="-0.21812">
    <ele>651.05</ele>
   </trkpt>
   <trkpt lat="38.72354" lon="-0.21809">
    <ele>651.57</ele>
   </trkpt>
   <trkpt lat="38.7237" lon="-0.21795">
    <ele>651.99</ele>
   </trkpt>
   <trkpt lat="38.72383000000001" lon="-0.21776">
    <ele>652.3500000000001</ele>
   </trkpt>
   <trkpt lat="38.724090000000004" lon="-0.21713000000000002">
    <ele>652.71</ele>
   </trkpt>
   <trkpt lat="38.72439" lon="-0.21671">
    <ele>653.6500000000001</ele>
   </trkpt>
   <trkpt lat="38.72448" lon="-0.21663000000000002">
    <ele>653.6500000000001</ele>
   </trkpt>
   <trkpt lat="38.724590000000006" lon="-0.21659">
    <ele>654.42</ele>
   </trkpt>
   <trkpt lat="38.72469" lon="-0.21662">
    <ele>654.93</ele>
   </trkpt>
   <trkpt lat="38.72477000000001" lon="-0.21671">
    <ele>655.19</ele>
   </trkpt>
   <trkpt lat="38.7248" lon="-0.21682">
    <ele>655.19</ele>
   </trkpt>
   <trkpt lat="38.7248" lon="-0.2169">
    <ele>655.6800000000001</ele>
   </trkpt>
   <trkpt lat="38.72473" lon="-0.21715">
    <ele>656.0600000000001</ele>
   </trkpt>
   <trkpt lat="38.724430000000005" lon="-0.21762">
    <ele>657.2900000000001</ele>
   </trkpt>
   <trkpt lat="38.7244" lon="-0.21773">
    <ele>658.95</ele>
   </trkpt>
   <trkpt lat="38.724360000000004" lon="-0.2182">
    <ele>660.19</ele>
   </trkpt>
   <trkpt lat="38.72439" lon="-0.21832000000000001">
    <ele>660.5000000000001</ele>
   </trkpt>
   <trkpt lat="38.72444" lon="-0.21843">
    <ele>660.57</ele>
   </trkpt>
   <trkpt lat="38.72451" lon="-0.21849000000000002">
    <ele>660.57</ele>
   </trkpt>
   <trkpt lat="38.724810000000005" lon="-0.21864000000000003">
    <ele>660.6200000000001</ele>
   </trkpt>
   <trkpt lat="38.724900000000005" lon="-0.21873">
    <ele>660.5500000000001</ele>
   </trkpt>
   <trkpt lat="38.724940000000004" lon="-0.21881">
    <ele>660.5300000000001</ele>
   </trkpt>
   <trkpt lat="38.724900000000005" lon="-0.21967">
    <ele>662.44</ele>
   </trkpt>
   <trkpt lat="38.724990000000005" lon="-0.22015">
    <ele>665.2900000000001</ele>
   </trkpt>
   <trkpt lat="38.725" lon="-0.22029">
    <ele>665.5300000000001</ele>
   </trkpt>
   <trkpt lat="38.724970000000006" lon="-0.22056">
    <ele>666.32</ele>
   </trkpt>
   <trkpt lat="38.724990000000005" lon="-0.22067">
    <ele>667.0</ele>
   </trkpt>
   <trkpt lat="38.725030000000004" lon="-0.22076">
    <ele>667.39</ele>
   </trkpt>
   <trkpt lat="38.72511" lon="-0.22084">
    <ele>667.85</ele>
   </trkpt>
   <trkpt lat="38.725350000000006" lon="-0.22096000000000002">
    <ele>670.0600000000001</ele>
   </trkpt>
   <trkpt lat="38.72558" lon="-0.22101">
    <ele>670.6</ele>
   </trkpt>
   <trkpt lat="38.72571000000001" lon="-0.22101">
    <ele>672.0400000000001</ele>
   </trkpt>
   <trkpt lat="38.726020000000005" lon="-0.22093000000000002">
    <ele>672.88</ele>
   </trkpt>
   <trkpt lat="38.726110000000006" lon="-0.22098">
    <ele>673.03</ele>
   </trkpt>
   <trkpt lat="38.726200000000006" lon="-0.22107000000000002">
    <ele>673.03</ele>
   </trkpt>
   <trkpt lat="38.726490000000005" lon="-0.22176">
    <ele>670.2800000000001</ele>
   </trkpt>
   <trkpt lat="38.726510000000005" lon="-0.22187">
    <ele>669.34</ele>
   </trkpt>
   <trkpt lat="38.7265" lon="-0.22198">
    <ele>669.34</ele>
   </trkpt>
   <trkpt lat="38.726400000000005" lon="-0.22237">
    <ele>667.2</ele>
   </trkpt>
   <trkpt lat="38.726420000000005" lon="-0.22251">
    <ele>666.78</ele>
   </trkpt>
   <trkpt lat="38.72646" lon="-0.22259">
    <ele>666.13</ele>
   </trkpt>
   <trkpt lat="38.726530000000004" lon="-0.22267">
    <ele>666.13</ele>
   </trkpt>
   <trkpt lat="38.72664" lon="-0.2227">
    <ele>665.78</ele>
   </trkpt>
   <trkpt lat="38.72746" lon="-0.22262">
    <ele>661.37</ele>
   </trkpt>
   <trkpt lat="38.7276" lon="-0.22262">
    <ele>661.02</ele>
   </trkpt>
   <trkpt lat="38.727810000000005" lon="-0.22268000000000002">
    <ele>660.6500000000001</ele>
   </trkpt>
   <trkpt lat="38.72845" lon="-0.22298">
    <ele>659.24</ele>
   </trkpt>
   <trkpt lat="38.728680000000004" lon="-0.22312">
    <ele>659.0600000000001</ele>
   </trkpt>
   <trkpt lat="38.72916" lon="-0.22359">
    <ele>657.19</ele>
   </trkpt>
   <trkpt lat="38.72923" lon="-0.22368000000000002">
    <ele>656.85</ele>
   </trkpt>
   <trkpt lat="38.729290000000006" lon="-0.22393000000000002">
    <ele>655.75</ele>
   </trkpt>
   <trkpt lat="38.729330000000004" lon="-0.2245">
    <ele>652.81</ele>
   </trkpt>
   <trkpt lat="38.729380000000006" lon="-0.22462000000000001">
    <ele>652.1800000000001</ele>
   </trkpt>
   <trkpt lat="38.729530000000004" lon="-0.22487000000000001">
    <ele>650.0100000000001</ele>
   </trkpt>
   <trkpt lat="38.729690000000005" lon="-0.22503">
    <ele>648.02</ele>
   </trkpt>
   <trkpt lat="38.729800000000004" lon="-0.22523">
    <ele>647.26</ele>
   </trkpt>
   <trkpt lat="38.72984" lon="-0.22536">
    <ele>646.0600000000001</ele>
   </trkpt>
   <trkpt lat="38.72984" lon="-0.22548">
    <ele>645.83</ele>
   </trkpt>
   <trkpt lat="38.72979" lon="-0.22573000000000001">
    <ele>645.23</ele>
   </trkpt>
   <trkpt lat="38.729710000000004" lon="-0.22590000000000002">
    <ele>644.98</ele>
   </trkpt>
   <trkpt lat="38.72937" lon="-0.2265">
    <ele>644.8600000000001</ele>
   </trkpt>
   <trkpt lat="38.729330000000004" lon="-0.22661">
    <ele>644.8600000000001</ele>
   </trkpt>
   <trkpt lat="38.72932" lon="-0.22675">
    <ele>644.8000000000001</ele>
   </trkpt>
   <trkpt lat="38.72939" lon="-0.22709000000000001">
    <ele>644.5900000000001</ele>
   </trkpt>
   <trkpt lat="38.72945" lon="-0.22759000000000001">
    <ele>644.2</ele>
   </trkpt>
   <trkpt lat="38.729490000000006" lon="-0.22772">
    <ele>643.97</ele>
   </trkpt>
   <trkpt lat="38.72957" lon="-0.22792">
    <ele>643.2800000000001</ele>
   </trkpt>
   <trkpt lat="38.72972" lon="-0.22811">
    <ele>642.05</ele>
   </trkpt>
   <trkpt lat="38.729850000000006" lon="-0.22823000000000002">
    <ele>640.6200000000001</ele>
   </trkpt>
   <trkpt lat="38.730180000000004" lon="-0.22848000000000002">
    <ele>638.5200000000001</ele>
   </trkpt>
   <trkpt lat="38.73028" lon="-0.22861">
    <ele>635.29</ele>
   </trkpt>
   <trkpt lat="38.730500000000006" lon="-0.22911">
    <ele>632.0</ele>
   </trkpt>
   <trkpt lat="38.73058" lon="-0.22936">
    <ele>630.33</ele>
   </trkpt>
   <trkpt lat="38.73059000000001" lon="-0.2295">
    <ele>629.8100000000001</ele>
   </trkpt>
   <trkpt lat="38.73055" lon="-0.22959000000000002">
    <ele>629.59</ele>
   </trkpt>
   <trkpt lat="38.73039" lon="-0.22975">
    <ele>629.58</ele>
   </trkpt>
   <trkpt lat="38.730320000000006" lon="-0.22986">
    <ele>629.48</ele>
   </trkpt>
   <trkpt lat="38.73026" lon="-0.23002000000000003">
    <ele>629.47</ele>
   </trkpt>
   <trkpt lat="38.72997" lon="-0.23047">
    <ele>631.2500000000001</ele>
   </trkpt>
   <trkpt lat="38.72993" lon="-0.23064">
    <ele>631.7600000000001</ele>
   </trkpt>
   <trkpt lat="38.729940000000006" lon="-0.23075">
    <ele>631.99</ele>
   </trkpt>
   <trkpt lat="38.73004" lon="-0.23092000000000001">
    <ele>633.14</ele>
   </trkpt>
   <trkpt lat="38.730740000000004" lon="-0.23153">
    <ele>636.95</ele>
   </trkpt>
   <trkpt lat="38.73082" lon="-0.23162000000000002">
    <ele>637.6500000000001</ele>
   </trkpt>
   <trkpt lat="38.731120000000004" lon="-0.232">
    <ele>640.7700000000001</ele>
   </trkpt>
   <trkpt lat="38.731320000000004" lon="-0.23216">
    <ele>642.21</ele>
   </trkpt>
   <trkpt lat="38.731860000000005" lon="-0.23239">
    <ele>643.94</ele>
   </trkpt>
   <trkpt lat="38.73217" lon="-0.23261">
    <ele>644.05</ele>
   </trkpt>
   <trkpt lat="38.732330000000005" lon="-0.23281000000000002">
    <ele>644.27</ele>
   </trkpt>
   <trkpt lat="38.732440000000004" lon="-0.23306000000000002">
    <ele>644.54</ele>
   </trkpt>
   <trkpt lat="38.73246" lon="-0.23319">
    <ele>644.75</ele>
   </trkpt>
   <trkpt lat="38.7325" lon="-0.234">
    <ele>647.34</ele>
   </trkpt>
   <trkpt lat="38.7325" lon="-0.23450000000000001">
    <ele>649.19</ele>
   </trkpt>
   <trkpt lat="38.73246" lon="-0.23492000000000002">
    <ele>651.44</ele>
   </trkpt>
   <trkpt lat="38.732490000000006" lon="-0.23541">
    <ele>654.3100000000001</ele>
   </trkpt>
   <trkpt lat="38.73261000189083" lon="-0.23607499892299955">
    <ele>656.1600000000001</ele>
   </trkpt>
   <trkpt lat="38.732730000000004" lon="-0.23674">
    <ele>656.86</ele>
   </trkpt>
   <trkpt lat="38.73275" lon="-0.23716">
    <ele>657.2300000000001</ele>
   </trkpt>
   <trkpt lat="38.73272" lon="-0.23733">
    <ele>658.12</ele>
   </trkpt>
   <trkpt lat="38.732580000000006" lon="-0.23769">
    <ele>658.46</ele>
   </trkpt>
   <trkpt lat="38.7325" lon="-0.23825000000000002">
    <ele>660.12</ele>
   </trkpt>
   <trkpt lat="38.73220000446479" lon="-0.2392750043393202">
    <ele>663.07</ele>
   </trkpt>
   <trkpt lat="38.7319" lon="-0.2403">
    <ele>666.5600000000001</ele>
   </trkpt>
   <trkpt lat="38.73187" lon="-0.24055">
    <ele>667.32</ele>
   </trkpt>
   <trkpt lat="38.731860000000005" lon="-0.24144000000000002">
    <ele>669.33</ele>
   </trkpt>
   <trkpt lat="38.73189" lon="-0.24157">
    <ele>669.72</ele>
   </trkpt>
   <trkpt lat="38.731930000000006" lon="-0.24168">
    <ele>670.1700000000001</ele>
   </trkpt>
   <trkpt lat="38.73216" lon="-0.24196">
    <ele>673.6200000000001</ele>
   </trkpt>
   <trkpt lat="38.732200000000006" lon="-0.24205000000000002">
    <ele>673.6200000000001</ele>
   </trkpt>
   <trkpt lat="38.7323" lon="-0.24235">
    <ele>675.61</ele>
   </trkpt>
   <trkpt lat="38.73239" lon="-0.24249">
    <ele>675.98</ele>
   </trkpt>
   <trkpt lat="38.732580000000006" lon="-0.24274">
    <ele>676.71</ele>
   </trkpt>
   <trkpt lat="38.73266" lon="-0.24296">
    <ele>676.9300000000001</ele>
   </trkpt>
   <trkpt lat="38.732690000000005" lon="-0.24316000000000002">
    <ele>676.8900000000001</ele>
   </trkpt>
   <trkpt lat="38.732670000000006" lon="-0.24327000000000001">
    <ele>676.79</ele>
   </trkpt>
   <trkpt lat="38.732600000000005" lon="-0.24338">
    <ele>676.59</ele>
   </trkpt>
   <trkpt lat="38.73246" lon="-0.24352000000000001">
    <ele>676.47</ele>
   </trkpt>
   <trkpt lat="38.732420000000005" lon="-0.24366000000000002">
    <ele>676.51</ele>
   </trkpt>
   <trkpt lat="38.732420000000005" lon="-0.24379">
    <ele>676.74</ele>
   </trkpt>
   <trkpt lat="38.73246" lon="-0.24418">
    <ele>677.5000000000001</ele>
   </trkpt>
   <trkpt lat="38.73244000182579" lon="-0.24483500023452914">
    <ele>677.96</ele>
   </trkpt>
   <trkpt lat="38.732420000000005" lon="-0.24549">
    <ele>678.74</ele>
   </trkpt>
   <trkpt lat="38.73243" lon="-0.24563000000000001">
    <ele>678.74</ele>
   </trkpt>
   <trkpt lat="38.73257" lon="-0.24593">
    <ele>679.34</ele>
   </trkpt>
   <trkpt lat="38.73286" lon="-0.24611000000000002">
    <ele>679.9000000000001</ele>
   </trkpt>
   <trkpt lat="38.732910000000004" lon="-0.24618">
    <ele>679.9000000000001</ele>
   </trkpt>
   <trkpt lat="38.732940000000006" lon="-0.24635">
    <ele>679.9900000000001</ele>
   </trkpt>
   <trkpt lat="38.73275" lon="-0.24721">
    <ele>681.84</ele>
   </trkpt>
   <trkpt lat="38.73283" lon="-0.24793">
    <ele>684.8700000000001</ele>
   </trkpt>
   <trkpt lat="38.73301" lon="-0.2484">
    <ele>687.7700000000001</ele>
   </trkpt>
   <trkpt lat="38.73315" lon="-0.2494">
    <ele>692.95</ele>
   </trkpt>
   <trkpt lat="38.73318000196051" lon="-0.2500799995104156">
    <ele>694.4200000000001</ele>
   </trkpt>
   <trkpt lat="38.73321" lon="-0.25076000000000004">
    <ele>696.19</ele>
   </trkpt>
   <trkpt lat="38.733250000000005" lon="-0.25083">
    <ele>696.19</ele>
   </trkpt>
   <trkpt lat="38.73353" lon="-0.25110000000000005">
    <ele>697.9399999999999</ele>
   </trkpt>
   <trkpt lat="38.73362" lon="-0.25122">
    <ele>698.49</ele>
   </trkpt>
   <trkpt lat="38.73369" lon="-0.25144">
    <ele>698.83</ele>
   </trkpt>
   <trkpt lat="38.733670000000004" lon="-0.25177">
    <ele>699.16</ele>
   </trkpt>
   <trkpt lat="38.73359000000001" lon="-0.25203000000000003">
    <ele>699.5400000000001</ele>
   </trkpt>
   <trkpt lat="38.73348" lon="-0.25233">
    <ele>701.34</ele>
   </trkpt>
   <trkpt lat="38.733430000000006" lon="-0.25255">
    <ele>701.96</ele>
   </trkpt>
   <trkpt lat="38.733470000000004" lon="-0.25361">
    <ele>705.0400000000001</ele>
   </trkpt>
   <trkpt lat="38.73342" lon="-0.25399">
    <ele>707.2700000000001</ele>
   </trkpt>
   <trkpt lat="38.733360000000005" lon="-0.25422">
    <ele>708.3100000000001</ele>
   </trkpt>
   <trkpt lat="38.73335" lon="-0.25444">
    <ele>708.9000000000001</ele>
   </trkpt>
   <trkpt lat="38.733380000000004" lon="-0.25460000000000005">
    <ele>709.19</ele>
   </trkpt>
   <trkpt lat="38.73344" lon="-0.25472">
    <ele>709.19</ele>
   </trkpt>
   <trkpt lat="38.73349" lon="-0.25489">
    <ele>710.07</ele>
   </trkpt>
   <trkpt lat="38.73355500206978" lon="-0.255579999816966">
    <ele>711.5300000000001</ele>
   </trkpt>
   <trkpt lat="38.73362" lon="-0.25627">
    <ele>715.01</ele>
   </trkpt>
   <trkpt lat="38.733630000000005" lon="-0.25648000000000004">
    <ele>715.01</ele>
   </trkpt>
   <trkpt lat="38.73355" lon="-0.25721">
    <ele>718.5</ele>
   </trkpt>
   <trkpt lat="38.73355" lon="-0.25738">
    <ele>720.2900000000001</ele>
   </trkpt>
   <trkpt lat="38.73358" lon="-0.25751">
    <ele>720.2900000000001</ele>
   </trkpt>
   <trkpt lat="38.73382" lon="-0.25820000000000004">
    <ele>726.1200000000001</ele>
   </trkpt>
   <trkpt lat="38.73394000473829" lon="-0.25925499820569203">
    <ele>730.83</ele>
   </trkpt>
   <trkpt lat="38.73406000000001" lon="-0.26031000000000004">
    <ele>736.5100000000001</ele>
   </trkpt>
   <trkpt lat="38.734" lon="-0.26093">
    <ele>740.7800000000001</ele>
   </trkpt>
   <trkpt lat="38.73396" lon="-0.26182">
    <ele>744.86</ele>
   </trkpt>
   <trkpt lat="38.733880000000006" lon="-0.26248000000000005">
    <ele>746.77</ele>
   </trkpt>
   <trkpt lat="38.733830000000005" lon="-0.26308000000000004">
    <ele>748.26</ele>
   </trkpt>
   <trkpt lat="38.73382" lon="-0.26371">
    <ele>749.9100000000001</ele>
   </trkpt>
   <trkpt lat="38.73371" lon="-0.2645">
    <ele>753.17</ele>
   </trkpt>
   <trkpt lat="38.733650000000004" lon="-0.26504">
    <ele>755.6700000000001</ele>
   </trkpt>
   <trkpt lat="38.73364" lon="-0.26542000000000004">
    <ele>756.57</ele>
   </trkpt>
   <trkpt lat="38.73373" lon="-0.26598">
    <ele>758.19</ele>
   </trkpt>
   <trkpt lat="38.734100000000005" lon="-0.26691000000000004">
    <ele>761.9100000000001</ele>
   </trkpt>
   <trkpt lat="38.734300000000005" lon="-0.26732">
    <ele>763.35</ele>
   </trkpt>
   <trkpt lat="38.734320000000004" lon="-0.26743">
    <ele>763.73</ele>
   </trkpt>
   <trkpt lat="38.734320000000004" lon="-0.26765">
    <ele>764.7900000000001</ele>
   </trkpt>
   <trkpt lat="38.734350000000006" lon="-0.26781000000000005">
    <ele>764.7900000000001</ele>
   </trkpt>
   <trkpt lat="38.734670002274605" lon="-0.2685349968329818">
    <ele>766.9100000000001</ele>
   </trkpt>
   <trkpt lat="38.73499" lon="-0.26926">
    <ele>769.39</ele>
   </trkpt>
   <trkpt lat="38.73474000980989" lon="-0.2703333408644908">
    <ele>767.57</ele>
   </trkpt>
   <trkpt lat="38.734490009805675" lon="-0.27140667421571174">
    <ele>767.34</ele>
   </trkpt>
   <trkpt lat="38.73424" lon="-0.27248">
    <ele>769.5300000000001</ele>
   </trkpt>
   <trkpt lat="38.734140000000004" lon="-0.27266">
    <ele>769.7100000000002</ele>
   </trkpt>
   <trkpt lat="38.73402" lon="-0.27275000000000005">
    <ele>769.83</ele>
   </trkpt>
   <trkpt lat="38.73368" lon="-0.27287">
    <ele>770.2800000000001</ele>
   </trkpt>
   <trkpt lat="38.73355" lon="-0.27293">
    <ele>770.5500000000001</ele>
   </trkpt>
   <trkpt lat="38.73348" lon="-0.27299">
    <ele>771.1500000000001</ele>
   </trkpt>
   <trkpt lat="38.7334" lon="-0.27318000000000003">
    <ele>771.5600000000001</ele>
   </trkpt>
   <trkpt lat="38.733380000000004" lon="-0.27347000000000005">
    <ele>772.4700000000001</ele>
   </trkpt>
   <trkpt lat="38.733200000000004" lon="-0.27431">
    <ele>772.61</ele>
   </trkpt>
   <trkpt lat="38.732900001844214" lon="-0.274950002475384">
    <ele>765.7700000000001</ele>
   </trkpt>
   <trkpt lat="38.732600000000005" lon="-0.27559">
    <ele>757.69</ele>
   </trkpt>
   <trkpt lat="38.732580000000006" lon="-0.27574000000000004">
    <ele>756.6400000000001</ele>
   </trkpt>
   <trkpt lat="38.732620000000004" lon="-0.27625">
    <ele>752.7</ele>
   </trkpt>
   <trkpt lat="38.73259" lon="-0.27665">
    <ele>749.29</ele>
   </trkpt>
   <trkpt lat="38.732600000000005" lon="-0.27680000000000005">
    <ele>747.53</ele>
   </trkpt>
   <trkpt lat="38.732670000000006" lon="-0.27704">
    <ele>746.4000000000001</ele>
   </trkpt>
   <trkpt lat="38.73268" lon="-0.27719000000000005">
    <ele>743.21</ele>
   </trkpt>
   <trkpt lat="38.732620000000004" lon="-0.27753">
    <ele>740.45</ele>
   </trkpt>
   <trkpt lat="38.7325" lon="-0.27787">
    <ele>736.86</ele>
   </trkpt>
   <trkpt lat="38.732440000000004" lon="-0.2782">
    <ele>733.0600000000001</ele>
   </trkpt>
   <trkpt lat="38.732350000000004" lon="-0.27843">
    <ele>731.48</ele>
   </trkpt>
   <trkpt lat="38.732310000000005" lon="-0.27865">
    <ele>729.6</ele>
   </trkpt>
   <trkpt lat="38.732200000000006" lon="-0.27907000000000004">
    <ele>727.04</ele>
   </trkpt>
   <trkpt lat="38.73199" lon="-0.27948">
    <ele>723.52</ele>
   </trkpt>
   <trkpt lat="38.731930000000006" lon="-0.27982">
    <ele>719.21</ele>
   </trkpt>
   <trkpt lat="38.73178" lon="-0.28046000000000004">
    <ele>715.44</ele>
   </trkpt>
   <trkpt lat="38.73172" lon="-0.28104">
    <ele>713.13</ele>
   </trkpt>
   <trkpt lat="38.731730000000006" lon="-0.28136">
    <ele>712.11</ele>
   </trkpt>
   <trkpt lat="38.73176" lon="-0.28148">
    <ele>711.87</ele>
   </trkpt>
   <trkpt lat="38.73189" lon="-0.28186">
    <ele>710.61</ele>
   </trkpt>
   <trkpt lat="38.731970000000004" lon="-0.28269">
    <ele>707.21</ele>
   </trkpt>
   <trkpt lat="38.731930000000006" lon="-0.28313000000000005">
    <ele>704.88</ele>
   </trkpt>
   <trkpt lat="38.73196" lon="-0.28369">
    <ele>703.4200000000001</ele>
   </trkpt>
   <trkpt lat="38.73208" lon="-0.28407000000000004">
    <ele>703.03</ele>
   </trkpt>
   <trkpt lat="38.732110000000006" lon="-0.28429000000000004">
    <ele>702.76</ele>
   </trkpt>
   <trkpt lat="38.732040000000005" lon="-0.2847">
    <ele>701.7</ele>
   </trkpt>
   <trkpt lat="38.73161" lon="-0.28569">
    <ele>696.1400000000001</ele>
   </trkpt>
   <trkpt lat="38.73156" lon="-0.28585000000000005">
    <ele>695.6300000000001</ele>
   </trkpt>
   <trkpt lat="38.73154" lon="-0.28604">
    <ele>694.9900000000001</ele>
   </trkpt>
   <trkpt lat="38.731550000000006" lon="-0.28619">
    <ele>694.6300000000001</ele>
   </trkpt>
   <trkpt lat="38.73165" lon="-0.28652">
    <ele>693.71</ele>
   </trkpt>
   <trkpt lat="38.73171" lon="-0.2868">
    <ele>692.61</ele>
   </trkpt>
   <trkpt lat="38.73171" lon="-0.28707000000000005">
    <ele>691.8700000000001</ele>
   </trkpt>
   <trkpt lat="38.73167" lon="-0.2873">
    <ele>691.7700000000001</ele>
   </trkpt>
   <trkpt lat="38.731500000000004" lon="-0.28791">
    <ele>694.2700000000001</ele>
   </trkpt>
   <trkpt lat="38.731440000000006" lon="-0.2883">
    <ele>695.12</ele>
   </trkpt>
   <trkpt lat="38.7314" lon="-0.28842">
    <ele>695.12</ele>
   </trkpt>
   <trkpt lat="38.731320000000004" lon="-0.28852">
    <ele>696.19</ele>
   </trkpt>
   <trkpt lat="38.73114" lon="-0.28869">
    <ele>696.7</ele>
   </trkpt>
   <trkpt lat="38.73077" lon="-0.28887">
    <ele>695.9000000000001</ele>
   </trkpt>
   <trkpt lat="38.73067" lon="-0.28902">
    <ele>695.13</ele>
   </trkpt>
   <trkpt lat="38.73049" lon="-0.28934000000000004">
    <ele>692.13</ele>
   </trkpt>
   <trkpt lat="38.73033" lon="-0.28940000000000005">
    <ele>688.5</ele>
   </trkpt>
   <trkpt lat="38.73002" lon="-0.28936">
    <ele>686.95</ele>
   </trkpt>
   <trkpt lat="38.72993" lon="-0.28941">
    <ele>686.34</ele>
   </trkpt>
   <trkpt lat="38.729870000000005" lon="-0.28952">
    <ele>685.24</ele>
   </trkpt>
   <trkpt lat="38.729850000000006" lon="-0.28974">
    <ele>685.24</ele>
   </trkpt>
   <trkpt lat="38.7299" lon="-0.29024">
    <ele>682.3800000000001</ele>
   </trkpt>
   <trkpt lat="38.72993" lon="-0.29045000000000004">
    <ele>681.18</ele>
   </trkpt>
   <trkpt lat="38.73004" lon="-0.29075">
    <ele>680.39</ele>
   </trkpt>
   <trkpt lat="38.7301" lon="-0.29102">
    <ele>680.08</ele>
   </trkpt>
   <trkpt lat="38.730140000000006" lon="-0.2918">
    <ele>684.1600000000001</ele>
   </trkpt>
   <trkpt lat="38.730250000000005" lon="-0.29231">
    <ele>688.85</ele>
   </trkpt>
   <trkpt lat="38.730230000000006" lon="-0.29251000000000005">
    <ele>689.35</ele>
   </trkpt>
   <trkpt lat="38.73004" lon="-0.29291">
    <ele>688.69</ele>
   </trkpt>
   <trkpt lat="38.730000000000004" lon="-0.29306000000000004">
    <ele>688.6000000000001</ele>
   </trkpt>
   <trkpt lat="38.729940000000006" lon="-0.29379000000000005">
    <ele>688.27</ele>
   </trkpt>
   <trkpt lat="38.72992" lon="-0.29397">
    <ele>688.24</ele>
   </trkpt>
   <trkpt lat="38.729850000000006" lon="-0.29413">
    <ele>687.9900000000001</ele>
   </trkpt>
   <trkpt lat="38.72975" lon="-0.2942">
    <ele>687.59</ele>
   </trkpt>
   <trkpt lat="38.72966" lon="-0.29423000000000005">
    <ele>687.0200000000001</ele>
   </trkpt>
   <trkpt lat="38.72952" lon="-0.29413">
    <ele>684.8100000000001</ele>
   </trkpt>
   <trkpt lat="38.729110000000006" lon="-0.29369">
    <ele>680.1400000000001</ele>
   </trkpt>
   <trkpt lat="38.729020000000006" lon="-0.29363">
    <ele>679.4</ele>
   </trkpt>
   <trkpt lat="38.728840000000005" lon="-0.29358">
    <ele>678.42</ele>
   </trkpt>
   <trkpt lat="38.728770000000004" lon="-0.29362000000000005">
    <ele>678.42</ele>
   </trkpt>
   <trkpt lat="38.728640000000006" lon="-0.29374">
    <ele>678.7800000000001</ele>
   </trkpt>
   <trkpt lat="38.728410000000004" lon="-0.29431">
    <ele>682.2600000000001</ele>
   </trkpt>
   <trkpt lat="38.728120000000004" lon="-0.29490000000000005">
    <ele>685.45</ele>
   </trkpt>
   <trkpt lat="38.727940000000004" lon="-0.29536">
    <ele>684.3100000000001</ele>
   </trkpt>
   <trkpt lat="38.72784" lon="-0.29546">
    <ele>683.19</ele>
   </trkpt>
   <trkpt lat="38.727720000000005" lon="-0.29552">
    <ele>682.94</ele>
   </trkpt>
   <trkpt lat="38.727630000000005" lon="-0.29552">
    <ele>682.32</ele>
   </trkpt>
   <trkpt lat="38.72755" lon="-0.29550000000000004">
    <ele>681.97</ele>
   </trkpt>
   <trkpt lat="38.72739" lon="-0.29528000000000004">
    <ele>679.61</ele>
   </trkpt>
   <trkpt lat="38.72731" lon="-0.29519">
    <ele>678.6600000000001</ele>
   </trkpt>
   <trkpt lat="38.72719" lon="-0.29518">
    <ele>678.24</ele>
   </trkpt>
   <trkpt lat="38.727120000000006" lon="-0.29529">
    <ele>678.08</ele>
   </trkpt>
   <trkpt lat="38.72708" lon="-0.29568">
    <ele>680.18</ele>
   </trkpt>
   <trkpt lat="38.72702" lon="-0.29585">
    <ele>681.2</ele>
   </trkpt>
   <trkpt lat="38.726960000000005" lon="-0.29585">
    <ele>681.4300000000001</ele>
   </trkpt>
   <trkpt lat="38.72681" lon="-0.29583000000000004">
    <ele>681.9000000000001</ele>
   </trkpt>
   <trkpt lat="38.72654" lon="-0.29574">
    <ele>680.42</ele>
   </trkpt>
   <trkpt lat="38.72648" lon="-0.29574">
    <ele>680.42</ele>
   </trkpt>
   <trkpt lat="38.72643" lon="-0.29581">
    <ele>680.08</ele>
   </trkpt>
   <trkpt lat="38.726400000000005" lon="-0.29591">
    <ele>679.96</ele>
   </trkpt>
   <trkpt lat="38.726400000000005" lon="-0.29601000000000005">
    <ele>680.0500000000001</ele>
   </trkpt>
   <trkpt lat="38.726440000000004" lon="-0.29612000000000005">
    <ele>680.32</ele>
   </trkpt>
   <trkpt lat="38.72680500106913" lon="-0.2966249973965722">
    <ele>683.12</ele>
   </trkpt>
   <trkpt lat="38.72717" lon="-0.29713">
    <ele>688.6300000000001</ele>
   </trkpt>
   <trkpt lat="38.727360000000004" lon="-0.29746">
    <ele>690.6800000000001</ele>
   </trkpt>
   <trkpt lat="38.72753" lon="-0.29764">
    <ele>692.25</ele>
   </trkpt>
   <trkpt lat="38.72796" lon="-0.29801">
    <ele>696.7700000000001</ele>
   </trkpt>
   <trkpt lat="38.72829" lon="-0.29819">
    <ele>698.03</ele>
   </trkpt>
   <trkpt lat="38.72863" lon="-0.29862000000000005">
    <ele>699.91</ele>
   </trkpt>
   <trkpt lat="38.728880000000004" lon="-0.29886">
    <ele>701.6000000000001</ele>
   </trkpt>
   <trkpt lat="38.72892" lon="-0.29902">
    <ele>702.0600000000001</ele>
   </trkpt>
   <trkpt lat="38.7289" lon="-0.29914">
    <ele>702.34</ele>
   </trkpt>
   <trkpt lat="38.72881" lon="-0.2994">
    <ele>701.9000000000001</ele>
   </trkpt>
   <trkpt lat="38.728750000000005" lon="-0.29950000000000004">
    <ele>701.25</ele>
   </trkpt>
   <trkpt lat="38.728680000000004" lon="-0.29957">
    <ele>700.33</ele>
   </trkpt>
   <trkpt lat="38.72858" lon="-0.29962">
    <ele>699.22</ele>
   </trkpt>
   <trkpt lat="38.728350000000006" lon="-0.29967000000000005">
    <ele>695.84</ele>
   </trkpt>
   <trkpt lat="38.72822" lon="-0.29973000000000005">
    <ele>694.64</ele>
   </trkpt>
   <trkpt lat="38.727920000000005" lon="-0.29997">
    <ele>693.1700000000001</ele>
   </trkpt>
   <trkpt lat="38.72726" lon="-0.30072000000000004">
    <ele>694.4</ele>
   </trkpt>
   <trkpt lat="38.727090000000004" lon="-0.30081">
    <ele>693.9200000000001</ele>
   </trkpt>
   <trkpt lat="38.72688" lon="-0.30086">
    <ele>690.28</ele>
   </trkpt>
   <trkpt lat="38.72655" lon="-0.30085">
    <ele>686.13</ele>
   </trkpt>
   <trkpt lat="38.72616" lon="-0.30079">
    <ele>683.44</ele>
   </trkpt>
   <trkpt lat="38.725820000000006" lon="-0.3009">
    <ele>681.12</ele>
   </trkpt>
   <trkpt lat="38.72571000000001" lon="-0.30101">
    <ele>680.5500000000001</ele>
   </trkpt>
   <trkpt lat="38.725350000699706" lon="-0.30140000190873273">
    <ele>678.98</ele>
   </trkpt>
   <trkpt lat="38.724990000000005" lon="-0.30179">
    <ele>675.1100000000001</ele>
   </trkpt>
   <trkpt lat="38.72475" lon="-0.3019">
    <ele>672.0</ele>
   </trkpt>
   <trkpt lat="38.724500000000006" lon="-0.30178000000000005">
    <ele>670.36</ele>
   </trkpt>
   <trkpt lat="38.724360000000004" lon="-0.30152">
    <ele>668.22</ele>
   </trkpt>
   <trkpt lat="38.72424" lon="-0.30152">
    <ele>667.0400000000001</ele>
   </trkpt>
   <trkpt lat="38.72415" lon="-0.30171000000000003">
    <ele>666.87</ele>
   </trkpt>
   <trkpt lat="38.72413" lon="-0.3019">
    <ele>666.1100000000001</ele>
   </trkpt>
   <trkpt lat="38.7242" lon="-0.30218">
    <ele>666.3500000000001</ele>
   </trkpt>
   <trkpt lat="38.7244" lon="-0.30239000000000005">
    <ele>668.1800000000001</ele>
   </trkpt>
   <trkpt lat="38.7246" lon="-0.30272000000000004">
    <ele>672.8000000000001</ele>
   </trkpt>
   <trkpt lat="38.724630000000005" lon="-0.30281">
    <ele>672.8000000000001</ele>
   </trkpt>
   <trkpt lat="38.72476" lon="-0.30334">
    <ele>669.24</ele>
   </trkpt>
   <trkpt lat="38.725280000000005" lon="-0.30408">
    <ele>659.75</ele>
   </trkpt>
   <trkpt lat="38.72545" lon="-0.30445">
    <ele>657.4000000000001</ele>
   </trkpt>
   <trkpt lat="38.72547" lon="-0.30463">
    <ele>656.6500000000001</ele>
   </trkpt>
   <trkpt lat="38.72547" lon="-0.30511000000000005">
    <ele>654.51</ele>
   </trkpt>
   <trkpt lat="38.725500000000004" lon="-0.30538000000000004">
    <ele>652.6700000000001</ele>
   </trkpt>
   <trkpt lat="38.725500000000004" lon="-0.30599000000000004">
    <ele>648.5600000000001</ele>
   </trkpt>
   <trkpt lat="38.72558" lon="-0.30706">
    <ele>641.5200000000001</ele>
   </trkpt>
   <trkpt lat="38.72565" lon="-0.30756">
    <ele>637.78</ele>
   </trkpt>
   <trkpt lat="38.7257" lon="-0.30773">
    <ele>636.36</ele>
   </trkpt>
   <trkpt lat="38.72619" lon="-0.30863">
    <ele>626.85</ele>
   </trkpt>
   <trkpt lat="38.72619" lon="-0.30877000000000004">
    <ele>623.4000000000001</ele>
   </trkpt>
   <trkpt lat="38.72587" lon="-0.30917">
    <ele>615.48</ele>
   </trkpt>
   <trkpt lat="38.725770000000004" lon="-0.30933000000000005">
    <ele>614.3000000000001</ele>
   </trkpt>
   <trkpt lat="38.72569" lon="-0.30950000000000005">
    <ele>614.08</ele>
   </trkpt>
   <trkpt lat="38.725640000000006" lon="-0.30972000000000005">
    <ele>614.5</ele>
   </trkpt>
   <trkpt lat="38.72564000145757" lon="-0.3103049998383778">
    <ele>619.14</ele>
   </trkpt>
   <trkpt lat="38.725640000000006" lon="-0.31089">
    <ele>627.9300000000001</ele>
   </trkpt>
   <trkpt lat="38.725660000000005" lon="-0.31112">
    <ele>630.2500000000001</ele>
   </trkpt>
   <trkpt lat="38.725730000000006" lon="-0.31123">
    <ele>631.26</ele>
   </trkpt>
   <trkpt lat="38.726020000000005" lon="-0.31158">
    <ele>631.72</ele>
   </trkpt>
   <trkpt lat="38.72603" lon="-0.31159000000000003">
    <ele>631.72</ele>
   </trkpt>
   <trkpt lat="38.72616" lon="-0.31178">
    <ele>631.09</ele>
   </trkpt>
   <trkpt lat="38.72619" lon="-0.31189">
    <ele>630.27</ele>
   </trkpt>
   <trkpt lat="38.726220000000005" lon="-0.31212">
    <ele>628.63</ele>
   </trkpt>
   <trkpt lat="38.72621" lon="-0.31223">
    <ele>628.1000000000001</ele>
   </trkpt>
   <trkpt lat="38.72617" lon="-0.31229">
    <ele>628.1000000000001</ele>
   </trkpt>
   <trkpt lat="38.72596" lon="-0.31238000000000005">
    <ele>624.12</ele>
   </trkpt>
   <trkpt lat="38.72592" lon="-0.31243000000000004">
    <ele>623.65</ele>
   </trkpt>
   <trkpt lat="38.725880000000004" lon="-0.31254000000000004">
    <ele>622.87</ele>
   </trkpt>
   <trkpt lat="38.725880000000004" lon="-0.31261">
    <ele>622.56</ele>
   </trkpt>
   <trkpt lat="38.72598" lon="-0.31294000000000005">
    <ele>621.61</ele>
   </trkpt>
   <trkpt lat="38.72598" lon="-0.313">
    <ele>621.61</ele>
   </trkpt>
   <trkpt lat="38.725950000000005" lon="-0.31310000000000004">
    <ele>620.7900000000001</ele>
   </trkpt>
   <trkpt lat="38.72571000000001" lon="-0.31335">
    <ele>620.38</ele>
   </trkpt>
   <trkpt lat="38.72523" lon="-0.31406">
    <ele>625.0</ele>
   </trkpt>
   <trkpt lat="38.725190000000005" lon="-0.31422">
    <ele>625.6700000000001</ele>
   </trkpt>
   <trkpt lat="38.72516" lon="-0.31445">
    <ele>629.96</ele>
   </trkpt>
   <trkpt lat="38.725120000000004" lon="-0.31454000000000004">
    <ele>631.29</ele>
   </trkpt>
   <trkpt lat="38.72505" lon="-0.31456">
    <ele>631.35</ele>
   </trkpt>
   <trkpt lat="38.72502" lon="-0.31456">
    <ele>631.35</ele>
   </trkpt>
   <trkpt lat="38.72498" lon="-0.31446">
    <ele>632.8000000000001</ele>
   </trkpt>
   <trkpt lat="38.724970000000006" lon="-0.31393000000000004">
    <ele>635.7</ele>
   </trkpt>
   <trkpt lat="38.724920000000004" lon="-0.31379">
    <ele>638.1600000000001</ele>
   </trkpt>
   <trkpt lat="38.724830000000004" lon="-0.31372">
    <ele>639.07</ele>
   </trkpt>
   <trkpt lat="38.72442" lon="-0.31372">
    <ele>641.02</ele>
   </trkpt>
   <trkpt lat="38.72430000000001" lon="-0.31373">
    <ele>641.75</ele>
   </trkpt>
   <trkpt lat="38.724070000000005" lon="-0.31385">
    <ele>642.0100000000001</ele>
   </trkpt>
   <trkpt lat="38.72393" lon="-0.31389">
    <ele>641.46</ele>
   </trkpt>
   <trkpt lat="38.723620000000004" lon="-0.31388000000000005">
    <ele>637.6800000000001</ele>
   </trkpt>
   <trkpt lat="38.72335" lon="-0.31389">
    <ele>636.1500000000001</ele>
   </trkpt>
   <trkpt lat="38.72321" lon="-0.31395">
    <ele>633.7600000000001</ele>
   </trkpt>
   <trkpt lat="38.72294" lon="-0.31423">
    <ele>626.82</ele>
   </trkpt>
   <trkpt lat="38.722670001182365" lon="-0.31475000190556296">
    <ele>620.1500000000001</ele>
   </trkpt>
   <trkpt lat="38.7224" lon="-0.31527000000000005">
    <ele>614.19</ele>
   </trkpt>
   <trkpt lat="38.72231" lon="-0.31533">
    <ele>614.19</ele>
   </trkpt>
   <trkpt lat="38.72218" lon="-0.31533">
    <ele>613.92</ele>
   </trkpt>
   <trkpt lat="38.72209" lon="-0.31537000000000004">
    <ele>613.77</ele>
   </trkpt>
   <trkpt lat="38.72204" lon="-0.31545">
    <ele>614.04</ele>
   </trkpt>
   <trkpt lat="38.722030000000004" lon="-0.31555000000000005">
    <ele>613.57</ele>
   </trkpt>
   <trkpt lat="38.72205" lon="-0.31568">
    <ele>613.0000000000001</ele>
   </trkpt>
   <trkpt lat="38.722190000000005" lon="-0.31601">
    <ele>612.1800000000001</ele>
   </trkpt>
   <trkpt lat="38.72222" lon="-0.31616000000000005">
    <ele>611.8800000000001</ele>
   </trkpt>
   <trkpt lat="38.72222" lon="-0.31627000000000005">
    <ele>611.8800000000001</ele>
   </trkpt>
   <trkpt lat="38.72216" lon="-0.31672">
    <ele>610.1700000000001</ele>
   </trkpt>
   <trkpt lat="38.7222" lon="-0.31745">
    <ele>609.5</ele>
   </trkpt>
   <trkpt lat="38.722190000000005" lon="-0.31778">
    <ele>609.12</ele>
   </trkpt>
   <trkpt lat="38.72213" lon="-0.31844">
    <ele>606.16</ele>
   </trkpt>
   <trkpt lat="38.72207" lon="-0.31861">
    <ele>603.48</ele>
   </trkpt>
   <trkpt lat="38.721990000000005" lon="-0.31867">
    <ele>603.48</ele>
   </trkpt>
   <trkpt lat="38.72171" lon="-0.31872">
    <ele>603.14</ele>
   </trkpt>
   <trkpt lat="38.72164" lon="-0.31876000000000004">
    <ele>603.1700000000001</ele>
   </trkpt>
   <trkpt lat="38.721590000000006" lon="-0.31881000000000004">
    <ele>603.35</ele>
   </trkpt>
   <trkpt lat="38.72158" lon="-0.31888000000000005">
    <ele>603.35</ele>
   </trkpt>
   <trkpt lat="38.72164" lon="-0.31920000000000004">
    <ele>603.4000000000001</ele>
   </trkpt>
   <trkpt lat="38.72223" lon="-0.31988000000000005">
    <ele>604.5500000000001</ele>
   </trkpt>
   <trkpt lat="38.72245" lon="-0.32033">
    <ele>604.72</ele>
   </trkpt>
   <trkpt lat="38.7226" lon="-0.32070000000000004">
    <ele>604.68</ele>
   </trkpt>
   <trkpt lat="38.72301" lon="-0.32105">
    <ele>603.82</ele>
   </trkpt>
   <trkpt lat="38.72312" lon="-0.32122">
    <ele>603.58</ele>
   </trkpt>
   <trkpt lat="38.72335" lon="-0.32166">
    <ele>601.4900000000001</ele>
   </trkpt>
   <trkpt lat="38.72341" lon="-0.32184">
    <ele>601.4900000000001</ele>
   </trkpt>
   <trkpt lat="38.72345" lon="-0.32205">
    <ele>600.6100000000001</ele>
   </trkpt>
   <trkpt lat="38.72348" lon="-0.32261">
    <ele>598.2900000000001</ele>
   </trkpt>
   <trkpt lat="38.723470000000006" lon="-0.3236">
    <ele>590.83</ele>
   </trkpt>
   <trkpt lat="38.723530000000004" lon="-0.32416">
    <ele>587.61</ele>
   </trkpt>
   <trkpt lat="38.72355" lon="-0.32455">
    <ele>584.47</ele>
   </trkpt>
   <trkpt lat="38.723510000000005" lon="-0.32472">
    <ele>584.47</ele>
   </trkpt>
   <trkpt lat="38.7233" lon="-0.32511">
    <ele>580.37</ele>
   </trkpt>
   <trkpt lat="38.72325" lon="-0.32531000000000004">
    <ele>578.0500000000001</ele>
   </trkpt>
   <trkpt lat="38.723240000000004" lon="-0.32544">
    <ele>578.0500000000001</ele>
   </trkpt>
   <trkpt lat="38.723290000000006" lon="-0.32616">
    <ele>574.98</ele>
   </trkpt>
   <trkpt lat="38.723180000000006" lon="-0.32682">
    <ele>569.5600000000001</ele>
   </trkpt>
   <trkpt lat="38.72317" lon="-0.32703000000000004">
    <ele>569.5600000000001</ele>
   </trkpt>
   <trkpt lat="38.723180000000006" lon="-0.32720000000000005">
    <ele>567.45</ele>
   </trkpt>
   <trkpt lat="38.72326" lon="-0.32766">
    <ele>565.88</ele>
   </trkpt>
   <trkpt lat="38.72327000000001" lon="-0.32813000000000003">
    <ele>563.23</ele>
   </trkpt>
   <trkpt lat="38.72337" lon="-0.32885000000000003">
    <ele>560.0400000000001</ele>
   </trkpt>
   <trkpt lat="38.72345" lon="-0.32905">
    <ele>558.6800000000001</ele>
   </trkpt>
   <trkpt lat="38.72363" lon="-0.32927">
    <ele>557.1700000000001</ele>
   </trkpt>
   <trkpt lat="38.72388" lon="-0.32961">
    <ele>553.9000000000001</ele>
   </trkpt>
   <trkpt lat="38.72406" lon="-0.32977">
    <ele>552.6000000000001</ele>
   </trkpt>
   <trkpt lat="38.72431" lon="-0.3299">
    <ele>550.47</ele>
   </trkpt>
   <trkpt lat="38.724430000000005" lon="-0.32993">
    <ele>550.47</ele>
   </trkpt>
   <trkpt lat="38.724540000000005" lon="-0.3299">
    <ele>549.91</ele>
   </trkpt>
   <trkpt lat="38.72469" lon="-0.32979">
    <ele>548.63</ele>
   </trkpt>
   <trkpt lat="38.72476" lon="-0.32977">
    <ele>548.2600000000001</ele>
   </trkpt>
   <trkpt lat="38.72484" lon="-0.32977">
    <ele>547.42</ele>
   </trkpt>
   <trkpt lat="38.724920000000004" lon="-0.32988">
    <ele>546.96</ele>
   </trkpt>
   <trkpt lat="38.724940000000004" lon="-0.32995">
    <ele>545.03</ele>
   </trkpt>
   <trkpt lat="38.72491" lon="-0.3301">
    <ele>545.03</ele>
   </trkpt>
   <trkpt lat="38.72485" lon="-0.33018000000000003">
    <ele>543.23</ele>
   </trkpt>
   <trkpt lat="38.72473" lon="-0.33029000000000003">
    <ele>542.33</ele>
   </trkpt>
   <trkpt lat="38.72458" lon="-0.33037000000000005">
    <ele>541.2</ele>
   </trkpt>
   <trkpt lat="38.72442" lon="-0.33038">
    <ele>540.62</ele>
   </trkpt>
   <trkpt lat="38.72424" lon="-0.33032">
    <ele>540.35</ele>
   </trkpt>
   <trkpt lat="38.72419" lon="-0.33032">
    <ele>540.15</ele>
   </trkpt>
   <trkpt lat="38.72413" lon="-0.33035000000000003">
    <ele>539.9000000000001</ele>
   </trkpt>
   <trkpt lat="38.7241" lon="-0.33039">
    <ele>539.59</ele>
   </trkpt>
   <trkpt lat="38.72408" lon="-0.33051">
    <ele>538.84</ele>
   </trkpt>
   <trkpt lat="38.72415" lon="-0.33071">
    <ele>535.5600000000001</ele>
   </trkpt>
   <trkpt lat="38.72453" lon="-0.33116">
    <ele>532.08</ele>
   </trkpt>
   <trkpt lat="38.72484" lon="-0.33171">
    <ele>530.36</ele>
   </trkpt>
   <trkpt lat="38.725" lon="-0.33202000000000004">
    <ele>530.6500000000001</ele>
   </trkpt>
   <trkpt lat="38.725080000000005" lon="-0.33233">
    <ele>531.99</ele>
   </trkpt>
   <trkpt lat="38.725030000000004" lon="-0.33249">
    <ele>533.1400000000001</ele>
   </trkpt>
   <trkpt lat="38.72477000000001" lon="-0.33271">
    <ele>536.24</ele>
   </trkpt>
   <trkpt lat="38.72449" lon="-0.33308000000000004">
    <ele>538.6899999999999</ele>
   </trkpt>
   <trkpt lat="38.72424" lon="-0.33354">
    <ele>537.44</ele>
   </trkpt>
   <trkpt lat="38.724050000000005" lon="-0.3341">
    <ele>536.79</ele>
   </trkpt>
   <trkpt lat="38.72373" lon="-0.33449">
    <ele>538.08</ele>
   </trkpt>
   <trkpt lat="38.72363" lon="-0.33465">
    <ele>539.0200000000001</ele>
   </trkpt>
   <trkpt lat="38.72361" lon="-0.33487">
    <ele>540.35</ele>
   </trkpt>
   <trkpt lat="38.723690000000005" lon="-0.33543">
    <ele>543.18</ele>
   </trkpt>
   <trkpt lat="38.723690000000005" lon="-0.33554">
    <ele>543.8000000000001</ele>
   </trkpt>
   <trkpt lat="38.723560000000006" lon="-0.33632">
    <ele>546.2</ele>
   </trkpt>
   <trkpt lat="38.72355" lon="-0.33643">
    <ele>545.96</ele>
   </trkpt>
   <trkpt lat="38.723560000000006" lon="-0.33655">
    <ele>545.23</ele>
   </trkpt>
   <trkpt lat="38.723650000000006" lon="-0.33668000000000003">
    <ele>544.64</ele>
   </trkpt>
   <trkpt lat="38.72374000000001" lon="-0.33671">
    <ele>544.64</ele>
   </trkpt>
   <trkpt lat="38.7241" lon="-0.33676">
    <ele>541.34</ele>
   </trkpt>
   <trkpt lat="38.72421000000001" lon="-0.33676">
    <ele>540.6800000000001</ele>
   </trkpt>
   <trkpt lat="38.72446" lon="-0.33656">
    <ele>538.51</ele>
   </trkpt>
   <trkpt lat="38.724560000000004" lon="-0.33655">
    <ele>538.3</ele>
   </trkpt>
   <trkpt lat="38.72462" lon="-0.33659">
    <ele>538.0</ele>
   </trkpt>
   <trkpt lat="38.72507" lon="-0.33709">
    <ele>538.1100000000001</ele>
   </trkpt>
   <trkpt lat="38.72516" lon="-0.33723000000000003">
    <ele>538.19</ele>
   </trkpt>
   <trkpt lat="38.72529" lon="-0.33766">
    <ele>538.1700000000001</ele>
   </trkpt>
   <trkpt lat="38.72531" lon="-0.33782">
    <ele>538.1700000000001</ele>
   </trkpt>
   <trkpt lat="38.725300000000004" lon="-0.33789">
    <ele>540.61</ele>
   </trkpt>
   <trkpt lat="38.72516" lon="-0.33812000000000003">
    <ele>541.3800000000001</ele>
   </trkpt>
   <trkpt lat="38.72485" lon="-0.33838">
    <ele>544.88</ele>
   </trkpt>
   <trkpt lat="38.724680000000006" lon="-0.3385">
    <ele>546.7</ele>
   </trkpt>
   <trkpt lat="38.72457" lon="-0.33855">
    <ele>547.54</ele>
   </trkpt>
   <trkpt lat="38.72451" lon="-0.33856">
    <ele>547.54</ele>
   </trkpt>
   <trkpt lat="38.724340000000005" lon="-0.33855">
    <ele>550.7200000000001</ele>
   </trkpt>
   <trkpt lat="38.72395" lon="-0.33845000000000003">
    <ele>553.74</ele>
   </trkpt>
   <trkpt lat="38.72359" lon="-0.33843">
    <ele>556.42</ele>
   </trkpt>
   <trkpt lat="38.723470000000006" lon="-0.33837">
    <ele>556.42</ele>
   </trkpt>
   <trkpt lat="38.72316" lon="-0.33815">
    <ele>561.37</ele>
   </trkpt>
   <trkpt lat="38.723090000000006" lon="-0.33815">
    <ele>562.6000000000001</ele>
   </trkpt>
   <trkpt lat="38.72303" lon="-0.33821">
    <ele>562.6000000000001</ele>
   </trkpt>
   <trkpt lat="38.723000000000006" lon="-0.33832">
    <ele>564.76</ele>
   </trkpt>
   <trkpt lat="38.72299" lon="-0.33861">
    <ele>565.5600000000001</ele>
   </trkpt>
   <trkpt lat="38.72292" lon="-0.33893">
    <ele>569.5100000000001</ele>
   </trkpt>
   <trkpt lat="38.722930000000005" lon="-0.3391">
    <ele>569.5100000000001</ele>
   </trkpt>
   <trkpt lat="38.723020000000005" lon="-0.33933">
    <ele>571.49</ele>
   </trkpt>
   <trkpt lat="38.72305" lon="-0.33949">
    <ele>572.2400000000001</ele>
   </trkpt>
   <trkpt lat="38.723040000000005" lon="-0.33967">
    <ele>572.91</ele>
   </trkpt>
   <trkpt lat="38.722950000000004" lon="-0.34009">
    <ele>575.46</ele>
   </trkpt>
   <trkpt lat="38.72292" lon="-0.34099">
    <ele>581.1500000000001</ele>
   </trkpt>
   <trkpt lat="38.72298" lon="-0.34166">
    <ele>583.07</ele>
   </trkpt>
   <trkpt lat="38.72292" lon="-0.34194">
    <ele>583.1800000000001</ele>
   </trkpt>
   <trkpt lat="38.72263000421182" lon="-0.34264667250435976">
    <ele>582.55</ele>
   </trkpt>
   <trkpt lat="38.722340004169936" lon="-0.34335333927304384">
    <ele>580.16</ele>
   </trkpt>
   <trkpt lat="38.72205" lon="-0.34406000000000003">
    <ele>578.01</ele>
   </trkpt>
   <trkpt lat="38.721970000000006" lon="-0.34431">
    <ele>578.01</ele>
   </trkpt>
   <trkpt lat="38.72176500283967" lon="-0.34513000244856795">
    <ele>575.4200000000001</ele>
   </trkpt>
   <trkpt lat="38.721560000000004" lon="-0.34595000000000004">
    <ele>571.25</ele>
   </trkpt>
   <trkpt lat="38.72142" lon="-0.34642">
    <ele>569.5300000000001</ele>
   </trkpt>
   <trkpt lat="38.72130000000001" lon="-0.34675">
    <ele>567.37</ele>
   </trkpt>
   <trkpt lat="38.72088500429001" lon="-0.3477500057322925">
    <ele>560.12</ele>
   </trkpt>
   <trkpt lat="38.720470000000006" lon="-0.34875">
    <ele>558.5</ele>
   </trkpt>
   <trkpt lat="38.72041" lon="-0.34904">
    <ele>558.49</ele>
   </trkpt>
   <trkpt lat="38.72033000238928" lon="-0.34979000089919615">
    <ele>557.6000000000001</ele>
   </trkpt>
   <trkpt lat="38.72025" lon="-0.35054">
    <ele>554.79</ele>
   </trkpt>
   <trkpt lat="38.720220000000005" lon="-0.35086">
    <ele>553.6800000000001</ele>
   </trkpt>
   <trkpt lat="38.72023" lon="-0.35108">
    <ele>552.46</ele>
   </trkpt>
   <trkpt lat="38.72035" lon="-0.35132">
    <ele>550.8700000000001</ele>
   </trkpt>
   <trkpt lat="38.72079" lon="-0.35184000000000004">
    <ele>545.33</ele>
   </trkpt>
   <trkpt lat="38.72083000000001" lon="-0.35200000000000004">
    <ele>546.1</ele>
   </trkpt>
   <trkpt lat="38.720800000000004" lon="-0.35214">
    <ele>546.7800000000001</ele>
   </trkpt>
   <trkpt lat="38.72057" lon="-0.35247">
    <ele>551.1400000000001</ele>
   </trkpt>
   <trkpt lat="38.72019000239572" lon="-0.3532200039877941">
    <ele>554.61</ele>
   </trkpt>
   <trkpt lat="38.71981" lon="-0.35397">
    <ele>556.32</ele>
   </trkpt>
   <trkpt lat="38.71972" lon="-0.35427000000000003">
    <ele>556.32</ele>
   </trkpt>
   <trkpt lat="38.7196" lon="-0.35491">
    <ele>557.22</ele>
   </trkpt>
   <trkpt lat="38.719550000000005" lon="-0.35531">
    <ele>556.09</ele>
   </trkpt>
   <trkpt lat="38.71956" lon="-0.35546000000000005">
    <ele>555.72</ele>
   </trkpt>
   <trkpt lat="38.719640000000005" lon="-0.35588000000000003">
    <ele>553.8000000000001</ele>
   </trkpt>
   <trkpt lat="38.71972" lon="-0.35608">
    <ele>553.8000000000001</ele>
   </trkpt>
   <trkpt lat="38.719770000000004" lon="-0.35614">
    <ele>552.3100000000001</ele>
   </trkpt>
   <trkpt lat="38.71985" lon="-0.3562">
    <ele>552.3100000000001</ele>
   </trkpt>
   <trkpt lat="38.72016" lon="-0.3563">
    <ele>551.06</ele>
   </trkpt>
   <trkpt lat="38.720380000000006" lon="-0.35641">
    <ele>550.2600000000001</ele>
   </trkpt>
   <trkpt lat="38.72043" lon="-0.35647">
    <ele>549.88</ele>
   </trkpt>
   <trkpt lat="38.720560000000006" lon="-0.35669">
    <ele>549.76</ele>
   </trkpt>
   <trkpt lat="38.72061" lon="-0.35694000000000004">
    <ele>549.64</ele>
   </trkpt>
   <trkpt lat="38.720690000000005" lon="-0.35699000000000003">
    <ele>549.91</ele>
   </trkpt>
   <trkpt lat="38.720710000000004" lon="-0.35708">
    <ele>549.91</ele>
   </trkpt>
   <trkpt lat="38.7207" lon="-0.35710000000000003">
    <ele>549.91</ele>
   </trkpt>
   <trkpt lat="38.720650000000006" lon="-0.35716000000000003">
    <ele>550.46</ele>
   </trkpt>
   <trkpt lat="38.72057" lon="-0.35714">
    <ele>551.0400000000001</ele>
   </trkpt>
   <trkpt lat="38.72055" lon="-0.35701000000000005">
    <ele>549.33</ele>
   </trkpt>
   <trkpt lat="38.72048" lon="-0.35699000000000003">
    <ele>548.91</ele>
   </trkpt>
   <trkpt lat="38.72032" lon="-0.3568">
    <ele>547.95</ele>
   </trkpt>
   <trkpt lat="38.72023" lon="-0.35674">
    <ele>547.69</ele>
   </trkpt>
   <trkpt lat="38.72014" lon="-0.35672000000000004">
    <ele>547.44</ele>
   </trkpt>
   <trkpt lat="38.71996" lon="-0.3568">
    <ele>547.27</ele>
   </trkpt>
   <trkpt lat="38.719530000000006" lon="-0.35710000000000003">
    <ele>546.98</ele>
   </trkpt>
   <trkpt lat="38.719100000717866" lon="-0.3574500019461887">
    <ele>546.27</ele>
   </trkpt>
   <trkpt lat="38.71867" lon="-0.3578">
    <ele>544.9900000000001</ele>
   </trkpt>
   <trkpt lat="38.718135000321965" lon="-0.35802500163953394">
    <ele>544.8100000000001</ele>
   </trkpt>
   <trkpt lat="38.717600000000004" lon="-0.35825">
    <ele>546.08</ele>
   </trkpt>
   <trkpt lat="38.71693500064196" lon="-0.3586450036885152">
    <ele>544.59</ele>
   </trkpt>
   <trkpt lat="38.71627" lon="-0.35904">
    <ele>543.59</ele>
   </trkpt>
   <trkpt lat="38.71616" lon="-0.35910000000000003">
    <ele>543.76</ele>
   </trkpt>
   <trkpt lat="38.71570000009114" lon="-0.3592550010012983">
    <ele>544.73</ele>
   </trkpt>
   <trkpt lat="38.71524" lon="-0.35941">
    <ele>545.5699999999999</ele>
   </trkpt>
   <trkpt lat="38.71506" lon="-0.35963">
    <ele>545.84</ele>
   </trkpt>
   <trkpt lat="38.714545002049604" lon="-0.3603350051712521">
    <ele>546.0200000000001</ele>
   </trkpt>
   <trkpt lat="38.71403" lon="-0.36104">
    <ele>543.9900000000001</ele>
   </trkpt>
   <trkpt lat="38.71358" lon="-0.36148">
    <ele>540.76</ele>
   </trkpt>
   <trkpt lat="38.71322" lon="-0.36177000000000004">
    <ele>535.98</ele>
   </trkpt>
   <trkpt lat="38.713150000000006" lon="-0.36192">
    <ele>535.98</ele>
   </trkpt>
   <trkpt lat="38.71311" lon="-0.36218">
    <ele>535.09</ele>
   </trkpt>
   <trkpt lat="38.71307" lon="-0.3623">
    <ele>534.3</ele>
   </trkpt>
   <trkpt lat="38.71296" lon="-0.36241">
    <ele>533.1100000000001</ele>
   </trkpt>
   <trkpt lat="38.71255" lon="-0.3627">
    <ele>530.88</ele>
   </trkpt>
   <trkpt lat="38.71238" lon="-0.36298">
    <ele>528.87</ele>
   </trkpt>
   <trkpt lat="38.712160000000004" lon="-0.36381">
    <ele>526.5300000000001</ele>
   </trkpt>
   <trkpt lat="38.712" lon="-0.36468">
    <ele>521.96</ele>
   </trkpt>
   <trkpt lat="38.71193" lon="-0.36479">
    <ele>521.07</ele>
   </trkpt>
   <trkpt lat="38.71182" lon="-0.36485">
    <ele>519.81</ele>
   </trkpt>
   <trkpt lat="38.711690000000004" lon="-0.36487">
    <ele>519.21</ele>
   </trkpt>
   <trkpt lat="38.71157" lon="-0.3648">
    <ele>518.35</ele>
   </trkpt>
   <trkpt lat="38.711450000000006" lon="-0.36441">
    <ele>516.83</ele>
   </trkpt>
   <trkpt lat="38.711450000000006" lon="-0.3642">
    <ele>515.73</ele>
   </trkpt>
   <trkpt lat="38.711510000000004" lon="-0.36402">
    <ele>514.97</ele>
   </trkpt>
   <trkpt lat="38.71164" lon="-0.36374">
    <ele>514.3100000000001</ele>
   </trkpt>
   <trkpt lat="38.711710000000004" lon="-0.36352">
    <ele>512.34</ele>
   </trkpt>
   <trkpt lat="38.71175" lon="-0.36321000000000003">
    <ele>511.81</ele>
   </trkpt>
   <trkpt lat="38.71173" lon="-0.36291">
    <ele>509.71</ele>
   </trkpt>
   <trkpt lat="38.711670000000005" lon="-0.36274">
    <ele>508.27</ele>
   </trkpt>
   <trkpt lat="38.711450000000006" lon="-0.36252">
    <ele>507.75</ele>
   </trkpt>
   <trkpt lat="38.71135" lon="-0.36210000000000003">
    <ele>504.43</ele>
   </trkpt>
   <trkpt lat="38.711240000000004" lon="-0.36202">
    <ele>504.43</ele>
   </trkpt>
   <trkpt lat="38.71103" lon="-0.36207">
    <ele>503.44</ele>
   </trkpt>
   <trkpt lat="38.71092" lon="-0.36218">
    <ele>502.36</ele>
   </trkpt>
   <trkpt lat="38.71088" lon="-0.36235">
    <ele>502.36</ele>
   </trkpt>
   <trkpt lat="38.71072" lon="-0.36346">
    <ele>496.48</ele>
   </trkpt>
   <trkpt lat="38.710910000000005" lon="-0.36457">
    <ele>489.08</ele>
   </trkpt>
   <trkpt lat="38.710910000000005" lon="-0.36475">
    <ele>486.37</ele>
   </trkpt>
   <trkpt lat="38.71087" lon="-0.36493000000000003">
    <ele>485.54</ele>
   </trkpt>
   <trkpt lat="38.710750000000004" lon="-0.36507">
    <ele>484.55</ele>
   </trkpt>
   <trkpt lat="38.710335000192146" lon="-0.36533000156927437">
    <ele>483.83000000000004</ele>
   </trkpt>
   <trkpt lat="38.709920000000004" lon="-0.36559">
    <ele>483.9700000000001</ele>
   </trkpt>
   <trkpt lat="38.70953" lon="-0.36579">
    <ele>485.25</ele>
   </trkpt>
   <trkpt lat="38.70938" lon="-0.36571000000000004">
    <ele>487.18000000000006</ele>
   </trkpt>
   <trkpt lat="38.70928" lon="-0.36557">
    <ele>488.89000000000004</ele>
   </trkpt>
   <trkpt lat="38.709" lon="-0.36487">
    <ele>493.99</ele>
   </trkpt>
   <trkpt lat="38.70895" lon="-0.3648">
    <ele>493.99</ele>
   </trkpt>
   <trkpt lat="38.70881" lon="-0.36474">
    <ele>496.7900000000001</ele>
   </trkpt>
   <trkpt lat="38.70871" lon="-0.36479">
    <ele>497.6700000000001</ele>
   </trkpt>
   <trkpt lat="38.70866" lon="-0.36486">
    <ele>498.27000000000004</ele>
   </trkpt>
   <trkpt lat="38.70864" lon="-0.36497">
    <ele>498.61000000000007</ele>
   </trkpt>
   <trkpt lat="38.70875" lon="-0.3654">
    <ele>499.12000000000006</ele>
   </trkpt>
   <trkpt lat="38.70897" lon="-0.3659">
    <ele>501.1500000000001</ele>
   </trkpt>
   <trkpt lat="38.708980000000004" lon="-0.36596">
    <ele>501.1500000000001</ele>
   </trkpt>
   <trkpt lat="38.708960000000005" lon="-0.36624">
    <ele>504.21000000000004</ele>
   </trkpt>
   <trkpt lat="38.70888" lon="-0.36679">
    <ele>509.02000000000004</ele>
   </trkpt>
   <trkpt lat="38.708830000000006" lon="-0.3669">
    <ele>510.02000000000004</ele>
   </trkpt>
   <trkpt lat="38.70875" lon="-0.36701">
    <ele>510.88</ele>
   </trkpt>
   <trkpt lat="38.70857" lon="-0.36701">
    <ele>511.99000000000007</ele>
   </trkpt>
   <trkpt lat="38.70808" lon="-0.36662000000000006">
    <ele>514.6800000000001</ele>
   </trkpt>
   <trkpt lat="38.70745" lon="-0.36613">
    <ele>519.46</ele>
   </trkpt>
   <trkpt lat="38.70734" lon="-0.36602">
    <ele>520.22</ele>
   </trkpt>
   <trkpt lat="38.707150000000006" lon="-0.36568">
    <ele>520.63</ele>
   </trkpt>
   <trkpt lat="38.70709" lon="-0.36563">
    <ele>520.45</ele>
   </trkpt>
   <trkpt lat="38.706920000000004" lon="-0.36558">
    <ele>520.3800000000001</ele>
   </trkpt>
   <trkpt lat="38.7068" lon="-0.36568">
    <ele>520.39</ele>
   </trkpt>
   <trkpt lat="38.70675000000001" lon="-0.36574">
    <ele>520.39</ele>
   </trkpt>
   <trkpt lat="38.706610000000005" lon="-0.36607">
    <ele>519.9200000000001</ele>
   </trkpt>
   <trkpt lat="38.706230000000005" lon="-0.36631">
    <ele>517.1300000000001</ele>
   </trkpt>
   <trkpt lat="38.705980000000004" lon="-0.36657">
    <ele>515.66</ele>
   </trkpt>
   <trkpt lat="38.705850000000005" lon="-0.36679">
    <ele>512.3199999999999</ele>
   </trkpt>
   <trkpt lat="38.70566" lon="-0.36718">
    <ele>509.5200000000001</ele>
   </trkpt>
   <trkpt lat="38.70557" lon="-0.36732000000000004">
    <ele>508.45000000000005</ele>
   </trkpt>
   <trkpt lat="38.705330000000004" lon="-0.36757">
    <ele>506.58000000000004</ele>
   </trkpt>
   <trkpt lat="38.70525000000001" lon="-0.36768">
    <ele>506.31</ele>
   </trkpt>
   <trkpt lat="38.705220000000004" lon="-0.36785">
    <ele>506.21999999999997</ele>
   </trkpt>
   <trkpt lat="38.70515667181008" lon="-0.3686266679692011">
    <ele>510.07</ele>
   </trkpt>
   <trkpt lat="38.705093338482726" lon="-0.369403334562614">
    <ele>515.98</ele>
   </trkpt>
   <trkpt lat="38.70503" lon="-0.37018">
    <ele>522.7700000000001</ele>
   </trkpt>
   <trkpt lat="38.70497" lon="-0.37036">
    <ele>522.7700000000001</ele>
   </trkpt>
   <trkpt lat="38.70485" lon="-0.37048000000000003">
    <ele>523.95</ele>
   </trkpt>
   <trkpt lat="38.7047" lon="-0.37057">
    <ele>525.7400000000001</ele>
   </trkpt>
   <trkpt lat="38.70456" lon="-0.37053">
    <ele>527.0600000000001</ele>
   </trkpt>
   <trkpt lat="38.70445" lon="-0.37041">
    <ele>527.78</ele>
   </trkpt>
   <trkpt lat="38.704390000000004" lon="-0.37023">
    <ele>528.9200000000001</ele>
   </trkpt>
   <trkpt lat="38.704460000000005" lon="-0.36985">
    <ele>531.6700000000001</ele>
   </trkpt>
   <trkpt lat="38.70443" lon="-0.36968">
    <ele>532.03</ele>
   </trkpt>
   <trkpt lat="38.7043" lon="-0.36957">
    <ele>534.39</ele>
   </trkpt>
   <trkpt lat="38.70411" lon="-0.36958">
    <ele>535.5600000000001</ele>
   </trkpt>
   <trkpt lat="38.703920000000004" lon="-0.36975">
    <ele>536.3100000000001</ele>
   </trkpt>
   <trkpt lat="38.703660000000006" lon="-0.37012">
    <ele>537.85</ele>
   </trkpt>
   <trkpt lat="38.703430000000004" lon="-0.37036">
    <ele>539.74</ele>
   </trkpt>
   <trkpt lat="38.702780000000004" lon="-0.37097">
    <ele>547.15</ele>
   </trkpt>
   <trkpt lat="38.702650000000006" lon="-0.37118">
    <ele>547.15</ele>
   </trkpt>
   <trkpt lat="38.702290000000005" lon="-0.37195">
    <ele>554.3</ele>
   </trkpt>
   <trkpt lat="38.70178000000001" lon="-0.37257">
    <ele>558.64</ele>
   </trkpt>
   <trkpt lat="38.701480000000004" lon="-0.37307">
    <ele>559.19</ele>
   </trkpt>
   <trkpt lat="38.701140001507795" lon="-0.3736650028283734">
    <ele>558.09</ele>
   </trkpt>
   <trkpt lat="38.7008" lon="-0.37426000000000004">
    <ele>557.8100000000001</ele>
   </trkpt>
   <trkpt lat="38.70008333711019" lon="-0.37492001316586254">
    <ele>556.2600000000001</ele>
   </trkpt>
   <trkpt lat="38.699366670510535" lon="-0.37558001310393285">
    <ele>556.67</ele>
   </trkpt>
   <trkpt lat="38.69865" lon="-0.37624">
    <ele>559.0500000000001</ele>
   </trkpt>
   <trkpt lat="38.69817558790249" lon="-0.3752655038445808">
    <ele>562.2900000000001</ele>
   </trkpt>
   <trkpt lat="38.697701167717604" lon="-0.3742910206171259">
    <ele>566.16</ele>
   </trkpt>
   <trkpt lat="38.697226739445554" lon="-0.37331655031746486">
    <ele>571.77</ele>
   </trkpt>
   <trkpt lat="38.69675230308662" lon="-0.37234209294542714">
    <ele>578.04</ele>
   </trkpt>
   <trkpt lat="38.69627785864101" lon="-0.3713676485008423">
    <ele>583.62</ele>
   </trkpt>
   <trkpt lat="38.695803406108986" lon="-0.3703932169835396">
    <ele>587.58</ele>
   </trkpt>
   <trkpt lat="38.6953289454908" lon="-0.3694187983933487">
    <ele>591.35</ele>
   </trkpt>
   <trkpt lat="38.694854476786695" lon="-0.3684443927300989">
    <ele>593.77</ele>
   </trkpt>
   <trkpt lat="38.69438" lon="-0.36747">
    <ele>596.13</ele>
   </trkpt>
   <trkpt lat="38.6942" lon="-0.3672">
    <ele>598.16</ele>
   </trkpt>
   <trkpt lat="38.693830000000005" lon="-0.3669">
    <ele>600.4200000000001</ele>
   </trkpt>
   <trkpt lat="38.69371" lon="-0.36675">
    <ele>601.21</ele>
   </trkpt>
   <trkpt lat="38.693650000000005" lon="-0.36663">
    <ele>601.21</ele>
   </trkpt>
   <trkpt lat="38.69364" lon="-0.36601000000000006">
    <ele>604.5500000000001</ele>
   </trkpt>
   <trkpt lat="38.69362" lon="-0.36585">
    <ele>605.7800000000001</ele>
   </trkpt>
   <trkpt lat="38.69346" lon="-0.36535">
    <ele>608.01</ele>
   </trkpt>
   <trkpt lat="38.69341" lon="-0.36509">
    <ele>608.01</ele>
   </trkpt>
   <trkpt lat="38.693430000000006" lon="-0.36485">
    <ele>609.5</ele>
   </trkpt>
   <trkpt lat="38.69357" lon="-0.36452">
    <ele>610.48</ele>
   </trkpt>
   <trkpt lat="38.6936" lon="-0.36429">
    <ele>610.7800000000001</ele>
   </trkpt>
   <trkpt lat="38.69355251087234" lon="-0.363367498191913">
    <ele>612.59</ele>
   </trkpt>
   <trkpt lat="38.69350501449746" lon="-0.3624449976087692">
    <ele>615.51</ele>
   </trkpt>
   <trkpt lat="38.693457510875355" lon="-0.3615224982507515">
    <ele>618.92</ele>
   </trkpt>
   <trkpt lat="38.69341" lon="-0.36060000000000003">
    <ele>623.61</ele>
   </trkpt>
   <trkpt lat="38.69341" lon="-0.36036">
    <ele>625.0100000000001</ele>
   </trkpt>
   <trkpt lat="38.69344" lon="-0.36019">
    <ele>625.8100000000001</ele>
   </trkpt>
   <trkpt lat="38.69361" lon="-0.35985">
    <ele>627.58</ele>
   </trkpt>
   <trkpt lat="38.69366" lon="-0.35954">
    <ele>629.3700000000001</ele>
   </trkpt>
   <trkpt lat="38.693650000000005" lon="-0.35935">
    <ele>629.3700000000001</ele>
   </trkpt>
   <trkpt lat="38.69346" lon="-0.35871000000000003">
    <ele>632.02</ele>
   </trkpt>
   <trkpt lat="38.693200001167355" lon="-0.35816999788301457">
    <ele>637.22</ele>
   </trkpt>
   <trkpt lat="38.69294" lon="-0.35763">
    <ele>640.8600000000001</ele>
   </trkpt>
   <trkpt lat="38.692910000000005" lon="-0.35748">
    <ele>642.47</ele>
   </trkpt>
   <trkpt lat="38.692910000000005" lon="-0.35732">
    <ele>643.39</ele>
   </trkpt>
   <trkpt lat="38.69298500317018" lon="-0.356460000661398">
    <ele>647.26</ele>
   </trkpt>
   <trkpt lat="38.69306" lon="-0.3556">
    <ele>649.97</ele>
   </trkpt>
   <trkpt lat="38.69305000000001" lon="-0.3553">
    <ele>650.9100000000001</ele>
   </trkpt>
   <trkpt lat="38.69301" lon="-0.35508">
    <ele>653.22</ele>
   </trkpt>
   <trkpt lat="38.69267" lon="-0.35416000000000003">
    <ele>656.3100000000001</ele>
   </trkpt>
   <trkpt lat="38.692620000000005" lon="-0.35397">
    <ele>656.61</ele>
   </trkpt>
   <trkpt lat="38.69249500249581" lon="-0.35319999847742983">
    <ele>658.7</ele>
   </trkpt>
   <trkpt lat="38.692370000000004" lon="-0.35243">
    <ele>661.3800000000001</ele>
   </trkpt>
   <trkpt lat="38.6923" lon="-0.35208">
    <ele>662.66</ele>
   </trkpt>
   <trkpt lat="38.69216" lon="-0.35181">
    <ele>663.0500000000001</ele>
   </trkpt>
   <trkpt lat="38.69176500056038" lon="-0.3514449979782659">
    <ele>665.82</ele>
   </trkpt>
   <trkpt lat="38.691370000000006" lon="-0.35108">
    <ele>668.59</ele>
   </trkpt>
   <trkpt lat="38.691250000000004" lon="-0.35092">
    <ele>668.9600000000002</ele>
   </trkpt>
   <trkpt lat="38.69116" lon="-0.35075">
    <ele>669.3</ele>
   </trkpt>
   <trkpt lat="38.69089" lon="-0.34997">
    <ele>671.8400000000001</ele>
   </trkpt>
   <trkpt lat="38.690870000000004" lon="-0.34982">
    <ele>671.8400000000001</ele>
   </trkpt>
   <trkpt lat="38.69088" lon="-0.34964">
    <ele>674.13</ele>
   </trkpt>
   <trkpt lat="38.691" lon="-0.34866">
    <ele>678.1700000000001</ele>
   </trkpt>
   <trkpt lat="38.691" lon="-0.34854">
    <ele>678.1700000000001</ele>
   </trkpt>
   <trkpt lat="38.69082" lon="-0.34742">
    <ele>682.42</ele>
   </trkpt>
   <trkpt lat="38.69073" lon="-0.34647000000000006">
    <ele>684.47</ele>
   </trkpt>
   <trkpt lat="38.69064000293897" lon="-0.34563999900829445">
    <ele>686.6000000000001</ele>
   </trkpt>
   <trkpt lat="38.69055" lon="-0.34481">
    <ele>690.7</ele>
   </trkpt>
   <trkpt lat="38.6905" lon="-0.34469000000000005">
    <ele>691.23</ele>
   </trkpt>
   <trkpt lat="38.69046" lon="-0.34465">
    <ele>691.23</ele>
   </trkpt>
   <trkpt lat="38.69037" lon="-0.34464">
    <ele>691.79</ele>
   </trkpt>
   <trkpt lat="38.69013" lon="-0.34461">
    <ele>694.6600000000001</ele>
   </trkpt>
   <trkpt lat="38.6893" lon="-0.34468000000000004">
    <ele>695.3000000000001</ele>
   </trkpt>
   <trkpt lat="38.689170000000004" lon="-0.34466">
    <ele>695.69</ele>
   </trkpt>
   <trkpt lat="38.68905" lon="-0.34459">
    <ele>696.0500000000001</ele>
   </trkpt>
   <trkpt lat="38.688990000000004" lon="-0.34445000000000003">
    <ele>696.06</ele>
   </trkpt>
   <trkpt lat="38.68881751011051" lon="-0.34355999352396">
    <ele>697.4</ele>
   </trkpt>
   <trkpt lat="38.68864501347564" lon="-0.34266999133945164">
    <ele>701.1</ele>
   </trkpt>
   <trkpt lat="38.68847251009547" lon="-0.34177999344659554">
    <ele>705.11</ele>
   </trkpt>
   <trkpt lat="38.688300000000005" lon="-0.34089">
    <ele>708.52</ele>
   </trkpt>
   <trkpt lat="38.68819000376076" lon="-0.3399499985421802">
    <ele>709.9700000000001</ele>
   </trkpt>
   <trkpt lat="38.68808000000001" lon="-0.33901000000000003">
    <ele>711.59</ele>
   </trkpt>
   <trkpt lat="38.68806" lon="-0.33839">
    <ele>712.8000000000001</ele>
   </trkpt>
   <trkpt lat="38.68808000000001" lon="-0.33793">
    <ele>714.57</ele>
   </trkpt>
   <trkpt lat="38.68813" lon="-0.33745">
    <ele>717.6</ele>
   </trkpt>
   <trkpt lat="38.68826500298947" lon="-0.336610001677491">
    <ele>721.65</ele>
   </trkpt>
   <trkpt lat="38.6884" lon="-0.33577">
    <ele>725.8800000000001</ele>
   </trkpt>
   <trkpt lat="38.688390000000005" lon="-0.33554">
    <ele>726.7300000000001</ele>
   </trkpt>
   <trkpt lat="38.68827" lon="-0.33532">
    <ele>727.4200000000001</ele>
   </trkpt>
   <trkpt lat="38.68811" lon="-0.33511">
    <ele>727.99</ele>
   </trkpt>
   <trkpt lat="38.687900000000006" lon="-0.33505">
    <ele>728.2900000000001</ele>
   </trkpt>
   <trkpt lat="38.687830000000005" lon="-0.33501000000000003">
    <ele>728.2900000000001</ele>
   </trkpt>
   <trkpt lat="38.687740000000005" lon="-0.33490000000000003">
    <ele>728.6800000000001</ele>
   </trkpt>
   <trkpt lat="38.68769" lon="-0.33476">
    <ele>729.11</ele>
   </trkpt>
   <trkpt lat="38.68771" lon="-0.33438">
    <ele>729.6700000000001</ele>
   </trkpt>
   <trkpt lat="38.687830000000005" lon="-0.33393">
    <ele>730.21</ele>
   </trkpt>
   <trkpt lat="38.687870000000004" lon="-0.3335">
    <ele>730.5200000000001</ele>
   </trkpt>
   <trkpt lat="38.68788" lon="-0.3331">
    <ele>730.59</ele>
   </trkpt>
   <trkpt lat="38.68784" lon="-0.33216">
    <ele>731.4300000000001</ele>
   </trkpt>
   <trkpt lat="38.687720000000006" lon="-0.33140000000000003">
    <ele>731.72</ele>
   </trkpt>
   <trkpt lat="38.687720000000006" lon="-0.33113000000000004">
    <ele>731.6600000000001</ele>
   </trkpt>
   <trkpt lat="38.68782" lon="-0.33035000000000003">
    <ele>731.95</ele>
   </trkpt>
   <trkpt lat="38.687870000000004" lon="-0.32984">
    <ele>733.4000000000001</ele>
   </trkpt>
   <trkpt lat="38.68782000258635" lon="-0.32905999939060726">
    <ele>734.26</ele>
   </trkpt>
   <trkpt lat="38.68777" lon="-0.32828">
    <ele>735.94</ele>
   </trkpt>
   <trkpt lat="38.68777" lon="-0.32744">
    <ele>738.96</ele>
   </trkpt>
   <trkpt lat="38.687740000000005" lon="-0.32726000000000005">
    <ele>738.96</ele>
   </trkpt>
   <trkpt lat="38.687670000000004" lon="-0.32715000000000005">
    <ele>740.7900000000001</ele>
   </trkpt>
   <trkpt lat="38.68744" lon="-0.327">
    <ele>740.7900000000001</ele>
   </trkpt>
   <trkpt lat="38.68728" lon="-0.32687000000000005">
    <ele>742.6600000000001</ele>
   </trkpt>
   <trkpt lat="38.68719" lon="-0.32670000000000005">
    <ele>743.08</ele>
   </trkpt>
   <trkpt lat="38.68712" lon="-0.32643000000000005">
    <ele>743.75</ele>
   </trkpt>
   <trkpt lat="38.687110000000004" lon="-0.32616">
    <ele>744.5200000000001</ele>
   </trkpt>
   <trkpt lat="38.68717" lon="-0.32583">
    <ele>744.99</ele>
   </trkpt>
   <trkpt lat="38.687270000000005" lon="-0.32564000000000004">
    <ele>745.1500000000001</ele>
   </trkpt>
   <trkpt lat="38.687470000000005" lon="-0.32542000000000004">
    <ele>745.36</ele>
   </trkpt>
   <trkpt lat="38.687540000000006" lon="-0.32527">
    <ele>745.4000000000001</ele>
   </trkpt>
   <trkpt lat="38.687540000000006" lon="-0.32509000000000005">
    <ele>745.4900000000001</ele>
   </trkpt>
   <trkpt lat="38.687400000000004" lon="-0.32461">
    <ele>746.1600000000001</ele>
   </trkpt>
   <trkpt lat="38.687400000000004" lon="-0.32453000000000004">
    <ele>746.1600000000001</ele>
   </trkpt>
   <trkpt lat="38.68741" lon="-0.32409000000000004">
    <ele>747.1500000000001</ele>
   </trkpt>
   <trkpt lat="38.68746" lon="-0.32377">
    <ele>748.38</ele>
   </trkpt>
   <trkpt lat="38.687850000000005" lon="-0.32281000000000004">
    <ele>751.86</ele>
   </trkpt>
   <trkpt lat="38.68817000000001" lon="-0.32239">
    <ele>754.6100000000001</ele>
   </trkpt>
   <trkpt lat="38.688210000000005" lon="-0.32231000000000004">
    <ele>754.6100000000001</ele>
   </trkpt>
   <trkpt lat="38.68822" lon="-0.32188">
    <ele>756.85</ele>
   </trkpt>
   <trkpt lat="38.6884" lon="-0.32144">
    <ele>757.84</ele>
   </trkpt>
   <trkpt lat="38.68842" lon="-0.32128">
    <ele>758.78</ele>
   </trkpt>
   <trkpt lat="38.68836" lon="-0.32062">
    <ele>760.63</ele>
   </trkpt>
   <trkpt lat="38.688430000000004" lon="-0.31995">
    <ele>761.63</ele>
   </trkpt>
   <trkpt lat="38.688500000000005" lon="-0.31966">
    <ele>762.14</ele>
   </trkpt>
   <trkpt lat="38.688660000000006" lon="-0.31933">
    <ele>762.7400000000001</ele>
   </trkpt>
   <trkpt lat="38.68873" lon="-0.31844">
    <ele>765.02</ele>
   </trkpt>
   <trkpt lat="38.688750000000006" lon="-0.31833">
    <ele>765.23</ele>
   </trkpt>
   <trkpt lat="38.68885" lon="-0.31812">
    <ele>765.95</ele>
   </trkpt>
   <trkpt lat="38.68903" lon="-0.31789">
    <ele>766.5</ele>
   </trkpt>
   <trkpt lat="38.68919" lon="-0.31778">
    <ele>769.41</ele>
   </trkpt>
   <trkpt lat="38.68974" lon="-0.31755">
    <ele>772.82</ele>
   </trkpt>
   <trkpt lat="38.68985" lon="-0.31754000000000004">
    <ele>773.72</ele>
   </trkpt>
   <trkpt lat="38.690090000000005" lon="-0.31751">
    <ele>775.93</ele>
   </trkpt>
   <trkpt lat="38.690380000000005" lon="-0.31760000000000005">
    <ele>775.93</ele>
   </trkpt>
   <trkpt lat="38.69051" lon="-0.31766000000000005">
    <ele>778.33</ele>
   </trkpt>
   <trkpt lat="38.690780000000004" lon="-0.31784">
    <ele>780.7700000000001</ele>
   </trkpt>
   <trkpt lat="38.690850000000005" lon="-0.31787000000000004">
    <ele>780.7700000000001</ele>
   </trkpt>
   <trkpt lat="38.690920000000006" lon="-0.31787000000000004">
    <ele>781.2</ele>
   </trkpt>
   <trkpt lat="38.69095" lon="-0.31783">
    <ele>781.2</ele>
   </trkpt>
   <trkpt lat="38.690990000000006" lon="-0.31772">
    <ele>781.2</ele>
   </trkpt>
   <trkpt lat="38.691030000000005" lon="-0.31745">
    <ele>782.69</ele>
   </trkpt>
   <trkpt lat="38.69113" lon="-0.31717">
    <ele>783.37</ele>
   </trkpt>
   <trkpt lat="38.69131" lon="-0.31683">
    <ele>786.11</ele>
   </trkpt>
   <trkpt lat="38.69164000000001" lon="-0.31639">
    <ele>789.2600000000001</ele>
   </trkpt>
   <trkpt lat="38.691660000000006" lon="-0.31629">
    <ele>789.2600000000001</ele>
   </trkpt>
   <trkpt lat="38.69165" lon="-0.31623">
    <ele>789.78</ele>
   </trkpt>
   <trkpt lat="38.69158" lon="-0.31617">
    <ele>789.78</ele>
   </trkpt>
   <trkpt lat="38.691500000000005" lon="-0.31616000000000005">
    <ele>790.88</ele>
   </trkpt>
   <trkpt lat="38.691300000000005" lon="-0.31627000000000005">
    <ele>791.3500000000001</ele>
   </trkpt>
   <trkpt lat="38.69115" lon="-0.31633">
    <ele>792.6500000000001</ele>
   </trkpt>
   <trkpt lat="38.6908" lon="-0.31639">
    <ele>793.8000000000001</ele>
   </trkpt>
   <trkpt lat="38.69068" lon="-0.31638000000000005">
    <ele>796.2</ele>
   </trkpt>
   <trkpt lat="38.69053" lon="-0.31628">
    <ele>796.76</ele>
   </trkpt>
   <trkpt lat="38.69039" lon="-0.31611">
    <ele>798.3800000000001</ele>
   </trkpt>
   <trkpt lat="38.69024" lon="-0.31578">
    <ele>799.54</ele>
   </trkpt>
   <trkpt lat="38.69008" lon="-0.31506">
    <ele>803.48</ele>
   </trkpt>
   <trkpt lat="38.69001" lon="-0.31458">
    <ele>805.5300000000001</ele>
   </trkpt>
   <trkpt lat="38.69001" lon="-0.31429">
    <ele>806.1100000000001</ele>
   </trkpt>
   <trkpt lat="38.69003" lon="-0.31417">
    <ele>806.25</ele>
   </trkpt>
   <trkpt lat="38.69033000448201" lon="-0.31314000444008283">
    <ele>806.54</ele>
   </trkpt>
   <trkpt lat="38.690630000000006" lon="-0.31211">
    <ele>806.54</ele>
   </trkpt>
   <trkpt lat="38.690630000000006" lon="-0.31188000000000005">
    <ele>806.64</ele>
   </trkpt>
   <trkpt lat="38.690540000000006" lon="-0.31155000000000005">
    <ele>807.34</ele>
   </trkpt>
   <trkpt lat="38.69055" lon="-0.31145">
    <ele>807.9200000000001</ele>
   </trkpt>
   <trkpt lat="38.69057" lon="-0.31135">
    <ele>808.35</ele>
   </trkpt>
   <trkpt lat="38.69079" lon="-0.31084">
    <ele>810.37</ele>
   </trkpt>
   <trkpt lat="38.690810000000006" lon="-0.31074">
    <ele>810.37</ele>
   </trkpt>
   <trkpt lat="38.690850000000005" lon="-0.31023">
    <ele>813.3800000000001</ele>
   </trkpt>
   <trkpt lat="38.69091" lon="-0.31010000000000004">
    <ele>813.3800000000001</ele>
   </trkpt>
   <trkpt lat="38.691370000000006" lon="-0.30943000000000004">
    <ele>817.7</ele>
   </trkpt>
   <trkpt lat="38.69144" lon="-0.30935">
    <ele>818.46</ele>
   </trkpt>
   <trkpt lat="38.69151" lon="-0.30934">
    <ele>818.46</ele>
   </trkpt>
   <trkpt lat="38.691790000000005" lon="-0.30944000000000005">
    <ele>821.4200000000001</ele>
   </trkpt>
   <trkpt lat="38.692150000000005" lon="-0.30945">
    <ele>821.4200000000001</ele>
   </trkpt>
   <trkpt lat="38.69247" lon="-0.30968">
    <ele>826.19</ele>
   </trkpt>
   <trkpt lat="38.69274" lon="-0.30974">
    <ele>826.7200000000001</ele>
   </trkpt>
   <trkpt lat="38.69285" lon="-0.30973">
    <ele>827.1800000000001</ele>
   </trkpt>
   <trkpt lat="38.6929" lon="-0.30968">
    <ele>827.5400000000001</ele>
   </trkpt>
   <trkpt lat="38.69294" lon="-0.30961000000000005">
    <ele>827.8100000000001</ele>
   </trkpt>
   <trkpt lat="38.69292" lon="-0.30945">
    <ele>828.25</ele>
   </trkpt>
   <trkpt lat="38.69254" lon="-0.30884">
    <ele>830.2</ele>
   </trkpt>
   <trkpt lat="38.69221" lon="-0.30849000000000004">
    <ele>832.9200000000001</ele>
   </trkpt>
   <trkpt lat="38.6922" lon="-0.3084">
    <ele>833.5400000000001</ele>
   </trkpt>
   <trkpt lat="38.69221" lon="-0.30828">
    <ele>833.5400000000001</ele>
   </trkpt>
   <trkpt lat="38.692370000000004" lon="-0.3079">
    <ele>836.0300000000001</ele>
   </trkpt>
   <trkpt lat="38.69238" lon="-0.30778">
    <ele>836.0300000000001</ele>
   </trkpt>
   <trkpt lat="38.6922" lon="-0.30721000000000004">
    <ele>839.83</ele>
   </trkpt>
   <trkpt lat="38.692170000000004" lon="-0.30700000000000005">
    <ele>839.83</ele>
   </trkpt>
   <trkpt lat="38.69213500157332" lon="-0.30638999950856755">
    <ele>843.46</ele>
   </trkpt>
   <trkpt lat="38.6921" lon="-0.30578000000000005">
    <ele>845.4100000000001</ele>
   </trkpt>
   <trkpt lat="38.692130000000006" lon="-0.30562">
    <ele>848.83</ele>
   </trkpt>
   <trkpt lat="38.692220000000006" lon="-0.30546">
    <ele>848.83</ele>
   </trkpt>
   <trkpt lat="38.69232" lon="-0.30544000000000004">
    <ele>849.7000000000002</ele>
   </trkpt>
   <trkpt lat="38.692420000000006" lon="-0.30546">
    <ele>849.7000000000002</ele>
   </trkpt>
   <trkpt lat="38.69254" lon="-0.30556">
    <ele>850.49</ele>
   </trkpt>
   <trkpt lat="38.692620000000005" lon="-0.30568">
    <ele>850.49</ele>
   </trkpt>
   <trkpt lat="38.692640000000004" lon="-0.30577000000000004">
    <ele>852.5</ele>
   </trkpt>
   <trkpt lat="38.69265" lon="-0.30617">
    <ele>852.9700000000001</ele>
   </trkpt>
   <trkpt lat="38.692510000000006" lon="-0.30695">
    <ele>858.04</ele>
   </trkpt>
   <trkpt lat="38.69252" lon="-0.30711000000000005">
    <ele>858.7800000000001</ele>
   </trkpt>
   <trkpt lat="38.69256" lon="-0.30718">
    <ele>859.19</ele>
   </trkpt>
   <trkpt lat="38.69263" lon="-0.30727000000000004">
    <ele>860.0600000000001</ele>
   </trkpt>
   <trkpt lat="38.692710000000005" lon="-0.30729">
    <ele>860.0600000000001</ele>
   </trkpt>
   <trkpt lat="38.69279" lon="-0.30729">
    <ele>862.3900000000001</ele>
   </trkpt>
   <trkpt lat="38.692870000000006" lon="-0.30728">
    <ele>862.3900000000001</ele>
   </trkpt>
   <trkpt lat="38.692930000000004" lon="-0.30721000000000004">
    <ele>864.3000000000001</ele>
   </trkpt>
   <trkpt lat="38.69295" lon="-0.30710000000000004">
    <ele>864.3000000000001</ele>
   </trkpt>
   <trkpt lat="38.69288" lon="-0.30688000000000004">
    <ele>866.4100000000001</ele>
   </trkpt>
   <trkpt lat="38.69288" lon="-0.30677000000000004">
    <ele>866.4100000000001</ele>
   </trkpt>
   <trkpt lat="38.69294" lon="-0.30666000000000004">
    <ele>868.94</ele>
   </trkpt>
   <trkpt lat="38.69308" lon="-0.30661000000000005">
    <ele>868.94</ele>
   </trkpt>
   <trkpt lat="38.69321" lon="-0.30668">
    <ele>870.41</ele>
   </trkpt>
   <trkpt lat="38.693290000000005" lon="-0.30679">
    <ele>871.09</ele>
   </trkpt>
   <trkpt lat="38.693340000000006" lon="-0.30694000000000005">
    <ele>871.41</ele>
   </trkpt>
   <trkpt lat="38.69335" lon="-0.30711000000000005">
    <ele>872.3100000000001</ele>
   </trkpt>
   <trkpt lat="38.69321" lon="-0.30794000000000005">
    <ele>877.6100000000001</ele>
   </trkpt>
   <trkpt lat="38.693200000000004" lon="-0.30806">
    <ele>878.3700000000001</ele>
   </trkpt>
   <trkpt lat="38.693250000000006" lon="-0.30816000000000004">
    <ele>879.21</ele>
   </trkpt>
   <trkpt lat="38.693310000000004" lon="-0.30817">
    <ele>879.21</ele>
   </trkpt>
   <trkpt lat="38.693380000000005" lon="-0.30812">
    <ele>881.02</ele>
   </trkpt>
   <trkpt lat="38.693430000000006" lon="-0.30801">
    <ele>881.02</ele>
   </trkpt>
   <trkpt lat="38.693650000000005" lon="-0.30728">
    <ele>886.36</ele>
   </trkpt>
   <trkpt lat="38.69399000000001" lon="-0.30656">
    <ele>890.4900000000001</ele>
   </trkpt>
   <trkpt lat="38.69402" lon="-0.3064">
    <ele>892.11</ele>
   </trkpt>
   <trkpt lat="38.69402" lon="-0.30595">
    <ele>894.1800000000001</ele>
   </trkpt>
   <trkpt lat="38.69408000000001" lon="-0.3058">
    <ele>895.29</ele>
   </trkpt>
   <trkpt lat="38.694160000000004" lon="-0.30572000000000005">
    <ele>896.08</ele>
   </trkpt>
   <trkpt lat="38.69445" lon="-0.30551">
    <ele>899.32</ele>
   </trkpt>
   <trkpt lat="38.6946" lon="-0.30550000000000005">
    <ele>900.0600000000001</ele>
   </trkpt>
   <trkpt lat="38.694700000000005" lon="-0.30544000000000004">
    <ele>901.11</ele>
   </trkpt>
   <trkpt lat="38.69491" lon="-0.30507">
    <ele>906.1800000000001</ele>
   </trkpt>
   <trkpt lat="38.69503" lon="-0.30501">
    <ele>906.1800000000001</ele>
   </trkpt>
   <trkpt lat="38.695190000000004" lon="-0.30496">
    <ele>906.1800000000001</ele>
   </trkpt>
   <trkpt lat="38.69545" lon="-0.30495">
    <ele>911.0100000000001</ele>
   </trkpt>
   <trkpt lat="38.69568" lon="-0.30485">
    <ele>911.0100000000001</ele>
   </trkpt>
   <trkpt lat="38.69579" lon="-0.30474">
    <ele>912.9</ele>
   </trkpt>
   <trkpt lat="38.695980000000006" lon="-0.30434">
    <ele>915.09</ele>
   </trkpt>
   <trkpt lat="38.69601" lon="-0.30418">
    <ele>915.9200000000001</ele>
   </trkpt>
   <trkpt lat="38.696020000000004" lon="-0.30395">
    <ele>918.66</ele>
   </trkpt>
   <trkpt lat="38.69606" lon="-0.30384">
    <ele>919.51</ele>
   </trkpt>
   <trkpt lat="38.69623" lon="-0.30362">
    <ele>921.3800000000001</ele>
   </trkpt>
   <trkpt lat="38.696290000000005" lon="-0.30335">
    <ele>921.3800000000001</ele>
   </trkpt>
   <trkpt lat="38.696360000000006" lon="-0.30323">
    <ele>924.8700000000001</ele>
   </trkpt>
   <trkpt lat="38.696870000000004" lon="-0.30257">
    <ele>930.54</ele>
   </trkpt>
   <trkpt lat="38.696960000000004" lon="-0.30247">
    <ele>930.54</ele>
   </trkpt>
   <trkpt lat="38.697250000000004" lon="-0.30234">
    <ele>934.1</ele>
   </trkpt>
   <trkpt lat="38.697300000000006" lon="-0.30229">
    <ele>934.1</ele>
   </trkpt>
   <trkpt lat="38.697410000000005" lon="-0.30212">
    <ele>934.1</ele>
   </trkpt>
   <trkpt lat="38.69749" lon="-0.30205000000000004">
    <ele>937.94</ele>
   </trkpt>
   <trkpt lat="38.697590000000005" lon="-0.30201">
    <ele>937.94</ele>
   </trkpt>
   <trkpt lat="38.697970000000005" lon="-0.30201">
    <ele>941.5500000000001</ele>
   </trkpt>
   <trkpt lat="38.698040000000006" lon="-0.30200000000000005">
    <ele>941.5500000000001</ele>
   </trkpt>
   <trkpt lat="38.69809" lon="-0.30195000000000005">
    <ele>941.94</ele>
   </trkpt>
   <trkpt lat="38.698130000000006" lon="-0.30185">
    <ele>942.98</ele>
   </trkpt>
   <trkpt lat="38.698150000000005" lon="-0.30174">
    <ele>942.98</ele>
   </trkpt>
   <trkpt lat="38.698130000000006" lon="-0.30163">
    <ele>942.98</ele>
   </trkpt>
   <trkpt lat="38.69785" lon="-0.30117000000000005">
    <ele>947.2900000000001</ele>
   </trkpt>
   <trkpt lat="38.6978" lon="-0.30106000000000005">
    <ele>947.2900000000001</ele>
   </trkpt>
   <trkpt lat="38.697790000000005" lon="-0.30095000000000005">
    <ele>949.59</ele>
   </trkpt>
   <trkpt lat="38.69787" lon="-0.30039000000000005">
    <ele>952.3900000000001</ele>
   </trkpt>
   <trkpt lat="38.698080000000004" lon="-0.29969">
    <ele>957.8100000000001</ele>
   </trkpt>
   <trkpt lat="38.69809" lon="-0.29961000000000004">
    <ele>958.62</ele>
   </trkpt>
   <trkpt lat="38.69807" lon="-0.29951">
    <ele>959.0</ele>
   </trkpt>
   <trkpt lat="38.697990000000004" lon="-0.29945000000000005">
    <ele>960.0400000000001</ele>
   </trkpt>
   <trkpt lat="38.69791" lon="-0.29944000000000004">
    <ele>960.6600000000001</ele>
   </trkpt>
   <trkpt lat="38.69773" lon="-0.29958">
    <ele>961.44</ele>
   </trkpt>
   <trkpt lat="38.697630000000004" lon="-0.29962">
    <ele>961.44</ele>
   </trkpt>
   <trkpt lat="38.69749" lon="-0.29958">
    <ele>963.25</ele>
   </trkpt>
   <trkpt lat="38.6974" lon="-0.29951">
    <ele>963.5000000000001</ele>
   </trkpt>
   <trkpt lat="38.69731" lon="-0.29935">
    <ele>964.4200000000001</ele>
   </trkpt>
   <trkpt lat="38.697280000000006" lon="-0.29918">
    <ele>966.13</ele>
   </trkpt>
   <trkpt lat="38.697280000000006" lon="-0.29909">
    <ele>966.13</ele>
   </trkpt>
   <trkpt lat="38.697340000000004" lon="-0.29884000000000005">
    <ele>966.35</ele>
   </trkpt>
   <trkpt lat="38.697410000000005" lon="-0.29863">
    <ele>966.2900000000001</ele>
   </trkpt>
   <trkpt lat="38.697500000000005" lon="-0.29841">
    <ele>965.7800000000001</ele>
   </trkpt>
   <trkpt lat="38.697630000000004" lon="-0.29828000000000005">
    <ele>965.0900000000001</ele>
   </trkpt>
   <trkpt lat="38.69811" lon="-0.29807">
    <ele>961.74</ele>
   </trkpt>
   <trkpt lat="38.698220000000006" lon="-0.29801">
    <ele>960.84</ele>
   </trkpt>
   <trkpt lat="38.698280000000004" lon="-0.29795000000000005">
    <ele>960.1800000000001</ele>
   </trkpt>
   <trkpt lat="38.698330000000006" lon="-0.29785">
    <ele>960.1800000000001</ele>
   </trkpt>
   <trkpt lat="38.69852" lon="-0.29702">
    <ele>955.0</ele>
   </trkpt>
   <trkpt lat="38.698570000000004" lon="-0.2969">
    <ele>952.58</ele>
   </trkpt>
   <trkpt lat="38.69899" lon="-0.29639000000000004">
    <ele>949.4200000000001</ele>
   </trkpt>
   <trkpt lat="38.69912" lon="-0.29611000000000004">
    <ele>948.5400000000001</ele>
   </trkpt>
   <trkpt lat="38.69934000000001" lon="-0.29546">
    <ele>944.4500000000002</ele>
   </trkpt>
   <trkpt lat="38.69941" lon="-0.29518">
    <ele>942.52</ele>
   </trkpt>
   <trkpt lat="38.69944" lon="-0.2948">
    <ele>941.44</ele>
   </trkpt>
   <trkpt lat="38.699450000000006" lon="-0.29378000000000004">
    <ele>938.6600000000001</ele>
   </trkpt>
   <trkpt lat="38.699470000000005" lon="-0.29364">
    <ele>937.86</ele>
   </trkpt>
   <trkpt lat="38.69955" lon="-0.29352">
    <ele>936.46</ele>
   </trkpt>
   <trkpt lat="38.699720000000006" lon="-0.29339000000000004">
    <ele>935.9600000000002</ele>
   </trkpt>
   <trkpt lat="38.699780000000004" lon="-0.2933">
    <ele>935.4100000000001</ele>
   </trkpt>
   <trkpt lat="38.69982" lon="-0.29324">
    <ele>935.4100000000001</ele>
   </trkpt>
   <trkpt lat="38.699850000000005" lon="-0.29313">
    <ele>934.22</ele>
   </trkpt>
   <trkpt lat="38.69986" lon="-0.29291">
    <ele>933.36</ele>
   </trkpt>
   <trkpt lat="38.69984" lon="-0.29213">
    <ele>930.09</ele>
   </trkpt>
   <trkpt lat="38.699850000000005" lon="-0.29208">
    <ele>930.09</ele>
   </trkpt>
   <trkpt lat="38.69990000000001" lon="-0.29201000000000005">
    <ele>929.66</ele>
   </trkpt>
   <trkpt lat="38.7" lon="-0.29197">
    <ele>929.19</ele>
   </trkpt>
   <trkpt lat="38.70053" lon="-0.29234000000000004">
    <ele>925.71</ele>
   </trkpt>
   <trkpt lat="38.7006" lon="-0.29235">
    <ele>925.71</ele>
   </trkpt>
   <trkpt lat="38.70073" lon="-0.29229000000000005">
    <ele>924.6500000000001</ele>
   </trkpt>
   <trkpt lat="38.700790000000005" lon="-0.29219">
    <ele>923.8100000000001</ele>
   </trkpt>
   <trkpt lat="38.700810000000004" lon="-0.29213">
    <ele>923.8100000000001</ele>
   </trkpt>
   <trkpt lat="38.700810000000004" lon="-0.29202">
    <ele>922.9100000000001</ele>
   </trkpt>
   <trkpt lat="38.7008" lon="-0.29195000000000004">
    <ele>922.2500000000001</ele>
   </trkpt>
   <trkpt lat="38.700750000000006" lon="-0.29186">
    <ele>921.87</ele>
   </trkpt>
   <trkpt lat="38.700590000000005" lon="-0.29178000000000004">
    <ele>919.7</ele>
   </trkpt>
   <trkpt lat="38.70053" lon="-0.29173000000000004">
    <ele>919.7</ele>
   </trkpt>
   <trkpt lat="38.700480000000006" lon="-0.29164">
    <ele>918.8600000000001</ele>
   </trkpt>
   <trkpt lat="38.700450000000004" lon="-0.29157000000000005">
    <ele>918.0600000000001</ele>
   </trkpt>
   <trkpt lat="38.700410000000005" lon="-0.2913">
    <ele>916.1800000000001</ele>
   </trkpt>
   <trkpt lat="38.700320000000005" lon="-0.29113">
    <ele>915.39</ele>
   </trkpt>
   <trkpt lat="38.700230000000005" lon="-0.29102">
    <ele>914.11</ele>
   </trkpt>
   <trkpt lat="38.69984" lon="-0.29074">
    <ele>909.3700000000001</ele>
   </trkpt>
   <trkpt lat="38.699290000000005" lon="-0.29008">
    <ele>903.4300000000001</ele>
   </trkpt>
   <trkpt lat="38.69923" lon="-0.28995000000000004">
    <ele>902.7900000000001</ele>
   </trkpt>
   <trkpt lat="38.699180000000005" lon="-0.28961000000000003">
    <ele>901.11</ele>
   </trkpt>
   <trkpt lat="38.6991" lon="-0.28947">
    <ele>900.09</ele>
   </trkpt>
   <trkpt lat="38.699040000000004" lon="-0.28945000000000004">
    <ele>900.09</ele>
   </trkpt>
   <trkpt lat="38.69888" lon="-0.28941">
    <ele>898.6400000000001</ele>
   </trkpt>
   <trkpt lat="38.698780000000006" lon="-0.28936">
    <ele>898.1000000000001</ele>
   </trkpt>
   <trkpt lat="38.698600000000006" lon="-0.2892">
    <ele>896.39</ele>
   </trkpt>
   <trkpt lat="38.69847" lon="-0.28919">
    <ele>896.39</ele>
   </trkpt>
   <trkpt lat="38.69841" lon="-0.28919">
    <ele>896.39</ele>
   </trkpt>
   <trkpt lat="38.698260000000005" lon="-0.28935">
    <ele>894.2</ele>
   </trkpt>
   <trkpt lat="38.698170000000005" lon="-0.28941">
    <ele>894.2</ele>
   </trkpt>
   <trkpt lat="38.69792" lon="-0.28947">
    <ele>892.9300000000001</ele>
   </trkpt>
   <trkpt lat="38.6978" lon="-0.28959">
    <ele>891.58</ele>
   </trkpt>
   <trkpt lat="38.69765" lon="-0.28981">
    <ele>890.57</ele>
   </trkpt>
   <trkpt lat="38.69706" lon="-0.29018000000000005">
    <ele>889.35</ele>
   </trkpt>
   <trkpt lat="38.69671" lon="-0.29046000000000005">
    <ele>886.69</ele>
   </trkpt>
   <trkpt lat="38.696630000000006" lon="-0.29047">
    <ele>886.69</ele>
   </trkpt>
   <trkpt lat="38.696290000000005" lon="-0.29037">
    <ele>884.4300000000001</ele>
   </trkpt>
   <trkpt lat="38.696160000000006" lon="-0.29037">
    <ele>883.7900000000001</ele>
   </trkpt>
   <trkpt lat="38.695440000000005" lon="-0.29069">
    <ele>878.68</ele>
   </trkpt>
   <trkpt lat="38.694900000000004" lon="-0.29058">
    <ele>876.0000000000001</ele>
   </trkpt>
   <trkpt lat="38.69431" lon="-0.29035">
    <ele>870.7300000000001</ele>
   </trkpt>
   <trkpt lat="38.69408000000001" lon="-0.29035">
    <ele>869.57</ele>
   </trkpt>
   <trkpt lat="38.693360000000006" lon="-0.29036">
    <ele>864.44</ele>
   </trkpt>
   <trkpt lat="38.69324" lon="-0.29035">
    <ele>864.44</ele>
   </trkpt>
   <trkpt lat="38.693130000000004" lon="-0.29024">
    <ele>862.01</ele>
   </trkpt>
   <trkpt lat="38.693090000000005" lon="-0.29014">
    <ele>862.01</ele>
   </trkpt>
   <trkpt lat="38.69306" lon="-0.28998">
    <ele>862.01</ele>
   </trkpt>
   <trkpt lat="38.693090000000005" lon="-0.28974">
    <ele>861.6600000000001</ele>
   </trkpt>
   <trkpt lat="38.69305000000001" lon="-0.28963">
    <ele>861.1800000000001</ele>
   </trkpt>
   <trkpt lat="38.692870000000006" lon="-0.28941">
    <ele>860.4000000000001</ele>
   </trkpt>
   <trkpt lat="38.69245" lon="-0.28902">
    <ele>857.82</ele>
   </trkpt>
   <trkpt lat="38.692260000000005" lon="-0.28892">
    <ele>855.6300000000001</ele>
   </trkpt>
   <trkpt lat="38.69169" lon="-0.28884000000000004">
    <ele>853.0300000000001</ele>
   </trkpt>
   <trkpt lat="38.69154" lon="-0.28874">
    <ele>852.47</ele>
   </trkpt>
   <trkpt lat="38.69127" lon="-0.28852">
    <ele>850.34</ele>
   </trkpt>
   <trkpt lat="38.69116" lon="-0.28840000000000005">
    <ele>849.25</ele>
   </trkpt>
   <trkpt lat="38.69111" lon="-0.28824">
    <ele>848.7800000000001</ele>
   </trkpt>
   <trkpt lat="38.691100000000006" lon="-0.28806000000000004">
    <ele>847.9300000000001</ele>
   </trkpt>
   <trkpt lat="38.69102" lon="-0.28791">
    <ele>847.16</ele>
   </trkpt>
   <trkpt lat="38.690780000000004" lon="-0.2878">
    <ele>844.72</ele>
   </trkpt>
   <trkpt lat="38.6906" lon="-0.28768000000000005">
    <ele>843.3100000000001</ele>
   </trkpt>
   <trkpt lat="38.690560000000005" lon="-0.28762000000000004">
    <ele>842.6300000000001</ele>
   </trkpt>
   <trkpt lat="38.69051" lon="-0.28747">
    <ele>841.7500000000001</ele>
   </trkpt>
   <trkpt lat="38.6905" lon="-0.28715">
    <ele>840.3100000000001</ele>
   </trkpt>
   <trkpt lat="38.690450000000006" lon="-0.28703">
    <ele>840.0400000000001</ele>
   </trkpt>
   <trkpt lat="38.69005000000001" lon="-0.28675">
    <ele>836.1700000000001</ele>
   </trkpt>
   <trkpt lat="38.68958000000001" lon="-0.28647">
    <ele>832.7800000000001</ele>
   </trkpt>
   <trkpt lat="38.689510000000006" lon="-0.28636">
    <ele>831.62</ele>
   </trkpt>
   <trkpt lat="38.689460000000004" lon="-0.28619">
    <ele>831.3100000000001</ele>
   </trkpt>
   <trkpt lat="38.689400000000006" lon="-0.28609">
    <ele>830.6600000000001</ele>
   </trkpt>
   <trkpt lat="38.68876" lon="-0.28586">
    <ele>825.6800000000001</ele>
   </trkpt>
   <trkpt lat="38.68864000000001" lon="-0.2858">
    <ele>823.24</ele>
   </trkpt>
   <trkpt lat="38.688590000000005" lon="-0.28569">
    <ele>823.24</ele>
   </trkpt>
   <trkpt lat="38.68851" lon="-0.28512000000000004">
    <ele>818.88</ele>
   </trkpt>
   <trkpt lat="38.68847" lon="-0.28496000000000005">
    <ele>818.88</ele>
   </trkpt>
   <trkpt lat="38.6884" lon="-0.2848">
    <ele>817.85</ele>
   </trkpt>
   <trkpt lat="38.688300000000005" lon="-0.28473000000000004">
    <ele>816.71</ele>
   </trkpt>
   <trkpt lat="38.687850000000005" lon="-0.28463000000000005">
    <ele>812.45</ele>
   </trkpt>
   <trkpt lat="38.68777" lon="-0.28458">
    <ele>811.7700000000001</ele>
   </trkpt>
   <trkpt lat="38.68722" lon="-0.28397">
    <ele>807.52</ele>
   </trkpt>
   <trkpt lat="38.687180000000005" lon="-0.28386">
    <ele>807.52</ele>
   </trkpt>
   <trkpt lat="38.68715" lon="-0.28343">
    <ele>805.6800000000001</ele>
   </trkpt>
   <trkpt lat="38.68712" lon="-0.2833">
    <ele>805.4000000000001</ele>
   </trkpt>
   <trkpt lat="38.686800000000005" lon="-0.28259">
    <ele>802.73</ele>
   </trkpt>
   <trkpt lat="38.68675" lon="-0.28242">
    <ele>802.73</ele>
   </trkpt>
   <trkpt lat="38.68674" lon="-0.28225">
    <ele>802.3800000000001</ele>
   </trkpt>
   <trkpt lat="38.686840000000004" lon="-0.28119">
    <ele>797.8000000000001</ele>
   </trkpt>
   <trkpt lat="38.68683" lon="-0.28099">
    <ele>796.8000000000001</ele>
   </trkpt>
   <trkpt lat="38.68674" lon="-0.28075">
    <ele>794.2800000000001</ele>
   </trkpt>
   <trkpt lat="38.686310000000006" lon="-0.28031">
    <ele>791.3000000000001</ele>
   </trkpt>
   <trkpt lat="38.68619" lon="-0.28014">
    <ele>790.5300000000001</ele>
   </trkpt>
   <trkpt lat="38.686150000000005" lon="-0.28002000000000005">
    <ele>789.54</ele>
   </trkpt>
   <trkpt lat="38.68616" lon="-0.27992">
    <ele>789.54</ele>
   </trkpt>
   <trkpt lat="38.686240000000005" lon="-0.2797">
    <ele>787.0</ele>
   </trkpt>
   <trkpt lat="38.686280000000004" lon="-0.27947">
    <ele>786.3100000000001</ele>
   </trkpt>
   <trkpt lat="38.68621" lon="-0.27859">
    <ele>782.5500000000001</ele>
   </trkpt>
   <trkpt lat="38.68609" lon="-0.27797000000000005">
    <ele>779.2900000000001</ele>
   </trkpt>
   <trkpt lat="38.6861" lon="-0.27780000000000005">
    <ele>779.2900000000001</ele>
   </trkpt>
   <trkpt lat="38.68612" lon="-0.2777">
    <ele>777.6200000000001</ele>
   </trkpt>
   <trkpt lat="38.686550000000004" lon="-0.27674000000000004">
    <ele>773.7400000000001</ele>
   </trkpt>
   <trkpt lat="38.686580000000006" lon="-0.27654">
    <ele>772.9800000000001</ele>
   </trkpt>
   <trkpt lat="38.68656" lon="-0.27635000000000004">
    <ele>772.45</ele>
   </trkpt>
   <trkpt lat="38.6863" lon="-0.27545000000000003">
    <ele>768.97</ele>
   </trkpt>
   <trkpt lat="38.686110000000006" lon="-0.27491000000000004">
    <ele>769.7900000000001</ele>
   </trkpt>
   <trkpt lat="38.686020000000006" lon="-0.27480000000000004">
    <ele>770.39</ele>
   </trkpt>
   <trkpt lat="38.685900000000004" lon="-0.27469000000000005">
    <ele>772.7</ele>
   </trkpt>
   <trkpt lat="38.685840000000006" lon="-0.27459">
    <ele>772.7</ele>
   </trkpt>
   <trkpt lat="38.6856" lon="-0.27405">
    <ele>777.7900000000001</ele>
   </trkpt>
   <trkpt lat="38.685520000000004" lon="-0.27376">
    <ele>779.08</ele>
   </trkpt>
   <trkpt lat="38.685480000000005" lon="-0.27351000000000003">
    <ele>780.5300000000001</ele>
   </trkpt>
   <trkpt lat="38.685480000000005" lon="-0.27349">
    <ele>780.5300000000001</ele>
   </trkpt>
   <trkpt lat="38.685430000000004" lon="-0.27314000000000005">
    <ele>782.3800000000001</ele>
   </trkpt>
   <trkpt lat="38.68536" lon="-0.27297000000000005">
    <ele>782.95</ele>
   </trkpt>
   <trkpt lat="38.68522" lon="-0.27275000000000005">
    <ele>782.0100000000001</ele>
   </trkpt>
   <trkpt lat="38.68488" lon="-0.27232">
    <ele>778.8600000000001</ele>
   </trkpt>
   <trkpt lat="38.6848" lon="-0.27219000000000004">
    <ele>778.8600000000001</ele>
   </trkpt>
   <trkpt lat="38.684540000000005" lon="-0.27154">
    <ele>775.9200000000001</ele>
   </trkpt>
   <trkpt lat="38.68439" lon="-0.27108000000000004">
    <ele>772.63</ele>
   </trkpt>
   <trkpt lat="38.684360000000005" lon="-0.27093">
    <ele>772.38</ele>
   </trkpt>
   <trkpt lat="38.68432000000001" lon="-0.27052000000000004">
    <ele>770.7</ele>
   </trkpt>
   <trkpt lat="38.684340000000006" lon="-0.27037">
    <ele>770.7</ele>
   </trkpt>
   <trkpt lat="38.68466" lon="-0.26987">
    <ele>767.6800000000001</ele>
   </trkpt>
   <trkpt lat="38.68473" lon="-0.26972">
    <ele>766.5400000000001</ele>
   </trkpt>
   <trkpt lat="38.68475" lon="-0.26964000000000005">
    <ele>766.5400000000001</ele>
   </trkpt>
   <trkpt lat="38.684850000000004" lon="-0.26864000000000005">
    <ele>763.6500000000001</ele>
   </trkpt>
   <trkpt lat="38.68484" lon="-0.26837">
    <ele>762.78</ele>
   </trkpt>
   <trkpt lat="38.68451" lon="-0.26746000000000003">
    <ele>757.53</ele>
   </trkpt>
   <trkpt lat="38.68448" lon="-0.26676">
    <ele>756.0500000000001</ele>
   </trkpt>
   <trkpt lat="38.684450000000005" lon="-0.26656">
    <ele>755.5400000000001</ele>
   </trkpt>
   <trkpt lat="38.684140000000006" lon="-0.26617">
    <ele>752.8800000000001</ele>
   </trkpt>
   <trkpt lat="38.68406" lon="-0.26615">
    <ele>752.8800000000001</ele>
   </trkpt>
   <trkpt lat="38.68395" lon="-0.26620000000000005">
    <ele>752.8800000000001</ele>
   </trkpt>
   <trkpt lat="38.683580000000006" lon="-0.26643">
    <ele>747.41</ele>
   </trkpt>
   <trkpt lat="38.68348" lon="-0.26648">
    <ele>747.41</ele>
   </trkpt>
   <trkpt lat="38.683370000000004" lon="-0.26643">
    <ele>747.41</ele>
   </trkpt>
   <trkpt lat="38.68328" lon="-0.26633">
    <ele>747.41</ele>
   </trkpt>
   <trkpt lat="38.682860000000005" lon="-0.26543">
    <ele>741.5100000000001</ele>
   </trkpt>
   <trkpt lat="38.6828" lon="-0.26525000000000004">
    <ele>738.98</ele>
   </trkpt>
   <trkpt lat="38.68272" lon="-0.26471">
    <ele>736.7300000000001</ele>
   </trkpt>
   <trkpt lat="38.68233" lon="-0.26401">
    <ele>733.5400000000001</ele>
   </trkpt>
   <trkpt lat="38.68164" lon="-0.26332">
    <ele>733.3700000000001</ele>
   </trkpt>
   <trkpt lat="38.681560000000005" lon="-0.2631">
    <ele>733.57</ele>
   </trkpt>
   <trkpt lat="38.681560000000005" lon="-0.26304">
    <ele>733.83</ele>
   </trkpt>
   <trkpt lat="38.681700000000006" lon="-0.26264000000000004">
    <ele>733.99</ele>
   </trkpt>
   <trkpt lat="38.68186" lon="-0.26227">
    <ele>734.0000000000001</ele>
   </trkpt>
   <trkpt lat="38.682" lon="-0.26215">
    <ele>733.1899999999999</ele>
   </trkpt>
   <trkpt lat="38.68215" lon="-0.2621">
    <ele>732.6800000000001</ele>
   </trkpt>
   <trkpt lat="38.68235000000001" lon="-0.26209000000000005">
    <ele>731.08</ele>
   </trkpt>
   <trkpt lat="38.68272" lon="-0.26215">
    <ele>727.9100000000001</ele>
   </trkpt>
   <trkpt lat="38.68282000000001" lon="-0.2621">
    <ele>727.2</ele>
   </trkpt>
   <trkpt lat="38.68289" lon="-0.26199">
    <ele>726.22</ele>
   </trkpt>
   <trkpt lat="38.68305" lon="-0.26165">
    <ele>724.95</ele>
   </trkpt>
   <trkpt lat="38.683130000000006" lon="-0.26155">
    <ele>724.9300000000001</ele>
   </trkpt>
   <trkpt lat="38.683260000000004" lon="-0.26149">
    <ele>724.9300000000001</ele>
   </trkpt>
   <trkpt lat="38.6837" lon="-0.26137000000000005">
    <ele>724.2</ele>
   </trkpt>
   <trkpt lat="38.68376000000001" lon="-0.26132">
    <ele>724.2</ele>
   </trkpt>
   <trkpt lat="38.683890000000005" lon="-0.26120000000000004">
    <ele>722.86</ele>
   </trkpt>
   <trkpt lat="38.68408" lon="-0.26095">
    <ele>722.86</ele>
   </trkpt>
   <trkpt lat="38.68432000000001" lon="-0.26061">
    <ele>718.92</ele>
   </trkpt>
   <trkpt lat="38.68478" lon="-0.25971">
    <ele>717.32</ele>
   </trkpt>
   <trkpt lat="38.68484" lon="-0.25942000000000004">
    <ele>715.96</ele>
   </trkpt>
   <trkpt lat="38.684830000000005" lon="-0.2586">
    <ele>714.2700000000001</ele>
   </trkpt>
   <trkpt lat="38.68478" lon="-0.25844">
    <ele>714.2700000000001</ele>
   </trkpt>
   <trkpt lat="38.68444" lon="-0.25788">
    <ele>712.74</ele>
   </trkpt>
   <trkpt lat="38.68442" lon="-0.25782">
    <ele>712.74</ele>
   </trkpt>
   <trkpt lat="38.684430000000006" lon="-0.25773">
    <ele>712.6300000000001</ele>
   </trkpt>
   <trkpt lat="38.68448" lon="-0.25761">
    <ele>712.1</ele>
   </trkpt>
   <trkpt lat="38.68457" lon="-0.25755">
    <ele>711.28</ele>
   </trkpt>
   <trkpt lat="38.68486" lon="-0.25755">
    <ele>710.0200000000001</ele>
   </trkpt>
   <trkpt lat="38.684920000000005" lon="-0.25751">
    <ele>708.8000000000001</ele>
   </trkpt>
   <trkpt lat="38.685" lon="-0.25744">
    <ele>708.16</ele>
   </trkpt>
   <trkpt lat="38.68538" lon="-0.25662">
    <ele>703.61</ele>
   </trkpt>
   <trkpt lat="38.685500000000005" lon="-0.25651">
    <ele>702.7</ele>
   </trkpt>
   <trkpt lat="38.68563" lon="-0.25649">
    <ele>702.32</ele>
   </trkpt>
   <trkpt lat="38.686040000000006" lon="-0.25648000000000004">
    <ele>701.1800000000001</ele>
   </trkpt>
   <trkpt lat="38.68621" lon="-0.2564">
    <ele>700.9000000000001</ele>
   </trkpt>
   <trkpt lat="38.6865" lon="-0.25617">
    <ele>699.12</ele>
   </trkpt>
   <trkpt lat="38.686930000000004" lon="-0.25572">
    <ele>695.06</ele>
   </trkpt>
   <trkpt lat="38.68722" lon="-0.25538">
    <ele>693.3600000000001</ele>
   </trkpt>
   <trkpt lat="38.687270000000005" lon="-0.25528">
    <ele>692.94</ele>
   </trkpt>
   <trkpt lat="38.687340000000006" lon="-0.25483">
    <ele>691.25</ele>
   </trkpt>
   <trkpt lat="38.687430000000006" lon="-0.25461">
    <ele>690.76</ele>
   </trkpt>
   <trkpt lat="38.68748" lon="-0.25454000000000004">
    <ele>690.7</ele>
   </trkpt>
   <trkpt lat="38.68761000000001" lon="-0.2544">
    <ele>690.7500000000001</ele>
   </trkpt>
   <trkpt lat="38.68769" lon="-0.25437000000000004">
    <ele>690.7500000000001</ele>
   </trkpt>
   <trkpt lat="38.68777" lon="-0.25426000000000004">
    <ele>690.7500000000001</ele>
   </trkpt>
   <trkpt lat="38.68791" lon="-0.2539">
    <ele>691.37</ele>
   </trkpt>
   <trkpt lat="38.68822" lon="-0.25344">
    <ele>691.6000000000001</ele>
   </trkpt>
   <trkpt lat="38.688300000000005" lon="-0.25311">
    <ele>690.2900000000001</ele>
   </trkpt>
   <trkpt lat="38.688370000000006" lon="-0.25255">
    <ele>686.95</ele>
   </trkpt>
   <trkpt lat="38.688370000000006" lon="-0.25238">
    <ele>686.01</ele>
   </trkpt>
   <trkpt lat="38.688340000000004" lon="-0.25227">
    <ele>686.01</ele>
   </trkpt>
   <trkpt lat="38.688095001211956" lon="-0.2517699985888554">
    <ele>682.3100000000001</ele>
   </trkpt>
   <trkpt lat="38.687850000000005" lon="-0.25127">
    <ele>678.5500000000001</ele>
   </trkpt>
   <trkpt lat="38.687720000000006" lon="-0.25095">
    <ele>676.8000000000001</ele>
   </trkpt>
   <trkpt lat="38.6876" lon="-0.25045">
    <ele>675.08</ele>
   </trkpt>
   <trkpt lat="38.68759" lon="-0.25023">
    <ele>673.91</ele>
   </trkpt>
   <trkpt lat="38.687630000000006" lon="-0.25005">
    <ele>673.54</ele>
   </trkpt>
   <trkpt lat="38.68779" lon="-0.24973">
    <ele>673.19</ele>
   </trkpt>
   <trkpt lat="38.687830000000005" lon="-0.24957000000000001">
    <ele>672.8900000000001</ele>
   </trkpt>
   <trkpt lat="38.68782" lon="-0.24946000000000002">
    <ele>672.8900000000001</ele>
   </trkpt>
   <trkpt lat="38.6875" lon="-0.24876">
    <ele>669.91</ele>
   </trkpt>
   <trkpt lat="38.687200000000004" lon="-0.24774000000000002">
    <ele>663.6700000000001</ele>
   </trkpt>
   <trkpt lat="38.686870000000006" lon="-0.24682">
    <ele>658.1800000000001</ele>
   </trkpt>
   <trkpt lat="38.686510000000006" lon="-0.24588000000000002">
    <ele>654.34</ele>
   </trkpt>
   <trkpt lat="38.68645" lon="-0.24582">
    <ele>653.4300000000001</ele>
   </trkpt>
   <trkpt lat="38.68638" lon="-0.24577000000000002">
    <ele>653.4300000000001</ele>
   </trkpt>
   <trkpt lat="38.68614" lon="-0.24574000000000001">
    <ele>652.7</ele>
   </trkpt>
   <trkpt lat="38.686040000000006" lon="-0.2456">
    <ele>652.3100000000001</ele>
   </trkpt>
   <trkpt lat="38.68603" lon="-0.24549">
    <ele>652.09</ele>
   </trkpt>
   <trkpt lat="38.686110000000006" lon="-0.24527000000000002">
    <ele>651.0400000000001</ele>
   </trkpt>
   <trkpt lat="38.68629" lon="-0.24499">
    <ele>647.9200000000001</ele>
   </trkpt>
   <trkpt lat="38.68677500051947" lon="-0.24458500289466645">
    <ele>644.05</ele>
   </trkpt>
   <trkpt lat="38.68726" lon="-0.24418">
    <ele>639.7700000000001</ele>
   </trkpt>
   <trkpt lat="38.687670000000004" lon="-0.24382">
    <ele>635.4300000000001</ele>
   </trkpt>
   <trkpt lat="38.687760000000004" lon="-0.24371">
    <ele>635.4300000000001</ele>
   </trkpt>
   <trkpt lat="38.687810000000006" lon="-0.24354">
    <ele>634.53</ele>
   </trkpt>
   <trkpt lat="38.687810000000006" lon="-0.24327000000000001">
    <ele>632.83</ele>
   </trkpt>
   <trkpt lat="38.68773" lon="-0.24296">
    <ele>630.23</ele>
   </trkpt>
   <trkpt lat="38.687560000000005" lon="-0.24252">
    <ele>627.69</ele>
   </trkpt>
   <trkpt lat="38.687450000000005" lon="-0.24241000000000001">
    <ele>626.9300000000001</ele>
   </trkpt>
   <trkpt lat="38.68732" lon="-0.24232">
    <ele>624.8900000000001</ele>
   </trkpt>
   <trkpt lat="38.68695" lon="-0.24224">
    <ele>622.6700000000001</ele>
   </trkpt>
   <trkpt lat="38.686780000000006" lon="-0.24224">
    <ele>621.07</ele>
   </trkpt>
   <trkpt lat="38.686690000000006" lon="-0.24227">
    <ele>619.97</ele>
   </trkpt>
   <trkpt lat="38.686490000000006" lon="-0.24238">
    <ele>618.0400000000001</ele>
   </trkpt>
   <trkpt lat="38.68641" lon="-0.24238">
    <ele>616.92</ele>
   </trkpt>
   <trkpt lat="38.68625" lon="-0.24232">
    <ele>615.63</ele>
   </trkpt>
   <trkpt lat="38.68619" lon="-0.24227">
    <ele>614.8</ele>
   </trkpt>
   <trkpt lat="38.686080000000004" lon="-0.2421">
    <ele>613.6400000000001</ele>
   </trkpt>
   <trkpt lat="38.685950000000005" lon="-0.24174">
    <ele>611.47</ele>
   </trkpt>
   <trkpt lat="38.68589" lon="-0.24141">
    <ele>610.9100000000001</ele>
   </trkpt>
   <trkpt lat="38.68591" lon="-0.24124">
    <ele>610.7600000000001</ele>
   </trkpt>
   <trkpt lat="38.68603" lon="-0.24105000000000001">
    <ele>610.5200000000001</ele>
   </trkpt>
   <trkpt lat="38.686310000000006" lon="-0.24077">
    <ele>609.8100000000001</ele>
   </trkpt>
   <trkpt lat="38.68636" lon="-0.24057">
    <ele>609.68</ele>
   </trkpt>
   <trkpt lat="38.68636" lon="-0.24008000000000002">
    <ele>609.65</ele>
   </trkpt>
   <trkpt lat="38.686445001901646" lon="-0.23941500064338078">
    <ele>610.4300000000001</ele>
   </trkpt>
   <trkpt lat="38.686530000000005" lon="-0.23875000000000002">
    <ele>612.5600000000001</ele>
   </trkpt>
   <trkpt lat="38.68654" lon="-0.23833000000000001">
    <ele>615.3000000000001</ele>
   </trkpt>
   <trkpt lat="38.68647" lon="-0.23794">
    <ele>616.7600000000001</ele>
   </trkpt>
   <trkpt lat="38.686420000000005" lon="-0.23777">
    <ele>618.1500000000001</ele>
   </trkpt>
   <trkpt lat="38.686330000000005" lon="-0.23769">
    <ele>618.1500000000001</ele>
   </trkpt>
   <trkpt lat="38.68619" lon="-0.23766">
    <ele>619.17</ele>
   </trkpt>
   <trkpt lat="38.68583" lon="-0.23769">
    <ele>620.24</ele>
   </trkpt>
   <trkpt lat="38.68569" lon="-0.23764000000000002">
    <ele>619.9300000000001</ele>
   </trkpt>
   <trkpt lat="38.68563" lon="-0.2376">
    <ele>619.9300000000001</ele>
   </trkpt>
   <trkpt lat="38.685370000000006" lon="-0.2373">
    <ele>619.1000000000001</ele>
   </trkpt>
   <trkpt lat="38.685280000000006" lon="-0.23713">
    <ele>618.33</ele>
   </trkpt>
   <trkpt lat="38.68527" lon="-0.23705">
    <ele>618.33</ele>
   </trkpt>
   <trkpt lat="38.685280000000006" lon="-0.23691">
    <ele>618.33</ele>
   </trkpt>
   <trkpt lat="38.68576" lon="-0.23608">
    <ele>620.26</ele>
   </trkpt>
   <trkpt lat="38.68578" lon="-0.23602">
    <ele>620.45</ele>
   </trkpt>
   <trkpt lat="38.68578" lon="-0.23588">
    <ele>620.5400000000001</ele>
   </trkpt>
   <trkpt lat="38.685700000000004" lon="-0.23572">
    <ele>620.46</ele>
   </trkpt>
   <trkpt lat="38.68547" lon="-0.23547">
    <ele>620.1500000000001</ele>
   </trkpt>
   <trkpt lat="38.68538" lon="-0.2353">
    <ele>619.4200000000001</ele>
   </trkpt>
   <trkpt lat="38.68513" lon="-0.23455">
    <ele>617.7600000000001</ele>
   </trkpt>
   <trkpt lat="38.684920000000005" lon="-0.2338">
    <ele>618.9</ele>
   </trkpt>
   <trkpt lat="38.68484" lon="-0.23366">
    <ele>619.0500000000001</ele>
   </trkpt>
   <trkpt lat="38.68475" lon="-0.23363000000000003">
    <ele>619.1300000000001</ele>
   </trkpt>
   <trkpt lat="38.684650000000005" lon="-0.23367000000000002">
    <ele>618.73</ele>
   </trkpt>
   <trkpt lat="38.68437" lon="-0.23397">
    <ele>618.87</ele>
   </trkpt>
   <trkpt lat="38.68422" lon="-0.23408">
    <ele>619.46</ele>
   </trkpt>
   <trkpt lat="38.68403" lon="-0.23416">
    <ele>619.8100000000001</ele>
   </trkpt>
   <trkpt lat="38.68353000005932" lon="-0.23426000069537417">
    <ele>617.4200000000001</ele>
   </trkpt>
   <trkpt lat="38.68303" lon="-0.23436">
    <ele>616.3000000000001</ele>
   </trkpt>
   <trkpt lat="38.682900000000004" lon="-0.23439000000000002">
    <ele>616.4900000000001</ele>
   </trkpt>
   <trkpt lat="38.68274" lon="-0.23436">
    <ele>617.0600000000001</ele>
   </trkpt>
   <trkpt lat="38.682550000000006" lon="-0.23425">
    <ele>617.12</ele>
   </trkpt>
   <trkpt lat="38.68235000000001" lon="-0.23408">
    <ele>616.82</ele>
   </trkpt>
   <trkpt lat="38.682230000000004" lon="-0.23392000000000002">
    <ele>616.6600000000001</ele>
   </trkpt>
   <trkpt lat="38.682170000000006" lon="-0.2338">
    <ele>616.53</ele>
   </trkpt>
   <trkpt lat="38.682030000000005" lon="-0.23308">
    <ele>612.1</ele>
   </trkpt>
   <trkpt lat="38.682030000000005" lon="-0.23283">
    <ele>610.57</ele>
   </trkpt>
   <trkpt lat="38.68207" lon="-0.23241">
    <ele>609.62</ele>
   </trkpt>
   <trkpt lat="38.68207" lon="-0.23220000000000002">
    <ele>609.95</ele>
   </trkpt>
   <trkpt lat="38.68204" lon="-0.23183">
    <ele>611.71</ele>
   </trkpt>
   <trkpt lat="38.68198" lon="-0.23164">
    <ele>613.21</ele>
   </trkpt>
   <trkpt lat="38.681940000000004" lon="-0.23156000000000002">
    <ele>616.01</ele>
   </trkpt>
   <trkpt lat="38.68186" lon="-0.23153">
    <ele>616.01</ele>
   </trkpt>
   <trkpt lat="38.68179000000001" lon="-0.23157000000000003">
    <ele>616.65</ele>
   </trkpt>
   <trkpt lat="38.68168" lon="-0.23167000000000001">
    <ele>617.34</ele>
   </trkpt>
   <trkpt lat="38.681580000000004" lon="-0.23183">
    <ele>619.38</ele>
   </trkpt>
   <trkpt lat="38.68146" lon="-0.23195000000000002">
    <ele>620.19</ele>
   </trkpt>
   <trkpt lat="38.681360000000005" lon="-0.23203000000000001">
    <ele>620.95</ele>
   </trkpt>
   <trkpt lat="38.681180000000005" lon="-0.23208">
    <ele>622.58</ele>
   </trkpt>
   <trkpt lat="38.680420000000005" lon="-0.23216">
    <ele>621.24</ele>
   </trkpt>
   <trkpt lat="38.68025" lon="-0.23216">
    <ele>621.35</ele>
   </trkpt>
   <trkpt lat="38.68009" lon="-0.23211">
    <ele>621.72</ele>
   </trkpt>
   <trkpt lat="38.680020000000006" lon="-0.23205">
    <ele>621.8800000000001</ele>
   </trkpt>
   <trkpt lat="38.67967" lon="-0.23164">
    <ele>621.4900000000001</ele>
   </trkpt>
   <trkpt lat="38.67951" lon="-0.2315">
    <ele>620.6600000000001</ele>
   </trkpt>
   <trkpt lat="38.678670000000004" lon="-0.23125">
    <ele>619.82</ele>
   </trkpt>
   <trkpt lat="38.67851" lon="-0.23117000000000001">
    <ele>620.0400000000001</ele>
   </trkpt>
   <trkpt lat="38.67833" lon="-0.23103">
    <ele>621.0400000000001</ele>
   </trkpt>
   <trkpt lat="38.677910000000004" lon="-0.23061">
    <ele>624.9800000000001</ele>
   </trkpt>
   <trkpt lat="38.67779" lon="-0.23058">
    <ele>624.6700000000001</ele>
   </trkpt>
   <trkpt lat="38.6777" lon="-0.23060000000000003">
    <ele>624.6700000000001</ele>
   </trkpt>
   <trkpt lat="38.677600000000005" lon="-0.23075">
    <ele>623.57</ele>
   </trkpt>
   <trkpt lat="38.67714" lon="-0.23167000000000001">
    <ele>623.1500000000001</ele>
   </trkpt>
   <trkpt lat="38.67698" lon="-0.23183">
    <ele>623.78</ele>
   </trkpt>
   <trkpt lat="38.67683" lon="-0.23183">
    <ele>624.02</ele>
   </trkpt>
   <trkpt lat="38.67671" lon="-0.23175">
    <ele>624.21</ele>
   </trkpt>
   <trkpt lat="38.676500000000004" lon="-0.2313">
    <ele>623.0100000000001</ele>
   </trkpt>
   <trkpt lat="38.67642" lon="-0.23118000000000002">
    <ele>623.0100000000001</ele>
   </trkpt>
   <trkpt lat="38.6762" lon="-0.23108">
    <ele>621.46</ele>
   </trkpt>
   <trkpt lat="38.67568000010573" lon="-0.2309399989889395">
    <ele>618.9100000000001</ele>
   </trkpt>
   <trkpt lat="38.675160000000005" lon="-0.2308">
    <ele>618.8</ele>
   </trkpt>
   <trkpt lat="38.67502" lon="-0.23072">
    <ele>619.14</ele>
   </trkpt>
   <trkpt lat="38.67497" lon="-0.23061">
    <ele>619.3700000000001</ele>
   </trkpt>
   <trkpt lat="38.67497" lon="-0.23044">
    <ele>619.89</ele>
   </trkpt>
   <trkpt lat="38.675070000000005" lon="-0.23003">
    <ele>619.8800000000001</ele>
   </trkpt>
   <trkpt lat="38.67533" lon="-0.22945000000000002">
    <ele>618.21</ele>
   </trkpt>
   <trkpt lat="38.675430000000006" lon="-0.22928">
    <ele>616.12</ele>
   </trkpt>
   <trkpt lat="38.67550000000001" lon="-0.22920000000000001">
    <ele>616.12</ele>
   </trkpt>
   <trkpt lat="38.675610000000006" lon="-0.22911">
    <ele>615.68</ele>
   </trkpt>
   <trkpt lat="38.67598" lon="-0.229">
    <ele>613.4200000000001</ele>
   </trkpt>
   <trkpt lat="38.676080000000006" lon="-0.22894000000000003">
    <ele>613.4200000000001</ele>
   </trkpt>
   <trkpt lat="38.676480000000005" lon="-0.22861">
    <ele>610.0500000000001</ele>
   </trkpt>
   <trkpt lat="38.676610000000004" lon="-0.22839">
    <ele>608.71</ele>
   </trkpt>
   <trkpt lat="38.67669" lon="-0.22789">
    <ele>604.99</ele>
   </trkpt>
   <trkpt lat="38.676730000000006" lon="-0.22778">
    <ele>604.7</ele>
   </trkpt>
   <trkpt lat="38.67691000000001" lon="-0.22745">
    <ele>603.9300000000001</ele>
   </trkpt>
   <trkpt lat="38.676930000000006" lon="-0.22733000000000003">
    <ele>603.9300000000001</ele>
   </trkpt>
   <trkpt lat="38.67683" lon="-0.22659">
    <ele>600.69</ele>
   </trkpt>
   <trkpt lat="38.67671" lon="-0.22617">
    <ele>599.1899999999999</ele>
   </trkpt>
   <trkpt lat="38.67663" lon="-0.22598000000000001">
    <ele>598.47</ele>
   </trkpt>
   <trkpt lat="38.67653" lon="-0.22581">
    <ele>597.86</ele>
   </trkpt>
   <trkpt lat="38.676370000000006" lon="-0.22565000000000002">
    <ele>597.38</ele>
   </trkpt>
   <trkpt lat="38.676170000000006" lon="-0.22551000000000002">
    <ele>596.8500000000001</ele>
   </trkpt>
   <trkpt lat="38.676010000000005" lon="-0.22549000000000002">
    <ele>596.74</ele>
   </trkpt>
   <trkpt lat="38.675900000000006" lon="-0.22556">
    <ele>596.48</ele>
   </trkpt>
   <trkpt lat="38.675520000000006" lon="-0.2262">
    <ele>595.43</ele>
   </trkpt>
   <trkpt lat="38.67548" lon="-0.22623000000000001">
    <ele>595.43</ele>
   </trkpt>
   <trkpt lat="38.6754" lon="-0.22623000000000001">
    <ele>595.43</ele>
   </trkpt>
   <trkpt lat="38.6753" lon="-0.2262">
    <ele>595.2</ele>
   </trkpt>
   <trkpt lat="38.67524" lon="-0.22612000000000002">
    <ele>595.2</ele>
   </trkpt>
   <trkpt lat="38.67519" lon="-0.22598000000000001">
    <ele>595.2</ele>
   </trkpt>
   <trkpt lat="38.675230000000006" lon="-0.22506">
    <ele>593.8500000000001</ele>
   </trkpt>
   <trkpt lat="38.6752100039227" lon="-0.22409999968692917">
    <ele>593.23</ele>
   </trkpt>
   <trkpt lat="38.67519" lon="-0.22314">
    <ele>592.75</ele>
   </trkpt>
   <trkpt lat="38.675290000000004" lon="-0.22203">
    <ele>592.1200000000001</ele>
   </trkpt>
   <trkpt lat="38.675290000000004" lon="-0.22181">
    <ele>590.89</ele>
   </trkpt>
   <trkpt lat="38.675250000000005" lon="-0.2217">
    <ele>590.89</ele>
   </trkpt>
   <trkpt lat="38.67517" lon="-0.22162">
    <ele>590.47</ele>
   </trkpt>
   <trkpt lat="38.674980000000005" lon="-0.22156">
    <ele>589.38</ele>
   </trkpt>
   <trkpt lat="38.674820000000004" lon="-0.22143000000000002">
    <ele>589.0500000000001</ele>
   </trkpt>
   <trkpt lat="38.67423" lon="-0.22079000000000001">
    <ele>585.13</ele>
   </trkpt>
   <trkpt lat="38.674110000000006" lon="-0.22057000000000002">
    <ele>584.67</ele>
   </trkpt>
   <trkpt lat="38.67405" lon="-0.22037">
    <ele>584.67</ele>
   </trkpt>
   <trkpt lat="38.673970000000004" lon="-0.21934">
    <ele>580.98</ele>
   </trkpt>
   <trkpt lat="38.673930000000006" lon="-0.21909">
    <ele>580.98</ele>
   </trkpt>
   <trkpt lat="38.67372" lon="-0.2182">
    <ele>576.8000000000001</ele>
   </trkpt>
   <trkpt lat="38.67363" lon="-0.21803000000000003">
    <ele>575.99</ele>
   </trkpt>
   <trkpt lat="38.673480000000005" lon="-0.2179">
    <ele>574.5400000000001</ele>
   </trkpt>
   <trkpt lat="38.6734" lon="-0.21779">
    <ele>574.5400000000001</ele>
   </trkpt>
   <trkpt lat="38.67338" lon="-0.2177">
    <ele>574.01</ele>
   </trkpt>
   <trkpt lat="38.673370000000006" lon="-0.21748">
    <ele>572.69</ele>
   </trkpt>
   <trkpt lat="38.6734" lon="-0.21729">
    <ele>571.72</ele>
   </trkpt>
   <trkpt lat="38.67343" lon="-0.2172">
    <ele>571.01</ele>
   </trkpt>
   <trkpt lat="38.673500000000004" lon="-0.21712">
    <ele>570.2400000000001</ele>
   </trkpt>
   <trkpt lat="38.67414" lon="-0.21663000000000002">
    <ele>564.25</ele>
   </trkpt>
   <trkpt lat="38.67448" lon="-0.21623">
    <ele>562.13</ele>
   </trkpt>
   <trkpt lat="38.67456000000001" lon="-0.21610000000000001">
    <ele>561.06</ele>
   </trkpt>
   <trkpt lat="38.674620000000004" lon="-0.21593">
    <ele>560.69</ele>
   </trkpt>
   <trkpt lat="38.674670000000006" lon="-0.21554">
    <ele>560.3</ele>
   </trkpt>
   <trkpt lat="38.67475" lon="-0.21543">
    <ele>560.4100000000001</ele>
   </trkpt>
   <trkpt lat="38.67484" lon="-0.21538000000000002">
    <ele>560.55</ele>
   </trkpt>
   <trkpt lat="38.6751" lon="-0.21537">
    <ele>561.45</ele>
   </trkpt>
   <trkpt lat="38.675200000000004" lon="-0.21529">
    <ele>562.0</ele>
   </trkpt>
   <trkpt lat="38.67535" lon="-0.2151">
    <ele>563.6500000000001</ele>
   </trkpt>
   <trkpt lat="38.675470000000004" lon="-0.21501">
    <ele>564.32</ele>
   </trkpt>
   <trkpt lat="38.675630000000005" lon="-0.21496">
    <ele>564.5600000000001</ele>
   </trkpt>
   <trkpt lat="38.67602" lon="-0.21496">
    <ele>565.44</ele>
   </trkpt>
   <trkpt lat="38.676140000000004" lon="-0.21488000000000002">
    <ele>565.44</ele>
   </trkpt>
   <trkpt lat="38.67625" lon="-0.21477000000000002">
    <ele>565.88</ele>
   </trkpt>
   <trkpt lat="38.67654" lon="-0.21432">
    <ele>566.01</ele>
   </trkpt>
   <trkpt lat="38.676590000000004" lon="-0.21415">
    <ele>565.5600000000001</ele>
   </trkpt>
   <trkpt lat="38.676590000000004" lon="-0.21405000000000002">
    <ele>565.1700000000001</ele>
   </trkpt>
   <trkpt lat="38.676550000000006" lon="-0.2139">
    <ele>564.71</ele>
   </trkpt>
   <trkpt lat="38.67602" lon="-0.21301">
    <ele>562.09</ele>
   </trkpt>
   <trkpt lat="38.675990000000006" lon="-0.21287">
    <ele>562.22</ele>
   </trkpt>
   <trkpt lat="38.67598" lon="-0.21277000000000001">
    <ele>562.49</ele>
   </trkpt>
   <trkpt lat="38.676010000000005" lon="-0.2126">
    <ele>562.49</ele>
   </trkpt>
   <trkpt lat="38.67615" lon="-0.21221">
    <ele>563.0500000000001</ele>
   </trkpt>
   <trkpt lat="38.67622" lon="-0.21199">
    <ele>563.21</ele>
   </trkpt>
   <trkpt lat="38.67622" lon="-0.21185">
    <ele>563.27</ele>
   </trkpt>
   <trkpt lat="38.67605000313962" lon="-0.2109899979110361">
    <ele>563.71</ele>
   </trkpt>
   <trkpt lat="38.67588000000001" lon="-0.21013">
    <ele>564.61</ele>
   </trkpt>
   <trkpt lat="38.675830000000005" lon="-0.20997000000000002">
    <ele>564.5100000000001</ele>
   </trkpt>
   <trkpt lat="38.675720000000005" lon="-0.20977">
    <ele>564.35</ele>
   </trkpt>
   <trkpt lat="38.67546" lon="-0.20952">
    <ele>563.5400000000001</ele>
   </trkpt>
   <trkpt lat="38.67537" lon="-0.20949">
    <ele>563.3100000000001</ele>
   </trkpt>
   <trkpt lat="38.675250000000005" lon="-0.20949">
    <ele>563.0200000000001</ele>
   </trkpt>
   <trkpt lat="38.67497" lon="-0.20957">
    <ele>562.22</ele>
   </trkpt>
   <trkpt lat="38.674820000000004" lon="-0.20957">
    <ele>562.35</ele>
   </trkpt>
   <trkpt lat="38.674150000000004" lon="-0.20947000000000002">
    <ele>562.03</ele>
   </trkpt>
   <trkpt lat="38.67407" lon="-0.20944000000000002">
    <ele>562.03</ele>
   </trkpt>
   <trkpt lat="38.67401" lon="-0.20938">
    <ele>562.0500000000001</ele>
   </trkpt>
   <trkpt lat="38.67396" lon="-0.20919000000000001">
    <ele>562.09</ele>
   </trkpt>
   <trkpt lat="38.67398" lon="-0.2091">
    <ele>562.19</ele>
   </trkpt>
   <trkpt lat="38.67405" lon="-0.20897000000000002">
    <ele>562.4</ele>
   </trkpt>
   <trkpt lat="38.674240000000005" lon="-0.20874">
    <ele>562.6600000000001</ele>
   </trkpt>
   <trkpt lat="38.674290000000006" lon="-0.20866">
    <ele>562.59</ele>
   </trkpt>
   <trkpt lat="38.67432" lon="-0.20855">
    <ele>562.59</ele>
   </trkpt>
   <trkpt lat="38.67436" lon="-0.20813">
    <ele>561.82</ele>
   </trkpt>
   <trkpt lat="38.67427" lon="-0.20750000000000002">
    <ele>562.2900000000001</ele>
   </trkpt>
   <trkpt lat="38.67419" lon="-0.20728000000000002">
    <ele>563.35</ele>
   </trkpt>
   <trkpt lat="38.67405" lon="-0.20696">
    <ele>566.7800000000001</ele>
   </trkpt>
   <trkpt lat="38.67400000000001" lon="-0.20674">
    <ele>568.6</ele>
   </trkpt>
   <trkpt lat="38.673950000000005" lon="-0.20663">
    <ele>570.64</ele>
   </trkpt>
   <trkpt lat="38.67376" lon="-0.2063">
    <ele>574.83</ele>
   </trkpt>
   <trkpt lat="38.673320000000004" lon="-0.20573000000000002">
    <ele>580.2700000000001</ele>
   </trkpt>
   <trkpt lat="38.67318" lon="-0.20546">
    <ele>583.1500000000001</ele>
   </trkpt>
   <trkpt lat="38.67313" lon="-0.20527">
    <ele>585.69</ele>
   </trkpt>
   <trkpt lat="38.67311" lon="-0.20499">
    <ele>589.99</ele>
   </trkpt>
   <trkpt lat="38.67313" lon="-0.20482000000000003">
    <ele>590.9000000000001</ele>
   </trkpt>
   <trkpt lat="38.67307" lon="-0.20448000000000002">
    <ele>592.34</ele>
   </trkpt>
   <trkpt lat="38.67291" lon="-0.20449">
    <ele>592.95</ele>
   </trkpt>
   <trkpt lat="38.672610000000006" lon="-0.2046">
    <ele>593.49</ele>
   </trkpt>
   <trkpt lat="38.67222" lon="-0.20488">
    <ele>595.87</ele>
   </trkpt>
   <trkpt lat="38.671940000000006" lon="-0.20505">
    <ele>598.92</ele>
   </trkpt>
   <trkpt lat="38.67174" lon="-0.2051">
    <ele>600.97</ele>
   </trkpt>
   <trkpt lat="38.67137" lon="-0.20513">
    <ele>602.2</ele>
   </trkpt>
   <trkpt lat="38.670950000000005" lon="-0.20499">
    <ele>603.1500000000001</ele>
   </trkpt>
   <trkpt lat="38.670190000000005" lon="-0.20450000000000002">
    <ele>607.4000000000001</ele>
   </trkpt>
   <trkpt lat="38.669760000000004" lon="-0.20436">
    <ele>608.84</ele>
   </trkpt>
   <trkpt lat="38.669450000000005" lon="-0.20422">
    <ele>609.86</ele>
   </trkpt>
   <trkpt lat="38.669290000000004" lon="-0.20408">
    <ele>609.86</ele>
   </trkpt>
   <trkpt lat="38.669140000000006" lon="-0.20386">
    <ele>610.5500000000001</ele>
   </trkpt>
   <trkpt lat="38.669050000000006" lon="-0.20367000000000002">
    <ele>611.02</ele>
   </trkpt>
   <trkpt lat="38.66883" lon="-0.20303000000000002">
    <ele>612.9499999999999</ele>
   </trkpt>
   <trkpt lat="38.668730000000004" lon="-0.20283">
    <ele>614.3000000000001</ele>
   </trkpt>
   <trkpt lat="38.66861" lon="-0.20269">
    <ele>615.08</ele>
   </trkpt>
   <trkpt lat="38.668490000000006" lon="-0.20261">
    <ele>618.02</ele>
   </trkpt>
   <trkpt lat="38.667820000000006" lon="-0.20233">
    <ele>622.38</ele>
   </trkpt>
   <trkpt lat="38.66763" lon="-0.20219">
    <ele>622.69</ele>
   </trkpt>
   <trkpt lat="38.66723" lon="-0.20183">
    <ele>624.56</ele>
   </trkpt>
   <trkpt lat="38.667100000000005" lon="-0.20177">
    <ele>624.56</ele>
   </trkpt>
   <trkpt lat="38.66687" lon="-0.20171000000000003">
    <ele>625.56</ele>
   </trkpt>
   <trkpt lat="38.66646" lon="-0.20161">
    <ele>627.4200000000001</ele>
   </trkpt>
   <trkpt lat="38.666290000000004" lon="-0.20152">
    <ele>629.0600000000001</ele>
   </trkpt>
   <trkpt lat="38.66615" lon="-0.20141">
    <ele>630.6700000000001</ele>
   </trkpt>
   <trkpt lat="38.66568" lon="-0.20094">
    <ele>638.38</ele>
   </trkpt>
   <trkpt lat="38.665560000000006" lon="-0.20086">
    <ele>638.38</ele>
   </trkpt>
   <trkpt lat="38.66543" lon="-0.20081000000000002">
    <ele>639.93</ele>
   </trkpt>
   <trkpt lat="38.665130000000005" lon="-0.20081000000000002">
    <ele>644.23</ele>
   </trkpt>
   <trkpt lat="38.66463" lon="-0.20095000000000002">
    <ele>648.9200000000001</ele>
   </trkpt>
   <trkpt lat="38.664500000000004" lon="-0.20097">
    <ele>651.78</ele>
   </trkpt>
   <trkpt lat="38.66431" lon="-0.20091">
    <ele>652.7</ele>
   </trkpt>
   <trkpt lat="38.663720000000005" lon="-0.20061">
    <ele>658.27</ele>
   </trkpt>
   <trkpt lat="38.66348" lon="-0.20044">
    <ele>662.49</ele>
   </trkpt>
   <trkpt lat="38.663340000000005" lon="-0.20031000000000002">
    <ele>662.49</ele>
   </trkpt>
   <trkpt lat="38.663250000000005" lon="-0.20017000000000001">
    <ele>665.4300000000001</ele>
   </trkpt>
   <trkpt lat="38.663050000000005" lon="-0.19970000000000002">
    <ele>669.24</ele>
   </trkpt>
   <trkpt lat="38.66295" lon="-0.19952">
    <ele>670.71</ele>
   </trkpt>
   <trkpt lat="38.662710000000004" lon="-0.19927">
    <ele>671.82</ele>
   </trkpt>
   <trkpt lat="38.662600000000005" lon="-0.19922">
    <ele>672.0500000000001</ele>
   </trkpt>
   <trkpt lat="38.662400000000005" lon="-0.19920000000000002">
    <ele>671.85</ele>
   </trkpt>
   <trkpt lat="38.661640000000006" lon="-0.19928">
    <ele>666.9000000000001</ele>
   </trkpt>
   <trkpt lat="38.66118" lon="-0.19922">
    <ele>665.95</ele>
   </trkpt>
   <trkpt lat="38.66085" lon="-0.19905">
    <ele>667.07</ele>
   </trkpt>
   <trkpt lat="38.660540000000005" lon="-0.1988">
    <ele>670.0400000000001</ele>
   </trkpt>
   <trkpt lat="38.66031" lon="-0.19858">
    <ele>672.1600000000001</ele>
   </trkpt>
   <trkpt lat="38.660160000000005" lon="-0.19836">
    <ele>673.5699999999999</ele>
   </trkpt>
   <trkpt lat="38.65999" lon="-0.19803">
    <ele>674.1700000000001</ele>
   </trkpt>
   <trkpt lat="38.65977500183593" lon="-0.1973599977549767">
    <ele>674.48</ele>
   </trkpt>
   <trkpt lat="38.659560000000006" lon="-0.19669">
    <ele>674.36</ele>
   </trkpt>
   <trkpt lat="38.65941" lon="-0.19614">
    <ele>674.5300000000001</ele>
   </trkpt>
   <trkpt lat="38.659380000000006" lon="-0.19539">
    <ele>676.46</ele>
   </trkpt>
   <trkpt lat="38.65934" lon="-0.19522">
    <ele>676.6700000000001</ele>
   </trkpt>
   <trkpt lat="38.65928" lon="-0.19506">
    <ele>676.8400000000001</ele>
   </trkpt>
   <trkpt lat="38.659220000000005" lon="-0.19495">
    <ele>677.0200000000001</ele>
   </trkpt>
   <trkpt lat="38.659060000000004" lon="-0.19483">
    <ele>677.1100000000001</ele>
   </trkpt>
   <trkpt lat="38.6589" lon="-0.19478">
    <ele>677.09</ele>
   </trkpt>
   <trkpt lat="38.658590000000004" lon="-0.19472">
    <ele>676.6200000000001</ele>
   </trkpt>
   <trkpt lat="38.65843" lon="-0.19466000000000003">
    <ele>675.9200000000001</ele>
   </trkpt>
   <trkpt lat="38.658210000000004" lon="-0.19445">
    <ele>674.5600000000001</ele>
   </trkpt>
   <trkpt lat="38.65811" lon="-0.19428">
    <ele>673.13</ele>
   </trkpt>
   <trkpt lat="38.65804" lon="-0.19406">
    <ele>670.98</ele>
   </trkpt>
   <trkpt lat="38.658" lon="-0.19381">
    <ele>668.47</ele>
   </trkpt>
   <trkpt lat="38.65802" lon="-0.19365000000000002">
    <ele>667.36</ele>
   </trkpt>
   <trkpt lat="38.658120000000004" lon="-0.1932">
    <ele>666.19</ele>
   </trkpt>
   <trkpt lat="38.65813" lon="-0.19293000000000002">
    <ele>655.86</ele>
   </trkpt>
   <trkpt lat="38.658100000000005" lon="-0.19276000000000001">
    <ele>655.86</ele>
   </trkpt>
   <trkpt lat="38.65805" lon="-0.19261">
    <ele>655.86</ele>
   </trkpt>
   <trkpt lat="38.65794" lon="-0.19237">
    <ele>655.86</ele>
   </trkpt>
   <trkpt lat="38.65753" lon="-0.1917">
    <ele>645.2</ele>
   </trkpt>
   <trkpt lat="38.65731" lon="-0.19103">
    <ele>641.11</ele>
   </trkpt>
   <trkpt lat="38.65714334277823" lon="-0.18997666175796446">
    <ele>639.34</ele>
   </trkpt>
   <trkpt lat="38.65697667611045" lon="-0.18892332841777001">
    <ele>642.6400000000001</ele>
   </trkpt>
   <trkpt lat="38.65681" lon="-0.18787">
    <ele>650.12</ele>
   </trkpt>
   <trkpt lat="38.656740000000006" lon="-0.18765">
    <ele>651.45</ele>
   </trkpt>
   <trkpt lat="38.65663" lon="-0.18742">
    <ele>653.1300000000001</ele>
   </trkpt>
   <trkpt lat="38.65632000066467" lon="-0.18698999796920862">
    <ele>652.6</ele>
   </trkpt>
   <trkpt lat="38.65601" lon="-0.18656">
    <ele>651.49</ele>
   </trkpt>
   <trkpt lat="38.655930000000005" lon="-0.18642">
    <ele>650.8000000000001</ele>
   </trkpt>
   <trkpt lat="38.655840000000005" lon="-0.18609">
    <ele>649.96</ele>
   </trkpt>
   <trkpt lat="38.65576" lon="-0.1854">
    <ele>649.75</ele>
   </trkpt>
   <trkpt lat="38.655710000000006" lon="-0.1852">
    <ele>649.5500000000001</ele>
   </trkpt>
   <trkpt lat="38.65565" lon="-0.18501">
    <ele>649.1</ele>
   </trkpt>
   <trkpt lat="38.65542000000001" lon="-0.18451">
    <ele>648.7900000000001</ele>
   </trkpt>
   <trkpt lat="38.65536" lon="-0.18421">
    <ele>649.02</ele>
   </trkpt>
   <trkpt lat="38.65536" lon="-0.18379">
    <ele>648.96</ele>
   </trkpt>
   <trkpt lat="38.65552" lon="-0.18274">
    <ele>645.8100000000001</ele>
   </trkpt>
   <trkpt lat="38.65551000000001" lon="-0.18232">
    <ele>643.88</ele>
   </trkpt>
   <trkpt lat="38.65545" lon="-0.18201">
    <ele>640.69</ele>
   </trkpt>
   <trkpt lat="38.65529" lon="-0.18159">
    <ele>638.5600000000001</ele>
   </trkpt>
   <trkpt lat="38.654830000000004" lon="-0.18085">
    <ele>632.1300000000001</ele>
   </trkpt>
   <trkpt lat="38.654720000000005" lon="-0.1806">
    <ele>631.12</ele>
   </trkpt>
   <trkpt lat="38.65445500475417" lon="-0.17953999596390569">
    <ele>619.47</ele>
   </trkpt>
   <trkpt lat="38.65419" lon="-0.17848000000000003">
    <ele>617.3100000000001</ele>
   </trkpt>
   <trkpt lat="38.65391" lon="-0.17804">
    <ele>609.14</ele>
   </trkpt>
   <trkpt lat="38.653620000000004" lon="-0.17777">
    <ele>600.22</ele>
   </trkpt>
   <trkpt lat="38.65346" lon="-0.17767000000000002">
    <ele>596.57</ele>
   </trkpt>
   <trkpt lat="38.652770000000004" lon="-0.17744000000000001">
    <ele>586.71</ele>
   </trkpt>
   <trkpt lat="38.652120000000004" lon="-0.17715">
    <ele>578.5100000000001</ele>
   </trkpt>
   <trkpt lat="38.651830000000004" lon="-0.17693">
    <ele>575.0900000000001</ele>
   </trkpt>
   <trkpt lat="38.65158" lon="-0.17665">
    <ele>569.0</ele>
   </trkpt>
   <trkpt lat="38.651360000000004" lon="-0.17629">
    <ele>566.2</ele>
   </trkpt>
   <trkpt lat="38.65119" lon="-0.17591">
    <ele>563.33</ele>
   </trkpt>
   <trkpt lat="38.65101000192644" lon="-0.17522499800925978">
    <ele>565.91</ele>
   </trkpt>
   <trkpt lat="38.650830000000006" lon="-0.17454">
    <ele>563.82</ele>
   </trkpt>
   <trkpt lat="38.650650000000006" lon="-0.1741">
    <ele>562.89</ele>
   </trkpt>
   <trkpt lat="38.65032" lon="-0.17353000000000002">
    <ele>561.6300000000001</ele>
   </trkpt>
   <trkpt lat="38.649890000000006" lon="-0.17267000000000002">
    <ele>554.18</ele>
   </trkpt>
   <trkpt lat="38.64967" lon="-0.17246">
    <ele>550.69</ele>
   </trkpt>
   <trkpt lat="38.649550000000005" lon="-0.17241">
    <ele>549.01</ele>
   </trkpt>
   <trkpt lat="38.64938" lon="-0.17238">
    <ele>547.2800000000001</ele>
   </trkpt>
   <trkpt lat="38.64909" lon="-0.17246">
    <ele>544.33</ele>
   </trkpt>
   <trkpt lat="38.64867" lon="-0.17286">
    <ele>539.8900000000001</ele>
   </trkpt>
   <trkpt lat="38.648430000000005" lon="-0.17305">
    <ele>538.58</ele>
   </trkpt>
   <trkpt lat="38.648300000000006" lon="-0.1731">
    <ele>537.66</ele>
   </trkpt>
   <trkpt lat="38.64813" lon="-0.17313">
    <ele>537.0200000000001</ele>
   </trkpt>
   <trkpt lat="38.647960000000005" lon="-0.1731">
    <ele>536.45</ele>
   </trkpt>
   <trkpt lat="38.64761" lon="-0.17299">
    <ele>534.0</ele>
   </trkpt>
   <trkpt lat="38.64746" lon="-0.17296">
    <ele>532.76</ele>
   </trkpt>
   <trkpt lat="38.647290000000005" lon="-0.17297">
    <ele>531.4300000000001</ele>
   </trkpt>
   <trkpt lat="38.647130000000004" lon="-0.17303000000000002">
    <ele>529.13</ele>
   </trkpt>
   <trkpt lat="38.64656" lon="-0.17346">
    <ele>522.49</ele>
   </trkpt>
   <trkpt lat="38.646370000000005" lon="-0.17353000000000002">
    <ele>521.2800000000001</ele>
   </trkpt>
   <trkpt lat="38.64621" lon="-0.17355">
    <ele>519.5600000000001</ele>
   </trkpt>
   <trkpt lat="38.64607" lon="-0.17352">
    <ele>518.71</ele>
   </trkpt>
   <trkpt lat="38.645520000000005" lon="-0.17327">
    <ele>516.99</ele>
   </trkpt>
   <trkpt lat="38.64531" lon="-0.17322">
    <ele>516.72</ele>
   </trkpt>
   <trkpt lat="38.64517" lon="-0.17316">
    <ele>516.5000000000001</ele>
   </trkpt>
   <trkpt lat="38.64504" lon="-0.17307">
    <ele>515.9100000000001</ele>
   </trkpt>
   <trkpt lat="38.6449" lon="-0.17288">
    <ele>515.9100000000001</ele>
   </trkpt>
   <trkpt lat="38.64482" lon="-0.17271">
    <ele>515.6200000000001</ele>
   </trkpt>
   <trkpt lat="38.64444" lon="-0.17174">
    <ele>511.58000000000004</ele>
   </trkpt>
   <trkpt lat="38.644380000000005" lon="-0.17155">
    <ele>510.62000000000006</ele>
   </trkpt>
   <trkpt lat="38.64435" lon="-0.17133">
    <ele>509.58000000000004</ele>
   </trkpt>
   <trkpt lat="38.644360000000006" lon="-0.17111">
    <ele>508.0300000000001</ele>
   </trkpt>
   <trkpt lat="38.644400000000005" lon="-0.17096">
    <ele>505.88</ele>
   </trkpt>
   <trkpt lat="38.644650000000006" lon="-0.17033">
    <ele>500.36</ele>
   </trkpt>
   <trkpt lat="38.64473" lon="-0.17">
    <ele>496.16</ele>
   </trkpt>
   <trkpt lat="38.644690000000004" lon="-0.16949">
    <ele>492.44000000000005</ele>
   </trkpt>
   <trkpt lat="38.64456500266561" lon="-0.1686999986800654">
    <ele>483.24000000000007</ele>
   </trkpt>
   <trkpt lat="38.64444" lon="-0.16791">
    <ele>470.91</ele>
   </trkpt>
   <trkpt lat="38.644380000000005" lon="-0.16766">
    <ele>469.64000000000004</ele>
   </trkpt>
   <trkpt lat="38.644220000000004" lon="-0.16725">
    <ele>464.78000000000003</ele>
   </trkpt>
   <trkpt lat="38.644000000000005" lon="-0.16692">
    <ele>461.19000000000005</ele>
   </trkpt>
   <trkpt lat="38.643330000000006" lon="-0.1663">
    <ele>453.25000000000006</ele>
   </trkpt>
   <trkpt lat="38.64329" lon="-0.16614">
    <ele>451.40000000000003</ele>
   </trkpt>
   <trkpt lat="38.643280000000004" lon="-0.166">
    <ele>451.40000000000003</ele>
   </trkpt>
   <trkpt lat="38.64331000000001" lon="-0.16586">
    <ele>447.47</ele>
   </trkpt>
   <trkpt lat="38.64336" lon="-0.16575">
    <ele>447.47</ele>
   </trkpt>
   <trkpt lat="38.64345" lon="-0.16564">
    <ele>445.56</ele>
   </trkpt>
   <trkpt lat="38.64354" lon="-0.16559000000000001">
    <ele>443.71000000000004</ele>
   </trkpt>
   <trkpt lat="38.64367" lon="-0.16558">
    <ele>441.94000000000005</ele>
   </trkpt>
   <trkpt lat="38.643930000000005" lon="-0.16561">
    <ele>437.92</ele>
   </trkpt>
   <trkpt lat="38.644090000000006" lon="-0.16556">
    <ele>436.4</ele>
   </trkpt>
   <trkpt lat="38.64419" lon="-0.16544">
    <ele>434.04</ele>
   </trkpt>
   <trkpt lat="38.64424" lon="-0.1653">
    <ele>431.59000000000003</ele>
   </trkpt>
   <trkpt lat="38.64426" lon="-0.16516">
    <ele>428.17</ele>
   </trkpt>
   <trkpt lat="38.64423" lon="-0.165">
    <ele>427.26000000000005</ele>
   </trkpt>
   <trkpt lat="38.644180000000006" lon="-0.16486">
    <ele>421.62000000000006</ele>
   </trkpt>
   <trkpt lat="38.644040000000004" lon="-0.16473000000000002">
    <ele>421.62000000000006</ele>
   </trkpt>
   <trkpt lat="38.64357000005358" lon="-0.16453499867614615">
    <ele>412.19000000000005</ele>
   </trkpt>
   <trkpt lat="38.643100000000004" lon="-0.16434">
    <ele>406.76</ele>
   </trkpt>
   <trkpt lat="38.643" lon="-0.16425">
    <ele>401.43</ele>
   </trkpt>
   <trkpt lat="38.64291" lon="-0.16412000000000002">
    <ele>401.43</ele>
   </trkpt>
   <trkpt lat="38.64274" lon="-0.16365000000000002">
    <ele>398.41</ele>
   </trkpt>
   <trkpt lat="38.642610000000005" lon="-0.16340000000000002">
    <ele>394.33</ele>
   </trkpt>
   <trkpt lat="38.6422" lon="-0.16289">
    <ele>388.54</ele>
   </trkpt>
   <trkpt lat="38.641850000000005" lon="-0.1625">
    <ele>381.65000000000003</ele>
   </trkpt>
   <trkpt lat="38.64166" lon="-0.16219">
    <ele>376.04</ele>
   </trkpt>
   <trkpt lat="38.64152" lon="-0.162">
    <ele>372.29</ele>
   </trkpt>
   <trkpt lat="38.641070000000006" lon="-0.16125">
    <ele>368.81</ele>
   </trkpt>
   <trkpt lat="38.640910000000005" lon="-0.16092">
    <ele>365.24</ele>
   </trkpt>
   <trkpt lat="38.640710000000006" lon="-0.16039">
    <ele>362.24</ele>
   </trkpt>
   <trkpt lat="38.64056" lon="-0.16008">
    <ele>359.18000000000006</ele>
   </trkpt>
   <trkpt lat="38.640370000000004" lon="-0.15975">
    <ele>357.52</ele>
   </trkpt>
   <trkpt lat="38.640240000000006" lon="-0.15961">
    <ele>357.52</ele>
   </trkpt>
   <trkpt lat="38.63989" lon="-0.15928">
    <ele>354.99</ele>
   </trkpt>
   <trkpt lat="38.6393000022951" lon="-0.1588574895774677">
    <ele>348.81</ele>
   </trkpt>
   <trkpt lat="38.638710003070635" lon="-0.1584349861109964">
    <ele>338.57000000000005</ele>
   </trkpt>
   <trkpt lat="38.63812000232665" lon="-0.15801248960034275">
    <ele>333.74</ele>
   </trkpt>
   <trkpt lat="38.637530000000005" lon="-0.15759">
    <ele>328.71</ele>
   </trkpt>
   <trkpt lat="38.63739" lon="-0.15745">
    <ele>326.32</ele>
   </trkpt>
   <trkpt lat="38.63727" lon="-0.15724000000000002">
    <ele>323.59999999999997</ele>
   </trkpt>
   <trkpt lat="38.637240000000006" lon="-0.15706">
    <ele>321.82000000000005</ele>
   </trkpt>
   <trkpt lat="38.637240000000006" lon="-0.15692">
    <ele>319.55</ele>
   </trkpt>
   <trkpt lat="38.63734" lon="-0.15664">
    <ele>316.98</ele>
   </trkpt>
   <trkpt lat="38.63747" lon="-0.1565">
    <ele>315.67</ele>
   </trkpt>
   <trkpt lat="38.637640000000005" lon="-0.15645">
    <ele>313.90000000000003</ele>
   </trkpt>
   <trkpt lat="38.638180000000006" lon="-0.15634">
    <ele>311.82000000000005</ele>
   </trkpt>
   <trkpt lat="38.638470000000005" lon="-0.15623">
    <ele>311.49000000000007</ele>
   </trkpt>
   <trkpt lat="38.63859" lon="-0.15609">
    <ele>311.12</ele>
   </trkpt>
   <trkpt lat="38.638650000000005" lon="-0.156">
    <ele>310.83000000000004</ele>
   </trkpt>
   <trkpt lat="38.638690000000004" lon="-0.15587">
    <ele>310.47</ele>
   </trkpt>
   <trkpt lat="38.63871" lon="-0.15572000000000003">
    <ele>309.89</ele>
   </trkpt>
   <trkpt lat="38.6387" lon="-0.15559">
    <ele>308.91</ele>
   </trkpt>
   <trkpt lat="38.638670000000005" lon="-0.15548">
    <ele>308.22</ele>
   </trkpt>
   <trkpt lat="38.63859" lon="-0.15531">
    <ele>307.46</ele>
   </trkpt>
   <trkpt lat="38.638540000000006" lon="-0.15525">
    <ele>306.61000000000007</ele>
   </trkpt>
   <trkpt lat="38.63844" lon="-0.15517">
    <ele>305.23</ele>
   </trkpt>
   <trkpt lat="38.63833" lon="-0.15514">
    <ele>302.79</ele>
   </trkpt>
   <trkpt lat="38.63821" lon="-0.15514">
    <ele>302.79</ele>
   </trkpt>
   <trkpt lat="38.638070000000006" lon="-0.15517">
    <ele>299.93</ele>
   </trkpt>
   <trkpt lat="38.637330000000006" lon="-0.15553">
    <ele>293.44000000000005</ele>
   </trkpt>
   <trkpt lat="38.636990000000004" lon="-0.15559">
    <ele>293.07</ele>
   </trkpt>
   <trkpt lat="38.63646000000001" lon="-0.15534">
    <ele>293.04</ele>
   </trkpt>
   <trkpt lat="38.63631" lon="-0.15517">
    <ele>292.95000000000005</ele>
   </trkpt>
   <trkpt lat="38.63576667213537" lon="-0.15436665445208314">
    <ele>293.03000000000003</ele>
   </trkpt>
   <trkpt lat="38.63522333877739" lon="-0.15356332108247597">
    <ele>289.31</ele>
   </trkpt>
   <trkpt lat="38.63468" lon="-0.15276">
    <ele>286.67</ele>
   </trkpt>
   <trkpt lat="38.634510000000006" lon="-0.15255000000000002">
    <ele>286.2</ele>
   </trkpt>
   <trkpt lat="38.63439" lon="-0.15243">
    <ele>286.39000000000004</ele>
   </trkpt>
   <trkpt lat="38.63379000084628" lon="-0.15196999610827353">
    <ele>286.78000000000003</ele>
   </trkpt>
   <trkpt lat="38.633190000000006" lon="-0.15151">
    <ele>286.79</ele>
   </trkpt>
   <trkpt lat="38.63282" lon="-0.15115">
    <ele>286.09000000000003</ele>
   </trkpt>
   <trkpt lat="38.632292506135926" lon="-0.15045748473081685">
    <ele>285.12000000000006</ele>
   </trkpt>
   <trkpt lat="38.631765008189774" lon="-0.1497649796525913">
    <ele>288.7</ele>
   </trkpt>
   <trkpt lat="38.63123750616168" lon="-0.14907248476505988">
    <ele>291.66</ele>
   </trkpt>
   <trkpt lat="38.63071" lon="-0.14838">
    <ele>294.51000000000005</ele>
   </trkpt>
   <trkpt lat="38.630340000000004" lon="-0.14806000000000002">
    <ele>294.81</ele>
   </trkpt>
   <trkpt lat="38.630250000000004" lon="-0.14803000000000002">
    <ele>295.08</ele>
   </trkpt>
   <trkpt lat="38.630210000000005" lon="-0.14798">
    <ele>295.08</ele>
   </trkpt>
   <trkpt lat="38.630160000000004" lon="-0.14787">
    <ele>295.08</ele>
   </trkpt>
   <trkpt lat="38.63004" lon="-0.14765">
    <ele>294.82</ele>
   </trkpt>
   <trkpt lat="38.62982" lon="-0.14733000000000002">
    <ele>294.61</ele>
   </trkpt>
   <trkpt lat="38.62925667014177" lon="-0.14669665678298494">
    <ele>293.18000000000006</ele>
   </trkpt>
   <trkpt lat="38.62869333686932" lon="-0.14606332351824464">
    <ele>291.64</ele>
   </trkpt>
   <trkpt lat="38.628130000000006" lon="-0.14543">
    <ele>288.88</ele>
   </trkpt>
   <trkpt lat="38.62770500076557" lon="-0.1449849972815324">
    <ele>286.36</ele>
   </trkpt>
   <trkpt lat="38.627280000000006" lon="-0.14454">
    <ele>282.22</ele>
   </trkpt>
   <trkpt lat="38.626990000000006" lon="-0.14429">
    <ele>282.22</ele>
   </trkpt>
   <trkpt lat="38.626580000000004" lon="-0.14396">
    <ele>278.55</ele>
   </trkpt>
   <trkpt lat="38.62594" lon="-0.14348000000000002">
    <ele>274.6</ele>
   </trkpt>
   <trkpt lat="38.62561" lon="-0.14326">
    <ele>272.36</ele>
   </trkpt>
   <trkpt lat="38.62529" lon="-0.14311000000000001">
    <ele>271.16</ele>
   </trkpt>
   <trkpt lat="38.62523" lon="-0.14315">
    <ele>271.16</ele>
   </trkpt>
   <trkpt lat="38.625170000000004" lon="-0.14315">
    <ele>271.52000000000004</ele>
   </trkpt>
   <trkpt lat="38.62503" lon="-0.14303000000000002">
    <ele>271.52000000000004</ele>
   </trkpt>
   <trkpt lat="38.624500000000005" lon="-0.14284000000000002">
    <ele>267.09000000000003</ele>
   </trkpt>
   <trkpt lat="38.62375" lon="-0.14275000000000002">
    <ele>266.24</ele>
   </trkpt>
   <trkpt lat="38.62325999995508" lon="-0.14271499975727317">
    <ele>265.59000000000003</ele>
   </trkpt>
   <trkpt lat="38.62277" lon="-0.14268">
    <ele>266.04</ele>
   </trkpt>
   <trkpt lat="38.62205" lon="-0.14256000000000002">
    <ele>268.92</ele>
   </trkpt>
   <trkpt lat="38.62144" lon="-0.1424">
    <ele>274.44</ele>
   </trkpt>
   <trkpt lat="38.62089" lon="-0.14221">
    <ele>277.14</ele>
   </trkpt>
   <trkpt lat="38.6203" lon="-0.1419">
    <ele>279.74000000000007</ele>
   </trkpt>
   <trkpt lat="38.61968000130703" lon="-0.1415033264548996">
    <ele>281.06</ele>
   </trkpt>
   <trkpt lat="38.61906000127487" lon="-0.14110665976775114">
    <ele>280.07000000000005</ele>
   </trkpt>
   <trkpt lat="38.61844" lon="-0.14071">
    <ele>277.79</ele>
   </trkpt>
   <trkpt lat="38.61794000027598" lon="-0.14043499805779744">
    <ele>276.24</ele>
   </trkpt>
   <trkpt lat="38.61744" lon="-0.14016">
    <ele>275.1</ele>
   </trkpt>
   <trkpt lat="38.616910000000004" lon="-0.13995000000000002">
    <ele>273.69000000000005</ele>
   </trkpt>
   <trkpt lat="38.616760000000006" lon="-0.13991">
    <ele>273.43</ele>
   </trkpt>
   <trkpt lat="38.61654" lon="-0.13994">
    <ele>273.38</ele>
   </trkpt>
   <trkpt lat="38.616490000000006" lon="-0.13999">
    <ele>273.38</ele>
   </trkpt>
   <trkpt lat="38.61637" lon="-0.14004">
    <ele>273.51000000000005</ele>
   </trkpt>
   <trkpt lat="38.61627" lon="-0.13999">
    <ele>273.33</ele>
   </trkpt>
   <trkpt lat="38.616200000000006" lon="-0.13988">
    <ele>273.33</ele>
   </trkpt>
   <trkpt lat="38.61618" lon="-0.13975">
    <ele>272.97</ele>
   </trkpt>
   <trkpt lat="38.61607" lon="-0.13963">
    <ele>272.29</ele>
   </trkpt>
   <trkpt lat="38.6158" lon="-0.1395">
    <ele>271.89000000000004</ele>
   </trkpt>
   <trkpt lat="38.61524000010782" lon="-0.13933999875062103">
    <ele>271.40000000000003</ele>
   </trkpt>
   <trkpt lat="38.61468" lon="-0.13918">
    <ele>271.57000000000005</ele>
   </trkpt>
   <trkpt lat="38.613890000000005" lon="-0.13902">
    <ele>271.45000000000005</ele>
   </trkpt>
   <trkpt lat="38.613100000040006" lon="-0.13890999756859063">
    <ele>271.22</ele>
   </trkpt>
   <trkpt lat="38.61230999997701" lon="-0.13879999755986114">
    <ele>270.47</ele>
   </trkpt>
   <trkpt lat="38.611520000000006" lon="-0.13869">
    <ele>268.17</ele>
   </trkpt>
   <trkpt lat="38.61067333338787" lon="-0.13857999739751786">
    <ele>265.16</ele>
   </trkpt>
   <trkpt lat="38.60982666667275" lon="-0.13846999739127072">
    <ele>259.92</ele>
   </trkpt>
   <trkpt lat="38.60898" lon="-0.13836">
    <ele>255.96</ele>
   </trkpt>
   <trkpt lat="38.60855" lon="-0.13841">
    <ele>254.53000000000003</ele>
   </trkpt>
   <trkpt lat="38.60828" lon="-0.1385">
    <ele>253.13000000000002</ele>
   </trkpt>
   <trkpt lat="38.60826" lon="-0.13855">
    <ele>253.28</ele>
   </trkpt>
   <trkpt lat="38.60815" lon="-0.1386">
    <ele>253.06</ele>
   </trkpt>
   <trkpt lat="38.60804" lon="-0.1386">
    <ele>252.57000000000002</ele>
   </trkpt>
   <trkpt lat="38.60793" lon="-0.13853000000000001">
    <ele>252.57000000000002</ele>
   </trkpt>
   <trkpt lat="38.60788" lon="-0.13846">
    <ele>252.23000000000002</ele>
   </trkpt>
   <trkpt lat="38.607850000000006" lon="-0.13836">
    <ele>252.23000000000002</ele>
   </trkpt>
   <trkpt lat="38.60756000000001" lon="-0.13805">
    <ele>249.89000000000001</ele>
   </trkpt>
   <trkpt lat="38.60728" lon="-0.13781000000000002">
    <ele>248.71</ele>
   </trkpt>
   <trkpt lat="38.60703" lon="-0.13769">
    <ele>247.58</ele>
   </trkpt>
   <trkpt lat="38.606260000000006" lon="-0.13716">
    <ele>247.00000000000003</ele>
   </trkpt>
   <trkpt lat="38.605900000370546" lon="-0.13678499788134574">
    <ele>247.22000000000003</ele>
   </trkpt>
   <trkpt lat="38.605540000000005" lon="-0.13641">
    <ele>247.24</ele>
   </trkpt>
   <trkpt lat="38.605180000000004" lon="-0.13594">
    <ele>247.32</ele>
   </trkpt>
   <trkpt lat="38.604780000000005" lon="-0.13536">
    <ele>247.89000000000001</ele>
   </trkpt>
   <trkpt lat="38.60446" lon="-0.13482000000000002">
    <ele>248.97000000000003</ele>
   </trkpt>
   <trkpt lat="38.604240000000004" lon="-0.13449">
    <ele>250.15000000000003</ele>
   </trkpt>
   <trkpt lat="38.604060000000004" lon="-0.13427">
    <ele>250.15000000000003</ele>
   </trkpt>
   <trkpt lat="38.604000000000006" lon="-0.13425">
    <ele>250.38000000000005</ele>
   </trkpt>
   <trkpt lat="38.6039" lon="-0.13419">
    <ele>250.62</ele>
   </trkpt>
   <trkpt lat="38.60383" lon="-0.13405">
    <ele>250.62</ele>
   </trkpt>
   <trkpt lat="38.603820000000006" lon="-0.13388">
    <ele>251.12</ele>
   </trkpt>
   <trkpt lat="38.60385" lon="-0.13376000000000002">
    <ele>251.12</ele>
   </trkpt>
   <trkpt lat="38.60387" lon="-0.13358">
    <ele>252.26000000000005</ele>
   </trkpt>
   <trkpt lat="38.603660000000005" lon="-0.13276000000000002">
    <ele>253.13000000000002</ele>
   </trkpt>
   <trkpt lat="38.6034200024284" lon="-0.13200499748428798">
    <ele>251.78</ele>
   </trkpt>
   <trkpt lat="38.60318" lon="-0.13125">
    <ele>248.25000000000003</ele>
   </trkpt>
   <trkpt lat="38.60291" lon="-0.13025">
    <ele>244.04</ele>
   </trkpt>
   <trkpt lat="38.60271" lon="-0.12985000000000002">
    <ele>243.40000000000003</ele>
   </trkpt>
   <trkpt lat="38.602520000000005" lon="-0.12960000000000002">
    <ele>242.79000000000002</ele>
   </trkpt>
   <trkpt lat="38.6024" lon="-0.12956">
    <ele>241.91</ele>
   </trkpt>
   <trkpt lat="38.60233" lon="-0.12953">
    <ele>241.91</ele>
   </trkpt>
   <trkpt lat="38.60224" lon="-0.12937">
    <ele>241.20000000000002</ele>
   </trkpt>
   <trkpt lat="38.60215" lon="-0.12928">
    <ele>241.20000000000002</ele>
   </trkpt>
   <trkpt lat="38.60199" lon="-0.12922">
    <ele>239.66</ele>
   </trkpt>
   <trkpt lat="38.601600000000005" lon="-0.12914">
    <ele>238.07000000000002</ele>
   </trkpt>
   <trkpt lat="38.60079" lon="-0.12914">
    <ele>236.22</ele>
   </trkpt>
   <trkpt lat="38.60022" lon="-0.12919">
    <ele>235.88</ele>
   </trkpt>
   <trkpt lat="38.59948666681948" lon="-0.12930333564249288">
    <ele>234.90000000000003</ele>
   </trkpt>
   <trkpt lat="38.598753333529636" lon="-0.1294166689690674">
    <ele>231.26000000000002</ele>
   </trkpt>
   <trkpt lat="38.598020000000005" lon="-0.12953">
    <ele>226.3</ele>
   </trkpt>
   <trkpt lat="38.59743" lon="-0.12964">
    <ele>222.25000000000003</ele>
   </trkpt>
   <trkpt lat="38.597120000000004" lon="-0.12972">
    <ele>220.4</ele>
   </trkpt>
   <trkpt lat="38.596630000000005" lon="-0.12975">
    <ele>217.64000000000001</ele>
   </trkpt>
   <trkpt lat="38.596360000000004" lon="-0.12964">
    <ele>216.18</ele>
   </trkpt>
   <trkpt lat="38.596160000000005" lon="-0.12953">
    <ele>215.25000000000003</ele>
   </trkpt>
   <trkpt lat="38.5959" lon="-0.12925">
    <ele>214.35</ele>
   </trkpt>
   <trkpt lat="38.595445001829816" lon="-0.12858499570937532">
    <ele>213.97000000000003</ele>
   </trkpt>
   <trkpt lat="38.59499" lon="-0.12792">
    <ele>213.63000000000002</ele>
   </trkpt>
   <trkpt lat="38.59478" lon="-0.12769">
    <ele>213.59000000000003</ele>
   </trkpt>
   <trkpt lat="38.59432" lon="-0.12725">
    <ele>212.91000000000003</ele>
   </trkpt>
   <trkpt lat="38.5938" lon="-0.12678">
    <ele>208.93</ele>
   </trkpt>
   <trkpt lat="38.59358" lon="-0.1267">
    <ele>207.23000000000002</ele>
   </trkpt>
   <trkpt lat="38.59339000000001" lon="-0.12669">
    <ele>207.31000000000003</ele>
   </trkpt>
   <trkpt lat="38.59333" lon="-0.12664">
    <ele>204.21000000000004</ele>
   </trkpt>
   <trkpt lat="38.59329" lon="-0.12658">
    <ele>204.21000000000004</ele>
   </trkpt>
   <trkpt lat="38.59328" lon="-0.12644">
    <ele>204.37000000000003</ele>
   </trkpt>
   <trkpt lat="38.59331" lon="-0.12633">
    <ele>204.5</ele>
   </trkpt>
   <trkpt lat="38.59342" lon="-0.12624000000000002">
    <ele>204.44</ele>
   </trkpt>
   <trkpt lat="38.59351" lon="-0.12599000000000002">
    <ele>204.28</ele>
   </trkpt>
   <trkpt lat="38.59351" lon="-0.1257">
    <ele>201.98000000000002</ele>
   </trkpt>
   <trkpt lat="38.59348000000001" lon="-0.12539">
    <ele>199.63000000000002</ele>
   </trkpt>
   <trkpt lat="38.59339000000001" lon="-0.12495">
    <ele>197.93</ele>
   </trkpt>
   <trkpt lat="38.593090000000004" lon="-0.12416">
    <ele>191.16000000000003</ele>
   </trkpt>
   <trkpt lat="38.592760000000006" lon="-0.12337000000000001">
    <ele>186.18</ele>
   </trkpt>
   <trkpt lat="38.59235" lon="-0.12305">
    <ele>181.8</ele>
   </trkpt>
   <trkpt lat="38.59194" lon="-0.12265000000000001">
    <ele>179.22000000000003</ele>
   </trkpt>
   <trkpt lat="38.59142500364627" lon="-0.12172499337546042">
    <ele>173.79000000000002</ele>
   </trkpt>
   <trkpt lat="38.59091" lon="-0.1208">
    <ele>167.34</ele>
   </trkpt>
   <trkpt lat="38.590770000000006" lon="-0.12026">
    <ele>164.26000000000002</ele>
   </trkpt>
   <trkpt lat="38.590680000000006" lon="-0.11961000000000001">
    <ele>161.32000000000002</ele>
   </trkpt>
   <trkpt lat="38.590500000000006" lon="-0.11914000000000001">
    <ele>159.32999999999998</ele>
   </trkpt>
   <trkpt lat="38.59047" lon="-0.11908">
    <ele>157.27</ele>
   </trkpt>
   <trkpt lat="38.58979" lon="-0.11843000000000001">
    <ele>150.97000000000003</ele>
   </trkpt>
   <trkpt lat="38.58948333750194" lon="-0.11772666056541069">
    <ele>146.33</ele>
   </trkpt>
   <trkpt lat="38.58917667079458" lon="-0.11702332713883695">
    <ele>144.04</ele>
   </trkpt>
   <trkpt lat="38.58887" lon="-0.11632">
    <ele>142.43</ele>
   </trkpt>
   <trkpt lat="38.588800000000006" lon="-0.11628000000000001">
    <ele>142.66</ele>
   </trkpt>
   <trkpt lat="38.5887" lon="-0.11604">
    <ele>142.65</ele>
   </trkpt>
   <trkpt lat="38.588570000000004" lon="-0.11593">
    <ele>141.23000000000002</ele>
   </trkpt>
   <trkpt lat="38.588530000000006" lon="-0.11593">
    <ele>141.23000000000002</ele>
   </trkpt>
   <trkpt lat="38.58845" lon="-0.11589">
    <ele>141.23000000000002</ele>
   </trkpt>
   <trkpt lat="38.58841" lon="-0.11580000000000001">
    <ele>141.61</ele>
   </trkpt>
   <trkpt lat="38.588420000000006" lon="-0.11569000000000002">
    <ele>141.61</ele>
   </trkpt>
   <trkpt lat="38.58838" lon="-0.1154">
    <ele>139.25</ele>
   </trkpt>
   <trkpt lat="38.58804000000001" lon="-0.11454">
    <ele>135.81</ele>
   </trkpt>
   <trkpt lat="38.58782" lon="-0.11424000000000001">
    <ele>135.63</ele>
   </trkpt>
   <trkpt lat="38.587740000000004" lon="-0.11414">
    <ele>134.65</ele>
   </trkpt>
   <trkpt lat="38.58731" lon="-0.11367000000000001">
    <ele>133.72</ele>
   </trkpt>
   <trkpt lat="38.58699" lon="-0.11342">
    <ele>133.37</ele>
   </trkpt>
   <trkpt lat="38.586600000000004" lon="-0.11295000000000001">
    <ele>132.9</ele>
   </trkpt>
   <trkpt lat="38.58641" lon="-0.11256000000000001">
    <ele>132.5</ele>
   </trkpt>
   <trkpt lat="38.586110002926105" lon="-0.11173499663707803">
    <ele>129.67000000000002</ele>
   </trkpt>
   <trkpt lat="38.58581" lon="-0.11091000000000001">
    <ele>129.4</ele>
   </trkpt>
   <trkpt lat="38.585550000000005" lon="-0.11034000000000001">
    <ele>129.79000000000002</ele>
   </trkpt>
   <trkpt lat="38.585440000000006" lon="-0.11022000000000001">
    <ele>129.62</ele>
   </trkpt>
   <trkpt lat="38.585350000000005" lon="-0.1102">
    <ele>129.62</ele>
   </trkpt>
   <trkpt lat="38.585280000000004" lon="-0.11013">
    <ele>129.38000000000002</ele>
   </trkpt>
   <trkpt lat="38.585240000000006" lon="-0.10993000000000001">
    <ele>128.5</ele>
   </trkpt>
   <trkpt lat="38.58516" lon="-0.10967">
    <ele>127.72</ele>
   </trkpt>
   <trkpt lat="38.584830000000004" lon="-0.10916000000000001">
    <ele>124.78000000000002</ele>
   </trkpt>
   <trkpt lat="38.584410000000005" lon="-0.10877">
    <ele>122.36000000000001</ele>
   </trkpt>
   <trkpt lat="38.584070000000004" lon="-0.10841">
    <ele>120.22</ele>
   </trkpt>
   <trkpt lat="38.58373" lon="-0.10773">
    <ele>119.07000000000001</ele>
   </trkpt>
   <trkpt lat="38.583490000000005" lon="-0.10737000000000001">
    <ele>118.82000000000001</ele>
   </trkpt>
   <trkpt lat="38.583000000000006" lon="-0.10690000000000001">
    <ele>116.95</ele>
   </trkpt>
   <trkpt lat="38.582770000000004" lon="-0.10653000000000001">
    <ele>115.98000000000002</ele>
   </trkpt>
   <trkpt lat="38.582550000000005" lon="-0.10635000000000001">
    <ele>115.84</ele>
   </trkpt>
   <trkpt lat="38.58238" lon="-0.10617000000000001">
    <ele>114.02000000000001</ele>
   </trkpt>
   <trkpt lat="38.58179000103152" lon="-0.1056899960985649">
    <ele>107.18</ele>
   </trkpt>
   <trkpt lat="38.5812" lon="-0.10521000000000001">
    <ele>102.83</ele>
   </trkpt>
   <trkpt lat="38.581010000000006" lon="-0.10508">
    <ele>102.12</ele>
   </trkpt>
   <trkpt lat="38.58036500184596" lon="-0.10441499399160614">
    <ele>95.97000000000001</ele>
   </trkpt>
   <trkpt lat="38.57972" lon="-0.10375000000000001">
    <ele>91.78000000000002</ele>
   </trkpt>
   <trkpt lat="38.579620000000006" lon="-0.10361000000000001">
    <ele>90.88</ele>
   </trkpt>
   <trkpt lat="38.57954" lon="-0.10362">
    <ele>90.64000000000001</ele>
   </trkpt>
   <trkpt lat="38.57949" lon="-0.10358">
    <ele>90.64000000000001</ele>
   </trkpt>
   <trkpt lat="38.57947" lon="-0.10354000000000001">
    <ele>90.22000000000001</ele>
   </trkpt>
   <trkpt lat="38.579480000000004" lon="-0.10348">
    <ele>90.22000000000001</ele>
   </trkpt>
   <trkpt lat="38.57905000086531" lon="-0.1030499975044684">
    <ele>88.63</ele>
   </trkpt>
   <trkpt lat="38.57862" lon="-0.10262">
    <ele>88.26</ele>
   </trkpt>
   <trkpt lat="38.578146668802354" lon="-0.1021166600119643">
    <ele>86.09000000000002</ele>
   </trkpt>
   <trkpt lat="38.577673335449155" lon="-0.1016133266575811">
    <ele>83.27000000000001</ele>
   </trkpt>
   <trkpt lat="38.577200000000005" lon="-0.10111">
    <ele>81.43</ele>
   </trkpt>
   <trkpt lat="38.5771" lon="-0.10107000000000001">
    <ele>80.87</ele>
   </trkpt>
   <trkpt lat="38.576800000000006" lon="-0.10082">
    <ele>80.07000000000001</ele>
   </trkpt>
   <trkpt lat="38.57663" lon="-0.10069">
    <ele>79.05000000000001</ele>
   </trkpt>
   <trkpt lat="38.57647" lon="-0.10063000000000001">
    <ele>78.38000000000001</ele>
   </trkpt>
   <trkpt lat="38.576100000000004" lon="-0.10053000000000001">
    <ele>75.65</ele>
   </trkpt>
   <trkpt lat="38.575900000000004" lon="-0.10049000000000001">
    <ele>75.37</ele>
   </trkpt>
   <trkpt lat="38.57583" lon="-0.1005">
    <ele>75.37</ele>
   </trkpt>
   <trkpt lat="38.575720000000004" lon="-0.10048000000000001">
    <ele>75.09</ele>
   </trkpt>
   <trkpt lat="38.57502" lon="-0.10018">
    <ele>69.94</ele>
   </trkpt>
   <trkpt lat="38.574780000000004" lon="-0.10010000000000001">
    <ele>68.79</ele>
   </trkpt>
   <trkpt lat="38.57473" lon="-0.10003000000000001">
    <ele>67.89</ele>
   </trkpt>
   <trkpt lat="38.57419500025567" lon="-0.09981999846280902">
    <ele>64.89999999999999</ele>
   </trkpt>
   <trkpt lat="38.573660000000004" lon="-0.09961">
    <ele>60.980000000000004</ele>
   </trkpt>
   <trkpt lat="38.573350000000005" lon="-0.09951">
    <ele>59.65</ele>
   </trkpt>
   <trkpt lat="38.57247" lon="-0.09938000000000001">
    <ele>59.60000000000001</ele>
   </trkpt>
   <trkpt lat="38.572390000000006" lon="-0.09939">
    <ele>59.89000000000001</ele>
   </trkpt>
   <trkpt lat="38.572120000000005" lon="-0.09933">
    <ele>60.10000000000001</ele>
   </trkpt>
   <trkpt lat="38.57209" lon="-0.09933">
    <ele>60.58</ele>
   </trkpt>
   <trkpt lat="38.57202" lon="-0.09937000000000001">
    <ele>60.58</ele>
   </trkpt>
   <trkpt lat="38.57199000000001" lon="-0.09936">
    <ele>60.61</ele>
   </trkpt>
   <trkpt lat="38.57195" lon="-0.09933">
    <ele>60.61</ele>
   </trkpt>
   <trkpt lat="38.571920000000006" lon="-0.09921">
    <ele>59.88</ele>
   </trkpt>
   <trkpt lat="38.57173" lon="-0.09883">
    <ele>58.96</ele>
   </trkpt>
   <trkpt lat="38.571650000000005" lon="-0.09861">
    <ele>58.650000000000006</ele>
   </trkpt>
   <trkpt lat="38.57161" lon="-0.09846">
    <ele>58.330000000000005</ele>
   </trkpt>
   <trkpt lat="38.57135500183169" lon="-0.09779499751068643">
    <ele>56.07</ele>
   </trkpt>
   <trkpt lat="38.5711" lon="-0.09713000000000001">
    <ele>53.99</ele>
   </trkpt>
   <trkpt lat="38.57088" lon="-0.09646">
    <ele>52.89000000000001</ele>
   </trkpt>
   <trkpt lat="38.57070000201488" lon="-0.09577499835558652">
    <ele>51.84</ele>
   </trkpt>
   <trkpt lat="38.57052" lon="-0.09509000000000001">
    <ele>51.7</ele>
   </trkpt>
   <trkpt lat="38.57043" lon="-0.09498000000000001">
    <ele>51.7</ele>
   </trkpt>
   <trkpt lat="38.570350000000005" lon="-0.09495">
    <ele>51.11</ele>
   </trkpt>
   <trkpt lat="38.57029" lon="-0.09489">
    <ele>51.11</ele>
   </trkpt>
   <trkpt lat="38.570240000000005" lon="-0.09481">
    <ele>51.11</ele>
   </trkpt>
   <trkpt lat="38.570220000000006" lon="-0.09471">
    <ele>51.11</ele>
   </trkpt>
   <trkpt lat="38.570260000000005" lon="-0.09451000000000001">
    <ele>50.980000000000004</ele>
   </trkpt>
   <trkpt lat="38.57038" lon="-0.09439">
    <ele>50.910000000000004</ele>
   </trkpt>
   <trkpt lat="38.570530000000005" lon="-0.09438">
    <ele>50.81</ele>
   </trkpt>
   <trkpt lat="38.570600000000006" lon="-0.09443000000000001">
    <ele>50.440000000000005</ele>
   </trkpt>
   <trkpt lat="38.570800000000006" lon="-0.09433000000000001">
    <ele>50.25</ele>
   </trkpt>
   <trkpt lat="38.57101" lon="-0.0942">
    <ele>49.52</ele>
   </trkpt>
   <trkpt lat="38.57112" lon="-0.09403">
    <ele>49.27</ele>
   </trkpt>
   <trkpt lat="38.571160000000006" lon="-0.09388">
    <ele>48.71</ele>
   </trkpt>
   <trkpt lat="38.5711" lon="-0.09331">
    <ele>47.18000000000001</ele>
   </trkpt>
   <trkpt lat="38.57129000400701" lon="-0.09234000254225398">
    <ele>43.10000000000001</ele>
   </trkpt>
   <trkpt lat="38.57148" lon="-0.09137">
    <ele>41.52</ele>
   </trkpt>
   <trkpt lat="38.571450000000006" lon="-0.09112">
    <ele>40.82</ele>
   </trkpt>
   <trkpt lat="38.571360000000006" lon="-0.09088">
    <ele>40.52</ele>
   </trkpt>
   <trkpt lat="38.57080000218106" lon="-0.09017499458912379">
    <ele>43.480000000000004</ele>
   </trkpt>
   <trkpt lat="38.570240000000005" lon="-0.08947000000000001">
    <ele>44.95</ele>
   </trkpt>
   <trkpt lat="38.569970000000005" lon="-0.08916">
    <ele>43.78000000000001</ele>
   </trkpt>
   <trkpt lat="38.56957500112885" lon="-0.08867499749117878">
    <ele>39.02</ele>
   </trkpt>
   <trkpt lat="38.56918" lon="-0.08819">
    <ele>36.800000000000004</ele>
   </trkpt>
   <trkpt lat="38.56907" lon="-0.08809">
    <ele>35.910000000000004</ele>
   </trkpt>
   <trkpt lat="38.56882" lon="-0.08798">
    <ele>35.94</ele>
   </trkpt>
   <trkpt lat="38.56868" lon="-0.08801">
    <ele>35.93</ele>
   </trkpt>
   <trkpt lat="38.56855" lon="-0.08798">
    <ele>35.7</ele>
   </trkpt>
   <trkpt lat="38.56844" lon="-0.0879">
    <ele>35.7</ele>
   </trkpt>
   <trkpt lat="38.56833" lon="-0.08765">
    <ele>35.18</ele>
   </trkpt>
   <trkpt lat="38.56833" lon="-0.08752">
    <ele>35.18</ele>
   </trkpt>
   <trkpt lat="38.56835" lon="-0.0874">
    <ele>34.92</ele>
   </trkpt>
   <trkpt lat="38.568400000000004" lon="-0.08729">
    <ele>34.86</ele>
   </trkpt>
   <trkpt lat="38.56848" lon="-0.08718000000000001">
    <ele>34.83</ele>
   </trkpt>
   <trkpt lat="38.56864" lon="-0.08711">
    <ele>34.86</ele>
   </trkpt>
   <trkpt lat="38.56882" lon="-0.08713000000000001">
    <ele>34.760000000000005</ele>
   </trkpt>
   <trkpt lat="38.569120000000005" lon="-0.08699000000000001">
    <ele>34.38</ele>
   </trkpt>
   <trkpt lat="38.56970287204999" lon="-0.08622575148815965">
    <ele>32.82</ele>
   </trkpt>
   <trkpt lat="38.57028573913072" lon="-0.0854614905767605">
    <ele>31.43</ele>
   </trkpt>
   <trkpt lat="38.57086860124204" lon="-0.08469721726544827">
    <ele>30.7</ele>
   </trkpt>
   <trkpt lat="38.571451458383734" lon="-0.08393293155386874">
    <ele>30.11</ele>
   </trkpt>
   <trkpt lat="38.572034310555644" lon="-0.08316863344166768">
    <ele>28.040000000000003</ele>
   </trkpt>
   <trkpt lat="38.57261715775757" lon="-0.08240432292849081">
    <ele>26.29</ele>
   </trkpt>
   <trkpt lat="38.5732" lon="-0.08164">
    <ele>25.59</ele>
   </trkpt>
   <trkpt lat="38.57339" lon="-0.08144000000000001">
    <ele>25.580000000000002</ele>
   </trkpt>
   <trkpt lat="38.57336" lon="-0.08133000000000001">
    <ele>25.470000000000002</ele>
   </trkpt>
   <trkpt lat="38.57340000000001" lon="-0.08124">
    <ele>25.470000000000002</ele>
   </trkpt>
   <trkpt lat="38.57347" lon="-0.08121">
    <ele>25.470000000000002</ele>
   </trkpt>
   <trkpt lat="38.573550000000004" lon="-0.08124">
    <ele>25.470000000000002</ele>
   </trkpt>
   <trkpt lat="38.573730000000005" lon="-0.08093">
    <ele>25.42</ele>
   </trkpt>
   <trkpt lat="38.57415333590235" lon="-0.08038000648810352">
    <ele>25.44</ele>
   </trkpt>
   <trkpt lat="38.57457666923106" lon="-0.0798300064941949">
    <ele>25.59</ele>
   </trkpt>
   <trkpt lat="38.575" lon="-0.07928">
    <ele>25.720000000000002</ele>
   </trkpt>
   <trkpt lat="38.575050000000005" lon="-0.0791">
    <ele>25.290000000000003</ele>
   </trkpt>
   <trkpt lat="38.575050000000005" lon="-0.07902">
    <ele>25.290000000000003</ele>
   </trkpt>
   <trkpt lat="38.57490000000001" lon="-0.07875">
    <ele>24.12</ele>
   </trkpt>
   <trkpt lat="38.57453" lon="-0.07828">
    <ele>21.800000000000004</ele>
   </trkpt>
   <trkpt lat="38.57426" lon="-0.07785">
    <ele>20.830000000000002</ele>
   </trkpt>
   <trkpt lat="38.57397000315837" lon="-0.07698999656425676">
    <ele>19.51</ele>
   </trkpt>
   <trkpt lat="38.57368" lon="-0.07613">
    <ele>18.28</ele>
   </trkpt>
   <trkpt lat="38.57365" lon="-0.07595">
    <ele>18.13</ele>
   </trkpt>
   <trkpt lat="38.573530000000005" lon="-0.07559">
    <ele>17.470000000000002</ele>
   </trkpt>
   <trkpt lat="38.57336" lon="-0.07535">
    <ele>17.09</ele>
   </trkpt>
   <trkpt lat="38.57314" lon="-0.07518000000000001">
    <ele>16.98</ele>
   </trkpt>
   <trkpt lat="38.572790000000005" lon="-0.07500000000000001">
    <ele>17.080000000000002</ele>
   </trkpt>
   <trkpt lat="38.57262" lon="-0.07493000000000001">
    <ele>17.32</ele>
   </trkpt>
   <trkpt lat="38.57256" lon="-0.07493000000000001">
    <ele>17.14</ele>
   </trkpt>
   <trkpt lat="38.57251" lon="-0.07488">
    <ele>17.14</ele>
   </trkpt>
   <trkpt lat="38.572500000000005" lon="-0.07481">
    <ele>16.87</ele>
   </trkpt>
   <trkpt lat="38.57258" lon="-0.07457000000000001">
    <ele>16.42</ele>
   </trkpt>
   <trkpt lat="38.572570000000006" lon="-0.07427">
    <ele>16.25</ele>
   </trkpt>
   <trkpt lat="38.57239667646623" lon="-0.0731966614755306">
    <ele>15.690000000000003</ele>
   </trkpt>
   <trkpt lat="38.572223343130915" lon="-0.07212332813003962">
    <ele>15.4</ele>
   </trkpt>
   <trkpt lat="38.572050000000004" lon="-0.07105">
    <ele>16.73</ele>
   </trkpt>
   <trkpt lat="38.571850000000005" lon="-0.07058">
    <ele>17.69</ele>
   </trkpt>
   <trkpt lat="38.571690000000004" lon="-0.07032000000000001">
    <ele>18.09</ele>
   </trkpt>
   <trkpt lat="38.57159" lon="-0.07008">
    <ele>18.13</ele>
   </trkpt>
   <trkpt lat="38.571540000000006" lon="-0.06987">
    <ele>18.12</ele>
   </trkpt>
   <trkpt lat="38.571450000000006" lon="-0.06902000000000001">
    <ele>17.95</ele>
   </trkpt>
   <trkpt lat="38.571400000000004" lon="-0.06833">
    <ele>18.240000000000002</ele>
   </trkpt>
   <trkpt lat="38.571550002189035" lon="-0.06761500142450992">
    <ele>17.92</ele>
   </trkpt>
   <trkpt lat="38.5717" lon="-0.0669">
    <ele>17.580000000000002</ele>
   </trkpt>
   <trkpt lat="38.5718" lon="-0.06657">
    <ele>17.040000000000003</ele>
   </trkpt>
   <trkpt lat="38.571920000000006" lon="-0.06644">
    <ele>16.03</ele>
   </trkpt>
   <trkpt lat="38.5725050004617" lon="-0.06608000298650266">
    <ele>13.860000000000001</ele>
   </trkpt>
   <trkpt lat="38.57309" lon="-0.06572">
    <ele>11.780000000000001</ele>
   </trkpt>
   <trkpt lat="38.57323" lon="-0.06570000000000001">
    <ele>11.06</ele>
   </trkpt>
   <trkpt lat="38.57316" lon="-0.06543">
    <ele>9.89</ele>
   </trkpt>
   <trkpt lat="38.573040000000006" lon="-0.06518">
    <ele>8.89</ele>
   </trkpt>
   <trkpt lat="38.57303" lon="-0.06508">
    <ele>8.280000000000001</ele>
   </trkpt>
   <trkpt lat="38.57305" lon="-0.06497">
    <ele>8.280000000000001</ele>
   </trkpt>
   <trkpt lat="38.57309" lon="-0.06489">
    <ele>8.280000000000001</ele>
   </trkpt>
   <trkpt lat="38.573170000000005" lon="-0.06482">
    <ele>7.95</ele>
   </trkpt>
   <trkpt lat="38.573310000000006" lon="-0.06479">
    <ele>7.78</ele>
   </trkpt>
   <trkpt lat="38.57372" lon="-0.06479">
    <ele>7.670000000000001</ele>
   </trkpt>
  </trkseg>
 </trk>
</gpx>
